<?xml version="1.0" encoding="UTF-8"?><om-v1-0:createAndStartRequestByValueRequest xmlns:om-v1-0="http://ossj.org/xml/OrderManagement/v1-0" xmlns="http://amdocs/core/ossj-OrderManagement/dat/3" xmlns:cbebi-v1-5="http://ossj.org/xml/Common-CBEBi/v1-5" xmlns:cbecore-v1-5="http://ossj.org/xml/Common-CBECore/v1-5" xmlns:cberesource-v1-5="http://ossj.org/xml/Common-CBEResource/v1-5" xmlns:cbeservice-v1-5="http://ossj.org/xml/Common-CBEService/v1-5" xmlns:co-v1-5="http://ossj.org/xml/Common/v1-5" xmlns:dox-co="http://amdocs/core/ossj-Common/dat/3" xmlns:dox-om="http://amdocs/core/ossj-OrderManagement/dat/3" xmlns:dox-party="http://amdocs/core/ossj-Common-CBEParty/dat/3" xmlns:dox-resource="http://amdocs/core/ossj-Common-CBEResource/dat/3" xmlns:dox-service="http://amdocs/core/ossj-Common-CBEService/dat/3" xmlns:xsi="http://www.w3.org/2001/XMLSchema-instance">
    <om-v1-0:requestValue xsi:type="dox-om:ResourceOrderValue">
        <co-v1-5:key xsi:type="dox-om:ResourceOrderKey">
            <co-v1-5:type>ResourceOrder</co-v1-5:type>
            <co-v1-5:primaryKey>
                <dox-co:primaryKey>0ac4541608135daf60c2ff1400001268</dox-co:primaryKey>
            </co-v1-5:primaryKey>
        </co-v1-5:key>
        <om-v1-0:resourceOrderItems>
            <om-v1-0:item xsi:type="dox-om:ResourceOrderItemValue">
                <cbebi-v1-5:action>instruct</cbebi-v1-5:action>
                <om-v1-0:resource xsi:type="dox-resource:ResourceValue">
                    <co-v1-5:key xsi:type="dox-resource:ResourceKey">
                        <co-v1-5:type>Resource</co-v1-5:type>
                        <co-v1-5:primaryKey>
                            <dox-co:primaryKey>abcd003</dox-co:primaryKey>
                        </co-v1-5:primaryKey>
                    </co-v1-5:key>
                    <dox-resource:resourceType>STB</dox-resource:resourceType>
                    <dox-resource:activationTargets>
                        <dox-co:item>
                            <dox-co:id>dac6000-localhost</dox-co:id>
                        </dox-co:item>
                    </dox-resource:activationTargets>
                </om-v1-0:resource>

                <dox-om:subAction>initialize</dox-om:subAction>

            </om-v1-0:item>
        </om-v1-0:resourceOrderItems>
    </om-v1-0:requestValue>
</om-v1-0:createAndStartRequestByValueRequest>
