<?xml version="1.0" encoding="UTF-8"?><packagedElement name="Data Object Classes" diagramFormat="GIF" xmlns:publish="http://www.ibm.com/Rational/XTools/Publish" publish:icon="-1710941566_icon.png" publish:modelname="NetworkResourceBasic" publish:qualifiedname="NetworkResourceBasic::Data Object Classes" publish:sortOrder="storage" publish:toplevelguid="_C.qF.iEA6.qE.d.y.d7PUN.b-IYCQ" xmlns:xmi="http://www.omg.org/XMI" xmi:id="_.qT.kQ4A6.uE.d.y.d7PUN.b-IYCQ" xmi:version="2.0" xmlns:com.ibm.xtools.notation="http:///com/ibm/xtools/notation.ecore" xmlns:uml="http://www.eclipse.org/uml2/1.0.0/UML" xmlns:xsi="http://www.w3.org/2001/XMLSchema-instance" xsi:type="uml:Package"><publish:properties><publish:property name="Alias" publish:category="UML" publish:description="Alias property of the UML element"/><publish:property name="Keywords" publish:category="UML" publish:description="Keywords property of the UML element"/><publish:property name="Name" publish:category="UML" publish:description="The Name of the Named Element" publish:value="Data Object Classes"/><publish:property name="Name Expression" publish:category="UML" publish:description="The Name Expression of the Named Element"/><publish:property name="Namespace" publish:category="UML" publish:description="The Namespace of the Named Element" publish:ismodellink="true" publish:value="&lt;Model&gt; NetworkResourceBasic" xmi:id="_C.qF.iEA6.qE.d.y.d7PUN.b-IYCQ"/><publish:property name="Nesting Package" publish:category="UML" publish:description="The Nesting Package of the Package" publish:ismodellink="true" publish:value="&lt;Model&gt; NetworkResourceBasic" xmi:id="_C.qF.iEA6.qE.d.y.d7PUN.b-IYCQ"/><publish:property name="Owned Template Signature" publish:category="UML" publish:description="The Owned Template Signature of the Templateable Element"/><publish:property name="Owner" publish:category="UML" publish:description="The Owner of the Element" publish:ismodellink="true" publish:value="&lt;Model&gt; NetworkResourceBasic" xmi:id="_C.qF.iEA6.qE.d.y.d7PUN.b-IYCQ"/><publish:property name="Owning Template Parameter" publish:category="UML" publish:description="The Owning Template Parameter of the Parameterable Element"/><publish:property name="Qualified Name" publish:category="UML" publish:description="The Qualified Name of the Named Element" publish:value="NetworkResourceBasic::Data Object Classes"/><publish:property name="Stereotype" publish:category="UML"/><publish:property name="Template Parameter" publish:category="UML" publish:description="The Template Parameter of the Parameterable Element"/><publish:property name="Visibility" publish:category="UML" publish:description="The Visibility of the Named Element" publish:value="Public"/></publish:properties><packagedElement name="CommonResourceInfo" publish:icon="-2063263553_icon.png" publish:qualifiedname="NetworkResourceBasic::Data Object Classes::CommonResourceInfo" xmi:id="_.x.d-.pIA6.uE.d.y.d7PUN.b-IYCQ" xsi:type="uml:Class"><publish:properties><publish:property name="Alias" publish:category="UML" publish:description="Alias property of the UML element"/><publish:property name="Classifier Behavior" publish:category="UML" publish:description="The Classifier Behavior of the Behaviored Classifier"/><publish:property name="Is Abstract" publish:category="UML" publish:description="The Is Abstract of the Classifier" publish:value="true"/><publish:property name="Is Active" publish:category="UML" publish:description="The Is Active of the Class" publish:value="false"/><publish:property name="Is Leaf" publish:category="UML" publish:description="The Is Leaf of the Redefinable Element" publish:value="false"/><publish:property name="Keywords" publish:category="UML" publish:description="Keywords property of the UML element"/><publish:property name="Name" publish:category="UML" publish:description="The Name of the Named Element" publish:value="CommonResourceInfo"/><publish:property name="Name Expression" publish:category="UML" publish:description="The Name Expression of the Named Element"/><publish:property name="Namespace" publish:category="UML" publish:description="The Namespace of the Named Element" publish:ismodellink="false" publish:value="&lt;Package&gt; Data Object Classes" xmi:id="_.qT.kQ4A6.uE.d.y.d7PUN.b-IYCQ"/><publish:property name="objectCreationNotification" publish:category="mTOPClass" publish:value="0 - NOT_APPLICABLE"/><publish:property name="objectDeletionNotification" publish:category="mTOPClass" publish:value="0 - NOT_APPLICABLE"/><publish:property name="objectDiscoveryNotification" publish:category="mTOPClass" publish:value="0 - NOT_APPLICABLE"/><publish:property name="Owned Template Signature" publish:category="UML" publish:description="The Owned Template Signature of the Templateable Element"/><publish:property name="Owner" publish:category="UML" publish:description="The Owner of the Element" publish:ismodellink="false" publish:value="&lt;Package&gt; Data Object Classes" xmi:id="_.qT.kQ4A6.uE.d.y.d7PUN.b-IYCQ"/><publish:property name="Owning Template Parameter" publish:category="UML" publish:description="The Owning Template Parameter of the Parameterable Element"/><publish:property name="Package" publish:category="UML" publish:description="The Package of the Type" publish:ismodellink="false" publish:value="&lt;Package&gt; Data Object Classes" xmi:id="_.qT.kQ4A6.uE.d.y.d7PUN.b-IYCQ"/><publish:property name="Qualified Name" publish:category="UML" publish:description="The Qualified Name of the Named Element" publish:value="NetworkResourceBasic::Data Object Classes::CommonResourceInfo"/><publish:property name="Representation" publish:category="UML" publish:description="The Representation of the Classifier"/><publish:property name="Stereotype" publish:category="UML" publish:value="mTOPClass"/><publish:property name="Template Parameter" publish:category="UML" publish:description="The Template Parameter of the Parameterable Element"/><publish:property name="Visibility" publish:category="UML" publish:description="The Visibility of the Named Element" publish:value="Public"/></publish:properties><ancestor name="CommonObjectInfo" publish:icon="-2063263553_icon.png" publish:qualifiedname="Framework::Data Object Classes::CommonObjectInfo" xmi:id="_.o9.aZ.cA6.yE.d.y.d7PUN.b-IYCQ" xsi:type="uml:Class"><inheritedAttribute anchor="#_.x.d-.pJA6.uE.d.y.d7PUN.b-IYCQ" name="name" publish:icon="-1627054491_icon.png" publish:qualifiedname="Framework::Data Object Classes::CommonObjectInfo::name" xmi:id="_.o9.aZ.cA6.yE.d.y.d7PUN.b-IYCQ" xsi:type="uml:Property"/><inheritedAttribute anchor="#_.x.d-.pMA6.uE.d.y.d7PUN.b-IYCQ" name="discoveredName" publish:icon="-1627054491_icon.png" publish:qualifiedname="Framework::Data Object Classes::CommonObjectInfo::discoveredName" xmi:id="_.o9.aZ.cA6.yE.d.y.d7PUN.b-IYCQ" xsi:type="uml:Property"/><inheritedAttribute anchor="#_.x.d-.pM.w6.uE.d.y.d7PUN.b-IYCQ" name="namingOsRef" publish:icon="-1627054491_icon.png" publish:qualifiedname="Framework::Data Object Classes::CommonObjectInfo::namingOsRef" xmi:id="_.o9.aZ.cA6.yE.d.y.d7PUN.b-IYCQ" xsi:type="uml:Property"/><inheritedAttribute anchor="#_.h.wRYUB.t3E.d29JJ.r_.hKM.p.fA" name="nativeEmsName" publish:icon="-1627054491_icon.png" publish:qualifiedname="Framework::Data Object Classes::CommonObjectInfo::nativeEmsName" xmi:id="_.o9.aZ.cA6.yE.d.y.d7PUN.b-IYCQ" xsi:type="uml:Property"/><inheritedAttribute anchor="#_.x.d-.pOQ6.uE.d.y.d7PUN.b-IYCQ" name="aliasNameList" publish:icon="-1627054491_icon.png" publish:qualifiedname="Framework::Data Object Classes::CommonObjectInfo::aliasNameList" xmi:id="_.o9.aZ.cA6.yE.d.y.d7PUN.b-IYCQ" xsi:type="uml:Property"/><inheritedAttribute anchor="#_4.z.dIQA62E.d.y.d7PUN.b-IYCQ" name="userLabel" publish:icon="-1627054491_icon.png" publish:qualifiedname="Framework::Data Object Classes::CommonObjectInfo::userLabel" xmi:id="_.o9.aZ.cA6.yE.d.y.d7PUN.b-IYCQ" xsi:type="uml:Property"/><inheritedAttribute anchor="#_.x.d-.pK.g6.uE.d.y.d7PUN.b-IYCQ" name="owner" publish:icon="-1627054491_icon.png" publish:qualifiedname="Framework::Data Object Classes::CommonObjectInfo::owner" xmi:id="_.o9.aZ.cA6.yE.d.y.d7PUN.b-IYCQ" xsi:type="uml:Property"/><inheritedAttribute anchor="#_.x.d-.pQQ6.uE.d.y.d7PUN.b-IYCQ" name="additionalInfo" publish:icon="-1627054491_icon.png" publish:qualifiedname="Framework::Data Object Classes::CommonObjectInfo::additionalInfo" xmi:id="_.o9.aZ.cA6.yE.d.y.d7PUN.b-IYCQ" xsi:type="uml:Property"/></ancestor><ownedComment annotatedElement="_.x.d-.pIA6.uE.d.y.d7PUN.b-IYCQ" body="This object class defines the attributes that are common to all resource objects.&#13;&#10;See R_TMF518_NRB_I_0001." isDocumentation="true" isURL="false" name="&lt;Unnamed Comment&gt;" publish:icon="33888884_icon.png" publish:qualifiedname="NetworkResourceBasic::Data Object Classes::CommonResourceInfo::&lt;Comment&gt;" xmi:id="_.x.d-.pIQ6.uE.d.y.d7PUN.b-IYCQ" xsi:type="uml:Comment"><publish:properties><publish:property name="Body" publish:category="UML" publish:description="The Body of the Comment" publish:value="This object class defines the attributes that are common to all resource objects...."/><publish:property name="Keywords" publish:category="UML" publish:description="Keywords property of the UML element"/><publish:property name="Owner" publish:category="UML" publish:description="The Owner of the Element" publish:ismodellink="false" publish:value="&lt;&lt;mTOPClass&gt;&gt; &lt;Class&gt; CommonResourceInfo" xmi:id="_.x.d-.pIA6.uE.d.y.d7PUN.b-IYCQ"/><publish:property name="Stereotype" publish:category="UML" publish:value="documentation"/></publish:properties></ownedComment><generalization name="&lt;Unnamed Generalization&gt;" publish:icon="2080709494_icon.png" publish:qualifiedname="NetworkResourceBasic::Data Object Classes::CommonResourceInfo::&lt;Generalization&gt;" xmi:id="_QP.qP0A6-E.d.y1D.qAHM.bUTO.w" xsi:type="uml:Generalization"><publish:properties><publish:property name="General" publish:category="UML" publish:description="The General of the Generalization" publish:value="&lt;&lt;mTOPClass&gt;&gt; &lt;Class&gt; CommonObjectInfo"/><publish:property name="Is Substitutable" publish:category="UML" publish:description="The Is Substitutable of the Generalization" publish:value="false"/><publish:property name="Keywords" publish:category="UML" publish:description="Keywords property of the UML element"/><publish:property name="Owner" publish:category="UML" publish:description="The Owner of the Element" publish:ismodellink="false" publish:value="&lt;&lt;mTOPClass&gt;&gt; &lt;Class&gt; CommonResourceInfo" xmi:id="_.x.d-.pIA6.uE.d.y.d7PUN.b-IYCQ"/><publish:property name="Specific" publish:category="UML" publish:description="The Specific of the Generalization" publish:ismodellink="false" publish:value="&lt;&lt;mTOPClass&gt;&gt; &lt;Class&gt; CommonResourceInfo" xmi:id="_.x.d-.pIA6.uE.d.y.d7PUN.b-IYCQ"/><publish:property name="Stereotype" publish:category="UML"/></publish:properties></generalization><ownedAttribute name="source" publish:icon="-1627054491_icon.png" publish:is_association="false" publish:qualifiedname="NetworkResourceBasic::Data Object Classes::CommonResourceInfo::source" publish:type="ObjectSource" publish:typeid="_6R9EQP.o2E.d.uV.sYI7.m.fNDXQ" xmi:id="_.x.d-.pN.g6.uE.d.y.d7PUN.b-IYCQ" xsi:type="uml:Property"><publish:properties><publish:property name="Aggregation" publish:category="UML" publish:description="The Aggregation of the Property" publish:value="None"/><publish:property name="Alias" publish:category="UML" publish:description="Alias property of the UML element"/><publish:property name="Association" publish:category="UML" publish:description="The Association of the Property"/><publish:property name="Association End" publish:category="UML" publish:description="The Association End of the Property"/><publish:property name="Class" publish:category="UML" publish:description="The Class of the Property" publish:ismodellink="false" publish:value="&lt;&lt;mTOPClass&gt;&gt; &lt;Class&gt; CommonResourceInfo" xmi:id="_.x.d-.pIA6.uE.d.y.d7PUN.b-IYCQ"/><publish:property name="Datatype" publish:category="UML" publish:description="The Datatype of the Property"/><publish:property name="Default" publish:category="UML" publish:description="The Default of the Property" publish:value="UNKNOWN"/><publish:property name="Default Value" publish:category="UML" publish:description="The Default Value of the Property" publish:ismodellink="false" publish:value="UNKNOWN" xmi:id="_X.z.q.mMCM.qE.d.y7G.r.fA.i1CT.wQ"/><publish:property name="Is Composite" publish:category="UML" publish:description="The Is Composite of the Property" publish:value="false"/><publish:property name="Is Derived" publish:category="UML" publish:description="The Is Derived of the Property" publish:value="false"/><publish:property name="Is Derived Union" publish:category="UML" publish:description="The Is Derived Union of the Property" publish:value="false"/><publish:property name="Is Leaf" publish:category="UML" publish:description="The Is Leaf of the Redefinable Element" publish:value="false"/><publish:property name="Is Ordered" publish:category="UML" publish:description="The Is Ordered of the Multiplicity Element" publish:value="false"/><publish:property name="Is Read Only" publish:category="UML" publish:description="The Is Read Only of the Structural Feature" publish:value="true"/><publish:property name="Is Static" publish:category="UML" publish:description="The Is Static of the Feature" publish:value="false"/><publish:property name="Is Unique" publish:category="UML" publish:description="The Is Unique of the Multiplicity Element" publish:value="true"/><publish:property name="isInvariant" publish:category="mTOPAttribute" publish:value="True"/><publish:property name="Keywords" publish:category="UML" publish:description="Keywords property of the UML element" publish:value="profile=xml"/><publish:property name="Lower" publish:category="UML" publish:description="The Lower of the Multiplicity Element" publish:value="1"/><publish:property name="Lower Value" publish:category="UML" publish:description="The Lower Value of the Multiplicity Element"/><publish:property name="Multiplicity" publish:category="UML" publish:description="Multiplicity property of Multiplicity Element" publish:value="1"/><publish:property name="Name" publish:category="UML" publish:description="The Name of the Named Element" publish:value="source"/><publish:property name="Name Expression" publish:category="UML" publish:description="The Name Expression of the Named Element"/><publish:property name="Namespace" publish:category="UML" publish:description="The Namespace of the Named Element" publish:ismodellink="false" publish:value="&lt;&lt;mTOPClass&gt;&gt; &lt;Class&gt; CommonResourceInfo" xmi:id="_.x.d-.pIA6.uE.d.y.d7PUN.b-IYCQ"/><publish:property name="notificationType" publish:category="mTOPAttribute" publish:value="0 - NOT_APPLICABLE"/><publish:property name="Opposite" publish:category="UML" publish:description="The Opposite of the Property"/><publish:property name="Owner" publish:category="UML" publish:description="The Owner of the Element" publish:ismodellink="false" publish:value="&lt;&lt;mTOPClass&gt;&gt; &lt;Class&gt; CommonResourceInfo" xmi:id="_.x.d-.pIA6.uE.d.y.d7PUN.b-IYCQ"/><publish:property name="Owning Association" publish:category="UML" publish:description="The Owning Association of the Property"/><publish:property name="Owning Template Parameter" publish:category="UML" publish:description="The Owning Template Parameter of the Parameterable Element"/><publish:property name="Qualified Name" publish:category="UML" publish:description="The Qualified Name of the Named Element" publish:value="NetworkResourceBasic::Data Object Classes::CommonResourceInfo::source"/><publish:property name="Stereotype" publish:category="UML" publish:value="mTOPAttribute"/><publish:property name="Template Parameter" publish:category="UML" publish:description="The Template Parameter of the Parameterable Element"/><publish:property name="Type" publish:category="UML" publish:description="The Type of the Typed Element" publish:ismodellink="false" publish:value="&lt;Enumeration&gt; ObjectSource" xmi:id="_6R9EQP.o2E.d.uV.sYI7.m.fNDXQ"/><publish:property name="Upper" publish:category="UML" publish:description="The Upper of the Multiplicity Element" publish:value="1"/><publish:property name="Upper Value" publish:category="UML" publish:description="The Upper Value of the Multiplicity Element"/><publish:property name="Visibility" publish:category="UML" publish:description="The Visibility of the Named Element" publish:value="Public"/><publish:property name="writeable" publish:category="mTOPAttribute" publish:value="1 - REQUESTING_OS_ONLY"/></publish:properties><ownedComment annotatedElement="_.x.d-.pN.g6.uE.d.y.d7PUN.b-IYCQ" body="See R_TMF518_NRB_I_0001 and R_TMF518_NRB_I_0002." isDocumentation="true" isURL="false" name="&lt;Unnamed Comment&gt;" publish:icon="33888884_icon.png" publish:qualifiedname="NetworkResourceBasic::Data Object Classes::CommonResourceInfo::source::&lt;Comment&gt;" xmi:id="_FH.lH.wHA.cE.d.y.c.rJN.s.dA4.sP.g" xsi:type="uml:Comment"><publish:properties><publish:property name="Body" publish:category="UML" publish:description="The Body of the Comment" publish:value="See R_TMF518_NRB_I_0001 and R_TMF518_NRB_I_0002."/><publish:property name="Keywords" publish:category="UML" publish:description="Keywords property of the UML element"/><publish:property xmlns="http://www.ibm.com/Rational/XTools/Publish" anchor="#_.x.d-.pN.g6.uE.d.y.d7PUN.b-IYCQ" name="Owner" publish:category="UML" publish:description="The Owner of the Element" publish:ismodellink="false" publish:value="&lt;&lt;mTOPAttribute, profile=xml&gt;&gt; &lt;Property&gt; source : ObjectSource" xmi:id="_.x.d-.pIA6.uE.d.y.d7PUN.b-IYCQ"/><publish:property name="Stereotype" publish:category="UML" publish:value="documentation"/></publish:properties></ownedComment><defaultValue name="UNKNOWN" publish:icon="-1895489946_icon.png" publish:qualifiedname="NetworkResourceBasic::Data Object Classes::CommonResourceInfo::source::UNKNOWN" xmi:id="_X.z.q.mMCM.qE.d.y7G.r.fA.i1CT.wQ" xsi:type="uml:InstanceValue"><publish:properties><publish:property name="Alias" publish:category="UML" publish:description="Alias property of the UML element"/><publish:property name="Instance" publish:category="UML" publish:description="The Instance of the Instance Value" publish:ismodellink="false" publish:value="&lt;Enumeration Literal&gt; UNKNOWN" xmi:id="_.mA.oOMP.o4E.d.uV.sYI7.m.fNDXQ"/><publish:property name="Keywords" publish:category="UML" publish:description="Keywords property of the UML element"/><publish:property name="Name" publish:category="UML" publish:description="The Name of the Named Element" publish:value="UNKNOWN"/><publish:property name="Name Expression" publish:category="UML" publish:description="The Name Expression of the Named Element"/><publish:property name="Namespace" publish:category="UML" publish:description="The Namespace of the Named Element"/><publish:property xmlns="http://www.ibm.com/Rational/XTools/Publish" anchor="#_.x.d-.pN.g6.uE.d.y.d7PUN.b-IYCQ" name="Owner" publish:category="UML" publish:description="The Owner of the Element" publish:ismodellink="false" publish:value="&lt;&lt;mTOPAttribute, profile=xml&gt;&gt; &lt;Property&gt; source : ObjectSource" xmi:id="_.x.d-.pIA6.uE.d.y.d7PUN.b-IYCQ"/><publish:property name="Owning Template Parameter" publish:category="UML" publish:description="The Owning Template Parameter of the Parameterable Element"/><publish:property name="Qualified Name" publish:category="UML" publish:description="The Qualified Name of the Named Element" publish:value="UNKNOWN"/><publish:property name="Stereotype" publish:category="UML"/><publish:property name="Template Parameter" publish:category="UML" publish:description="The Template Parameter of the Parameterable Element"/><publish:property name="Type" publish:category="UML" publish:description="The Type of the Typed Element" publish:ismodellink="false" publish:value="&lt;Enumeration&gt; ObjectSource" xmi:id="_6R9EQP.o2E.d.uV.sYI7.m.fNDXQ"/><publish:property name="Visibility" publish:category="UML" publish:description="The Visibility of the Named Element" publish:value="Public"/></publish:properties></defaultValue></ownedAttribute><ownedAttribute name="resourceState" publish:icon="-1627054491_icon.png" publish:is_association="false" publish:qualifiedname="NetworkResourceBasic::Data Object Classes::CommonResourceInfo::resourceState" publish:type="ResourceState" publish:typeid="_8NS.u.kP.pBE.d.uV.sYI7.m.fNDXQ" xmi:id="_.x.d-.pP.g6.uE.d.y.d7PUN.b-IYCQ" xsi:type="uml:Property"><publish:properties><publish:property name="Aggregation" publish:category="UML" publish:description="The Aggregation of the Property" publish:value="None"/><publish:property name="Alias" publish:category="UML" publish:description="Alias property of the UML element"/><publish:property name="Association" publish:category="UML" publish:description="The Association of the Property"/><publish:property name="Association End" publish:category="UML" publish:description="The Association End of the Property"/><publish:property name="Class" publish:category="UML" publish:description="The Class of the Property" publish:ismodellink="false" publish:value="&lt;&lt;mTOPClass&gt;&gt; &lt;Class&gt; CommonResourceInfo" xmi:id="_.x.d-.pIA6.uE.d.y.d7PUN.b-IYCQ"/><publish:property name="Datatype" publish:category="UML" publish:description="The Datatype of the Property"/><publish:property name="Default" publish:category="UML" publish:description="The Default of the Property"/><publish:property name="Default Value" publish:category="UML" publish:description="The Default Value of the Property" publish:ismodellink="false" publish:value="&lt;Instance Value&gt; UNKNOWN" xmi:id="_I.lB5.kCO-E.d.y.p.g.fGA_0P3-.g"/><publish:property name="Is Composite" publish:category="UML" publish:description="The Is Composite of the Property" publish:value="false"/><publish:property name="Is Derived" publish:category="UML" publish:description="The Is Derived of the Property" publish:value="false"/><publish:property name="Is Derived Union" publish:category="UML" publish:description="The Is Derived Union of the Property" publish:value="false"/><publish:property name="Is Leaf" publish:category="UML" publish:description="The Is Leaf of the Redefinable Element" publish:value="false"/><publish:property name="Is Ordered" publish:category="UML" publish:description="The Is Ordered of the Multiplicity Element" publish:value="false"/><publish:property name="Is Read Only" publish:category="UML" publish:description="The Is Read Only of the Structural Feature" publish:value="true"/><publish:property name="Is Static" publish:category="UML" publish:description="The Is Static of the Feature" publish:value="false"/><publish:property name="Is Unique" publish:category="UML" publish:description="The Is Unique of the Multiplicity Element" publish:value="true"/><publish:property name="isInvariant" publish:category="mTOPAttribute" publish:value="False"/><publish:property name="Keywords" publish:category="UML" publish:description="Keywords property of the UML element" publish:value="profile=xml"/><publish:property name="Lower" publish:category="UML" publish:description="The Lower of the Multiplicity Element" publish:value="1"/><publish:property name="Lower Value" publish:category="UML" publish:description="The Lower Value of the Multiplicity Element"/><publish:property name="Multiplicity" publish:category="UML" publish:description="Multiplicity property of Multiplicity Element" publish:value="1"/><publish:property name="Name" publish:category="UML" publish:description="The Name of the Named Element" publish:value="resourceState"/><publish:property name="Name Expression" publish:category="UML" publish:description="The Name Expression of the Named Element"/><publish:property name="Namespace" publish:category="UML" publish:description="The Namespace of the Named Element" publish:ismodellink="false" publish:value="&lt;&lt;mTOPClass&gt;&gt; &lt;Class&gt; CommonResourceInfo" xmi:id="_.x.d-.pIA6.uE.d.y.d7PUN.b-IYCQ"/><publish:property name="notificationType" publish:category="mTOPAttribute" publish:value="3 - STATE_CHANGE"/><publish:property name="Opposite" publish:category="UML" publish:description="The Opposite of the Property"/><publish:property name="Owner" publish:category="UML" publish:description="The Owner of the Element" publish:ismodellink="false" publish:value="&lt;&lt;mTOPClass&gt;&gt; &lt;Class&gt; CommonResourceInfo" xmi:id="_.x.d-.pIA6.uE.d.y.d7PUN.b-IYCQ"/><publish:property name="Owning Association" publish:category="UML" publish:description="The Owning Association of the Property"/><publish:property name="Owning Template Parameter" publish:category="UML" publish:description="The Owning Template Parameter of the Parameterable Element"/><publish:property name="Qualified Name" publish:category="UML" publish:description="The Qualified Name of the Named Element" publish:value="NetworkResourceBasic::Data Object Classes::CommonResourceInfo::resourceState"/><publish:property name="Stereotype" publish:category="UML" publish:value="mTOPAttribute"/><publish:property name="Template Parameter" publish:category="UML" publish:description="The Template Parameter of the Parameterable Element"/><publish:property name="Type" publish:category="UML" publish:description="The Type of the Typed Element" publish:ismodellink="false" publish:value="&lt;Enumeration&gt; ResourceState" xmi:id="_8NS.u.kP.pBE.d.uV.sYI7.m.fNDXQ"/><publish:property name="Upper" publish:category="UML" publish:description="The Upper of the Multiplicity Element" publish:value="1"/><publish:property name="Upper Value" publish:category="UML" publish:description="The Upper Value of the Multiplicity Element"/><publish:property name="Visibility" publish:category="UML" publish:description="The Visibility of the Named Element" publish:value="Public"/><publish:property name="writeable" publish:category="mTOPAttribute" publish:value="1 - REQUESTING_OS_ONLY"/></publish:properties><ownedComment annotatedElement="_.x.d-.pP.g6.uE.d.y.d7PUN.b-IYCQ" body="See R_TMF518_NRB_I_0001.&#13;&#10;See SD2-17_EnhancedResourceStates supporting document." isDocumentation="true" isURL="false" name="&lt;Unnamed Comment&gt;" publish:icon="33888884_icon.png" publish:qualifiedname="NetworkResourceBasic::Data Object Classes::CommonResourceInfo::resourceState::&lt;Comment&gt;" xmi:id="_.x.d-.pP.w6.uE.d.y.d7PUN.b-IYCQ" xsi:type="uml:Comment"><publish:properties><publish:property name="Body" publish:category="UML" publish:description="The Body of the Comment" publish:value="See R_TMF518_NRB_I_0001...."/><publish:property name="Keywords" publish:category="UML" publish:description="Keywords property of the UML element"/><publish:property xmlns="http://www.ibm.com/Rational/XTools/Publish" anchor="#_.x.d-.pP.g6.uE.d.y.d7PUN.b-IYCQ" name="Owner" publish:category="UML" publish:description="The Owner of the Element" publish:ismodellink="false" publish:value="&lt;&lt;mTOPAttribute, profile=xml&gt;&gt; &lt;Property&gt; resourceState : ResourceState" xmi:id="_.x.d-.pIA6.uE.d.y.d7PUN.b-IYCQ"/><publish:property name="Stereotype" publish:category="UML" publish:value="documentation"/></publish:properties></ownedComment><ownedComment annotatedElement="_.x.d-.pP.g6.uE.d.y.d7PUN.b-IYCQ" body="..\SD\SD2-17_EnhancedResourceStates.pdf" isDocumentation="false" isURL="true" name="&lt;Unnamed Comment&gt;" publish:icon="1577392213_icon.png" publish:qualifiedname="NetworkResourceBasic::Data Object Classes::CommonResourceInfo::resourceState::&lt;Comment&gt;" publish:url="..\..\..\SD\SD2-17_EnhancedResourceStates.pdf" xmi:id="_EI-.m.cJEWE.d.y.p.u.rM.a9DXJ.y.w" xsi:type="uml:Comment"><publish:properties><publish:property name="Body" publish:category="UML" publish:description="The Body of the Comment" publish:value="..\SD\SD2-17_EnhancedResourceStates.pdf"/><publish:property name="Keywords" publish:category="UML" publish:description="Keywords property of the UML element"/><publish:property xmlns="http://www.ibm.com/Rational/XTools/Publish" anchor="#_.x.d-.pP.g6.uE.d.y.d7PUN.b-IYCQ" name="Owner" publish:category="UML" publish:description="The Owner of the Element" publish:ismodellink="false" publish:value="&lt;&lt;mTOPAttribute, profile=xml&gt;&gt; &lt;Property&gt; resourceState : ResourceState" xmi:id="_.x.d-.pIA6.uE.d.y.d7PUN.b-IYCQ"/><publish:property name="Stereotype" publish:category="UML" publish:value="URL"/></publish:properties></ownedComment><defaultValue name="UNKNOWN" publish:icon="-1895489946_icon.png" publish:qualifiedname="NetworkResourceBasic::Data Object Classes::CommonResourceInfo::resourceState::UNKNOWN" xmi:id="_I.lB5.kCO-E.d.y.p.g.fGA_0P3-.g" xsi:type="uml:InstanceValue"><publish:properties><publish:property name="Alias" publish:category="UML" publish:description="Alias property of the UML element"/><publish:property name="Instance" publish:category="UML" publish:description="The Instance of the Instance Value"/><publish:property name="Keywords" publish:category="UML" publish:description="Keywords property of the UML element"/><publish:property name="Name" publish:category="UML" publish:description="The Name of the Named Element" publish:value="UNKNOWN"/><publish:property name="Name Expression" publish:category="UML" publish:description="The Name Expression of the Named Element"/><publish:property name="Namespace" publish:category="UML" publish:description="The Namespace of the Named Element"/><publish:property xmlns="http://www.ibm.com/Rational/XTools/Publish" anchor="#_.x.d-.pP.g6.uE.d.y.d7PUN.b-IYCQ" name="Owner" publish:category="UML" publish:description="The Owner of the Element" publish:ismodellink="false" publish:value="&lt;&lt;mTOPAttribute, profile=xml&gt;&gt; &lt;Property&gt; resourceState : ResourceState" xmi:id="_.x.d-.pIA6.uE.d.y.d7PUN.b-IYCQ"/><publish:property name="Owning Template Parameter" publish:category="UML" publish:description="The Owning Template Parameter of the Parameterable Element"/><publish:property name="Qualified Name" publish:category="UML" publish:description="The Qualified Name of the Named Element" publish:value="UNKNOWN"/><publish:property name="Stereotype" publish:category="UML"/><publish:property name="Template Parameter" publish:category="UML" publish:description="The Template Parameter of the Parameterable Element"/><publish:property name="Type" publish:category="UML" publish:description="The Type of the Typed Element" publish:ismodellink="false" publish:value="&lt;Enumeration&gt; ResourceState" xmi:id="_8NS.u.kP.pBE.d.uV.sYI7.m.fNDXQ"/><publish:property name="Visibility" publish:category="UML" publish:description="The Visibility of the Named Element" publish:value="Public"/></publish:properties></defaultValue></ownedAttribute><ownedAttribute name="networkAccessDomain" publish:icon="-1627054491_icon.png" publish:qualifiedname="NetworkResourceBasic::Data Object Classes::CommonResourceInfo::networkAccessDomain" publish:type="String" xmi:id="_NS.qL.sG.g.tE.d.y.bU.dE.k71.hLJA" xsi:type="uml:Property"><publish:properties><publish:property name="Aggregation" publish:category="UML" publish:description="The Aggregation of the Property" publish:value="None"/><publish:property name="Alias" publish:category="UML" publish:description="Alias property of the UML element"/><publish:property name="Association" publish:category="UML" publish:description="The Association of the Property"/><publish:property name="Association End" publish:category="UML" publish:description="The Association End of the Property"/><publish:property name="Class" publish:category="UML" publish:description="The Class of the Property" publish:ismodellink="false" publish:value="&lt;&lt;mTOPClass&gt;&gt; &lt;Class&gt; CommonResourceInfo" xmi:id="_.x.d-.pIA6.uE.d.y.d7PUN.b-IYCQ"/><publish:property name="Datatype" publish:category="UML" publish:description="The Datatype of the Property"/><publish:property name="Default" publish:category="UML" publish:description="The Default of the Property" publish:value="empty string"/><publish:property name="Default Value" publish:category="UML" publish:description="The Default Value of the Property" publish:ismodellink="false" publish:value="&lt;Opaque Expression&gt; empty string" xmi:id="_NS.qL.s.m.g.tE.d.y.bU.dE.k71.hLJA"/><publish:property name="Is Composite" publish:category="UML" publish:description="The Is Composite of the Property" publish:value="false"/><publish:property name="Is Derived" publish:category="UML" publish:description="The Is Derived of the Property" publish:value="false"/><publish:property name="Is Derived Union" publish:category="UML" publish:description="The Is Derived Union of the Property" publish:value="false"/><publish:property name="Is Leaf" publish:category="UML" publish:description="The Is Leaf of the Redefinable Element" publish:value="false"/><publish:property name="Is Ordered" publish:category="UML" publish:description="The Is Ordered of the Multiplicity Element" publish:value="false"/><publish:property name="Is Read Only" publish:category="UML" publish:description="The Is Read Only of the Structural Feature" publish:value="false"/><publish:property name="Is Static" publish:category="UML" publish:description="The Is Static of the Feature" publish:value="false"/><publish:property name="Is Unique" publish:category="UML" publish:description="The Is Unique of the Multiplicity Element" publish:value="true"/><publish:property name="isInvariant" publish:category="mTOPAttribute" publish:value="False"/><publish:property name="Keywords" publish:category="UML" publish:description="Keywords property of the UML element"/><publish:property name="Lower" publish:category="UML" publish:description="The Lower of the Multiplicity Element" publish:value="1"/><publish:property name="Lower Value" publish:category="UML" publish:description="The Lower Value of the Multiplicity Element"/><publish:property name="Multiplicity" publish:category="UML" publish:description="Multiplicity property of Multiplicity Element" publish:value="1"/><publish:property name="Name" publish:category="UML" publish:description="The Name of the Named Element" publish:value="networkAccessDomain"/><publish:property name="Name Expression" publish:category="UML" publish:description="The Name Expression of the Named Element"/><publish:property name="Namespace" publish:category="UML" publish:description="The Namespace of the Named Element" publish:ismodellink="false" publish:value="&lt;&lt;mTOPClass&gt;&gt; &lt;Class&gt; CommonResourceInfo" xmi:id="_.x.d-.pIA6.uE.d.y.d7PUN.b-IYCQ"/><publish:property name="notificationType" publish:category="mTOPAttribute" publish:value="2 - ATTRIBUTE_VALUE_CHANGE"/><publish:property name="Opposite" publish:category="UML" publish:description="The Opposite of the Property"/><publish:property name="Owner" publish:category="UML" publish:description="The Owner of the Element" publish:ismodellink="false" publish:value="&lt;&lt;mTOPClass&gt;&gt; &lt;Class&gt; CommonResourceInfo" xmi:id="_.x.d-.pIA6.uE.d.y.d7PUN.b-IYCQ"/><publish:property name="Owning Association" publish:category="UML" publish:description="The Owning Association of the Property"/><publish:property name="Owning Template Parameter" publish:category="UML" publish:description="The Owning Template Parameter of the Parameterable Element"/><publish:property name="Qualified Name" publish:category="UML" publish:description="The Qualified Name of the Named Element" publish:value="NetworkResourceBasic::Data Object Classes::CommonResourceInfo::networkAccessDomain"/><publish:property name="Stereotype" publish:category="UML" publish:value="mTOPAttribute"/><publish:property name="Template Parameter" publish:category="UML" publish:description="The Template Parameter of the Parameterable Element"/><publish:property name="Type" publish:category="UML" publish:description="The Type of the Typed Element" publish:value="&lt;Primitive Type&gt; String"/><publish:property name="Upper" publish:category="UML" publish:description="The Upper of the Multiplicity Element" publish:value="1"/><publish:property name="Upper Value" publish:category="UML" publish:description="The Upper Value of the Multiplicity Element"/><publish:property name="Visibility" publish:category="UML" publish:description="The Visibility of the Named Element" publish:value="Public"/><publish:property name="writeable" publish:category="mTOPAttribute" publish:value="1 - REQUESTING_OS_ONLY"/></publish:properties><ownedComment annotatedElement="_NS.qL.sG.g.tE.d.y.bU.dE.k71.hLJA" body="This attribute contains a free-format string used to associate the resource to a Network Access Domain." isDocumentation="true" isURL="false" name="&lt;Unnamed Comment&gt;" publish:icon="33888884_icon.png" publish:qualifiedname="NetworkResourceBasic::Data Object Classes::CommonResourceInfo::networkAccessDomain::&lt;Comment&gt;" xmi:id="_NS.qL.sW.g.tE.d.y.bU.dE.k71.hLJA" xsi:type="uml:Comment"><publish:properties><publish:property name="Body" publish:category="UML" publish:description="The Body of the Comment" publish:value="This attribute contains a free-format string used to associate the resource to a Network Access Domain."/><publish:property name="Keywords" publish:category="UML" publish:description="Keywords property of the UML element"/><publish:property xmlns="http://www.ibm.com/Rational/XTools/Publish" anchor="#_NS.qL.sG.g.tE.d.y.bU.dE.k71.hLJA" name="Owner" publish:category="UML" publish:description="The Owner of the Element" publish:ismodellink="false" publish:value="&lt;&lt;mTOPAttribute&gt;&gt; &lt;Property&gt; networkAccessDomain : String" xmi:id="_.x.d-.pIA6.uE.d.y.d7PUN.b-IYCQ"/><publish:property name="Stereotype" publish:category="UML" publish:value="documentation"/></publish:properties></ownedComment><defaultValue name="&lt;Unnamed OpaqueExpression&gt;" publish:icon="738531974_icon.png" publish:qualifiedname="NetworkResourceBasic::Data Object Classes::CommonResourceInfo::networkAccessDomain::&lt;OpaqueExpression&gt;" xmi:id="_NS.qL.s.m.g.tE.d.y.bU.dE.k71.hLJA" xsi:type="uml:OpaqueExpression"><publish:properties><publish:property name="Alias" publish:category="UML" publish:description="Alias property of the UML element"/><publish:property name="Behavior" publish:category="UML" publish:description="The Behavior of the Opaque Expression"/><publish:property name="Body" publish:category="UML" publish:description="The Body of the Opaque Expression" publish:value="empty string"/><publish:property name="Keywords" publish:category="UML" publish:description="Keywords property of the UML element"/><publish:property name="Language" publish:category="UML" publish:description="The Language of the Opaque Expression"/><publish:property name="Name" publish:category="UML" publish:description="The Name of the Named Element"/><publish:property name="Name Expression" publish:category="UML" publish:description="The Name Expression of the Named Element"/><publish:property name="Namespace" publish:category="UML" publish:description="The Namespace of the Named Element"/><publish:property xmlns="http://www.ibm.com/Rational/XTools/Publish" anchor="#_NS.qL.sG.g.tE.d.y.bU.dE.k71.hLJA" name="Owner" publish:category="UML" publish:description="The Owner of the Element" publish:ismodellink="false" publish:value="&lt;&lt;mTOPAttribute&gt;&gt; &lt;Property&gt; networkAccessDomain : String" xmi:id="_.x.d-.pIA6.uE.d.y.d7PUN.b-IYCQ"/><publish:property name="Owning Template Parameter" publish:category="UML" publish:description="The Owning Template Parameter of the Parameterable Element"/><publish:property name="Qualified Name" publish:category="UML" publish:description="The Qualified Name of the Named Element"/><publish:property name="Result" publish:category="UML" publish:description="The Result of the Opaque Expression"/><publish:property name="Stereotype" publish:category="UML"/><publish:property name="Template Parameter" publish:category="UML" publish:description="The Template Parameter of the Parameterable Element"/><publish:property name="Type" publish:category="UML" publish:description="The Type of the Typed Element" publish:value="&lt;Primitive Type&gt; String"/><publish:property name="Visibility" publish:category="UML" publish:description="The Visibility of the Named Element" publish:value="Public"/></publish:properties></defaultValue></ownedAttribute><ownedAttribute name="ituStateAndStatusList" publish:icon="-1627054491_icon.png" publish:is_association="false" publish:qualifiedname="NetworkResourceBasic::Data Object Classes::CommonResourceInfo::ituStateAndStatusList" publish:type="ItuStateOrStatus" publish:typeid="_0-X4AHM.aE.d.yMG.rC9M.s.b2.bA" xmi:id="_2-N.c.wG.g.tE.d.y.bU.dE.k71.hLJA" xsi:type="uml:Property"><publish:properties><publish:property name="Aggregation" publish:category="UML" publish:description="The Aggregation of the Property" publish:value="None"/><publish:property name="Alias" publish:category="UML" publish:description="Alias property of the UML element"/><publish:property name="Association" publish:category="UML" publish:description="The Association of the Property"/><publish:property name="Association End" publish:category="UML" publish:description="The Association End of the Property"/><publish:property name="Class" publish:category="UML" publish:description="The Class of the Property" publish:ismodellink="false" publish:value="&lt;&lt;mTOPClass&gt;&gt; &lt;Class&gt; CommonResourceInfo" xmi:id="_.x.d-.pIA6.uE.d.y.d7PUN.b-IYCQ"/><publish:property name="Datatype" publish:category="UML" publish:description="The Datatype of the Property"/><publish:property name="Default" publish:category="UML" publish:description="The Default of the Property" publish:value="empty list"/><publish:property name="Default Value" publish:category="UML" publish:description="The Default Value of the Property" publish:ismodellink="false" publish:value="&lt;Opaque Expression&gt; empty list" xmi:id="__.gJB.kG.g.tE.d.y.bU.dE.k71.hLJA"/><publish:property name="Is Composite" publish:category="UML" publish:description="The Is Composite of the Property" publish:value="false"/><publish:property name="Is Derived" publish:category="UML" publish:description="The Is Derived of the Property" publish:value="false"/><publish:property name="Is Derived Union" publish:category="UML" publish:description="The Is Derived Union of the Property" publish:value="false"/><publish:property name="Is Leaf" publish:category="UML" publish:description="The Is Leaf of the Redefinable Element" publish:value="false"/><publish:property name="Is Ordered" publish:category="UML" publish:description="The Is Ordered of the Multiplicity Element" publish:value="false"/><publish:property name="Is Read Only" publish:category="UML" publish:description="The Is Read Only of the Structural Feature" publish:value="false"/><publish:property name="Is Static" publish:category="UML" publish:description="The Is Static of the Feature" publish:value="false"/><publish:property name="Is Unique" publish:category="UML" publish:description="The Is Unique of the Multiplicity Element" publish:value="true"/><publish:property name="isInvariant" publish:category="mTOPAttribute" publish:value="False"/><publish:property name="Keywords" publish:category="UML" publish:description="Keywords property of the UML element"/><publish:property name="Lower" publish:category="UML" publish:description="The Lower of the Multiplicity Element" publish:value="0"/><publish:property name="Lower Value" publish:category="UML" publish:description="The Lower Value of the Multiplicity Element" publish:ismodellink="false" publish:value="&lt;Literal Integer&gt; 0" xmi:id="_EG.u.yMG.g.uE.d.y.bU.dE.k71.hLJA"/><publish:property name="Multiplicity" publish:category="UML" publish:description="Multiplicity property of Multiplicity Element" publish:value="*"/><publish:property name="Name" publish:category="UML" publish:description="The Name of the Named Element" publish:value="ituStateAndStatusList"/><publish:property name="Name Expression" publish:category="UML" publish:description="The Name Expression of the Named Element"/><publish:property name="Namespace" publish:category="UML" publish:description="The Namespace of the Named Element" publish:ismodellink="false" publish:value="&lt;&lt;mTOPClass&gt;&gt; &lt;Class&gt; CommonResourceInfo" xmi:id="_.x.d-.pIA6.uE.d.y.d7PUN.b-IYCQ"/><publish:property name="notificationType" publish:category="mTOPAttribute" publish:value="3 - STATE_CHANGE"/><publish:property name="Opposite" publish:category="UML" publish:description="The Opposite of the Property"/><publish:property name="Owner" publish:category="UML" publish:description="The Owner of the Element" publish:ismodellink="false" publish:value="&lt;&lt;mTOPClass&gt;&gt; &lt;Class&gt; CommonResourceInfo" xmi:id="_.x.d-.pIA6.uE.d.y.d7PUN.b-IYCQ"/><publish:property name="Owning Association" publish:category="UML" publish:description="The Owning Association of the Property"/><publish:property name="Owning Template Parameter" publish:category="UML" publish:description="The Owning Template Parameter of the Parameterable Element"/><publish:property name="Qualified Name" publish:category="UML" publish:description="The Qualified Name of the Named Element" publish:value="NetworkResourceBasic::Data Object Classes::CommonResourceInfo::ituStateAndStatusList"/><publish:property name="Stereotype" publish:category="UML" publish:value="mTOPAttribute"/><publish:property name="Template Parameter" publish:category="UML" publish:description="The Template Parameter of the Parameterable Element"/><publish:property name="Type" publish:category="UML" publish:description="The Type of the Typed Element" publish:ismodellink="false" publish:value="&lt;Enumeration&gt; ItuStateOrStatus" xmi:id="_0-X4AHM.aE.d.yMG.rC9M.s.b2.bA"/><publish:property name="Upper" publish:category="UML" publish:description="The Upper of the Multiplicity Element" publish:value="*"/><publish:property name="Upper Value" publish:category="UML" publish:description="The Upper Value of the Multiplicity Element" publish:ismodellink="false" publish:value="&lt;Literal Unlimited Natural&gt; *" xmi:id="_EG.u.yMW.g.uE.d.y.bU.dE.k71.hLJA"/><publish:property name="Visibility" publish:category="UML" publish:description="The Visibility of the Named Element" publish:value="Public"/><publish:property name="writeable" publish:category="mTOPAttribute" publish:value="1 - REQUESTING_OS_ONLY"/></publish:properties><ownedComment annotatedElement="_2-N.c.wG.g.tE.d.y.bU.dE.k71.hLJA" body="See R_TMF518_NRB_I_0001 and R_TMF518_NRB_I_0004.&#13;&#10;See supporting document SD1-8_encodingX731M3100." isDocumentation="true" isURL="false" name="&lt;Unnamed Comment&gt;" publish:icon="33888884_icon.png" publish:qualifiedname="NetworkResourceBasic::Data Object Classes::CommonResourceInfo::ituStateAndStatusList::&lt;Comment&gt;" xmi:id="_1BD.o.wHA.eE.d.y.c.rJN.s.dA4.sP.g" xsi:type="uml:Comment"><publish:properties><publish:property name="Body" publish:category="UML" publish:description="The Body of the Comment" publish:value="See R_TMF518_NRB_I_0001 and R_TMF518_NRB_I_0004...."/><publish:property name="Keywords" publish:category="UML" publish:description="Keywords property of the UML element"/><publish:property xmlns="http://www.ibm.com/Rational/XTools/Publish" anchor="#_2-N.c.wG.g.tE.d.y.bU.dE.k71.hLJA" name="Owner" publish:category="UML" publish:description="The Owner of the Element" publish:ismodellink="false" publish:value="&lt;&lt;mTOPAttribute&gt;&gt; &lt;Property&gt; ituStateAndStatusList : ItuStateOrStatus [0..*]" xmi:id="_.x.d-.pIA6.uE.d.y.d7PUN.b-IYCQ"/><publish:property name="Stereotype" publish:category="UML" publish:value="documentation"/></publish:properties></ownedComment><ownedComment annotatedElement="_2-N.c.wG.g.tE.d.y.bU.dE.k71.hLJA" body="..\..\Framework\SD\SD1-8_encodingX731M3100.pdf" isDocumentation="false" isURL="true" name="&lt;Unnamed Comment&gt;" publish:icon="1577392213_icon.png" publish:qualifiedname="NetworkResourceBasic::Data Object Classes::CommonResourceInfo::ituStateAndStatusList::&lt;Comment&gt;" publish:url="..\..\..\..\Framework\SD\SD1-8_encodingX731M3100.pdf" xmi:id="_1.r.m.oIP.s.nE.d.y.b.z6.jV.d6YV.eQ" xsi:type="uml:Comment"><publish:properties><publish:property name="Body" publish:category="UML" publish:description="The Body of the Comment" publish:value="..\..\Framework\SD\SD1-8_encodingX731M3100.pdf"/><publish:property name="Keywords" publish:category="UML" publish:description="Keywords property of the UML element"/><publish:property xmlns="http://www.ibm.com/Rational/XTools/Publish" anchor="#_2-N.c.wG.g.tE.d.y.bU.dE.k71.hLJA" name="Owner" publish:category="UML" publish:description="The Owner of the Element" publish:ismodellink="false" publish:value="&lt;&lt;mTOPAttribute&gt;&gt; &lt;Property&gt; ituStateAndStatusList : ItuStateOrStatus [0..*]" xmi:id="_.x.d-.pIA6.uE.d.y.d7PUN.b-IYCQ"/><publish:property name="Stereotype" publish:category="UML" publish:value="URL"/></publish:properties></ownedComment><upperValue name="&lt;Unnamed LiteralUnlimitedNatural&gt;" publish:icon="251993591_icon.png" publish:qualifiedname="NetworkResourceBasic::Data Object Classes::CommonResourceInfo::ituStateAndStatusList::&lt;LiteralUnlimitedNatural&gt;" xmi:id="_EG.u.yMW.g.uE.d.y.bU.dE.k71.hLJA" xsi:type="uml:LiteralUnlimitedNatural"><publish:properties><publish:property name="Alias" publish:category="UML" publish:description="Alias property of the UML element"/><publish:property name="Keywords" publish:category="UML" publish:description="Keywords property of the UML element"/><publish:property name="Name" publish:category="UML" publish:description="The Name of the Named Element"/><publish:property name="Name Expression" publish:category="UML" publish:description="The Name Expression of the Named Element"/><publish:property name="Namespace" publish:category="UML" publish:description="The Namespace of the Named Element"/><publish:property xmlns="http://www.ibm.com/Rational/XTools/Publish" anchor="#_2-N.c.wG.g.tE.d.y.bU.dE.k71.hLJA" name="Owner" publish:category="UML" publish:description="The Owner of the Element" publish:ismodellink="false" publish:value="&lt;&lt;mTOPAttribute&gt;&gt; &lt;Property&gt; ituStateAndStatusList : ItuStateOrStatus [0..*]" xmi:id="_.x.d-.pIA6.uE.d.y.d7PUN.b-IYCQ"/><publish:property name="Owning Template Parameter" publish:category="UML" publish:description="The Owning Template Parameter of the Parameterable Element"/><publish:property name="Qualified Name" publish:category="UML" publish:description="The Qualified Name of the Named Element"/><publish:property name="Stereotype" publish:category="UML"/><publish:property name="Template Parameter" publish:category="UML" publish:description="The Template Parameter of the Parameterable Element"/><publish:property name="Type" publish:category="UML" publish:description="The Type of the Typed Element"/><publish:property name="Value" publish:category="UML" publish:description="The Value of the Literal Unlimited Natural" publish:value="*"/><publish:property name="Visibility" publish:category="UML" publish:description="The Visibility of the Named Element" publish:value="Public"/></publish:properties></upperValue><lowerValue name="&lt;Unnamed LiteralInteger&gt;" publish:icon="-2080040982_icon.png" publish:qualifiedname="NetworkResourceBasic::Data Object Classes::CommonResourceInfo::ituStateAndStatusList::&lt;LiteralInteger&gt;" xmi:id="_EG.u.yMG.g.uE.d.y.bU.dE.k71.hLJA" xsi:type="uml:LiteralInteger"><publish:properties><publish:property name="Alias" publish:category="UML" publish:description="Alias property of the UML element"/><publish:property name="Keywords" publish:category="UML" publish:description="Keywords property of the UML element"/><publish:property name="Name" publish:category="UML" publish:description="The Name of the Named Element"/><publish:property name="Name Expression" publish:category="UML" publish:description="The Name Expression of the Named Element"/><publish:property name="Namespace" publish:category="UML" publish:description="The Namespace of the Named Element"/><publish:property xmlns="http://www.ibm.com/Rational/XTools/Publish" anchor="#_2-N.c.wG.g.tE.d.y.bU.dE.k71.hLJA" name="Owner" publish:category="UML" publish:description="The Owner of the Element" publish:ismodellink="false" publish:value="&lt;&lt;mTOPAttribute&gt;&gt; &lt;Property&gt; ituStateAndStatusList : ItuStateOrStatus [0..*]" xmi:id="_.x.d-.pIA6.uE.d.y.d7PUN.b-IYCQ"/><publish:property name="Owning Template Parameter" publish:category="UML" publish:description="The Owning Template Parameter of the Parameterable Element"/><publish:property name="Qualified Name" publish:category="UML" publish:description="The Qualified Name of the Named Element"/><publish:property name="Stereotype" publish:category="UML"/><publish:property name="Template Parameter" publish:category="UML" publish:description="The Template Parameter of the Parameterable Element"/><publish:property name="Type" publish:category="UML" publish:description="The Type of the Typed Element"/><publish:property name="Value" publish:category="UML" publish:description="The Value of the Literal Integer" publish:value="0"/><publish:property name="Visibility" publish:category="UML" publish:description="The Visibility of the Named Element" publish:value="Public"/></publish:properties></lowerValue><defaultValue name="&lt;Unnamed OpaqueExpression&gt;" publish:icon="738531974_icon.png" publish:qualifiedname="NetworkResourceBasic::Data Object Classes::CommonResourceInfo::ituStateAndStatusList::&lt;OpaqueExpression&gt;" xmi:id="__.gJB.kG.g.tE.d.y.bU.dE.k71.hLJA" xsi:type="uml:OpaqueExpression"><publish:properties><publish:property name="Alias" publish:category="UML" publish:description="Alias property of the UML element"/><publish:property name="Behavior" publish:category="UML" publish:description="The Behavior of the Opaque Expression"/><publish:property name="Body" publish:category="UML" publish:description="The Body of the Opaque Expression" publish:value="empty list"/><publish:property name="Keywords" publish:category="UML" publish:description="Keywords property of the UML element"/><publish:property name="Language" publish:category="UML" publish:description="The Language of the Opaque Expression"/><publish:property name="Name" publish:category="UML" publish:description="The Name of the Named Element"/><publish:property name="Name Expression" publish:category="UML" publish:description="The Name Expression of the Named Element"/><publish:property name="Namespace" publish:category="UML" publish:description="The Namespace of the Named Element"/><publish:property xmlns="http://www.ibm.com/Rational/XTools/Publish" anchor="#_2-N.c.wG.g.tE.d.y.bU.dE.k71.hLJA" name="Owner" publish:category="UML" publish:description="The Owner of the Element" publish:ismodellink="false" publish:value="&lt;&lt;mTOPAttribute&gt;&gt; &lt;Property&gt; ituStateAndStatusList : ItuStateOrStatus [0..*]" xmi:id="_.x.d-.pIA6.uE.d.y.d7PUN.b-IYCQ"/><publish:property name="Owning Template Parameter" publish:category="UML" publish:description="The Owning Template Parameter of the Parameterable Element"/><publish:property name="Qualified Name" publish:category="UML" publish:description="The Qualified Name of the Named Element"/><publish:property name="Result" publish:category="UML" publish:description="The Result of the Opaque Expression"/><publish:property name="Stereotype" publish:category="UML"/><publish:property name="Template Parameter" publish:category="UML" publish:description="The Template Parameter of the Parameterable Element"/><publish:property name="Type" publish:category="UML" publish:description="The Type of the Typed Element" publish:ismodellink="false" publish:value="&lt;Enumeration&gt; ItuStateOrStatus" xmi:id="_0-X4AHM.aE.d.yMG.rC9M.s.b2.bA"/><publish:property name="Visibility" publish:category="UML" publish:description="The Visibility of the Named Element" publish:value="Public"/></publish:properties></defaultValue></ownedAttribute></packagedElement></packagedElement>