<?xml version="1.0" encoding="UTF-8"?><packagedElement name="Class Diagrams" diagramFormat="GIF" xmlns:publish="http://www.ibm.com/Rational/XTools/Publish" publish:icon="-1710941566_icon.png" publish:modelname="NetworkResourceBasic" publish:qualifiedname="NetworkResourceBasic::Class Diagrams" publish:sortOrder="storage" publish:toplevelguid="_C.qF.iEA6.qE.d.y.d7PUN.b-IYCQ" xmlns:xmi="http://www.omg.org/XMI" xmi:id="__B.h.t.sA6.uE.d.y.d7PUN.b-IYCQ" xmi:version="2.0" xmlns:com.ibm.xtools.notation="http:///com/ibm/xtools/notation.ecore" xmlns:uml="http://www.eclipse.org/uml2/1.0.0/UML" xmlns:xsi="http://www.w3.org/2001/XMLSchema-instance" xsi:type="uml:Package"><publish:properties><publish:property name="Alias" publish:category="UML" publish:description="Alias property of the UML element"/><publish:property name="Keywords" publish:category="UML" publish:description="Keywords property of the UML element"/><publish:property name="Name" publish:category="UML" publish:description="The Name of the Named Element" publish:value="Class Diagrams"/><publish:property name="Name Expression" publish:category="UML" publish:description="The Name Expression of the Named Element"/><publish:property name="Namespace" publish:category="UML" publish:description="The Namespace of the Named Element" publish:ismodellink="true" publish:value="&lt;Model&gt; NetworkResourceBasic" xmi:id="_C.qF.iEA6.qE.d.y.d7PUN.b-IYCQ"/><publish:property name="Nesting Package" publish:category="UML" publish:description="The Nesting Package of the Package" publish:ismodellink="true" publish:value="&lt;Model&gt; NetworkResourceBasic" xmi:id="_C.qF.iEA6.qE.d.y.d7PUN.b-IYCQ"/><publish:property name="Owned Template Signature" publish:category="UML" publish:description="The Owned Template Signature of the Templateable Element"/><publish:property name="Owner" publish:category="UML" publish:description="The Owner of the Element" publish:ismodellink="true" publish:value="&lt;Model&gt; NetworkResourceBasic" xmi:id="_C.qF.iEA6.qE.d.y.d7PUN.b-IYCQ"/><publish:property name="Owning Template Parameter" publish:category="UML" publish:description="The Owning Template Parameter of the Parameterable Element"/><publish:property name="Qualified Name" publish:category="UML" publish:description="The Qualified Name of the Named Element" publish:value="NetworkResourceBasic::Class Diagrams"/><publish:property name="Stereotype" publish:category="UML"/><publish:property name="Template Parameter" publish:category="UML" publish:description="The Template Parameter of the Parameterable Element"/><publish:property name="Visibility" publish:category="UML" publish:description="The Visibility of the Named Element" publish:value="Public"/></publish:properties><contents Type="Class" isDefault="false" name="NRB Class Diagram" publish:icon="923080899_icon.png" publish:imageType="GIF" publish:qualifiedname="NetworkResourceBasic::Class Diagrams::NRB Class Diagram" xmi:id="_H.e14QA6.vE.d.y.d7PUN.b-IYCQ" xsi:type="notation:Diagram"><publish:properties><publish:property name="Measurement Unit" publish:category="View" publish:description="The Measurement Unit of the Diagram" publish:value="Himetric"/><publish:property name="Name" publish:category="View" publish:description="The Name of the Diagram" publish:value="NRB Class Diagram"/><publish:property name="Styles" publish:category="View" publish:description="The Styles of the View"/></publish:properties><publish:partInfo coords="349,253,349,181,359,181,359,253,349,253" name="Generalization" publish:ismodellink="false" shape="poly" xmi:id="_QP.qP0A6-E.d.y1D.qAHM.bUTO.w"/><publish:partInfo name="CommonResourceInfo" publish:ismodellink="false" publish:partLowerX="655" publish:partLowerY="370" publish:partUpperX="0" publish:partUpperY="252" shape="rect" xmi:id="_.x.d-.pIA6.uE.d.y.d7PUN.b-IYCQ"/></contents><contents Type="Class" isDefault="false" name="Data Types Class Diagram" publish:icon="923080899_icon.png" publish:imageType="GIF" publish:qualifiedname="NetworkResourceBasic::Class Diagrams::Data Types Class Diagram" xmi:id="_IV.f.gYCPME.d.y.p.g.fGA_0P3-.g" xsi:type="notation:Diagram"><publish:properties><publish:property name="Measurement Unit" publish:category="View" publish:description="The Measurement Unit of the Diagram" publish:value="Himetric"/><publish:property name="Name" publish:category="View" publish:description="The Name of the Diagram" publish:value="Data Types Class Diagram"/><publish:property name="Styles" publish:category="View" publish:description="The Styles of the View"/></publish:properties><publish:partInfo name="UsageState" publish:ismodellink="false" publish:partLowerX="928" publish:partLowerY="1212" publish:partUpperX="676" publish:partUpperY="1112" shape="rect" xmi:id="_YDKJEHM.eE.d.yMG.rC9M.s.b2.bA"/><publish:partInfo name="State" publish:ismodellink="false" publish:partLowerX="664" publish:partLowerY="1215" publish:partUpperX="412" publish:partUpperY="987" shape="rect" xmi:id="_3KC2.oHM.gE.d.yMG.rC9M.s.b2.bA"/><publish:partInfo name="OperationalState" publish:ismodellink="false" publish:partLowerX="407" publish:partLowerY="1214" publish:partUpperX="155" publish:partUpperY="1130" shape="rect" xmi:id="_.tMGHIHM.dE.d.yMG.rC9M.s.b2.bA"/><publish:partInfo name="ControlStatus" publish:ismodellink="false" publish:partLowerX="406" publish:partLowerY="1116" publish:partUpperX="154" publish:partUpperY="984" shape="rect" xmi:id="_C.e.nNEHM.fE.d.yMG.rC9M.s.b2.bA"/><publish:partInfo name="AvailabilityStatus" publish:ismodellink="false" publish:partLowerX="926" publish:partLowerY="1066" publish:partUpperX="674" publish:partUpperY="854" shape="rect" xmi:id="_.e2NKMHM.eE.d.yMG.rC9M.s.b2.bA"/><publish:partInfo name="AdministrativeState" publish:ismodellink="false" publish:partLowerX="665" publish:partLowerY="953" publish:partUpperX="413" publish:partUpperY="853" shape="rect" xmi:id="_O.c5Z.cHM.eE.d.yMG.rC9M.s.b2.bA"/><publish:partInfo name="HolderStatus" publish:ismodellink="false" publish:partLowerX="405" publish:partLowerY="969" publish:partUpperX="153" publish:partUpperY="853" shape="rect" xmi:id="_RW9.hYHM.fE.d.yMG.rC9M.s.b2.bA"/><publish:partInfo name="ItuStateOrStatus" publish:ismodellink="false" publish:partLowerX="749" publish:partLowerY="839" publish:partUpperX="316" publish:partUpperY="643" shape="rect" xmi:id="_0-X4AHM.aE.d.yMG.rC9M.s.b2.bA"/><publish:partInfo name="WorkingSubstate" publish:ismodellink="false" publish:partLowerX="1067" publish:partLowerY="484" publish:partUpperX="815" publish:partUpperY="384" shape="rect" xmi:id="_J2TT4HDQE.d.y.h14.m.cA.d.aPN.g"/><publish:partInfo name="UnknownSubstate" publish:ismodellink="false" publish:partLowerX="1067" publish:partLowerY="572" publish:partUpperX="815" publish:partUpperY="504" shape="rect" xmi:id="_.q.f.r2UHDPE.d.y.h14.m.cA.d.aPN.g"/><publish:partInfo name="RetiringSubstate" publish:ismodellink="false" publish:partLowerX="807" publish:partLowerY="564" publish:partUpperX="552" publish:partUpperY="384" shape="rect" xmi:id="_.w.j.w.uEHDOE.d.y.h14.m.cA.d.aPN.g"/><publish:partInfo name="PlanningSubstate" publish:ismodellink="false" publish:partLowerX="540" publish:partLowerY="584" publish:partUpperX="288" publish:partUpperY="468" shape="rect" xmi:id="_NB3.i4HDOE.d.y.h14.m.cA.d.aPN.g"/><publish:partInfo name="NonWorkingSubstate" publish:ismodellink="false" publish:partLowerX="540" publish:partLowerY="452" publish:partUpperX="288" publish:partUpperY="384" shape="rect" xmi:id="_.r.q1.s.wHDNE.d.y.h14.m.cA.d.aPN.g"/><publish:partInfo name="InstallingSubstate" publish:ismodellink="false" publish:partLowerX="276" publish:partLowerY="548" publish:partUpperX="24" publish:partUpperY="384" shape="rect" xmi:id="_.p-.e.uEHDME.d.y.h14.m.cA.d.aPN.g"/><publish:partInfo name="ResourceState" publish:ismodellink="false" publish:partLowerX="762" publish:partLowerY="330" publish:partUpperX="336" publish:partUpperY="180" shape="rect" xmi:id="_8NS.u.kP.pBE.d.uV.sYI7.m.fNDXQ"/><publish:partInfo name="LayerRate" publish:ismodellink="false" publish:partLowerX="712" publish:partLowerY="70" publish:partUpperX="444" publish:partUpperY="0" shape="rect" xmi:id="_.eN.q.f0CPHE.d.y.p.g.fGA_0P3-.g"/><publish:partInfo name="ObjectSource" publish:ismodellink="false" publish:partLowerX="987" publish:partLowerY="118" publish:partUpperX="731" publish:partUpperY="0" shape="rect" xmi:id="_6R9EQP.o2E.d.uV.sYI7.m.fNDXQ"/><publish:partInfo name="TransmissionParameterList" publish:ismodellink="false" publish:partLowerX="431" publish:partLowerY="86" publish:partUpperX="0" publish:partUpperY="0" shape="rect" xmi:id="_37B.j8CPJE.d.y.p.g.fGA_0P3-.g"/></contents><contents Type="Class" isDefault="false" name="NRB DDP Relationship Diagram" publish:icon="923080899_icon.png" publish:imageType="GIF" publish:qualifiedname="NetworkResourceBasic::Class Diagrams::NRB DDP Relationship Diagram" xmi:id="_Q.i53UFYME.d.y.s97.lG39.t.c.p.w" xsi:type="notation:Diagram"><publish:properties><publish:property name="Measurement Unit" publish:category="View" publish:description="The Measurement Unit of the Diagram" publish:value="Himetric"/><publish:property name="Name" publish:category="View" publish:description="The Name of the Diagram" publish:value="NRB DDP Relationship Diagram"/><publish:property name="Styles" publish:category="View" publish:description="The Styles of the View"/></publish:properties><publish:partInfo coords="61,120,61,50,71,50,71,120,61,120" name="PackageImport" publish:ismodellink="false" shape="poly" xmi:id="_AU1Q.wFYNE.d.y.s97.lG39.t.c.p.w"/><publish:partInfo name="NetworkResourceBasic" publish:ismodellink="true" publish:partLowerX="163" publish:partLowerY="156" publish:partUpperX="10" publish:partUpperY="145" shape="rect" xmi:id="_C.qF.iEA6.qE.d.y.d7PUN.b-IYCQ"/><publish:partInfo name="NetworkResourceBasic" publish:ismodellink="true" publish:partLowerX="173" publish:partLowerY="158" publish:partUpperX="0" publish:partUpperY="108" shape="rect" xmi:id="_C.qF.iEA6.qE.d.y.d7PUN.b-IYCQ"/></contents><contents Type="Class" isDefault="false" name="NRB Common Resource Provisioning Class Diagram" publish:icon="923080899_icon.png" publish:imageType="GIF" publish:qualifiedname="NetworkResourceBasic::Class Diagrams::NRB Common Resource Provisioning Class Diagram" xmi:id="_N.d.e.bAK.l.cE.d.y39Z05.qV.q.f.pQ" xsi:type="notation:Diagram"><publish:properties><publish:property name="Measurement Unit" publish:category="View" publish:description="The Measurement Unit of the Diagram" publish:value="Himetric"/><publish:property name="Name" publish:category="View" publish:description="The Name of the Diagram" publish:value="NRB Common Resource Provisioning Class Diagram"/><publish:property name="Styles" publish:category="View" publish:description="The Styles of the View"/></publish:properties><publish:partInfo coords="267,315,267,251,277,251,277,315,267,315" name="Generalization" publish:ismodellink="false" shape="poly" xmi:id="_T-5EIK.l.dE.d.y39Z05.qV.q.f.pQ"/><publish:partInfo coords="532,315,532,256,542,256,542,315,532,315" name="Generalization" publish:ismodellink="false" shape="poly" xmi:id="_R1W.k.wK.l.dE.d.y39Z05.qV.q.f.pQ"/><publish:partInfo name="CommonResourceCreateData" publish:ismodellink="false" publish:partLowerX="780" publish:partLowerY="384" publish:partUpperX="401" publish:partUpperY="314" shape="rect" xmi:id="_Z.sO24K.l.cE.d.y39Z05.qV.q.f.pQ"/><publish:partInfo name="CommonResourceModifyData" publish:ismodellink="false" publish:partLowerX="379" publish:partLowerY="384" publish:partUpperX="0" publish:partUpperY="314" shape="rect" xmi:id="_Z.bG.q.oK.l.cE.d.y39Z05.qV.q.f.pQ"/></contents></packagedElement>