<?xml version="1.0" encoding="UTF-8"?><uml:Model name="NetworkResourceBasic" diagramFormat="GIF" xmlns:publish="http://www.ibm.com/Rational/XTools/Publish" publish:icon="-1509615854_icon.png" publish:modelname="NetworkResourceBasic" publish:profiles="Standard, Default, Deployment, mTOP UML Profile" publish:qualifiedname="NetworkResourceBasic" publish:sortOrder="storage" publish:toplevelguid="_C.qF.iEA6.qE.d.y.d7PUN.b-IYCQ" xmlns:xmi="http://www.omg.org/XMI" xmi:id="_C.qF.iEA6.qE.d.y.d7PUN.b-IYCQ" xmi:version="2.0" xmlns:com.ibm.xtools.notation="http:///com/ibm/xtools/notation.ecore" xmlns:uml="http://www.eclipse.org/uml2/1.0.0/UML" xmlns:xsi="http://www.w3.org/2001/XMLSchema-instance" xsi:type="uml:Model"><appliedProfiles><profile name="Standard" visibility="public"/><profile name="Default" visibility="public"/><profile name="Deployment" visibility="public"/><profile name="mTOP UML Profile" visibility="public"/></appliedProfiles><packagedElement name="Data Object Classes" publish:diagramFormat="GIF" publish:icon="-1710941566_icon.png" publish:modelname="NetworkResourceBasic" publish:qualifiedname="NetworkResourceBasic::Data Object Classes" publish:sortOrder="storage" publish:toplevelguid="_C.qF.iEA6.qE.d.y.d7PUN.b-IYCQ" xmi:id="_.qT.kQ4A6.uE.d.y.d7PUN.b-IYCQ" xsi:type="uml:Package"><packagedElement name="CommonResourceInfo" publish:icon="-2063263553_icon.png" publish:qualifiedname="NetworkResourceBasic::Data Object Classes::CommonResourceInfo" xmi:id="_.x.d-.pIA6.uE.d.y.d7PUN.b-IYCQ" xsi:type="uml:Class"><ancestor name="CommonObjectInfo" publish:icon="-2063263553_icon.png" publish:qualifiedname="Framework::Data Object Classes::CommonObjectInfo" xmi:id="_.o9.aZ.cA6.yE.d.y.d7PUN.b-IYCQ" xsi:type="uml:Class"><inheritedAttribute anchor="#_.x.d-.pJA6.uE.d.y.d7PUN.b-IYCQ" name="name" publish:icon="-1627054491_icon.png" publish:qualifiedname="Framework::Data Object Classes::CommonObjectInfo::name" xmi:id="_.o9.aZ.cA6.yE.d.y.d7PUN.b-IYCQ" xsi:type="uml:Property"/><inheritedAttribute anchor="#_.x.d-.pMA6.uE.d.y.d7PUN.b-IYCQ" name="discoveredName" publish:icon="-1627054491_icon.png" publish:qualifiedname="Framework::Data Object Classes::CommonObjectInfo::discoveredName" xmi:id="_.o9.aZ.cA6.yE.d.y.d7PUN.b-IYCQ" xsi:type="uml:Property"/><inheritedAttribute anchor="#_.x.d-.pM.w6.uE.d.y.d7PUN.b-IYCQ" name="namingOsRef" publish:icon="-1627054491_icon.png" publish:qualifiedname="Framework::Data Object Classes::CommonObjectInfo::namingOsRef" xmi:id="_.o9.aZ.cA6.yE.d.y.d7PUN.b-IYCQ" xsi:type="uml:Property"/><inheritedAttribute anchor="#_.h.wRYUB.t3E.d29JJ.r_.hKM.p.fA" name="nativeEmsName" publish:icon="-1627054491_icon.png" publish:qualifiedname="Framework::Data Object Classes::CommonObjectInfo::nativeEmsName" xmi:id="_.o9.aZ.cA6.yE.d.y.d7PUN.b-IYCQ" xsi:type="uml:Property"/><inheritedAttribute anchor="#_.x.d-.pOQ6.uE.d.y.d7PUN.b-IYCQ" name="aliasNameList" publish:icon="-1627054491_icon.png" publish:qualifiedname="Framework::Data Object Classes::CommonObjectInfo::aliasNameList" xmi:id="_.o9.aZ.cA6.yE.d.y.d7PUN.b-IYCQ" xsi:type="uml:Property"/><inheritedAttribute anchor="#_4.z.dIQA62E.d.y.d7PUN.b-IYCQ" name="userLabel" publish:icon="-1627054491_icon.png" publish:qualifiedname="Framework::Data Object Classes::CommonObjectInfo::userLabel" xmi:id="_.o9.aZ.cA6.yE.d.y.d7PUN.b-IYCQ" xsi:type="uml:Property"/><inheritedAttribute anchor="#_.x.d-.pK.g6.uE.d.y.d7PUN.b-IYCQ" name="owner" publish:icon="-1627054491_icon.png" publish:qualifiedname="Framework::Data Object Classes::CommonObjectInfo::owner" xmi:id="_.o9.aZ.cA6.yE.d.y.d7PUN.b-IYCQ" xsi:type="uml:Property"/><inheritedAttribute anchor="#_.x.d-.pQQ6.uE.d.y.d7PUN.b-IYCQ" name="additionalInfo" publish:icon="-1627054491_icon.png" publish:qualifiedname="Framework::Data Object Classes::CommonObjectInfo::additionalInfo" xmi:id="_.o9.aZ.cA6.yE.d.y.d7PUN.b-IYCQ" xsi:type="uml:Property"/></ancestor><ownedAttribute name="source" publish:icon="-1627054491_icon.png" publish:is_association="false" publish:qualifiedname="NetworkResourceBasic::Data Object Classes::CommonResourceInfo::source" publish:type="ObjectSource" publish:typeid="_6R9EQP.o2E.d.uV.sYI7.m.fNDXQ" xmi:id="_.x.d-.pN.g6.uE.d.y.d7PUN.b-IYCQ" xsi:type="uml:Property"><defaultValue name="UNKNOWN" publish:icon="-1895489946_icon.png" publish:qualifiedname="NetworkResourceBasic::Data Object Classes::CommonResourceInfo::source::UNKNOWN" xmi:id="_X.z.q.mMCM.qE.d.y7G.r.fA.i1CT.wQ" xsi:type="uml:InstanceValue"/></ownedAttribute><ownedAttribute name="resourceState" publish:icon="-1627054491_icon.png" publish:is_association="false" publish:qualifiedname="NetworkResourceBasic::Data Object Classes::CommonResourceInfo::resourceState" publish:type="ResourceState" publish:typeid="_8NS.u.kP.pBE.d.uV.sYI7.m.fNDXQ" xmi:id="_.x.d-.pP.g6.uE.d.y.d7PUN.b-IYCQ" xsi:type="uml:Property"><defaultValue name="UNKNOWN" publish:icon="-1895489946_icon.png" publish:qualifiedname="NetworkResourceBasic::Data Object Classes::CommonResourceInfo::resourceState::UNKNOWN" xmi:id="_I.lB5.kCO-E.d.y.p.g.fGA_0P3-.g" xsi:type="uml:InstanceValue"/></ownedAttribute><ownedAttribute name="networkAccessDomain" publish:icon="-1627054491_icon.png" publish:qualifiedname="NetworkResourceBasic::Data Object Classes::CommonResourceInfo::networkAccessDomain" publish:type="String" xmi:id="_NS.qL.sG.g.tE.d.y.bU.dE.k71.hLJA" xsi:type="uml:Property"><defaultValue publish:icon="738531974_icon.png" publish:qualifiedname="NetworkResourceBasic::Data Object Classes::CommonResourceInfo::networkAccessDomain::&lt;OpaqueExpression&gt;" xmi:id="_NS.qL.s.m.g.tE.d.y.bU.dE.k71.hLJA" xsi:type="uml:OpaqueExpression"/></ownedAttribute><ownedAttribute name="ituStateAndStatusList" publish:icon="-1627054491_icon.png" publish:is_association="false" publish:qualifiedname="NetworkResourceBasic::Data Object Classes::CommonResourceInfo::ituStateAndStatusList" publish:type="ItuStateOrStatus" publish:typeid="_0-X4AHM.aE.d.yMG.rC9M.s.b2.bA" xmi:id="_2-N.c.wG.g.tE.d.y.bU.dE.k71.hLJA" xsi:type="uml:Property"><upperValue publish:icon="251993591_icon.png" publish:qualifiedname="NetworkResourceBasic::Data Object Classes::CommonResourceInfo::ituStateAndStatusList::&lt;LiteralUnlimitedNatural&gt;" xmi:id="_EG.u.yMW.g.uE.d.y.bU.dE.k71.hLJA" xsi:type="uml:LiteralUnlimitedNatural"/><lowerValue publish:icon="-2080040982_icon.png" publish:qualifiedname="NetworkResourceBasic::Data Object Classes::CommonResourceInfo::ituStateAndStatusList::&lt;LiteralInteger&gt;" xmi:id="_EG.u.yMG.g.uE.d.y.bU.dE.k71.hLJA" xsi:type="uml:LiteralInteger"/><defaultValue publish:icon="738531974_icon.png" publish:qualifiedname="NetworkResourceBasic::Data Object Classes::CommonResourceInfo::ituStateAndStatusList::&lt;OpaqueExpression&gt;" xmi:id="__.gJB.kG.g.tE.d.y.bU.dE.k71.hLJA" xsi:type="uml:OpaqueExpression"/></ownedAttribute></packagedElement></packagedElement><packagedElement name="Class Diagrams" publish:diagramFormat="GIF" publish:icon="-1710941566_icon.png" publish:modelname="NetworkResourceBasic" publish:qualifiedname="NetworkResourceBasic::Class Diagrams" publish:sortOrder="storage" publish:toplevelguid="_C.qF.iEA6.qE.d.y.d7PUN.b-IYCQ" xmi:id="__B.h.t.sA6.uE.d.y.d7PUN.b-IYCQ" xsi:type="uml:Package"/><packagedElement name="Type Definitions" publish:diagramFormat="GIF" publish:icon="-1710941566_icon.png" publish:modelname="NetworkResourceBasic" publish:qualifiedname="NetworkResourceBasic::Type Definitions" publish:sortOrder="storage" publish:toplevelguid="_C.qF.iEA6.qE.d.y.d7PUN.b-IYCQ" xmi:id="_7DA4UCO4E.d.y.p.g.fGA_0P3-.g" xsi:type="uml:Package"><packagedElement name="ControlState" publish:icon="1896160881_icon.png" publish:qualifiedname="NetworkResourceBasic::Type Definitions::ControlState" xmi:id="_3T.fFEE8GE.d.y.fL.r.y44X.cU.u.w" xsi:type="uml:Enumeration"><ownedLiteral name="LOCKED" publish:icon="-989521662_icon.png" publish:qualifiedname="NetworkResourceBasic::Type Definitions::ControlState::LOCKED" xmi:id="_AGS-.gE8HE.d.y.fL.r.y44X.cU.u.w" xsi:type="uml:EnumerationLiteral"/><ownedLiteral name="UNLOCKED" publish:icon="-989521662_icon.png" publish:qualifiedname="NetworkResourceBasic::Type Definitions::ControlState::UNLOCKED" xmi:id="_BNW.tME8HE.d.y.fL.r.y44X.cU.u.w" xsi:type="uml:EnumerationLiteral"/></packagedElement><packagedElement name="CommonResourceCreateData" publish:icon="1342511268_icon.png" publish:qualifiedname="NetworkResourceBasic::Type Definitions::CommonResourceCreateData" xmi:id="_Z.sO24K.l.cE.d.y39Z05.qV.q.f.pQ" xsi:type="uml:DataType"><ancestor name="CommonObjectCreateData" publish:icon="1342511268_icon.png" publish:qualifiedname="Framework::Type Definitions::CommonObjectCreateData" xmi:id="_.fJJBQK.f4E.d.yB.v.u4Q.gH3.iC.w" xsi:type="uml:DataType"><inheritedAttribute anchor="#_.fJJBQ.q.f4E.d.yB.v.u4Q.gH3.iC.w" name="name" publish:icon="-1627054491_icon.png" publish:qualifiedname="Framework::Type Definitions::CommonObjectCreateData::name" xmi:id="_.fJJBQK.f4E.d.yB.v.u4Q.gH3.iC.w" xsi:type="uml:Property"/></ancestor><ancestor name="CommonObjectSetData" publish:icon="1342511268_icon.png" publish:qualifiedname="Framework::Type Definitions::CommonObjectSetData" xmi:id="_MP.s.wEP_FE.d.uKKL.vC_EB00A" xsi:type="uml:DataType"><inheritedAttribute anchor="#__DK.n4P_FE.d.uKKL.vC_EB00A" name="userLabel" publish:icon="-1627054491_icon.png" publish:qualifiedname="Framework::Type Definitions::CommonObjectSetData::userLabel" xmi:id="_MP.s.wEP_FE.d.uKKL.vC_EB00A" xsi:type="uml:Property"/><inheritedAttribute anchor="#__DK.n4__FE.d.uKKL.vC_EB00A" name="forceUniqueness" publish:icon="-1627054491_icon.png" publish:qualifiedname="Framework::Type Definitions::CommonObjectSetData::forceUniqueness" xmi:id="_MP.s.wEP_FE.d.uKKL.vC_EB00A" xsi:type="uml:Property"/><inheritedAttribute anchor="#__DK.n5.v_FE.d.uKKL.vC_EB00A" name="owner" publish:icon="-1627054491_icon.png" publish:qualifiedname="Framework::Type Definitions::CommonObjectSetData::owner" xmi:id="_MP.s.wEP_FE.d.uKKL.vC_EB00A" xsi:type="uml:Property"/><inheritedAttribute anchor="#_.u.gC.h.cB.t1E.d29JJ.r_.hKM.p.fA" name="nativeEmsName" publish:icon="-1627054491_icon.png" publish:qualifiedname="Framework::Type Definitions::CommonObjectSetData::nativeEmsName" xmi:id="_MP.s.wEP_FE.d.uKKL.vC_EB00A" xsi:type="uml:Property"/><inheritedAttribute anchor="#_.mJC.tUK.mSE.d.y39Z05.qV.q.f.pQ" name="aliasNameList" publish:icon="-1627054491_icon.png" publish:qualifiedname="Framework::Type Definitions::CommonObjectSetData::aliasNameList" xmi:id="_MP.s.wEP_FE.d.uKKL.vC_EB00A" xsi:type="uml:Property"/><inheritedAttribute anchor="#__DK.n6.f_FE.d.uKKL.vC_EB00A" name="additionalInfo" publish:icon="-1627054491_icon.png" publish:qualifiedname="Framework::Type Definitions::CommonObjectSetData::additionalInfo" xmi:id="_MP.s.wEP_FE.d.uKKL.vC_EB00A" xsi:type="uml:Property"/></ancestor><ownedAttribute name="networkAccessDomain" publish:icon="-1627054491_icon.png" publish:qualifiedname="NetworkResourceBasic::Type Definitions::CommonResourceCreateData::networkAccessDomain" publish:type="String" xmi:id="_M2Y-UL.q.eE.d.yA7.v53C.jA.z.n.g" xsi:type="uml:Property"><defaultValue publish:icon="738531974_icon.png" publish:qualifiedname="NetworkResourceBasic::Type Definitions::CommonResourceCreateData::networkAccessDomain::&lt;OpaqueExpression&gt;" xmi:id="_M2Y-U.r.q.eE.d.yA7.v53C.jA.z.n.g" xsi:type="uml:OpaqueExpression"/></ownedAttribute></packagedElement><packagedElement name="CommonResourceModifyData" publish:icon="1342511268_icon.png" publish:qualifiedname="NetworkResourceBasic::Type Definitions::CommonResourceModifyData" xmi:id="_Z.bG.q.oK.l.cE.d.y39Z05.qV.q.f.pQ" xsi:type="uml:DataType"><ancestor name="CommonObjectModifyData" publish:icon="1342511268_icon.png" publish:qualifiedname="Framework::Type Definitions::CommonObjectModifyData" xmi:id="_QXA.s.w.b.q.bE.d.yA7.v53C.jA.z.n.g" xsi:type="uml:DataType"/><ancestor name="CommonObjectSetData" publish:icon="1342511268_icon.png" publish:qualifiedname="Framework::Type Definitions::CommonObjectSetData" xmi:id="_MP.s.wEP_FE.d.uKKL.vC_EB00A" xsi:type="uml:DataType"><inheritedAttribute anchor="#__DK.n4P_FE.d.uKKL.vC_EB00A" name="userLabel" publish:icon="-1627054491_icon.png" publish:qualifiedname="Framework::Type Definitions::CommonObjectSetData::userLabel" xmi:id="_MP.s.wEP_FE.d.uKKL.vC_EB00A" xsi:type="uml:Property"/><inheritedAttribute anchor="#__DK.n4__FE.d.uKKL.vC_EB00A" name="forceUniqueness" publish:icon="-1627054491_icon.png" publish:qualifiedname="Framework::Type Definitions::CommonObjectSetData::forceUniqueness" xmi:id="_MP.s.wEP_FE.d.uKKL.vC_EB00A" xsi:type="uml:Property"/><inheritedAttribute anchor="#__DK.n5.v_FE.d.uKKL.vC_EB00A" name="owner" publish:icon="-1627054491_icon.png" publish:qualifiedname="Framework::Type Definitions::CommonObjectSetData::owner" xmi:id="_MP.s.wEP_FE.d.uKKL.vC_EB00A" xsi:type="uml:Property"/><inheritedAttribute anchor="#_.u.gC.h.cB.t1E.d29JJ.r_.hKM.p.fA" name="nativeEmsName" publish:icon="-1627054491_icon.png" publish:qualifiedname="Framework::Type Definitions::CommonObjectSetData::nativeEmsName" xmi:id="_MP.s.wEP_FE.d.uKKL.vC_EB00A" xsi:type="uml:Property"/><inheritedAttribute anchor="#_.mJC.tUK.mSE.d.y39Z05.qV.q.f.pQ" name="aliasNameList" publish:icon="-1627054491_icon.png" publish:qualifiedname="Framework::Type Definitions::CommonObjectSetData::aliasNameList" xmi:id="_MP.s.wEP_FE.d.uKKL.vC_EB00A" xsi:type="uml:Property"/><inheritedAttribute anchor="#__DK.n6.f_FE.d.uKKL.vC_EB00A" name="additionalInfo" publish:icon="-1627054491_icon.png" publish:qualifiedname="Framework::Type Definitions::CommonObjectSetData::additionalInfo" xmi:id="_MP.s.wEP_FE.d.uKKL.vC_EB00A" xsi:type="uml:Property"/></ancestor><ownedAttribute name="networkAccessDomain" publish:icon="-1627054491_icon.png" publish:qualifiedname="NetworkResourceBasic::Type Definitions::CommonResourceModifyData::networkAccessDomain" publish:type="String" xmi:id="_Z.bG.q.q6.l.cE.d.y39Z05.qV.q.f.pQ" xsi:type="uml:Property"><defaultValue publish:icon="738531974_icon.png" publish:qualifiedname="NetworkResourceBasic::Type Definitions::CommonResourceModifyData::networkAccessDomain::&lt;OpaqueExpression&gt;" xmi:id="_Z.bG.q.r.a.l.cE.d.y39Z05.qV.q.f.pQ" xsi:type="uml:OpaqueExpression"/></ownedAttribute></packagedElement><packagedElement name="ResourceState" publish:icon="1896160881_icon.png" publish:qualifiedname="NetworkResourceBasic::Type Definitions::ResourceState" xmi:id="_8NS.u.kP.pBE.d.uV.sYI7.m.fNDXQ" xsi:type="uml:Enumeration"><ownedAttribute name="INSTALLING" publish:icon="-1627054491_icon.png" publish:is_association="false" publish:qualifiedname="NetworkResourceBasic::Type Definitions::ResourceState::INSTALLING" publish:type="InstallingSubstate" publish:typeid="_.p-.e.uEHDME.d.y.h14.m.cA.d.aPN.g" xmi:id="_.yA.q1IHDHE.d.y.h14.m.cA.d.aPN.g" xsi:type="uml:Property"><defaultValue name="UNKNOWN" publish:icon="-1895489946_icon.png" publish:qualifiedname="NetworkResourceBasic::Type Definitions::ResourceState::INSTALLING::UNKNOWN" xmi:id="_MT.l9EHDNE.d.y.h14.m.cA.d.aPN.g" xsi:type="uml:InstanceValue"/></ownedAttribute><ownedAttribute name="NON_WORKING" publish:icon="-1627054491_icon.png" publish:is_association="false" publish:qualifiedname="NetworkResourceBasic::Type Definitions::ResourceState::NON_WORKING" publish:type="NonWorkingSubstate" publish:typeid="_.r.q1.s.wHDNE.d.y.h14.m.cA.d.aPN.g" xmi:id="_.c.o.t.xYHDNE.d.y.h14.m.cA.d.aPN.g" xsi:type="uml:Property"><defaultValue name="UNKNOWN" publish:icon="-1895489946_icon.png" publish:qualifiedname="NetworkResourceBasic::Type Definitions::ResourceState::NON_WORKING::UNKNOWN" xmi:id="_9.a.l.sAHDNE.d.y.h14.m.cA.d.aPN.g" xsi:type="uml:InstanceValue"/></ownedAttribute><ownedAttribute name="PLANNING" publish:icon="-1627054491_icon.png" publish:is_association="false" publish:qualifiedname="NetworkResourceBasic::Type Definitions::ResourceState::PLANNING" publish:type="PlanningSubstate" publish:typeid="_NB3.i4HDOE.d.y.h14.m.cA.d.aPN.g" xmi:id="_E.kQ.dYHDOE.d.y.h14.m.cA.d.aPN.g" xsi:type="uml:Property"><defaultValue name="UNKNOWN" publish:icon="-1895489946_icon.png" publish:qualifiedname="NetworkResourceBasic::Type Definitions::ResourceState::PLANNING::UNKNOWN" xmi:id="_.kT8.iQHDOE.d.y.h14.m.cA.d.aPN.g" xsi:type="uml:InstanceValue"/></ownedAttribute><ownedAttribute name="RETIRING" publish:icon="-1627054491_icon.png" publish:is_association="false" publish:qualifiedname="NetworkResourceBasic::Type Definitions::ResourceState::RETIRING" publish:type="RetiringSubstate" publish:typeid="_.w.j.w.uEHDOE.d.y.h14.m.cA.d.aPN.g" xmi:id="_.oN-.u4HDOE.d.y.h14.m.cA.d.aPN.g" xsi:type="uml:Property"><defaultValue name="UNKNOWN" publish:icon="-1895489946_icon.png" publish:qualifiedname="NetworkResourceBasic::Type Definitions::ResourceState::RETIRING::UNKNOWN" xmi:id="_8.c2.b8HDOE.d.y.h14.m.cA.d.aPN.g" xsi:type="uml:InstanceValue"/></ownedAttribute><ownedAttribute name="UNKNOWN" publish:icon="-1627054491_icon.png" publish:is_association="false" publish:qualifiedname="NetworkResourceBasic::Type Definitions::ResourceState::UNKNOWN" publish:type="UnknownSubstate" publish:typeid="_.q.f.r2UHDPE.d.y.h14.m.cA.d.aPN.g" xmi:id="_.j.o6.y0HDPE.d.y.h14.m.cA.d.aPN.g" xsi:type="uml:Property"><defaultValue name="UNKNOWN" publish:icon="-1895489946_icon.png" publish:qualifiedname="NetworkResourceBasic::Type Definitions::ResourceState::UNKNOWN::UNKNOWN" xmi:id="_-5X.sQHDPE.d.y.h14.m.cA.d.aPN.g" xsi:type="uml:InstanceValue"/></ownedAttribute><ownedAttribute name="WORKING" publish:icon="-1627054491_icon.png" publish:is_association="false" publish:qualifiedname="NetworkResourceBasic::Type Definitions::ResourceState::WORKING" publish:type="WorkingSubstate" publish:typeid="_J2TT4HDQE.d.y.h14.m.cA.d.aPN.g" xmi:id="_C.q.t28HDQE.d.y.h14.m.cA.d.aPN.g" xsi:type="uml:Property"><defaultValue name="UNKNOWN" publish:icon="-1895489946_icon.png" publish:qualifiedname="NetworkResourceBasic::Type Definitions::ResourceState::WORKING::UNKNOWN" xmi:id="_.b.dX4QHDQE.d.y.h14.m.cA.d.aPN.g" xsi:type="uml:InstanceValue"/></ownedAttribute></packagedElement><packagedElement name="ObjectSource" publish:icon="1896160881_icon.png" publish:qualifiedname="NetworkResourceBasic::Type Definitions::ObjectSource" xmi:id="_6R9EQP.o2E.d.uV.sYI7.m.fNDXQ" xsi:type="uml:Enumeration"><ownedLiteral name="NETWORK_ME" publish:icon="-989521662_icon.png" publish:qualifiedname="NetworkResourceBasic::Type Definitions::ObjectSource::NETWORK_ME" xmi:id="_M.uY.jUP.o3E.d.uV.sYI7.m.fNDXQ" xsi:type="uml:EnumerationLiteral"><specification publish:icon="-2080040982_icon.png" publish:qualifiedname="NetworkResourceBasic::Type Definitions::ObjectSource::NETWORK_ME::&lt;LiteralInteger&gt;" xmi:id="_YH.c.rEHA.cE.d.y.c.rJN.s.dA4.sP.g" xsi:type="uml:LiteralInteger"/></ownedLiteral><ownedLiteral name="NETWORK_EMS" publish:icon="-989521662_icon.png" publish:qualifiedname="NetworkResourceBasic::Type Definitions::ObjectSource::NETWORK_EMS" xmi:id="_.e9Z.cAP.o4E.d.uV.sYI7.m.fNDXQ" xsi:type="uml:EnumerationLiteral"><specification publish:icon="-2080040982_icon.png" publish:qualifiedname="NetworkResourceBasic::Type Definitions::ObjectSource::NETWORK_EMS::&lt;LiteralInteger&gt;" xmi:id="_WH.q.k.oHA.cE.d.y.c.rJN.s.dA4.sP.g" xsi:type="uml:LiteralInteger"/></ownedLiteral><ownedLiteral name="OS" publish:icon="-989521662_icon.png" publish:qualifiedname="NetworkResourceBasic::Type Definitions::ObjectSource::OS" xmi:id="_.jU.xE4P.o4E.d.uV.sYI7.m.fNDXQ" xsi:type="uml:EnumerationLiteral"><specification publish:icon="-2080040982_icon.png" publish:qualifiedname="NetworkResourceBasic::Type Definitions::ObjectSource::OS::&lt;LiteralInteger&gt;" xmi:id="_Z.iL.j.sHA.cE.d.y.c.rJN.s.dA4.sP.g" xsi:type="uml:LiteralInteger"/></ownedLiteral><ownedLiteral name="UNKNOWN" publish:icon="-989521662_icon.png" publish:qualifiedname="NetworkResourceBasic::Type Definitions::ObjectSource::UNKNOWN" xmi:id="_.mA.oOMP.o4E.d.uV.sYI7.m.fNDXQ" xsi:type="uml:EnumerationLiteral"><specification publish:icon="-2080040982_icon.png" publish:qualifiedname="NetworkResourceBasic::Type Definitions::ObjectSource::UNKNOWN::&lt;LiteralInteger&gt;" xmi:id="_.a.sGZIHA.cE.d.y.c.rJN.s.dA4.sP.g" xsi:type="uml:LiteralInteger"/></ownedLiteral></packagedElement><packagedElement name="LayerRate" publish:icon="1342511268_icon.png" publish:qualifiedname="NetworkResourceBasic::Type Definitions::LayerRate" xmi:id="_.eN.q.f0CPHE.d.y.p.g.fGA_0P3-.g" xsi:type="uml:DataType"><ownedAttribute name="layerRateValues" publish:icon="-1627054491_icon.png" publish:qualifiedname="NetworkResourceBasic::Type Definitions::LayerRate::layerRateValues" publish:type="Integer" xmi:id="_9.uBIMSPHE.d.y.p.g.fGA_0P3-.g" xsi:type="uml:Property"/></packagedElement><packagedElement name="TransmissionParameterList" publish:icon="1342511268_icon.png" publish:qualifiedname="NetworkResourceBasic::Type Definitions::TransmissionParameterList" xmi:id="_37B.j8CPJE.d.y.p.g.fGA_0P3-.g" xsi:type="uml:DataType"><ownedAttribute name="layerRate" publish:icon="-1627054491_icon.png" publish:is_association="false" publish:qualifiedname="NetworkResourceBasic::Type Definitions::TransmissionParameterList::layerRate" publish:type="LayerRate" publish:typeid="_.eN.q.f0CPHE.d.y.p.g.fGA_0P3-.g" xmi:id="__.uD.bY.iPJE.d.y.p.g.fGA_0P3-.g" xsi:type="uml:Property"><defaultValue publish:icon="738531974_icon.png" publish:qualifiedname="NetworkResourceBasic::Type Definitions::TransmissionParameterList::layerRate::&lt;OpaqueExpression&gt;" xmi:id="__.uJ.iASPJE.d.y.p.g.fGA_0P3-.g" xsi:type="uml:OpaqueExpression"/></ownedAttribute><ownedAttribute name="transmissionParameterList" publish:icon="-1627054491_icon.png" publish:qualifiedname="NetworkResourceBasic::Type Definitions::TransmissionParameterList::transmissionParameterList" publish:type="AttributeValuePair" xmi:id="__.uP.o.oCPJE.d.y.p.g.fGA_0P3-.g" xsi:type="uml:Property"><upperValue publish:icon="251993591_icon.png" publish:qualifiedname="NetworkResourceBasic::Type Definitions::TransmissionParameterList::transmissionParameterList::&lt;LiteralUnlimitedNatural&gt;" xmi:id="__.g3CASPLE.d.y.p.g.fGA_0P3-.g" xsi:type="uml:LiteralUnlimitedNatural"/><lowerValue publish:icon="-2080040982_icon.png" publish:qualifiedname="NetworkResourceBasic::Type Definitions::TransmissionParameterList::transmissionParameterList::&lt;LiteralInteger&gt;" xmi:id="__.g3CACPLE.d.y.p.g.fGA_0P3-.g" xsi:type="uml:LiteralInteger"/><defaultValue publish:icon="738531974_icon.png" publish:qualifiedname="NetworkResourceBasic::Type Definitions::TransmissionParameterList::transmissionParameterList::&lt;OpaqueExpression&gt;" xmi:id="__.uP.o.o.iPJE.d.y.p.g.fGA_0P3-.g" xsi:type="uml:OpaqueExpression"/></ownedAttribute></packagedElement><packagedElement name="ItuStateOrStatusName" publish:icon="1896160881_icon.png" publish:qualifiedname="NetworkResourceBasic::Type Definitions::ItuStateOrStatusName" xmi:id="_N.f8.kUG.g.uE.d.y.bU.dE.k71.hLJA" xsi:type="uml:Enumeration"><ownedLiteral name="X721_OPERATIONAL_STATE" publish:icon="-989521662_icon.png" publish:qualifiedname="NetworkResourceBasic::Type Definitions::ItuStateOrStatusName::X721_OPERATIONAL_STATE" xmi:id="_U.gL.s4G.g.uE.d.y.bU.dE.k71.hLJA" xsi:type="uml:EnumerationLiteral"><specification publish:icon="-2080040982_icon.png" publish:qualifiedname="NetworkResourceBasic::Type Definitions::ItuStateOrStatusName::X721_OPERATIONAL_STATE::&lt;LiteralInteger&gt;" xmi:id="_IN.p5IHA.iE.d.y.c.rJN.s.dA4.sP.g" xsi:type="uml:LiteralInteger"/></ownedLiteral><ownedLiteral name="X721_ADMINISTRATIVE_STATE" publish:icon="-989521662_icon.png" publish:qualifiedname="NetworkResourceBasic::Type Definitions::ItuStateOrStatusName::X721_ADMINISTRATIVE_STATE" xmi:id="_YS6-.sG.g.uE.d.y.bU.dE.k71.hLJA" xsi:type="uml:EnumerationLiteral"><specification publish:icon="-2080040982_icon.png" publish:qualifiedname="NetworkResourceBasic::Type Definitions::ItuStateOrStatusName::X721_ADMINISTRATIVE_STATE::&lt;LiteralInteger&gt;" xmi:id="_G.y054HA.iE.d.y.c.rJN.s.dA4.sP.g" xsi:type="uml:LiteralInteger"/></ownedLiteral><ownedLiteral name="X721_USAGE_STATE" publish:icon="-989521662_icon.png" publish:qualifiedname="NetworkResourceBasic::Type Definitions::ItuStateOrStatusName::X721_USAGE_STATE" xmi:id="_.bGD0.sG.g.uE.d.y.bU.dE.k71.hLJA" xsi:type="uml:EnumerationLiteral"><specification publish:icon="-2080040982_icon.png" publish:qualifiedname="NetworkResourceBasic::Type Definitions::ItuStateOrStatusName::X721_USAGE_STATE::&lt;LiteralInteger&gt;" xmi:id="_J2_1.gHA.iE.d.y.c.rJN.s.dA4.sP.g" xsi:type="uml:LiteralInteger"/></ownedLiteral><ownedLiteral name="X721_AVAILABILITY_STATUS" publish:icon="-989521662_icon.png" publish:qualifiedname="NetworkResourceBasic::Type Definitions::ItuStateOrStatusName::X721_AVAILABILITY_STATUS" xmi:id="_.dYET.kG.g.uE.d.y.bU.dE.k71.hLJA" xsi:type="uml:EnumerationLiteral"><specification publish:icon="-2080040982_icon.png" publish:qualifiedname="NetworkResourceBasic::Type Definitions::ItuStateOrStatusName::X721_AVAILABILITY_STATUS::&lt;LiteralInteger&gt;" xmi:id="_HK.nH.wHA.iE.d.y.c.rJN.s.dA4.sP.g" xsi:type="uml:LiteralInteger"/></ownedLiteral><ownedLiteral name="X721_CONTROL_STATUS" publish:icon="-989521662_icon.png" publish:qualifiedname="NetworkResourceBasic::Type Definitions::ItuStateOrStatusName::X721_CONTROL_STATUS" xmi:id="_.hUKV.sG.g.uE.d.y.bU.dE.k71.hLJA" xsi:type="uml:EnumerationLiteral"><specification publish:icon="-2080040982_icon.png" publish:qualifiedname="NetworkResourceBasic::Type Definitions::ItuStateOrStatusName::X721_CONTROL_STATUS::&lt;LiteralInteger&gt;" xmi:id="_H.vR7EHA.iE.d.y.c.rJN.s.dA4.sP.g" xsi:type="uml:LiteralInteger"/></ownedLiteral><ownedLiteral name="M3100_HOLDER_STATUS" publish:icon="-989521662_icon.png" publish:qualifiedname="NetworkResourceBasic::Type Definitions::ItuStateOrStatusName::M3100_HOLDER_STATUS" xmi:id="_.oU.r.yIG.g.uE.d.y.bU.dE.k71.hLJA" xsi:type="uml:EnumerationLiteral"><specification publish:icon="-2080040982_icon.png" publish:qualifiedname="NetworkResourceBasic::Type Definitions::ItuStateOrStatusName::M3100_HOLDER_STATUS::&lt;LiteralInteger&gt;" xmi:id="_.x.f.w.k4HA.hE.d.y.c.rJN.s.dA4.sP.g" xsi:type="uml:LiteralInteger"/></ownedLiteral><ownedLiteral name="M3100_CIRCUIT_PACK_TYPE" publish:icon="-989521662_icon.png" publish:qualifiedname="NetworkResourceBasic::Type Definitions::ItuStateOrStatusName::M3100_CIRCUIT_PACK_TYPE" xmi:id="_.rOI.r.gG.g.uE.d.y.bU.dE.k71.hLJA" xsi:type="uml:EnumerationLiteral"><specification publish:icon="-2080040982_icon.png" publish:qualifiedname="NetworkResourceBasic::Type Definitions::ItuStateOrStatusName::M3100_CIRCUIT_PACK_TYPE::&lt;LiteralInteger&gt;" xmi:id="_.vY.z.f.cHA.hE.d.y.c.rJN.s.dA4.sP.g" xsi:type="uml:LiteralInteger"/></ownedLiteral><ownedLiteral name="M3100_ALARM_STATUS" publish:icon="-989521662_icon.png" publish:qualifiedname="NetworkResourceBasic::Type Definitions::ItuStateOrStatusName::M3100_ALARM_STATUS" xmi:id="_.y.zU7QG.g.uE.d.y.bU.dE.k71.hLJA" xsi:type="uml:EnumerationLiteral"><specification publish:icon="-2080040982_icon.png" publish:qualifiedname="NetworkResourceBasic::Type Definitions::ItuStateOrStatusName::M3100_ALARM_STATUS::&lt;LiteralInteger&gt;" xmi:id="_.t.vLPMHA.hE.d.y.c.rJN.s.dA4.sP.g" xsi:type="uml:LiteralInteger"/></ownedLiteral><ownedLiteral name="M3100_ARC_STATE" publish:icon="-989521662_icon.png" publish:qualifiedname="NetworkResourceBasic::Type Definitions::ItuStateOrStatusName::M3100_ARC_STATE" xmi:id="_1CU.iYG.g.uE.d.y.bU.dE.k71.hLJA" xsi:type="uml:EnumerationLiteral"><specification publish:icon="-2080040982_icon.png" publish:qualifiedname="NetworkResourceBasic::Type Definitions::ItuStateOrStatusName::M3100_ARC_STATE::&lt;LiteralInteger&gt;" xmi:id="_.u6.u.cUHA.hE.d.y.c.rJN.s.dA4.sP.g" xsi:type="uml:LiteralInteger"/></ownedLiteral><ownedLiteral name="M3100_NALM_TI_INTERVAL" publish:icon="-989521662_icon.png" publish:qualifiedname="NetworkResourceBasic::Type Definitions::ItuStateOrStatusName::M3100_NALM_TI_INTERVAL" xmi:id="_4.e.qGYG.g.uE.d.y.bU.dE.k71.hLJA" xsi:type="uml:EnumerationLiteral"><specification publish:icon="-2080040982_icon.png" publish:qualifiedname="NetworkResourceBasic::Type Definitions::ItuStateOrStatusName::M3100_NALM_TI_INTERVAL::&lt;LiteralInteger&gt;" xmi:id="_GY.wNAHA.iE.d.y.c.rJN.s.dA4.sP.g" xsi:type="uml:LiteralInteger"/></ownedLiteral><ownedLiteral name="M3100_NALM_QI_INTERVAL" publish:icon="-989521662_icon.png" publish:qualifiedname="NetworkResourceBasic::Type Definitions::ItuStateOrStatusName::M3100_NALM_QI_INTERVAL" xmi:id="__1I.k.sG.g.uE.d.y.bU.dE.k71.hLJA" xsi:type="uml:EnumerationLiteral"><specification publish:icon="-2080040982_icon.png" publish:qualifiedname="NetworkResourceBasic::Type Definitions::ItuStateOrStatusName::M3100_NALM_QI_INTERVAL::&lt;LiteralInteger&gt;" xmi:id="_FE.zR0HA.iE.d.y.c.rJN.s.dA4.sP.g" xsi:type="uml:LiteralInteger"/></ownedLiteral><ownedLiteral name="M3100_ARC_QI_STATUS" publish:icon="-989521662_icon.png" publish:qualifiedname="NetworkResourceBasic::Type Definitions::ItuStateOrStatusName::M3100_ARC_QI_STATUS" xmi:id="_D.h.eT.kG.g.vE.d.y.bU.dE.k71.hLJA" xsi:type="uml:EnumerationLiteral"><specification publish:icon="-2080040982_icon.png" publish:qualifiedname="NetworkResourceBasic::Type Definitions::ItuStateOrStatusName::M3100_ARC_QI_STATUS::&lt;LiteralInteger&gt;" xmi:id="_.uZ.k3EHA.hE.d.y.c.rJN.s.dA4.sP.g" xsi:type="uml:LiteralInteger"/></ownedLiteral><ownedLiteral name="X721_UNKNOWN_STATUS" publish:icon="-989521662_icon.png" publish:qualifiedname="NetworkResourceBasic::Type Definitions::ItuStateOrStatusName::X721_UNKNOWN_STATUS" xmi:id="_IBHH.oG.g.vE.d.y.bU.dE.k71.hLJA" xsi:type="uml:EnumerationLiteral"><specification publish:icon="-2080040982_icon.png" publish:qualifiedname="NetworkResourceBasic::Type Definitions::ItuStateOrStatusName::X721_UNKNOWN_STATUS::&lt;LiteralInteger&gt;" xmi:id="_JF6W0HA.iE.d.y.c.rJN.s.dA4.sP.g" xsi:type="uml:LiteralInteger"/></ownedLiteral><ownedLiteral name="X721_STATE" publish:icon="-989521662_icon.png" publish:qualifiedname="NetworkResourceBasic::Type Definitions::ItuStateOrStatusName::X721_STATE" xmi:id="_MODCIG.g.vE.d.y.bU.dE.k71.hLJA" xsi:type="uml:EnumerationLiteral"><specification publish:icon="-2080040982_icon.png" publish:qualifiedname="NetworkResourceBasic::Type Definitions::ItuStateOrStatusName::X721_STATE::&lt;LiteralInteger&gt;" xmi:id="_I.q.f.mIHA.iE.d.y.c.rJN.s.dA4.sP.g" xsi:type="uml:LiteralInteger"/></ownedLiteral></packagedElement><packagedElement name="ItuStateOrStatusNameValuePair" publish:icon="1342511268_icon.png" publish:qualifiedname="NetworkResourceBasic::Type Definitions::ItuStateOrStatusNameValuePair" xmi:id="_.bA2IEG.g.vE.d.y.bU.dE.k71.hLJA" xsi:type="uml:DataType"><ownedAttribute name="stateOrStatusName" publish:icon="-1627054491_icon.png" publish:is_association="false" publish:qualifiedname="NetworkResourceBasic::Type Definitions::ItuStateOrStatusNameValuePair::stateOrStatusName" publish:type="ItuStateOrStatusName" publish:typeid="_N.f8.kUG.g.uE.d.y.bU.dE.k71.hLJA" xmi:id="_.h4.b.q8G.g.vE.d.y.bU.dE.k71.hLJA" xsi:type="uml:Property"><defaultValue publish:icon="738531974_icon.png" publish:qualifiedname="NetworkResourceBasic::Type Definitions::ItuStateOrStatusNameValuePair::stateOrStatusName::&lt;OpaqueExpression&gt;" xmi:id="_.h4.b.q8.m.g.vE.d.y.bU.dE.k71.hLJA" xsi:type="uml:OpaqueExpression"/></ownedAttribute><ownedAttribute name="stateOrStatusValue" publish:icon="-1627054491_icon.png" publish:qualifiedname="NetworkResourceBasic::Type Definitions::ItuStateOrStatusNameValuePair::stateOrStatusValue" publish:type="String" xmi:id="_.h4.b.q82.g.vE.d.y.bU.dE.k71.hLJA" xsi:type="uml:Property"><defaultValue publish:icon="738531974_icon.png" publish:qualifiedname="NetworkResourceBasic::Type Definitions::ItuStateOrStatusNameValuePair::stateOrStatusValue::&lt;OpaqueExpression&gt;" xmi:id="_.h4.b.q9W.g.vE.d.y.bU.dE.k71.hLJA" xsi:type="uml:OpaqueExpression"/></ownedAttribute></packagedElement><packagedElement name="InstallingSubstate" publish:icon="1896160881_icon.png" publish:qualifiedname="NetworkResourceBasic::Type Definitions::InstallingSubstate" xmi:id="_.p-.e.uEHDME.d.y.h14.m.cA.d.aPN.g" xsi:type="uml:Enumeration"><ownedLiteral name="INSTALLING_DELIVERED" publish:icon="-989521662_icon.png" publish:qualifiedname="NetworkResourceBasic::Type Definitions::InstallingSubstate::INSTALLING_DELIVERED" xmi:id="_XS.qS.wHAJE.d.yB.lIRQ1.l6EIQ" xsi:type="uml:EnumerationLiteral"><specification publish:icon="-2080040982_icon.png" publish:qualifiedname="NetworkResourceBasic::Type Definitions::InstallingSubstate::INSTALLING_DELIVERED::&lt;LiteralInteger&gt;" xmi:id="_.hC.aMMHA.iE.d.y.c.rJN.s.dA4.sP.g" xsi:type="uml:LiteralInteger"/></ownedLiteral><ownedLiteral name="INSTALLING_INSTALLED" publish:icon="-989521662_icon.png" publish:qualifiedname="NetworkResourceBasic::Type Definitions::InstallingSubstate::INSTALLING_INSTALLED" xmi:id="_.gT1YUHAJE.d.yB.lIRQ1.l6EIQ" xsi:type="uml:EnumerationLiteral"><specification publish:icon="-2080040982_icon.png" publish:qualifiedname="NetworkResourceBasic::Type Definitions::InstallingSubstate::INSTALLING_INSTALLED::&lt;LiteralInteger&gt;" xmi:id="_.h.g.yKQHA.iE.d.y.c.rJN.s.dA4.sP.g" xsi:type="uml:LiteralInteger"/></ownedLiteral><ownedLiteral name="INSTALLING_COMMISSIONED" publish:icon="-989521662_icon.png" publish:qualifiedname="NetworkResourceBasic::Type Definitions::InstallingSubstate::INSTALLING_COMMISSIONED" xmi:id="_.nODY.cHAJE.d.yB.lIRQ1.l6EIQ" xsi:type="uml:EnumerationLiteral"><specification publish:icon="-2080040982_icon.png" publish:qualifiedname="NetworkResourceBasic::Type Definitions::InstallingSubstate::INSTALLING_COMMISSIONED::&lt;LiteralInteger&gt;" xmi:id="_.g.k.g.vQHA.iE.d.y.c.rJN.s.dA4.sP.g" xsi:type="uml:LiteralInteger"/></ownedLiteral><ownedLiteral name="INSTALLING_INTEGRATED" publish:icon="-989521662_icon.png" publish:qualifiedname="NetworkResourceBasic::Type Definitions::InstallingSubstate::INSTALLING_INTEGRATED" xmi:id="_.qNC5IHAJE.d.yB.lIRQ1.l6EIQ" xsi:type="uml:EnumerationLiteral"><specification publish:icon="-2080040982_icon.png" publish:qualifiedname="NetworkResourceBasic::Type Definitions::InstallingSubstate::INSTALLING_INTEGRATED::&lt;LiteralInteger&gt;" xmi:id="_.iN.eRIHA.iE.d.y.c.rJN.s.dA4.sP.g" xsi:type="uml:LiteralInteger"/></ownedLiteral><ownedLiteral name="INSTALLING_ACCEPTED" publish:icon="-989521662_icon.png" publish:qualifiedname="NetworkResourceBasic::Type Definitions::InstallingSubstate::INSTALLING_ACCEPTED" xmi:id="_4.l.q.k.gHAJE.d.yB.lIRQ1.l6EIQ" xsi:type="uml:EnumerationLiteral"><specification publish:icon="-2080040982_icon.png" publish:qualifiedname="NetworkResourceBasic::Type Definitions::InstallingSubstate::INSTALLING_ACCEPTED::&lt;LiteralInteger&gt;" xmi:id="_.gH9WIHA.iE.d.y.c.rJN.s.dA4.sP.g" xsi:type="uml:LiteralInteger"/></ownedLiteral><ownedLiteral name="INSTALLING_REJECTED" publish:icon="-989521662_icon.png" publish:qualifiedname="NetworkResourceBasic::Type Definitions::InstallingSubstate::INSTALLING_REJECTED" xmi:id="_7.h.t.e4HAJE.d.yB.lIRQ1.l6EIQ" xsi:type="uml:EnumerationLiteral"><specification publish:icon="-2080040982_icon.png" publish:qualifiedname="NetworkResourceBasic::Type Definitions::InstallingSubstate::INSTALLING_REJECTED::&lt;LiteralInteger&gt;" xmi:id="_.i.q.m5EHA.iE.d.y.c.rJN.s.dA4.sP.g" xsi:type="uml:LiteralInteger"/></ownedLiteral><ownedLiteral name="UNKNOWN" publish:icon="-989521662_icon.png" publish:qualifiedname="NetworkResourceBasic::Type Definitions::InstallingSubstate::UNKNOWN" xmi:id="_4.p.l3.oHDME.d.y.h14.m.cA.d.aPN.g" xsi:type="uml:EnumerationLiteral"><specification publish:icon="-2080040982_icon.png" publish:qualifiedname="NetworkResourceBasic::Type Definitions::InstallingSubstate::UNKNOWN::&lt;LiteralInteger&gt;" xmi:id="_C02K.sHDNE.d.y.h14.m.cA.d.aPN.g" xsi:type="uml:LiteralInteger"/></ownedLiteral></packagedElement><packagedElement name="NonWorkingSubstate" publish:icon="1896160881_icon.png" publish:qualifiedname="NetworkResourceBasic::Type Definitions::NonWorkingSubstate" xmi:id="_.r.q1.s.wHDNE.d.y.h14.m.cA.d.aPN.g" xsi:type="uml:Enumeration"><ownedLiteral name="UNKNOWN" publish:icon="-989521662_icon.png" publish:qualifiedname="NetworkResourceBasic::Type Definitions::NonWorkingSubstate::UNKNOWN" xmi:id="_.v-LKMHDNE.d.y.h14.m.cA.d.aPN.g" xsi:type="uml:EnumerationLiteral"><specification publish:icon="-2080040982_icon.png" publish:qualifiedname="NetworkResourceBasic::Type Definitions::NonWorkingSubstate::UNKNOWN::&lt;LiteralInteger&gt;" xmi:id="_.v-LKMXDNE.d.y.h14.m.cA.d.aPN.g" xsi:type="uml:LiteralInteger"/></ownedLiteral></packagedElement><packagedElement name="PlanningSubstate" publish:icon="1896160881_icon.png" publish:qualifiedname="NetworkResourceBasic::Type Definitions::PlanningSubstate" xmi:id="_NB3.i4HDOE.d.y.h14.m.cA.d.aPN.g" xsi:type="uml:Enumeration"><ownedLiteral name="PLANNING_INITIAL_PLAN" publish:icon="-989521662_icon.png" publish:qualifiedname="NetworkResourceBasic::Type Definitions::PlanningSubstate::PLANNING_INITIAL_PLAN" xmi:id="_2_.h.i.kHAIE.d.yB.lIRQ1.l6EIQ" xsi:type="uml:EnumerationLiteral"><specification publish:icon="-2080040982_icon.png" publish:qualifiedname="NetworkResourceBasic::Type Definitions::PlanningSubstate::PLANNING_INITIAL_PLAN::&lt;LiteralInteger&gt;" xmi:id="_.j.v8J.cHA.iE.d.y.c.rJN.s.dA4.sP.g" xsi:type="uml:LiteralInteger"/></ownedLiteral><ownedLiteral name="PLANNING_ORDERED" publish:icon="-989521662_icon.png" publish:qualifiedname="NetworkResourceBasic::Type Definitions::PlanningSubstate::PLANNING_ORDERED" xmi:id="_7-ORMHAIE.d.yB.lIRQ1.l6EIQ" xsi:type="uml:EnumerationLiteral"><specification publish:icon="-2080040982_icon.png" publish:qualifiedname="NetworkResourceBasic::Type Definitions::PlanningSubstate::PLANNING_ORDERED::&lt;LiteralInteger&gt;" xmi:id="_.kPE8.gHA.iE.d.y.c.rJN.s.dA4.sP.g" xsi:type="uml:LiteralInteger"/></ownedLiteral><ownedLiteral name="PLANNING_PLANNED" publish:icon="-989521662_icon.png" publish:qualifiedname="NetworkResourceBasic::Type Definitions::PlanningSubstate::PLANNING_PLANNED" xmi:id="_6F8.g8HAIE.d.yB.lIRQ1.l6EIQ" xsi:type="uml:EnumerationLiteral"><specification publish:icon="-2080040982_icon.png" publish:qualifiedname="NetworkResourceBasic::Type Definitions::PlanningSubstate::PLANNING_PLANNED::&lt;LiteralInteger&gt;" xmi:id="_.k.sBXMHA.iE.d.y.c.rJN.s.dA4.sP.g" xsi:type="uml:LiteralInteger"/></ownedLiteral><ownedLiteral name="UNKNOWN" publish:icon="-989521662_icon.png" publish:qualifiedname="NetworkResourceBasic::Type Definitions::PlanningSubstate::UNKNOWN" xmi:id="_R.cR4.sHDOE.d.y.h14.m.cA.d.aPN.g" xsi:type="uml:EnumerationLiteral"><specification publish:icon="-2080040982_icon.png" publish:qualifiedname="NetworkResourceBasic::Type Definitions::PlanningSubstate::UNKNOWN::&lt;LiteralInteger&gt;" xmi:id="_R.cR4.sXDOE.d.y.h14.m.cA.d.aPN.g" xsi:type="uml:LiteralInteger"/></ownedLiteral></packagedElement><packagedElement name="RetiringSubstate" publish:icon="1896160881_icon.png" publish:qualifiedname="NetworkResourceBasic::Type Definitions::RetiringSubstate" xmi:id="_.w.j.w.uEHDOE.d.y.h14.m.cA.d.aPN.g" xsi:type="uml:Enumeration"><ownedLiteral name="RETIRING_DECOMMISSIONED" publish:icon="-989521662_icon.png" publish:qualifiedname="NetworkResourceBasic::Type Definitions::RetiringSubstate::RETIRING_DECOMMISSIONED" xmi:id="_.oD4-0HAKE.d.yB.lIRQ1.l6EIQ" xsi:type="uml:EnumerationLiteral"><specification publish:icon="-2080040982_icon.png" publish:qualifiedname="NetworkResourceBasic::Type Definitions::RetiringSubstate::RETIRING_DECOMMISSIONED::&lt;LiteralInteger&gt;" xmi:id="_.lV.kD.cHA.iE.d.y.c.rJN.s.dA4.sP.g" xsi:type="uml:LiteralInteger"/></ownedLiteral><ownedLiteral name="RETIRING_DEINSTALLED" publish:icon="-989521662_icon.png" publish:qualifiedname="NetworkResourceBasic::Type Definitions::RetiringSubstate::RETIRING_DEINSTALLED" xmi:id="_.rEVRAHAKE.d.yB.lIRQ1.l6EIQ" xsi:type="uml:EnumerationLiteral"><specification publish:icon="-2080040982_icon.png" publish:qualifiedname="NetworkResourceBasic::Type Definitions::RetiringSubstate::RETIRING_DEINSTALLED::&lt;LiteralInteger&gt;" xmi:id="_.l3X.wAHA.iE.d.y.c.rJN.s.dA4.sP.g" xsi:type="uml:LiteralInteger"/></ownedLiteral><ownedLiteral name="RETIRING_DEINTEGRATED" publish:icon="-989521662_icon.png" publish:qualifiedname="NetworkResourceBasic::Type Definitions::RetiringSubstate::RETIRING_DEINTEGRATED" xmi:id="_.k.h77AHAKE.d.yB.lIRQ1.l6EIQ" xsi:type="uml:EnumerationLiteral"><specification publish:icon="-2080040982_icon.png" publish:qualifiedname="NetworkResourceBasic::Type Definitions::RetiringSubstate::RETIRING_DEINTEGRATED::&lt;LiteralInteger&gt;" xmi:id="_.mWUV0HA.iE.d.y.c.rJN.s.dA4.sP.g" xsi:type="uml:LiteralInteger"/></ownedLiteral><ownedLiteral name="RETIRING_RECOVERED" publish:icon="-989521662_icon.png" publish:qualifiedname="NetworkResourceBasic::Type Definitions::RetiringSubstate::RETIRING_RECOVERED" xmi:id="_.w.v.n_4HAKE.d.yB.lIRQ1.l6EIQ" xsi:type="uml:EnumerationLiteral"><specification publish:icon="-2080040982_icon.png" publish:qualifiedname="NetworkResourceBasic::Type Definitions::RetiringSubstate::RETIRING_RECOVERED::&lt;LiteralInteger&gt;" xmi:id="_.m2B.w.oHA.iE.d.y.c.rJN.s.dA4.sP.g" xsi:type="uml:LiteralInteger"/></ownedLiteral><ownedLiteral name="RETIRING_STORED" publish:icon="-989521662_icon.png" publish:qualifiedname="NetworkResourceBasic::Type Definitions::RetiringSubstate::RETIRING_STORED" xmi:id="_.t8.j.bUHAKE.d.yB.lIRQ1.l6EIQ" xsi:type="uml:EnumerationLiteral"><specification publish:icon="-2080040982_icon.png" publish:qualifiedname="NetworkResourceBasic::Type Definitions::RetiringSubstate::RETIRING_STORED::&lt;LiteralInteger&gt;" xmi:id="_.nUTBAHA.iE.d.y.c.rJN.s.dA4.sP.g" xsi:type="uml:LiteralInteger"/></ownedLiteral><ownedLiteral name="RETIRING_WITHDRAWN_ACTIVE" publish:icon="-989521662_icon.png" publish:qualifiedname="NetworkResourceBasic::Type Definitions::RetiringSubstate::RETIRING_WITHDRAWN_ACTIVE" xmi:id="_.bMR.zMHAKE.d.yB.lIRQ1.l6EIQ" xsi:type="uml:EnumerationLiteral"><specification publish:icon="-2080040982_icon.png" publish:qualifiedname="NetworkResourceBasic::Type Definitions::RetiringSubstate::RETIRING_WITHDRAWN_ACTIVE::&lt;LiteralInteger&gt;" xmi:id="_.oJNP.wHA.iE.d.y.c.rJN.s.dA4.sP.g" xsi:type="uml:LiteralInteger"/></ownedLiteral><ownedLiteral name="RETIRING_WITHDRAWN_UNAVAILABLE" publish:icon="-989521662_icon.png" publish:qualifiedname="NetworkResourceBasic::Type Definitions::RetiringSubstate::RETIRING_WITHDRAWN_UNAVAILABLE" xmi:id="_.gN.v.h8HAKE.d.yB.lIRQ1.l6EIQ" xsi:type="uml:EnumerationLiteral"><specification publish:icon="-2080040982_icon.png" publish:qualifiedname="NetworkResourceBasic::Type Definitions::RetiringSubstate::RETIRING_WITHDRAWN_UNAVAILABLE::&lt;LiteralInteger&gt;" xmi:id="_.o.zVK0HA.iE.d.y.c.rJN.s.dA4.sP.g" xsi:type="uml:LiteralInteger"/></ownedLiteral><ownedLiteral name="UNKNOWN" publish:icon="-989521662_icon.png" publish:qualifiedname="NetworkResourceBasic::Type Definitions::RetiringSubstate::UNKNOWN" xmi:id="_.z-R.tIHDOE.d.y.h14.m.cA.d.aPN.g" xsi:type="uml:EnumerationLiteral"><specification publish:icon="-2080040982_icon.png" publish:qualifiedname="NetworkResourceBasic::Type Definitions::RetiringSubstate::UNKNOWN::&lt;LiteralInteger&gt;" xmi:id="_.z-R.tIXDOE.d.y.h14.m.cA.d.aPN.g" xsi:type="uml:LiteralInteger"/></ownedLiteral></packagedElement><packagedElement name="UnknownSubstate" publish:icon="1896160881_icon.png" publish:qualifiedname="NetworkResourceBasic::Type Definitions::UnknownSubstate" xmi:id="_.q.f.r2UHDPE.d.y.h14.m.cA.d.aPN.g" xsi:type="uml:Enumeration"><ownedLiteral name="UNKNOWN" publish:icon="-989521662_icon.png" publish:qualifiedname="NetworkResourceBasic::Type Definitions::UnknownSubstate::UNKNOWN" xmi:id="_.u.v.sS8HDPE.d.y.h14.m.cA.d.aPN.g" xsi:type="uml:EnumerationLiteral"><specification publish:icon="-2080040982_icon.png" publish:qualifiedname="NetworkResourceBasic::Type Definitions::UnknownSubstate::UNKNOWN::&lt;LiteralInteger&gt;" xmi:id="_.u.v.sS8XDPE.d.y.h14.m.cA.d.aPN.g" xsi:type="uml:LiteralInteger"/></ownedLiteral></packagedElement><packagedElement name="WorkingSubstate" publish:icon="1896160881_icon.png" publish:qualifiedname="NetworkResourceBasic::Type Definitions::WorkingSubstate" xmi:id="_J2TT4HDQE.d.y.h14.m.cA.d.aPN.g" xsi:type="uml:Enumeration"><ownedLiteral name="WORKING_ACTIVATED" publish:icon="-989521662_icon.png" publish:qualifiedname="NetworkResourceBasic::Type Definitions::WorkingSubstate::WORKING_ACTIVATED" xmi:id="_HOK.e8HAKE.d.yB.lIRQ1.l6EIQ" xsi:type="uml:EnumerationLiteral"><specification publish:icon="-2080040982_icon.png" publish:qualifiedname="NetworkResourceBasic::Type Definitions::WorkingSubstate::WORKING_ACTIVATED::&lt;LiteralInteger&gt;" xmi:id="_.p.w1U4HA.iE.d.y.c.rJN.s.dA4.sP.g" xsi:type="uml:LiteralInteger"/></ownedLiteral><ownedLiteral name="WORKING_DEACTIVATED" publish:icon="-989521662_icon.png" publish:qualifiedname="NetworkResourceBasic::Type Definitions::WorkingSubstate::WORKING_DEACTIVATED" xmi:id="_J.n.u-YHAKE.d.yB.lIRQ1.l6EIQ" xsi:type="uml:EnumerationLiteral"><specification publish:icon="-2080040982_icon.png" publish:qualifiedname="NetworkResourceBasic::Type Definitions::WorkingSubstate::WORKING_DEACTIVATED::&lt;LiteralInteger&gt;" xmi:id="_.qPNS8HA.iE.d.y.c.rJN.s.dA4.sP.g" xsi:type="uml:LiteralInteger"/></ownedLiteral><ownedLiteral name="UNKNOWN" publish:icon="-989521662_icon.png" publish:qualifiedname="NetworkResourceBasic::Type Definitions::WorkingSubstate::UNKNOWN" xmi:id="_S4.r6YHDQE.d.y.h14.m.cA.d.aPN.g" xsi:type="uml:EnumerationLiteral"><specification publish:icon="-2080040982_icon.png" publish:qualifiedname="NetworkResourceBasic::Type Definitions::WorkingSubstate::UNKNOWN::&lt;LiteralInteger&gt;" xmi:id="_S4.r6YXDQE.d.y.h14.m.cA.d.aPN.g" xsi:type="uml:LiteralInteger"/></ownedLiteral></packagedElement><packagedElement name="ItuStateOrStatus" publish:icon="1896160881_icon.png" publish:qualifiedname="NetworkResourceBasic::Type Definitions::ItuStateOrStatus" xmi:id="_0-X4AHM.aE.d.yMG.rC9M.s.b2.bA" xsi:type="uml:Enumeration"><ownedAttribute name="M3100_CIRCUIT_PACK_TYPE" publish:icon="-1627054491_icon.png" publish:qualifiedname="NetworkResourceBasic::Type Definitions::ItuStateOrStatus::M3100_CIRCUIT_PACK_TYPE" publish:type="String" xmi:id="_.a.eF.lUHM.cE.d.yMG.rC9M.s.b2.bA" xsi:type="uml:Property"/><ownedAttribute name="M3100_HOLDER_STATUS" publish:icon="-1627054491_icon.png" publish:is_association="false" publish:qualifiedname="NetworkResourceBasic::Type Definitions::ItuStateOrStatus::M3100_HOLDER_STATUS" publish:type="HolderStatus" publish:typeid="_RW9.hYHM.fE.d.yMG.rC9M.s.b2.bA" xmi:id="_.g6T.a0HM.cE.d.yMG.rC9M.s.b2.bA" xsi:type="uml:Property"/><ownedAttribute name="X721_ADMINISTRATIVE_STATE" publish:icon="-1627054491_icon.png" publish:is_association="false" publish:qualifiedname="NetworkResourceBasic::Type Definitions::ItuStateOrStatus::X721_ADMINISTRATIVE_STATE" publish:type="AdministrativeState" publish:typeid="_O.c5Z.cHM.eE.d.yMG.rC9M.s.b2.bA" xmi:id="_9V.lI.oHM.cE.d.yMG.rC9M.s.b2.bA" xsi:type="uml:Property"/><ownedAttribute name="X721_AVAILABILITY_STATUS" publish:icon="-1627054491_icon.png" publish:is_association="false" publish:qualifiedname="NetworkResourceBasic::Type Definitions::ItuStateOrStatus::X721_AVAILABILITY_STATUS" publish:type="AvailabilityStatus" publish:typeid="_.e2NKMHM.eE.d.yMG.rC9M.s.b2.bA" xmi:id="_H.z.u.i.gHM.dE.d.yMG.rC9M.s.b2.bA" xsi:type="uml:Property"><upperValue publish:icon="251993591_icon.png" publish:qualifiedname="NetworkResourceBasic::Type Definitions::ItuStateOrStatus::X721_AVAILABILITY_STATUS::&lt;LiteralUnlimitedNatural&gt;" xmi:id="_XJ3XUHM.jE.d.yMG.rC9M.s.b2.bA" xsi:type="uml:LiteralUnlimitedNatural"/><lowerValue publish:icon="-2080040982_icon.png" publish:qualifiedname="NetworkResourceBasic::Type Definitions::ItuStateOrStatus::X721_AVAILABILITY_STATUS::&lt;LiteralInteger&gt;" xmi:id="_XJ.xQ.sHM.jE.d.yMG.rC9M.s.b2.bA" xsi:type="uml:LiteralInteger"/></ownedAttribute><ownedAttribute name="X721_CONTROL_STATUS" publish:icon="-1627054491_icon.png" publish:is_association="false" publish:qualifiedname="NetworkResourceBasic::Type Definitions::ItuStateOrStatus::X721_CONTROL_STATUS" publish:type="ControlStatus" publish:typeid="_C.e.nNEHM.fE.d.yMG.rC9M.s.b2.bA" xmi:id="_N-.p.z.sHM.dE.d.yMG.rC9M.s.b2.bA" xsi:type="uml:Property"><upperValue publish:icon="251993591_icon.png" publish:qualifiedname="NetworkResourceBasic::Type Definitions::ItuStateOrStatus::X721_CONTROL_STATUS::&lt;LiteralUnlimitedNatural&gt;" xmi:id="_ZCPOMXM.jE.d.yMG.rC9M.s.b2.bA" xsi:type="uml:LiteralUnlimitedNatural"/><lowerValue publish:icon="-2080040982_icon.png" publish:qualifiedname="NetworkResourceBasic::Type Definitions::ItuStateOrStatus::X721_CONTROL_STATUS::&lt;LiteralInteger&gt;" xmi:id="_ZCPOMHM.jE.d.yMG.rC9M.s.b2.bA" xsi:type="uml:LiteralInteger"/></ownedAttribute><ownedAttribute name="X721_OPERATIONAL_STATE" publish:icon="-1627054491_icon.png" publish:is_association="false" publish:qualifiedname="NetworkResourceBasic::Type Definitions::ItuStateOrStatus::X721_OPERATIONAL_STATE" publish:type="OperationalState" publish:typeid="_.tMGHIHM.dE.d.yMG.rC9M.s.b2.bA" xmi:id="_SIORIHM.dE.d.yMG.rC9M.s.b2.bA" xsi:type="uml:Property"/><ownedAttribute name="X721_STATE" publish:icon="-1627054491_icon.png" publish:is_association="false" publish:qualifiedname="NetworkResourceBasic::Type Definitions::ItuStateOrStatus::X721_STATE" publish:type="State" publish:typeid="_3KC2.oHM.gE.d.yMG.rC9M.s.b2.bA" xmi:id="_W77Q.sHM.dE.d.yMG.rC9M.s.b2.bA" xsi:type="uml:Property"><upperValue publish:icon="251993591_icon.png" publish:qualifiedname="NetworkResourceBasic::Type Definitions::ItuStateOrStatus::X721_STATE::&lt;LiteralUnlimitedNatural&gt;" xmi:id="_.b.pU.lMXM.jE.d.yMG.rC9M.s.b2.bA" xsi:type="uml:LiteralUnlimitedNatural"/><lowerValue publish:icon="-2080040982_icon.png" publish:qualifiedname="NetworkResourceBasic::Type Definitions::ItuStateOrStatus::X721_STATE::&lt;LiteralInteger&gt;" xmi:id="_.b.pU.lMHM.jE.d.yMG.rC9M.s.b2.bA" xsi:type="uml:LiteralInteger"/></ownedAttribute><ownedAttribute name="X721_UNKNOWN_STATUS" publish:icon="-1627054491_icon.png" publish:qualifiedname="NetworkResourceBasic::Type Definitions::ItuStateOrStatus::X721_UNKNOWN_STATUS" publish:type="Boolean" xmi:id="_.bDH.v.kHM.dE.d.yMG.rC9M.s.b2.bA" xsi:type="uml:Property"/><ownedAttribute name="X721_USAGE_STATE" publish:icon="-1627054491_icon.png" publish:is_association="false" publish:qualifiedname="NetworkResourceBasic::Type Definitions::ItuStateOrStatus::X721_USAGE_STATE" publish:type="UsageState" publish:typeid="_YDKJEHM.eE.d.yMG.rC9M.s.b2.bA" xmi:id="_.fY.cKAHM.dE.d.yMG.rC9M.s.b2.bA" xsi:type="uml:Property"/></packagedElement><packagedElement name="OperationalState" publish:icon="1896160881_icon.png" publish:qualifiedname="NetworkResourceBasic::Type Definitions::OperationalState" xmi:id="_.tMGHIHM.dE.d.yMG.rC9M.s.b2.bA" xsi:type="uml:Enumeration"><ownedLiteral name="DISABLED" publish:icon="-989521662_icon.png" publish:qualifiedname="NetworkResourceBasic::Type Definitions::OperationalState::DISABLED" xmi:id="_.tMGHIXM.dE.d.yMG.rC9M.s.b2.bA" xsi:type="uml:EnumerationLiteral"><specification publish:icon="-2080040982_icon.png" publish:qualifiedname="NetworkResourceBasic::Type Definitions::OperationalState::DISABLED::&lt;LiteralInteger&gt;" xmi:id="_PUAY4HM.kE.d.yMG.rC9M.s.b2.bA" xsi:type="uml:LiteralInteger"/></ownedLiteral><ownedLiteral name="ENABLED" publish:icon="-989521662_icon.png" publish:qualifiedname="NetworkResourceBasic::Type Definitions::OperationalState::ENABLED" xmi:id="__F-50HM.dE.d.yMG.rC9M.s.b2.bA" xsi:type="uml:EnumerationLiteral"><specification publish:icon="-2080040982_icon.png" publish:qualifiedname="NetworkResourceBasic::Type Definitions::OperationalState::ENABLED::&lt;LiteralInteger&gt;" xmi:id="_P.xV1IHM.kE.d.yMG.rC9M.s.b2.bA" xsi:type="uml:LiteralInteger"/></ownedLiteral></packagedElement><packagedElement name="AdministrativeState" publish:icon="1896160881_icon.png" publish:qualifiedname="NetworkResourceBasic::Type Definitions::AdministrativeState" xmi:id="_O.c5Z.cHM.eE.d.yMG.rC9M.s.b2.bA" xsi:type="uml:Enumeration"><ownedLiteral name="LOCKED" publish:icon="-989521662_icon.png" publish:qualifiedname="NetworkResourceBasic::Type Definitions::AdministrativeState::LOCKED" xmi:id="_O.c5Z.cXM.eE.d.yMG.rC9M.s.b2.bA" xsi:type="uml:EnumerationLiteral"><specification publish:icon="-2080040982_icon.png" publish:qualifiedname="NetworkResourceBasic::Type Definitions::AdministrativeState::LOCKED::&lt;LiteralInteger&gt;" xmi:id="_.oGO.x0HM.jE.d.yMG.rC9M.s.b2.bA" xsi:type="uml:LiteralInteger"/></ownedLiteral><ownedLiteral name="UNLOCKED" publish:icon="-989521662_icon.png" publish:qualifiedname="NetworkResourceBasic::Type Definitions::AdministrativeState::UNLOCKED" xmi:id="_O.c5Z.c.nM.eE.d.yMG.rC9M.s.b2.bA" xsi:type="uml:EnumerationLiteral"><specification publish:icon="-2080040982_icon.png" publish:qualifiedname="NetworkResourceBasic::Type Definitions::AdministrativeState::UNLOCKED::&lt;LiteralInteger&gt;" xmi:id="_.pS8.c.kHM.jE.d.yMG.rC9M.s.b2.bA" xsi:type="uml:LiteralInteger"/></ownedLiteral><ownedLiteral name="SHUTTING_DOWN" publish:icon="-989521662_icon.png" publish:qualifiedname="NetworkResourceBasic::Type Definitions::AdministrativeState::SHUTTING_DOWN" xmi:id="_VYQ.pEHM.eE.d.yMG.rC9M.s.b2.bA" xsi:type="uml:EnumerationLiteral"><specification publish:icon="-2080040982_icon.png" publish:qualifiedname="NetworkResourceBasic::Type Definitions::AdministrativeState::SHUTTING_DOWN::&lt;LiteralInteger&gt;" xmi:id="_.o.k5.q0HM.jE.d.yMG.rC9M.s.b2.bA" xsi:type="uml:LiteralInteger"/></ownedLiteral></packagedElement><packagedElement name="UsageState" publish:icon="1896160881_icon.png" publish:qualifiedname="NetworkResourceBasic::Type Definitions::UsageState" xmi:id="_YDKJEHM.eE.d.yMG.rC9M.s.b2.bA" xsi:type="uml:Enumeration"><ownedLiteral name="IDLE" publish:icon="-989521662_icon.png" publish:qualifiedname="NetworkResourceBasic::Type Definitions::UsageState::IDLE" xmi:id="_YDKJEXM.eE.d.yMG.rC9M.s.b2.bA" xsi:type="uml:EnumerationLiteral"><specification publish:icon="-2080040982_icon.png" publish:qualifiedname="NetworkResourceBasic::Type Definitions::UsageState::IDLE::&lt;LiteralInteger&gt;" xmi:id="_.kARM.kHM.kE.d.yMG.rC9M.s.b2.bA" xsi:type="uml:LiteralInteger"/></ownedLiteral><ownedLiteral name="ACTIVE" publish:icon="-989521662_icon.png" publish:qualifiedname="NetworkResourceBasic::Type Definitions::UsageState::ACTIVE" xmi:id="_YDKJE.nM.eE.d.yMG.rC9M.s.b2.bA" xsi:type="uml:EnumerationLiteral"><specification publish:icon="-2080040982_icon.png" publish:qualifiedname="NetworkResourceBasic::Type Definitions::UsageState::ACTIVE::&lt;LiteralInteger&gt;" xmi:id="_.jCD34HM.kE.d.yMG.rC9M.s.b2.bA" xsi:type="uml:LiteralInteger"/></ownedLiteral><ownedLiteral name="BUSY" publish:icon="-989521662_icon.png" publish:qualifiedname="NetworkResourceBasic::Type Definitions::UsageState::BUSY" xmi:id="_.dBR.o4HM.eE.d.yMG.rC9M.s.b2.bA" xsi:type="uml:EnumerationLiteral"><specification publish:icon="-2080040982_icon.png" publish:qualifiedname="NetworkResourceBasic::Type Definitions::UsageState::BUSY::&lt;LiteralInteger&gt;" xmi:id="_.j.iUFQHM.kE.d.yMG.rC9M.s.b2.bA" xsi:type="uml:LiteralInteger"/></ownedLiteral></packagedElement><packagedElement name="AvailabilityStatus" publish:icon="1896160881_icon.png" publish:qualifiedname="NetworkResourceBasic::Type Definitions::AvailabilityStatus" xmi:id="_.e2NKMHM.eE.d.yMG.rC9M.s.b2.bA" xsi:type="uml:Enumeration"><ownedLiteral name="UNKNOWN" publish:icon="-989521662_icon.png" publish:qualifiedname="NetworkResourceBasic::Type Definitions::AvailabilityStatus::UNKNOWN" xmi:id="_.e2NKMXM.eE.d.yMG.rC9M.s.b2.bA" xsi:type="uml:EnumerationLiteral"><specification publish:icon="-2080040982_icon.png" publish:qualifiedname="NetworkResourceBasic::Type Definitions::AvailabilityStatus::UNKNOWN::&lt;LiteralInteger&gt;" xmi:id="_1.lEV.gHM.jE.d.yMG.rC9M.s.b2.bA" xsi:type="uml:LiteralInteger"/></ownedLiteral><ownedLiteral name="IN_TEST" publish:icon="-989521662_icon.png" publish:qualifiedname="NetworkResourceBasic::Type Definitions::AvailabilityStatus::IN_TEST" xmi:id="_.e2NKM.nM.eE.d.yMG.rC9M.s.b2.bA" xsi:type="uml:EnumerationLiteral"><specification publish:icon="-2080040982_icon.png" publish:qualifiedname="NetworkResourceBasic::Type Definitions::AvailabilityStatus::IN_TEST::&lt;LiteralInteger&gt;" xmi:id="_3.cAB8HM.jE.d.yMG.rC9M.s.b2.bA" xsi:type="uml:LiteralInteger"/></ownedLiteral><ownedLiteral name="FAILED" publish:icon="-989521662_icon.png" publish:qualifiedname="NetworkResourceBasic::Type Definitions::AvailabilityStatus::FAILED" xmi:id="_.zX.d.n.wHM.eE.d.yMG.rC9M.s.b2.bA" xsi:type="uml:EnumerationLiteral"><specification publish:icon="-2080040982_icon.png" publish:qualifiedname="NetworkResourceBasic::Type Definitions::AvailabilityStatus::FAILED::&lt;LiteralInteger&gt;" xmi:id="_27O3MHM.jE.d.yMG.rC9M.s.b2.bA" xsi:type="uml:LiteralInteger"/></ownedLiteral><ownedLiteral name="POWER_OFF" publish:icon="-989521662_icon.png" publish:qualifiedname="NetworkResourceBasic::Type Definitions::AvailabilityStatus::POWER_OFF" xmi:id="_0.zX.lEHM.eE.d.yMG.rC9M.s.b2.bA" xsi:type="uml:EnumerationLiteral"><specification publish:icon="-2080040982_icon.png" publish:qualifiedname="NetworkResourceBasic::Type Definitions::AvailabilityStatus::POWER_OFF::&lt;LiteralInteger&gt;" xmi:id="_570TUHM.jE.d.yMG.rC9M.s.b2.bA" xsi:type="uml:LiteralInteger"/></ownedLiteral><ownedLiteral name="OFF_LINE" publish:icon="-989521662_icon.png" publish:qualifiedname="NetworkResourceBasic::Type Definitions::AvailabilityStatus::OFF_LINE" xmi:id="_2VL9IHM.eE.d.yMG.rC9M.s.b2.bA" xsi:type="uml:EnumerationLiteral"><specification publish:icon="-2080040982_icon.png" publish:qualifiedname="NetworkResourceBasic::Type Definitions::AvailabilityStatus::OFF_LINE::&lt;LiteralInteger&gt;" xmi:id="_5OD1.cHM.jE.d.yMG.rC9M.s.b2.bA" xsi:type="uml:LiteralInteger"/></ownedLiteral><ownedLiteral name="OFF_DUTY" publish:icon="-989521662_icon.png" publish:qualifiedname="NetworkResourceBasic::Type Definitions::AvailabilityStatus::OFF_DUTY" xmi:id="_3.u.y0YHM.eE.d.yMG.rC9M.s.b2.bA" xsi:type="uml:EnumerationLiteral"><specification publish:icon="-2080040982_icon.png" publish:qualifiedname="NetworkResourceBasic::Type Definitions::AvailabilityStatus::OFF_DUTY::&lt;LiteralInteger&gt;" xmi:id="_40R.c.cHM.jE.d.yMG.rC9M.s.b2.bA" xsi:type="uml:LiteralInteger"/></ownedLiteral><ownedLiteral name="DEPENDENCY" publish:icon="-989521662_icon.png" publish:qualifiedname="NetworkResourceBasic::Type Definitions::AvailabilityStatus::DEPENDENCY" xmi:id="_5WK.a0HM.eE.d.yMG.rC9M.s.b2.bA" xsi:type="uml:EnumerationLiteral"><specification publish:icon="-2080040982_icon.png" publish:qualifiedname="NetworkResourceBasic::Type Definitions::AvailabilityStatus::DEPENDENCY::&lt;LiteralInteger&gt;" xmi:id="_2.iBF8HM.jE.d.yMG.rC9M.s.b2.bA" xsi:type="uml:LiteralInteger"/></ownedLiteral><ownedLiteral name="DEGRADED" publish:icon="-989521662_icon.png" publish:qualifiedname="NetworkResourceBasic::Type Definitions::AvailabilityStatus::DEGRADED" xmi:id="_7S.o.u.kHM.eE.d.yMG.rC9M.s.b2.bA" xsi:type="uml:EnumerationLiteral"><specification publish:icon="-2080040982_icon.png" publish:qualifiedname="NetworkResourceBasic::Type Definitions::AvailabilityStatus::DEGRADED::&lt;LiteralInteger&gt;" xmi:id="_2FKK0HM.jE.d.yMG.rC9M.s.b2.bA" xsi:type="uml:LiteralInteger"/></ownedLiteral><ownedLiteral name="NOT_INSTALLED" publish:icon="-989521662_icon.png" publish:qualifiedname="NetworkResourceBasic::Type Definitions::AvailabilityStatus::NOT_INSTALLED" xmi:id="_8.eTQ.cHM.eE.d.yMG.rC9M.s.b2.bA" xsi:type="uml:EnumerationLiteral"><specification publish:icon="-2080040982_icon.png" publish:qualifiedname="NetworkResourceBasic::Type Definitions::AvailabilityStatus::NOT_INSTALLED::&lt;LiteralInteger&gt;" xmi:id="_4R.l.mIHM.jE.d.yMG.rC9M.s.b2.bA" xsi:type="uml:LiteralInteger"/></ownedLiteral><ownedLiteral name="LOG_FULL" publish:icon="-989521662_icon.png" publish:qualifiedname="NetworkResourceBasic::Type Definitions::AvailabilityStatus::LOG_FULL" xmi:id="_-Z.oU.sHM.eE.d.yMG.rC9M.s.b2.bA" xsi:type="uml:EnumerationLiteral"><specification publish:icon="-2080040982_icon.png" publish:qualifiedname="NetworkResourceBasic::Type Definitions::AvailabilityStatus::LOG_FULL::&lt;LiteralInteger&gt;" xmi:id="_33O.lYHM.jE.d.yMG.rC9M.s.b2.bA" xsi:type="uml:LiteralInteger"/></ownedLiteral></packagedElement><packagedElement name="ControlStatus" publish:icon="1896160881_icon.png" publish:qualifiedname="NetworkResourceBasic::Type Definitions::ControlStatus" xmi:id="_C.e.nNEHM.fE.d.yMG.rC9M.s.b2.bA" xsi:type="uml:Enumeration"><ownedLiteral name="UNKNOWN" publish:icon="-989521662_icon.png" publish:qualifiedname="NetworkResourceBasic::Type Definitions::ControlStatus::UNKNOWN" xmi:id="_C.e.nNEXM.fE.d.yMG.rC9M.s.b2.bA" xsi:type="uml:EnumerationLiteral"><specification publish:icon="-2080040982_icon.png" publish:qualifiedname="NetworkResourceBasic::Type Definitions::ControlStatus::UNKNOWN::&lt;LiteralInteger&gt;" xmi:id="_-.h.k9.gHM.jE.d.yMG.rC9M.s.b2.bA" xsi:type="uml:LiteralInteger"/></ownedLiteral><ownedLiteral name="SUBJECT_TO_TEST" publish:icon="-989521662_icon.png" publish:qualifiedname="NetworkResourceBasic::Type Definitions::ControlStatus::SUBJECT_TO_TEST" xmi:id="_C.e.nNE.nM.fE.d.yMG.rC9M.s.b2.bA" xsi:type="uml:EnumerationLiteral"><specification publish:icon="-2080040982_icon.png" publish:qualifiedname="NetworkResourceBasic::Type Definitions::ControlStatus::SUBJECT_TO_TEST::&lt;LiteralInteger&gt;" xmi:id="_9.qQ7AHM.jE.d.yMG.rC9M.s.b2.bA" xsi:type="uml:LiteralInteger"/></ownedLiteral><ownedLiteral name="PART_OF_SERVICES_LOCKED" publish:icon="-989521662_icon.png" publish:qualifiedname="NetworkResourceBasic::Type Definitions::ControlStatus::PART_OF_SERVICES_LOCKED" xmi:id="_IZM8MHM.fE.d.yMG.rC9M.s.b2.bA" xsi:type="uml:EnumerationLiteral"><specification publish:icon="-2080040982_icon.png" publish:qualifiedname="NetworkResourceBasic::Type Definitions::ControlStatus::PART_OF_SERVICES_LOCKED::&lt;LiteralInteger&gt;" xmi:id="_8.u.qOYHM.jE.d.yMG.rC9M.s.b2.bA" xsi:type="uml:LiteralInteger"/></ownedLiteral><ownedLiteral name="RESERVED_FOR_TEST" publish:icon="-989521662_icon.png" publish:qualifiedname="NetworkResourceBasic::Type Definitions::ControlStatus::RESERVED_FOR_TEST" xmi:id="_K0.o.c0HM.fE.d.yMG.rC9M.s.b2.bA" xsi:type="uml:EnumerationLiteral"><specification publish:icon="-2080040982_icon.png" publish:qualifiedname="NetworkResourceBasic::Type Definitions::ControlStatus::RESERVED_FOR_TEST::&lt;LiteralInteger&gt;" xmi:id="_9N5IEHM.jE.d.yMG.rC9M.s.b2.bA" xsi:type="uml:LiteralInteger"/></ownedLiteral><ownedLiteral name="SUSPENDED" publish:icon="-989521662_icon.png" publish:qualifiedname="NetworkResourceBasic::Type Definitions::ControlStatus::SUSPENDED" xmi:id="_OD.dJQHM.fE.d.yMG.rC9M.s.b2.bA" xsi:type="uml:EnumerationLiteral"><specification publish:icon="-2080040982_icon.png" publish:qualifiedname="NetworkResourceBasic::Type Definitions::ControlStatus::SUSPENDED::&lt;LiteralInteger&gt;" xmi:id="_-D.lZ8HM.jE.d.yMG.rC9M.s.b2.bA" xsi:type="uml:LiteralInteger"/></ownedLiteral></packagedElement><packagedElement name="HolderStatus" publish:icon="1896160881_icon.png" publish:qualifiedname="NetworkResourceBasic::Type Definitions::HolderStatus" xmi:id="_RW9.hYHM.fE.d.yMG.rC9M.s.b2.bA" xsi:type="uml:Enumeration"><ownedLiteral name="HOLDER_EMPTY" publish:icon="-989521662_icon.png" publish:qualifiedname="NetworkResourceBasic::Type Definitions::HolderStatus::HOLDER_EMPTY" xmi:id="_RW9.hYXM.fE.d.yMG.rC9M.s.b2.bA" xsi:type="uml:EnumerationLiteral"><specification publish:icon="-2080040982_icon.png" publish:qualifiedname="NetworkResourceBasic::Type Definitions::HolderStatus::HOLDER_EMPTY::&lt;LiteralInteger&gt;" xmi:id="_BP.cR8HM.kE.d.yMG.rC9M.s.b2.bA" xsi:type="uml:LiteralInteger"/></ownedLiteral><ownedLiteral name="IN_THE_ACCEPTABLE_LIST" publish:icon="-989521662_icon.png" publish:qualifiedname="NetworkResourceBasic::Type Definitions::HolderStatus::IN_THE_ACCEPTABLE_LIST" xmi:id="_RW9.hY.nM.fE.d.yMG.rC9M.s.b2.bA" xsi:type="uml:EnumerationLiteral"><specification publish:icon="-2080040982_icon.png" publish:qualifiedname="NetworkResourceBasic::Type Definitions::HolderStatus::IN_THE_ACCEPTABLE_LIST::&lt;LiteralInteger&gt;" xmi:id="_B.p.t.zIHM.kE.d.yMG.rC9M.s.b2.bA" xsi:type="uml:LiteralInteger"/></ownedLiteral><ownedLiteral name="NOT_IN_THE_ACCEPTABLE_LIST" publish:icon="-989521662_icon.png" publish:qualifiedname="NetworkResourceBasic::Type Definitions::HolderStatus::NOT_IN_THE_ACCEPTABLE_LIST" xmi:id="_Z.x.j.vIHM.fE.d.yMG.rC9M.s.b2.bA" xsi:type="uml:EnumerationLiteral"><specification publish:icon="-2080040982_icon.png" publish:qualifiedname="NetworkResourceBasic::Type Definitions::HolderStatus::NOT_IN_THE_ACCEPTABLE_LIST::&lt;LiteralInteger&gt;" xmi:id="_CD5N.sHM.kE.d.yMG.rC9M.s.b2.bA" xsi:type="uml:LiteralInteger"/></ownedLiteral><ownedLiteral name="UNKNOWN_TYPE" publish:icon="-989521662_icon.png" publish:qualifiedname="NetworkResourceBasic::Type Definitions::HolderStatus::UNKNOWN_TYPE" xmi:id="_.c.c.j80HM.fE.d.yMG.rC9M.s.b2.bA" xsi:type="uml:EnumerationLiteral"><specification publish:icon="-2080040982_icon.png" publish:qualifiedname="NetworkResourceBasic::Type Definitions::HolderStatus::UNKNOWN_TYPE::&lt;LiteralInteger&gt;" xmi:id="_C.k.v4AHM.kE.d.yMG.rC9M.s.b2.bA" xsi:type="uml:LiteralInteger"/></ownedLiteral></packagedElement><packagedElement name="State" publish:icon="1896160881_icon.png" publish:qualifiedname="NetworkResourceBasic::Type Definitions::State" xmi:id="_3KC2.oHM.gE.d.yMG.rC9M.s.b2.bA" xsi:type="uml:Enumeration"><ownedAttribute name="VENDOR_SPECIFIC" publish:icon="-1627054491_icon.png" publish:qualifiedname="NetworkResourceBasic::Type Definitions::State::VENDOR_SPECIFIC" publish:type="String" xmi:id="_Z.f.y.iUHM.iE.d.yMG.rC9M.s.b2.bA" xsi:type="uml:Property"><defaultValue publish:icon="738531974_icon.png" publish:qualifiedname="NetworkResourceBasic::Type Definitions::State::VENDOR_SPECIFIC::&lt;OpaqueExpression&gt;" xmi:id="_.lJ4K4HM.iE.d.yMG.rC9M.s.b2.bA" xsi:type="uml:OpaqueExpression"/></ownedAttribute><ownedLiteral name="UNKNOWN" publish:icon="-989521662_icon.png" publish:qualifiedname="NetworkResourceBasic::Type Definitions::State::UNKNOWN" xmi:id="_3KC2.oXM.gE.d.yMG.rC9M.s.b2.bA" xsi:type="uml:EnumerationLiteral"><specification publish:icon="-2080040982_icon.png" publish:qualifiedname="NetworkResourceBasic::Type Definitions::State::UNKNOWN::&lt;LiteralInteger&gt;" xmi:id="_W.jO_.sHM.kE.d.yMG.rC9M.s.b2.bA" xsi:type="uml:LiteralInteger"/></ownedLiteral><ownedLiteral name="X721_OPERATIONAL_STATE" publish:icon="-989521662_icon.png" publish:qualifiedname="NetworkResourceBasic::Type Definitions::State::X721_OPERATIONAL_STATE" xmi:id="_.u.p3.v4HM.hE.d.yMG.rC9M.s.b2.bA" xsi:type="uml:EnumerationLiteral"><specification publish:icon="-2080040982_icon.png" publish:qualifiedname="NetworkResourceBasic::Type Definitions::State::X721_OPERATIONAL_STATE::&lt;LiteralInteger&gt;" xmi:id="_.a.qU.w4HM.kE.d.yMG.rC9M.s.b2.bA" xsi:type="uml:LiteralInteger"/></ownedLiteral><ownedLiteral name="X721_ADMINISTRATIVE_STATE" publish:icon="-989521662_icon.png" publish:qualifiedname="NetworkResourceBasic::Type Definitions::State::X721_ADMINISTRATIVE_STATE" xmi:id="_.u.p3.v4.nM.hE.d.yMG.rC9M.s.b2.bA" xsi:type="uml:EnumerationLiteral"><specification publish:icon="-2080040982_icon.png" publish:qualifiedname="NetworkResourceBasic::Type Definitions::State::X721_ADMINISTRATIVE_STATE::&lt;LiteralInteger&gt;" xmi:id="_ZB6.o.oHM.kE.d.yMG.rC9M.s.b2.bA" xsi:type="uml:LiteralInteger"/></ownedLiteral><ownedLiteral name="X721_USAGE_STATE" publish:icon="-989521662_icon.png" publish:qualifiedname="NetworkResourceBasic::Type Definitions::State::X721_USAGE_STATE" xmi:id="_.u.p3.v5HM.hE.d.yMG.rC9M.s.b2.bA" xsi:type="uml:EnumerationLiteral"><specification publish:icon="-2080040982_icon.png" publish:qualifiedname="NetworkResourceBasic::Type Definitions::State::X721_USAGE_STATE::&lt;LiteralInteger&gt;" xmi:id="_.b.f.i.h.oHM.kE.d.yMG.rC9M.s.b2.bA" xsi:type="uml:LiteralInteger"/></ownedLiteral><ownedLiteral name="X721_AVAILABILITY_STATUS" publish:icon="-989521662_icon.png" publish:qualifiedname="NetworkResourceBasic::Type Definitions::State::X721_AVAILABILITY_STATUS" xmi:id="_.u.p92.gHM.hE.d.yMG.rC9M.s.b2.bA" xsi:type="uml:EnumerationLiteral"><specification publish:icon="-2080040982_icon.png" publish:qualifiedname="NetworkResourceBasic::Type Definitions::State::X721_AVAILABILITY_STATUS::&lt;LiteralInteger&gt;" xmi:id="_Z.i4A.oHM.kE.d.yMG.rC9M.s.b2.bA" xsi:type="uml:LiteralInteger"/></ownedLiteral><ownedLiteral name="X721_CONTROL_STATUS" publish:icon="-989521662_icon.png" publish:qualifiedname="NetworkResourceBasic::Type Definitions::State::X721_CONTROL_STATUS" xmi:id="_.u.p92.g.nM.hE.d.yMG.rC9M.s.b2.bA" xsi:type="uml:EnumerationLiteral"><specification publish:icon="-2080040982_icon.png" publish:qualifiedname="NetworkResourceBasic::Type Definitions::State::X721_CONTROL_STATUS::&lt;LiteralInteger&gt;" xmi:id="_.aI.y.xIHM.kE.d.yMG.rC9M.s.b2.bA" xsi:type="uml:LiteralInteger"/></ownedLiteral><ownedLiteral name="M3100_HOLDER_STATUS" publish:icon="-989521662_icon.png" publish:qualifiedname="NetworkResourceBasic::Type Definitions::State::M3100_HOLDER_STATUS" xmi:id="_.u.p92.hHM.hE.d.yMG.rC9M.s.b2.bA" xsi:type="uml:EnumerationLiteral"><specification publish:icon="-2080040982_icon.png" publish:qualifiedname="NetworkResourceBasic::Type Definitions::State::M3100_HOLDER_STATUS::&lt;LiteralInteger&gt;" xmi:id="_WM.f6.sHM.kE.d.yMG.rC9M.s.b2.bA" xsi:type="uml:LiteralInteger"/></ownedLiteral><ownedLiteral name="M3100_ALARM_STATUS" publish:icon="-989521662_icon.png" publish:qualifiedname="NetworkResourceBasic::Type Definitions::State::M3100_ALARM_STATUS" xmi:id="_.u.p92.iHM.hE.d.yMG.rC9M.s.b2.bA" xsi:type="uml:EnumerationLiteral"><specification publish:icon="-2080040982_icon.png" publish:qualifiedname="NetworkResourceBasic::Type Definitions::State::M3100_ALARM_STATUS::&lt;LiteralInteger&gt;" xmi:id="_UB.gC.wHM.kE.d.yMG.rC9M.s.b2.bA" xsi:type="uml:LiteralInteger"/></ownedLiteral><ownedLiteral name="M3100_ARC_STATE" publish:icon="-989521662_icon.png" publish:qualifiedname="NetworkResourceBasic::Type Definitions::State::M3100_ARC_STATE" xmi:id="_.u.p92.i.nM.hE.d.yMG.rC9M.s.b2.bA" xsi:type="uml:EnumerationLiteral"><specification publish:icon="-2080040982_icon.png" publish:qualifiedname="NetworkResourceBasic::Type Definitions::State::M3100_ARC_STATE::&lt;LiteralInteger&gt;" xmi:id="_V.s.sZQHM.kE.d.yMG.rC9M.s.b2.bA" xsi:type="uml:LiteralInteger"/></ownedLiteral><ownedLiteral name="M3100_ARC_QI_STATUS" publish:icon="-989521662_icon.png" publish:qualifiedname="NetworkResourceBasic::Type Definitions::State::M3100_ARC_QI_STATUS" xmi:id="_.u.p92.k.nM.hE.d.yMG.rC9M.s.b2.bA" xsi:type="uml:EnumerationLiteral"><specification publish:icon="-2080040982_icon.png" publish:qualifiedname="NetworkResourceBasic::Type Definitions::State::M3100_ARC_QI_STATUS::&lt;LiteralInteger&gt;" xmi:id="_U-Q.l8HM.kE.d.yMG.rC9M.s.b2.bA" xsi:type="uml:LiteralInteger"/></ownedLiteral><ownedLiteral name="X721_UNKNOWN_STATUS" publish:icon="-989521662_icon.png" publish:qualifiedname="NetworkResourceBasic::Type Definitions::State::X721_UNKNOWN_STATUS" xmi:id="_.u.p92.lHM.hE.d.yMG.rC9M.s.b2.bA" xsi:type="uml:EnumerationLiteral"><specification publish:icon="-2080040982_icon.png" publish:qualifiedname="NetworkResourceBasic::Type Definitions::State::X721_UNKNOWN_STATUS::&lt;LiteralInteger&gt;" xmi:id="_.bF.jUUHM.kE.d.yMG.rC9M.s.b2.bA" xsi:type="uml:LiteralInteger"/></ownedLiteral></packagedElement></packagedElement></uml:Model>