<?xml version="1.0" encoding="UTF-8"?><publish:elements xmlns:publish="http://www.ibm.com/Rational/XTools/Publish" xmlns:xmi="http://www.omg.org/XMI" xmlns:xsi="http://www.w3.org/2001/XMLSchema-instance"><publish:element name="ControlState" publish:icon="_3TfFEE8GEdyfLry44XcUuw_icon.jpeg" publish:qualifiedname="NetworkResourceBasic::Type Definitions::ControlState" xmi:id="_3TfFEE8GEdyfLry44XcUuw" xsi:type="uml:Enumeration"/><publish:element name="LOCKED" publish:icon="_AGS-gE8HEdyfLry44XcUuw_icon.jpeg" publish:qualifiedname="NetworkResourceBasic::Type Definitions::ControlState::LOCKED" xmi:id="_AGS-gE8HEdyfLry44XcUuw" xsi:type="uml:EnumerationLiteral"/><publish:element name="UNLOCKED" publish:icon="_BNWtME8HEdyfLry44XcUuw_icon.jpeg" publish:qualifiedname="NetworkResourceBasic::Type Definitions::ControlState::UNLOCKED" xmi:id="_BNWtME8HEdyfLry44XcUuw" xsi:type="uml:EnumerationLiteral"/><publish:element name="CommonResourceCreateData" publish:icon="_ZsO24KlcEdy39Z05qVqfpQ_icon.jpeg" publish:qualifiedname="NetworkResourceBasic::Type Definitions::CommonResourceCreateData" xmi:id="_ZsO24KlcEdy39Z05qVqfpQ" xsi:type="uml:DataType"/><publish:element name="CommonResourceModifyData" publish:icon="_ZbGqoKlcEdy39Z05qVqfpQ_icon.jpeg" publish:qualifiedname="NetworkResourceBasic::Type Definitions::CommonResourceModifyData" xmi:id="_ZbGqoKlcEdy39Z05qVqfpQ" xsi:type="uml:DataType"/><publish:element name="ResourceState" publish:icon="_8NSukPpBEduVsYI7mfNDXQ_icon.jpeg" publish:qualifiedname="NetworkResourceBasic::Type Definitions::ResourceState" xmi:id="_8NSukPpBEduVsYI7mfNDXQ" xsi:type="uml:Enumeration"/><publish:element name="ObjectSource" publish:icon="_6R9EQPo2EduVsYI7mfNDXQ_icon.jpeg" publish:qualifiedname="NetworkResourceBasic::Type Definitions::ObjectSource" xmi:id="_6R9EQPo2EduVsYI7mfNDXQ" xsi:type="uml:Enumeration"/><publish:element name="NETWORK_ME" publish:icon="_MuYjUPo3EduVsYI7mfNDXQ_icon.jpeg" publish:qualifiedname="NetworkResourceBasic::Type Definitions::ObjectSource::NETWORK_ME" xmi:id="_MuYjUPo3EduVsYI7mfNDXQ" xsi:type="uml:EnumerationLiteral"/><publish:element name="NETWORK_EMS" publish:icon="_e9ZcAPo4EduVsYI7mfNDXQ_icon.jpeg" publish:qualifiedname="NetworkResourceBasic::Type Definitions::ObjectSource::NETWORK_EMS" xmi:id="_e9ZcAPo4EduVsYI7mfNDXQ" xsi:type="uml:EnumerationLiteral"/><publish:element name="OS" publish:icon="_jUxE4Po4EduVsYI7mfNDXQ_icon.jpeg" publish:qualifiedname="NetworkResourceBasic::Type Definitions::ObjectSource::OS" xmi:id="_jUxE4Po4EduVsYI7mfNDXQ" xsi:type="uml:EnumerationLiteral"/><publish:element name="UNKNOWN" publish:icon="_mAoOMPo4EduVsYI7mfNDXQ_icon.jpeg" publish:qualifiedname="NetworkResourceBasic::Type Definitions::ObjectSource::UNKNOWN" xmi:id="_mAoOMPo4EduVsYI7mfNDXQ" xsi:type="uml:EnumerationLiteral"/><publish:element name="LayerRate" publish:icon="_eNqf0CPHEdypgfGA_0P3-g_icon.jpeg" publish:qualifiedname="NetworkResourceBasic::Type Definitions::LayerRate" xmi:id="_eNqf0CPHEdypgfGA_0P3-g" xsi:type="uml:DataType"/><publish:element name="TransmissionParameterList" publish:icon="_37Bj8CPJEdypgfGA_0P3-g_icon.jpeg" publish:qualifiedname="NetworkResourceBasic::Type Definitions::TransmissionParameterList" xmi:id="_37Bj8CPJEdypgfGA_0P3-g" xsi:type="uml:DataType"/><publish:element name="ItuStateOrStatusName" publish:icon="_Nf8kUGguEdybUdEk71hLJA_icon.jpeg" publish:qualifiedname="NetworkResourceBasic::Type Definitions::ItuStateOrStatusName" xmi:id="_Nf8kUGguEdybUdEk71hLJA" xsi:type="uml:Enumeration"/><publish:element name="X721_OPERATIONAL_STATE" publish:icon="_UgLs4GguEdybUdEk71hLJA_icon.jpeg" publish:qualifiedname="NetworkResourceBasic::Type Definitions::ItuStateOrStatusName::X721_OPERATIONAL_STATE" xmi:id="_UgLs4GguEdybUdEk71hLJA" xsi:type="uml:EnumerationLiteral"/><publish:element name="X721_ADMINISTRATIVE_STATE" publish:icon="_YS6-sGguEdybUdEk71hLJA_icon.jpeg" publish:qualifiedname="NetworkResourceBasic::Type Definitions::ItuStateOrStatusName::X721_ADMINISTRATIVE_STATE" xmi:id="_YS6-sGguEdybUdEk71hLJA" xsi:type="uml:EnumerationLiteral"/><publish:element name="X721_USAGE_STATE" publish:icon="_bGD0sGguEdybUdEk71hLJA_icon.jpeg" publish:qualifiedname="NetworkResourceBasic::Type Definitions::ItuStateOrStatusName::X721_USAGE_STATE" xmi:id="_bGD0sGguEdybUdEk71hLJA" xsi:type="uml:EnumerationLiteral"/><publish:element name="X721_AVAILABILITY_STATUS" publish:icon="_dYETkGguEdybUdEk71hLJA_icon.jpeg" publish:qualifiedname="NetworkResourceBasic::Type Definitions::ItuStateOrStatusName::X721_AVAILABILITY_STATUS" xmi:id="_dYETkGguEdybUdEk71hLJA" xsi:type="uml:EnumerationLiteral"/><publish:element name="X721_CONTROL_STATUS" publish:icon="_hUKVsGguEdybUdEk71hLJA_icon.jpeg" publish:qualifiedname="NetworkResourceBasic::Type Definitions::ItuStateOrStatusName::X721_CONTROL_STATUS" xmi:id="_hUKVsGguEdybUdEk71hLJA" xsi:type="uml:EnumerationLiteral"/><publish:element name="M3100_HOLDER_STATUS" publish:icon="_oUryIGguEdybUdEk71hLJA_icon.jpeg" publish:qualifiedname="NetworkResourceBasic::Type Definitions::ItuStateOrStatusName::M3100_HOLDER_STATUS" xmi:id="_oUryIGguEdybUdEk71hLJA" xsi:type="uml:EnumerationLiteral"/><publish:element name="M3100_CIRCUIT_PACK_TYPE" publish:icon="_rOIrgGguEdybUdEk71hLJA_icon.jpeg" publish:qualifiedname="NetworkResourceBasic::Type Definitions::ItuStateOrStatusName::M3100_CIRCUIT_PACK_TYPE" xmi:id="_rOIrgGguEdybUdEk71hLJA" xsi:type="uml:EnumerationLiteral"/><publish:element name="M3100_ALARM_STATUS" publish:icon="_yzU7QGguEdybUdEk71hLJA_icon.jpeg" publish:qualifiedname="NetworkResourceBasic::Type Definitions::ItuStateOrStatusName::M3100_ALARM_STATUS" xmi:id="_yzU7QGguEdybUdEk71hLJA" xsi:type="uml:EnumerationLiteral"/><publish:element name="M3100_ARC_STATE" publish:icon="_1CUiYGguEdybUdEk71hLJA_icon.jpeg" publish:qualifiedname="NetworkResourceBasic::Type Definitions::ItuStateOrStatusName::M3100_ARC_STATE" xmi:id="_1CUiYGguEdybUdEk71hLJA" xsi:type="uml:EnumerationLiteral"/><publish:element name="M3100_NALM_TI_INTERVAL" publish:icon="_4eqGYGguEdybUdEk71hLJA_icon.jpeg" publish:qualifiedname="NetworkResourceBasic::Type Definitions::ItuStateOrStatusName::M3100_NALM_TI_INTERVAL" xmi:id="_4eqGYGguEdybUdEk71hLJA" xsi:type="uml:EnumerationLiteral"/><publish:element name="M3100_NALM_QI_INTERVAL" publish:icon="__1IksGguEdybUdEk71hLJA_icon.jpeg" publish:qualifiedname="NetworkResourceBasic::Type Definitions::ItuStateOrStatusName::M3100_NALM_QI_INTERVAL" xmi:id="__1IksGguEdybUdEk71hLJA" xsi:type="uml:EnumerationLiteral"/><publish:element name="M3100_ARC_QI_STATUS" publish:icon="_DheTkGgvEdybUdEk71hLJA_icon.jpeg" publish:qualifiedname="NetworkResourceBasic::Type Definitions::ItuStateOrStatusName::M3100_ARC_QI_STATUS" xmi:id="_DheTkGgvEdybUdEk71hLJA" xsi:type="uml:EnumerationLiteral"/><publish:element name="X721_UNKNOWN_STATUS" publish:icon="_IBHHoGgvEdybUdEk71hLJA_icon.jpeg" publish:qualifiedname="NetworkResourceBasic::Type Definitions::ItuStateOrStatusName::X721_UNKNOWN_STATUS" xmi:id="_IBHHoGgvEdybUdEk71hLJA" xsi:type="uml:EnumerationLiteral"/><publish:element name="X721_STATE" publish:icon="_MODCIGgvEdybUdEk71hLJA_icon.jpeg" publish:qualifiedname="NetworkResourceBasic::Type Definitions::ItuStateOrStatusName::X721_STATE" xmi:id="_MODCIGgvEdybUdEk71hLJA" xsi:type="uml:EnumerationLiteral"/><publish:element name="ItuStateOrStatusNameValuePair" publish:icon="_bA2IEGgvEdybUdEk71hLJA_icon.jpeg" publish:qualifiedname="NetworkResourceBasic::Type Definitions::ItuStateOrStatusNameValuePair" xmi:id="_bA2IEGgvEdybUdEk71hLJA" xsi:type="uml:DataType"/><publish:element name="InstallingSubstate" publish:icon="_p-euEHDMEdyh14mcAdaPNg_icon.jpeg" publish:qualifiedname="NetworkResourceBasic::Type Definitions::InstallingSubstate" xmi:id="_p-euEHDMEdyh14mcAdaPNg" xsi:type="uml:Enumeration"/><publish:element name="INSTALLING_DELIVERED" publish:icon="_XSqSwHAJEdyBlIRQ1l6EIQ_icon.jpeg" publish:qualifiedname="NetworkResourceBasic::Type Definitions::InstallingSubstate::INSTALLING_DELIVERED" xmi:id="_XSqSwHAJEdyBlIRQ1l6EIQ" xsi:type="uml:EnumerationLiteral"/><publish:element name="INSTALLING_INSTALLED" publish:icon="_gT1YUHAJEdyBlIRQ1l6EIQ_icon.jpeg" publish:qualifiedname="NetworkResourceBasic::Type Definitions::InstallingSubstate::INSTALLING_INSTALLED" xmi:id="_gT1YUHAJEdyBlIRQ1l6EIQ" xsi:type="uml:EnumerationLiteral"/><publish:element name="INSTALLING_COMMISSIONED" publish:icon="_nODYcHAJEdyBlIRQ1l6EIQ_icon.jpeg" publish:qualifiedname="NetworkResourceBasic::Type Definitions::InstallingSubstate::INSTALLING_COMMISSIONED" xmi:id="_nODYcHAJEdyBlIRQ1l6EIQ" xsi:type="uml:EnumerationLiteral"/><publish:element name="INSTALLING_INTEGRATED" publish:icon="_qNC5IHAJEdyBlIRQ1l6EIQ_icon.jpeg" publish:qualifiedname="NetworkResourceBasic::Type Definitions::InstallingSubstate::INSTALLING_INTEGRATED" xmi:id="_qNC5IHAJEdyBlIRQ1l6EIQ" xsi:type="uml:EnumerationLiteral"/><publish:element name="INSTALLING_ACCEPTED" publish:icon="_4lqkgHAJEdyBlIRQ1l6EIQ_icon.jpeg" publish:qualifiedname="NetworkResourceBasic::Type Definitions::InstallingSubstate::INSTALLING_ACCEPTED" xmi:id="_4lqkgHAJEdyBlIRQ1l6EIQ" xsi:type="uml:EnumerationLiteral"/><publish:element name="INSTALLING_REJECTED" publish:icon="_7hte4HAJEdyBlIRQ1l6EIQ_icon.jpeg" publish:qualifiedname="NetworkResourceBasic::Type Definitions::InstallingSubstate::INSTALLING_REJECTED" xmi:id="_7hte4HAJEdyBlIRQ1l6EIQ" xsi:type="uml:EnumerationLiteral"/><publish:element name="UNKNOWN" publish:icon="_4pl3oHDMEdyh14mcAdaPNg_icon.jpeg" publish:qualifiedname="NetworkResourceBasic::Type Definitions::InstallingSubstate::UNKNOWN" xmi:id="_4pl3oHDMEdyh14mcAdaPNg" xsi:type="uml:EnumerationLiteral"/><publish:element name="NonWorkingSubstate" publish:icon="_rq1swHDNEdyh14mcAdaPNg_icon.jpeg" publish:qualifiedname="NetworkResourceBasic::Type Definitions::NonWorkingSubstate" xmi:id="_rq1swHDNEdyh14mcAdaPNg" xsi:type="uml:Enumeration"/><publish:element name="UNKNOWN" publish:icon="_v-LKMHDNEdyh14mcAdaPNg_icon.jpeg" publish:qualifiedname="NetworkResourceBasic::Type Definitions::NonWorkingSubstate::UNKNOWN" xmi:id="_v-LKMHDNEdyh14mcAdaPNg" xsi:type="uml:EnumerationLiteral"/><publish:element name="PlanningSubstate" publish:icon="_NB3i4HDOEdyh14mcAdaPNg_icon.jpeg" publish:qualifiedname="NetworkResourceBasic::Type Definitions::PlanningSubstate" xmi:id="_NB3i4HDOEdyh14mcAdaPNg" xsi:type="uml:Enumeration"/><publish:element name="PLANNING_INITIAL_PLAN" publish:icon="_2_hikHAIEdyBlIRQ1l6EIQ_icon.jpeg" publish:qualifiedname="NetworkResourceBasic::Type Definitions::PlanningSubstate::PLANNING_INITIAL_PLAN" xmi:id="_2_hikHAIEdyBlIRQ1l6EIQ" xsi:type="uml:EnumerationLiteral"/><publish:element name="PLANNING_ORDERED" publish:icon="_7-ORMHAIEdyBlIRQ1l6EIQ_icon.jpeg" publish:qualifiedname="NetworkResourceBasic::Type Definitions::PlanningSubstate::PLANNING_ORDERED" xmi:id="_7-ORMHAIEdyBlIRQ1l6EIQ" xsi:type="uml:EnumerationLiteral"/><publish:element name="PLANNING_PLANNED" publish:icon="_6F8g8HAIEdyBlIRQ1l6EIQ_icon.jpeg" publish:qualifiedname="NetworkResourceBasic::Type Definitions::PlanningSubstate::PLANNING_PLANNED" xmi:id="_6F8g8HAIEdyBlIRQ1l6EIQ" xsi:type="uml:EnumerationLiteral"/><publish:element name="UNKNOWN" publish:icon="_RcR4sHDOEdyh14mcAdaPNg_icon.jpeg" publish:qualifiedname="NetworkResourceBasic::Type Definitions::PlanningSubstate::UNKNOWN" xmi:id="_RcR4sHDOEdyh14mcAdaPNg" xsi:type="uml:EnumerationLiteral"/><publish:element name="RetiringSubstate" publish:icon="_wjwuEHDOEdyh14mcAdaPNg_icon.jpeg" publish:qualifiedname="NetworkResourceBasic::Type Definitions::RetiringSubstate" xmi:id="_wjwuEHDOEdyh14mcAdaPNg" xsi:type="uml:Enumeration"/><publish:element name="RETIRING_DECOMMISSIONED" publish:icon="_oD4-0HAKEdyBlIRQ1l6EIQ_icon.jpeg" publish:qualifiedname="NetworkResourceBasic::Type Definitions::RetiringSubstate::RETIRING_DECOMMISSIONED" xmi:id="_oD4-0HAKEdyBlIRQ1l6EIQ" xsi:type="uml:EnumerationLiteral"/><publish:element name="RETIRING_DEINSTALLED" publish:icon="_rEVRAHAKEdyBlIRQ1l6EIQ_icon.jpeg" publish:qualifiedname="NetworkResourceBasic::Type Definitions::RetiringSubstate::RETIRING_DEINSTALLED" xmi:id="_rEVRAHAKEdyBlIRQ1l6EIQ" xsi:type="uml:EnumerationLiteral"/><publish:element name="RETIRING_DEINTEGRATED" publish:icon="_kh77AHAKEdyBlIRQ1l6EIQ_icon.jpeg" publish:qualifiedname="NetworkResourceBasic::Type Definitions::RetiringSubstate::RETIRING_DEINTEGRATED" xmi:id="_kh77AHAKEdyBlIRQ1l6EIQ" xsi:type="uml:EnumerationLiteral"/><publish:element name="RETIRING_RECOVERED" publish:icon="_wvn_4HAKEdyBlIRQ1l6EIQ_icon.jpeg" publish:qualifiedname="NetworkResourceBasic::Type Definitions::RetiringSubstate::RETIRING_RECOVERED" xmi:id="_wvn_4HAKEdyBlIRQ1l6EIQ" xsi:type="uml:EnumerationLiteral"/><publish:element name="RETIRING_STORED" publish:icon="_t8jbUHAKEdyBlIRQ1l6EIQ_icon.jpeg" publish:qualifiedname="NetworkResourceBasic::Type Definitions::RetiringSubstate::RETIRING_STORED" xmi:id="_t8jbUHAKEdyBlIRQ1l6EIQ" xsi:type="uml:EnumerationLiteral"/><publish:element name="RETIRING_WITHDRAWN_ACTIVE" publish:icon="_bMRzMHAKEdyBlIRQ1l6EIQ_icon.jpeg" publish:qualifiedname="NetworkResourceBasic::Type Definitions::RetiringSubstate::RETIRING_WITHDRAWN_ACTIVE" xmi:id="_bMRzMHAKEdyBlIRQ1l6EIQ" xsi:type="uml:EnumerationLiteral"/><publish:element name="RETIRING_WITHDRAWN_UNAVAILABLE" publish:icon="_gNvh8HAKEdyBlIRQ1l6EIQ_icon.jpeg" publish:qualifiedname="NetworkResourceBasic::Type Definitions::RetiringSubstate::RETIRING_WITHDRAWN_UNAVAILABLE" xmi:id="_gNvh8HAKEdyBlIRQ1l6EIQ" xsi:type="uml:EnumerationLiteral"/><publish:element name="UNKNOWN" publish:icon="_z-RtIHDOEdyh14mcAdaPNg_icon.jpeg" publish:qualifiedname="NetworkResourceBasic::Type Definitions::RetiringSubstate::UNKNOWN" xmi:id="_z-RtIHDOEdyh14mcAdaPNg" xsi:type="uml:EnumerationLiteral"/><publish:element name="UnknownSubstate" publish:icon="_qfr2UHDPEdyh14mcAdaPNg_icon.jpeg" publish:qualifiedname="NetworkResourceBasic::Type Definitions::UnknownSubstate" xmi:id="_qfr2UHDPEdyh14mcAdaPNg" xsi:type="uml:Enumeration"/><publish:element name="UNKNOWN" publish:icon="_uvsS8HDPEdyh14mcAdaPNg_icon.jpeg" publish:qualifiedname="NetworkResourceBasic::Type Definitions::UnknownSubstate::UNKNOWN" xmi:id="_uvsS8HDPEdyh14mcAdaPNg" xsi:type="uml:EnumerationLiteral"/><publish:element name="WorkingSubstate" publish:icon="_J2TT4HDQEdyh14mcAdaPNg_icon.jpeg" publish:qualifiedname="NetworkResourceBasic::Type Definitions::WorkingSubstate" xmi:id="_J2TT4HDQEdyh14mcAdaPNg" xsi:type="uml:Enumeration"/><publish:element name="WORKING_ACTIVATED" publish:icon="_HOKe8HAKEdyBlIRQ1l6EIQ_icon.jpeg" publish:qualifiedname="NetworkResourceBasic::Type Definitions::WorkingSubstate::WORKING_ACTIVATED" xmi:id="_HOKe8HAKEdyBlIRQ1l6EIQ" xsi:type="uml:EnumerationLiteral"/><publish:element name="WORKING_DEACTIVATED" publish:icon="_Jnu-YHAKEdyBlIRQ1l6EIQ_icon.jpeg" publish:qualifiedname="NetworkResourceBasic::Type Definitions::WorkingSubstate::WORKING_DEACTIVATED" xmi:id="_Jnu-YHAKEdyBlIRQ1l6EIQ" xsi:type="uml:EnumerationLiteral"/><publish:element name="UNKNOWN" publish:icon="_S4r6YHDQEdyh14mcAdaPNg_icon.jpeg" publish:qualifiedname="NetworkResourceBasic::Type Definitions::WorkingSubstate::UNKNOWN" xmi:id="_S4r6YHDQEdyh14mcAdaPNg" xsi:type="uml:EnumerationLiteral"/><publish:element name="ItuStateOrStatus" publish:icon="_0-X4AHMaEdyMGrC9Msb2bA_icon.jpeg" publish:qualifiedname="NetworkResourceBasic::Type Definitions::ItuStateOrStatus" xmi:id="_0-X4AHMaEdyMGrC9Msb2bA" xsi:type="uml:Enumeration"/><publish:element name="OperationalState" publish:icon="_tMGHIHMdEdyMGrC9Msb2bA_icon.jpeg" publish:qualifiedname="NetworkResourceBasic::Type Definitions::OperationalState" xmi:id="_tMGHIHMdEdyMGrC9Msb2bA" xsi:type="uml:Enumeration"/><publish:element name="DISABLED" publish:icon="_tMGHIXMdEdyMGrC9Msb2bA_icon.jpeg" publish:qualifiedname="NetworkResourceBasic::Type Definitions::OperationalState::DISABLED" xmi:id="_tMGHIXMdEdyMGrC9Msb2bA" xsi:type="uml:EnumerationLiteral"/><publish:element name="ENABLED" publish:icon="__F-50HMdEdyMGrC9Msb2bA_icon.jpeg" publish:qualifiedname="NetworkResourceBasic::Type Definitions::OperationalState::ENABLED" xmi:id="__F-50HMdEdyMGrC9Msb2bA" xsi:type="uml:EnumerationLiteral"/><publish:element name="AdministrativeState" publish:icon="_Oc5ZcHMeEdyMGrC9Msb2bA_icon.jpeg" publish:qualifiedname="NetworkResourceBasic::Type Definitions::AdministrativeState" xmi:id="_Oc5ZcHMeEdyMGrC9Msb2bA" xsi:type="uml:Enumeration"/><publish:element name="LOCKED" publish:icon="_Oc5ZcXMeEdyMGrC9Msb2bA_icon.jpeg" publish:qualifiedname="NetworkResourceBasic::Type Definitions::AdministrativeState::LOCKED" xmi:id="_Oc5ZcXMeEdyMGrC9Msb2bA" xsi:type="uml:EnumerationLiteral"/><publish:element name="UNLOCKED" publish:icon="_Oc5ZcnMeEdyMGrC9Msb2bA_icon.jpeg" publish:qualifiedname="NetworkResourceBasic::Type Definitions::AdministrativeState::UNLOCKED" xmi:id="_Oc5ZcnMeEdyMGrC9Msb2bA" xsi:type="uml:EnumerationLiteral"/><publish:element name="SHUTTING_DOWN" publish:icon="_VYQpEHMeEdyMGrC9Msb2bA_icon.jpeg" publish:qualifiedname="NetworkResourceBasic::Type Definitions::AdministrativeState::SHUTTING_DOWN" xmi:id="_VYQpEHMeEdyMGrC9Msb2bA" xsi:type="uml:EnumerationLiteral"/><publish:element name="UsageState" publish:icon="_YDKJEHMeEdyMGrC9Msb2bA_icon.jpeg" publish:qualifiedname="NetworkResourceBasic::Type Definitions::UsageState" xmi:id="_YDKJEHMeEdyMGrC9Msb2bA" xsi:type="uml:Enumeration"/><publish:element name="IDLE" publish:icon="_YDKJEXMeEdyMGrC9Msb2bA_icon.jpeg" publish:qualifiedname="NetworkResourceBasic::Type Definitions::UsageState::IDLE" xmi:id="_YDKJEXMeEdyMGrC9Msb2bA" xsi:type="uml:EnumerationLiteral"/><publish:element name="ACTIVE" publish:icon="_YDKJEnMeEdyMGrC9Msb2bA_icon.jpeg" publish:qualifiedname="NetworkResourceBasic::Type Definitions::UsageState::ACTIVE" xmi:id="_YDKJEnMeEdyMGrC9Msb2bA" xsi:type="uml:EnumerationLiteral"/><publish:element name="BUSY" publish:icon="_dBRo4HMeEdyMGrC9Msb2bA_icon.jpeg" publish:qualifiedname="NetworkResourceBasic::Type Definitions::UsageState::BUSY" xmi:id="_dBRo4HMeEdyMGrC9Msb2bA" xsi:type="uml:EnumerationLiteral"/><publish:element name="AvailabilityStatus" publish:icon="_e2NKMHMeEdyMGrC9Msb2bA_icon.jpeg" publish:qualifiedname="NetworkResourceBasic::Type Definitions::AvailabilityStatus" xmi:id="_e2NKMHMeEdyMGrC9Msb2bA" xsi:type="uml:Enumeration"/><publish:element name="UNKNOWN" publish:icon="_e2NKMXMeEdyMGrC9Msb2bA_icon.jpeg" publish:qualifiedname="NetworkResourceBasic::Type Definitions::AvailabilityStatus::UNKNOWN" xmi:id="_e2NKMXMeEdyMGrC9Msb2bA" xsi:type="uml:EnumerationLiteral"/><publish:element name="IN_TEST" publish:icon="_e2NKMnMeEdyMGrC9Msb2bA_icon.jpeg" publish:qualifiedname="NetworkResourceBasic::Type Definitions::AvailabilityStatus::IN_TEST" xmi:id="_e2NKMnMeEdyMGrC9Msb2bA" xsi:type="uml:EnumerationLiteral"/><publish:element name="FAILED" publish:icon="_zXdnwHMeEdyMGrC9Msb2bA_icon.jpeg" publish:qualifiedname="NetworkResourceBasic::Type Definitions::AvailabilityStatus::FAILED" xmi:id="_zXdnwHMeEdyMGrC9Msb2bA" xsi:type="uml:EnumerationLiteral"/><publish:element name="POWER_OFF" publish:icon="_0zXlEHMeEdyMGrC9Msb2bA_icon.jpeg" publish:qualifiedname="NetworkResourceBasic::Type Definitions::AvailabilityStatus::POWER_OFF" xmi:id="_0zXlEHMeEdyMGrC9Msb2bA" xsi:type="uml:EnumerationLiteral"/><publish:element name="OFF_LINE" publish:icon="_2VL9IHMeEdyMGrC9Msb2bA_icon.jpeg" publish:qualifiedname="NetworkResourceBasic::Type Definitions::AvailabilityStatus::OFF_LINE" xmi:id="_2VL9IHMeEdyMGrC9Msb2bA" xsi:type="uml:EnumerationLiteral"/><publish:element name="OFF_DUTY" publish:icon="_3uy0YHMeEdyMGrC9Msb2bA_icon.jpeg" publish:qualifiedname="NetworkResourceBasic::Type Definitions::AvailabilityStatus::OFF_DUTY" xmi:id="_3uy0YHMeEdyMGrC9Msb2bA" xsi:type="uml:EnumerationLiteral"/><publish:element name="DEPENDENCY" publish:icon="_5WKa0HMeEdyMGrC9Msb2bA_icon.jpeg" publish:qualifiedname="NetworkResourceBasic::Type Definitions::AvailabilityStatus::DEPENDENCY" xmi:id="_5WKa0HMeEdyMGrC9Msb2bA" xsi:type="uml:EnumerationLiteral"/><publish:element name="DEGRADED" publish:icon="_7SoukHMeEdyMGrC9Msb2bA_icon.jpeg" publish:qualifiedname="NetworkResourceBasic::Type Definitions::AvailabilityStatus::DEGRADED" xmi:id="_7SoukHMeEdyMGrC9Msb2bA" xsi:type="uml:EnumerationLiteral"/><publish:element name="NOT_INSTALLED" publish:icon="_8eTQcHMeEdyMGrC9Msb2bA_icon.jpeg" publish:qualifiedname="NetworkResourceBasic::Type Definitions::AvailabilityStatus::NOT_INSTALLED" xmi:id="_8eTQcHMeEdyMGrC9Msb2bA" xsi:type="uml:EnumerationLiteral"/><publish:element name="LOG_FULL" publish:icon="_-ZoUsHMeEdyMGrC9Msb2bA_icon.jpeg" publish:qualifiedname="NetworkResourceBasic::Type Definitions::AvailabilityStatus::LOG_FULL" xmi:id="_-ZoUsHMeEdyMGrC9Msb2bA" xsi:type="uml:EnumerationLiteral"/><publish:element name="ControlStatus" publish:icon="_CenNEHMfEdyMGrC9Msb2bA_icon.jpeg" publish:qualifiedname="NetworkResourceBasic::Type Definitions::ControlStatus" xmi:id="_CenNEHMfEdyMGrC9Msb2bA" xsi:type="uml:Enumeration"/><publish:element name="UNKNOWN" publish:icon="_CenNEXMfEdyMGrC9Msb2bA_icon.jpeg" publish:qualifiedname="NetworkResourceBasic::Type Definitions::ControlStatus::UNKNOWN" xmi:id="_CenNEXMfEdyMGrC9Msb2bA" xsi:type="uml:EnumerationLiteral"/><publish:element name="SUBJECT_TO_TEST" publish:icon="_CenNEnMfEdyMGrC9Msb2bA_icon.jpeg" publish:qualifiedname="NetworkResourceBasic::Type Definitions::ControlStatus::SUBJECT_TO_TEST" xmi:id="_CenNEnMfEdyMGrC9Msb2bA" xsi:type="uml:EnumerationLiteral"/><publish:element name="PART_OF_SERVICES_LOCKED" publish:icon="_IZM8MHMfEdyMGrC9Msb2bA_icon.jpeg" publish:qualifiedname="NetworkResourceBasic::Type Definitions::ControlStatus::PART_OF_SERVICES_LOCKED" xmi:id="_IZM8MHMfEdyMGrC9Msb2bA" xsi:type="uml:EnumerationLiteral"/><publish:element name="RESERVED_FOR_TEST" publish:icon="_K0oc0HMfEdyMGrC9Msb2bA_icon.jpeg" publish:qualifiedname="NetworkResourceBasic::Type Definitions::ControlStatus::RESERVED_FOR_TEST" xmi:id="_K0oc0HMfEdyMGrC9Msb2bA" xsi:type="uml:EnumerationLiteral"/><publish:element name="SUSPENDED" publish:icon="_ODdJQHMfEdyMGrC9Msb2bA_icon.jpeg" publish:qualifiedname="NetworkResourceBasic::Type Definitions::ControlStatus::SUSPENDED" xmi:id="_ODdJQHMfEdyMGrC9Msb2bA" xsi:type="uml:EnumerationLiteral"/><publish:element name="HolderStatus" publish:icon="_RW9hYHMfEdyMGrC9Msb2bA_icon.jpeg" publish:qualifiedname="NetworkResourceBasic::Type Definitions::HolderStatus" xmi:id="_RW9hYHMfEdyMGrC9Msb2bA" xsi:type="uml:Enumeration"/><publish:element name="HOLDER_EMPTY" publish:icon="_RW9hYXMfEdyMGrC9Msb2bA_icon.jpeg" publish:qualifiedname="NetworkResourceBasic::Type Definitions::HolderStatus::HOLDER_EMPTY" xmi:id="_RW9hYXMfEdyMGrC9Msb2bA" xsi:type="uml:EnumerationLiteral"/><publish:element name="IN_THE_ACCEPTABLE_LIST" publish:icon="_RW9hYnMfEdyMGrC9Msb2bA_icon.jpeg" publish:qualifiedname="NetworkResourceBasic::Type Definitions::HolderStatus::IN_THE_ACCEPTABLE_LIST" xmi:id="_RW9hYnMfEdyMGrC9Msb2bA" xsi:type="uml:EnumerationLiteral"/><publish:element name="NOT_IN_THE_ACCEPTABLE_LIST" publish:icon="_ZxjvIHMfEdyMGrC9Msb2bA_icon.jpeg" publish:qualifiedname="NetworkResourceBasic::Type Definitions::HolderStatus::NOT_IN_THE_ACCEPTABLE_LIST" xmi:id="_ZxjvIHMfEdyMGrC9Msb2bA" xsi:type="uml:EnumerationLiteral"/><publish:element name="UNKNOWN_TYPE" publish:icon="_ccj80HMfEdyMGrC9Msb2bA_icon.jpeg" publish:qualifiedname="NetworkResourceBasic::Type Definitions::HolderStatus::UNKNOWN_TYPE" xmi:id="_ccj80HMfEdyMGrC9Msb2bA" xsi:type="uml:EnumerationLiteral"/><publish:element name="State" publish:icon="_3KC2oHMgEdyMGrC9Msb2bA_icon.jpeg" publish:qualifiedname="NetworkResourceBasic::Type Definitions::State" xmi:id="_3KC2oHMgEdyMGrC9Msb2bA" xsi:type="uml:Enumeration"/><publish:element name="UNKNOWN" publish:icon="_3KC2oXMgEdyMGrC9Msb2bA_icon.jpeg" publish:qualifiedname="NetworkResourceBasic::Type Definitions::State::UNKNOWN" xmi:id="_3KC2oXMgEdyMGrC9Msb2bA" xsi:type="uml:EnumerationLiteral"/><publish:element name="X721_OPERATIONAL_STATE" publish:icon="_up3v4HMhEdyMGrC9Msb2bA_icon.jpeg" publish:qualifiedname="NetworkResourceBasic::Type Definitions::State::X721_OPERATIONAL_STATE" xmi:id="_up3v4HMhEdyMGrC9Msb2bA" xsi:type="uml:EnumerationLiteral"/><publish:element name="X721_ADMINISTRATIVE_STATE" publish:icon="_up3v4nMhEdyMGrC9Msb2bA_icon.jpeg" publish:qualifiedname="NetworkResourceBasic::Type Definitions::State::X721_ADMINISTRATIVE_STATE" xmi:id="_up3v4nMhEdyMGrC9Msb2bA" xsi:type="uml:EnumerationLiteral"/><publish:element name="X721_USAGE_STATE" publish:icon="_up3v5HMhEdyMGrC9Msb2bA_icon.jpeg" publish:qualifiedname="NetworkResourceBasic::Type Definitions::State::X721_USAGE_STATE" xmi:id="_up3v5HMhEdyMGrC9Msb2bA" xsi:type="uml:EnumerationLiteral"/><publish:element name="X721_AVAILABILITY_STATUS" publish:icon="_up92gHMhEdyMGrC9Msb2bA_icon.jpeg" publish:qualifiedname="NetworkResourceBasic::Type Definitions::State::X721_AVAILABILITY_STATUS" xmi:id="_up92gHMhEdyMGrC9Msb2bA" xsi:type="uml:EnumerationLiteral"/><publish:element name="X721_CONTROL_STATUS" publish:icon="_up92gnMhEdyMGrC9Msb2bA_icon.jpeg" publish:qualifiedname="NetworkResourceBasic::Type Definitions::State::X721_CONTROL_STATUS" xmi:id="_up92gnMhEdyMGrC9Msb2bA" xsi:type="uml:EnumerationLiteral"/><publish:element name="M3100_HOLDER_STATUS" publish:icon="_up92hHMhEdyMGrC9Msb2bA_icon.jpeg" publish:qualifiedname="NetworkResourceBasic::Type Definitions::State::M3100_HOLDER_STATUS" xmi:id="_up92hHMhEdyMGrC9Msb2bA" xsi:type="uml:EnumerationLiteral"/><publish:element name="M3100_ALARM_STATUS" publish:icon="_up92iHMhEdyMGrC9Msb2bA_icon.jpeg" publish:qualifiedname="NetworkResourceBasic::Type Definitions::State::M3100_ALARM_STATUS" xmi:id="_up92iHMhEdyMGrC9Msb2bA" xsi:type="uml:EnumerationLiteral"/><publish:element name="M3100_ARC_STATE" publish:icon="_up92inMhEdyMGrC9Msb2bA_icon.jpeg" publish:qualifiedname="NetworkResourceBasic::Type Definitions::State::M3100_ARC_STATE" xmi:id="_up92inMhEdyMGrC9Msb2bA" xsi:type="uml:EnumerationLiteral"/><publish:element name="M3100_ARC_QI_STATUS" publish:icon="_up92knMhEdyMGrC9Msb2bA_icon.jpeg" publish:qualifiedname="NetworkResourceBasic::Type Definitions::State::M3100_ARC_QI_STATUS" xmi:id="_up92knMhEdyMGrC9Msb2bA" xsi:type="uml:EnumerationLiteral"/><publish:element name="X721_UNKNOWN_STATUS" publish:icon="_up92lHMhEdyMGrC9Msb2bA_icon.jpeg" publish:qualifiedname="NetworkResourceBasic::Type Definitions::State::X721_UNKNOWN_STATUS" xmi:id="_up92lHMhEdyMGrC9Msb2bA" xsi:type="uml:EnumerationLiteral"/><publish:element name="CommonResourceInfo" publish:icon="_xd-pIA6uEdyd7PUNb-IYCQ_icon.jpeg" publish:qualifiedname="NetworkResourceBasic::Data Object Classes::CommonResourceInfo" xmi:id="_xd-pIA6uEdyd7PUNb-IYCQ" xsi:type="uml:Class"/></publish:elements>