<?xml version="1.0" encoding="UTF-8"?><packagedElement xmlns:publish="http://www.ibm.com/Rational/XTools/Publish" xmlns:xmi="http://www.omg.org/XMI" xmlns:com.ibm.xtools.notation="http:///com/ibm/xtools/notation.ecore" xmlns:uml="http://www.eclipse.org/uml2/1.0.0/UML" xmlns:xsi="http://www.w3.org/2001/XMLSchema-instance" name="Data Object Classes" publish:diagramFormat="GIF" publish:icon="_qTkQ4A6uEdyd7PUNb-IYCQ_icon.jpeg" publish:modelname="NetworkResourceBasic" publish:qualifiedname="NetworkResourceBasic::Data Object Classes" publish:toplevelguid="_CqFiEA6qEdyd7PUNb-IYCQ" xmi:id="_qTkQ4A6uEdyd7PUNb-IYCQ" xmi:version="2.0" xsi:type="uml:Package"><publish:properties><publish:property name="Alias" publish:category="UML" publish:description="Alias property of the UML element"/><publish:property name="Keywords" publish:category="UML" publish:description="Keywords property of the UML element"/><publish:property name="Name" publish:category="UML" publish:description="The Name of the Named Element" publish:value="Data Object Classes"/><publish:property name="Name Expression" publish:category="UML" publish:description="The Name Expression of the Named Element"/><publish:property name="Namespace" publish:category="UML" publish:description="The Namespace of the Named Element" publish:value="&lt;Model&gt; NetworkResourceBasic"/><publish:property name="Nesting Package" publish:category="UML" publish:description="The Nesting Package of the Package" publish:value="&lt;Model&gt; NetworkResourceBasic"/><publish:property name="Owned Template Signature" publish:category="UML" publish:description="The Owned Template Signature of the Templateable Element"/><publish:property name="Owner" publish:category="UML" publish:description="The Owner of the Element" publish:value="&lt;Model&gt; NetworkResourceBasic"/><publish:property name="Owning Template Parameter" publish:category="UML" publish:description="The Owning Template Parameter of the Parameterable Element"/><publish:property name="Qualified Name" publish:category="UML" publish:description="The Qualified Name of the Named Element" publish:value="NetworkResourceBasic::Data Object Classes"/><publish:property name="Stereotype" publish:category="UML"/><publish:property name="Template Parameter" publish:category="UML" publish:description="The Template Parameter of the Parameterable Element"/><publish:property name="Visibility" publish:category="UML" publish:description="The Visibility of the Named Element" publish:value="Public"/></publish:properties><packagedElement name="CommonResourceInfo" publish:icon="_xd-pIA6uEdyd7PUNb-IYCQ_icon.jpeg" publish:qualifiedname="NetworkResourceBasic::Data Object Classes::CommonResourceInfo" xmi:id="_xd-pIA6uEdyd7PUNb-IYCQ" xsi:type="uml:Class"><publish:properties><publish:property name="Alias" publish:category="UML" publish:description="Alias property of the UML element"/><publish:property name="Classifier Behavior" publish:category="UML" publish:description="The Classifier Behavior of the Behaviored Classifier"/><publish:property name="Is Abstract" publish:category="UML" publish:description="The Is Abstract of the Classifier" publish:value="true"/><publish:property name="Is Active" publish:category="UML" publish:description="The Is Active of the Class" publish:value="false"/><publish:property name="Is Leaf" publish:category="UML" publish:description="The Is Leaf of the Redefinable Element" publish:value="false"/><publish:property name="Keywords" publish:category="UML" publish:description="Keywords property of the UML element"/><publish:property name="Name" publish:category="UML" publish:description="The Name of the Named Element" publish:value="CommonResourceInfo"/><publish:property name="Name Expression" publish:category="UML" publish:description="The Name Expression of the Named Element"/><publish:property name="Namespace" publish:category="UML" publish:description="The Namespace of the Named Element" publish:value="&lt;Package&gt; Data Object Classes"/><publish:property name="objectCreationNotification" publish:category="mTOPClass" publish:value="0 - NOT_APPLICABLE"/><publish:property name="objectDeletionNotification" publish:category="mTOPClass" publish:value="0 - NOT_APPLICABLE"/><publish:property name="objectDiscoveryNotification" publish:category="mTOPClass" publish:value="0 - NOT_APPLICABLE"/><publish:property name="Owned Template Signature" publish:category="UML" publish:description="The Owned Template Signature of the Templateable Element"/><publish:property name="Owner" publish:category="UML" publish:description="The Owner of the Element" publish:value="&lt;Package&gt; Data Object Classes"/><publish:property name="Owning Template Parameter" publish:category="UML" publish:description="The Owning Template Parameter of the Parameterable Element"/><publish:property name="Package" publish:category="UML" publish:description="The Package of the Type" publish:value="&lt;Package&gt; Data Object Classes"/><publish:property name="Qualified Name" publish:category="UML" publish:description="The Qualified Name of the Named Element" publish:value="NetworkResourceBasic::Data Object Classes::CommonResourceInfo"/><publish:property name="Representation" publish:category="UML" publish:description="The Representation of the Classifier"/><publish:property name="Stereotype" publish:category="UML" publish:value="mTOPClass"/><publish:property name="Template Parameter" publish:category="UML" publish:description="The Template Parameter of the Parameterable Element"/><publish:property name="Visibility" publish:category="UML" publish:description="The Visibility of the Named Element" publish:value="Public"/></publish:properties><ownedComment annotatedElement="_xd-pIA6uEdyd7PUNb-IYCQ" body="This object class defines the attributes that are common to all resource objects.&#13;&#10;See R_TMF518_NRB_I_0001." isDocumentation="true" isURL="false" name="&lt;Unnamed Comment&gt;" publish:icon="_xd-pIQ6uEdyd7PUNb-IYCQ_icon.jpeg" publish:qualifiedname="NetworkResourceBasic::Data Object Classes::CommonResourceInfo::&lt;Comment&gt;" xmi:id="_xd-pIQ6uEdyd7PUNb-IYCQ" xsi:type="uml:Comment"><publish:properties><publish:property name="Body" publish:category="UML" publish:description="The Body of the Comment" publish:value="This object class defines the attributes that are common to all resource objects...."/><publish:property name="Keywords" publish:category="UML" publish:description="Keywords property of the UML element"/><publish:property name="Owner" publish:category="UML" publish:description="The Owner of the Element" publish:value="&lt;&lt;mTOPClass&gt;&gt; &lt;Class&gt; CommonResourceInfo"/><publish:property name="Stereotype" publish:category="UML" publish:value="documentation"/></publish:properties></ownedComment><ownedAttribute name="source" publish:icon="_xd-pNg6uEdyd7PUNb-IYCQ_icon.jpeg" publish:is_association="false" publish:qualifiedname="NetworkResourceBasic::Data Object Classes::CommonResourceInfo::source" publish:type="ObjectSource" publish:typeid="_6R9EQPo2EduVsYI7mfNDXQ" xmi:id="_xd-pNg6uEdyd7PUNb-IYCQ" xsi:type="uml:Property"><publish:properties><publish:property name="Aggregation" publish:category="UML" publish:description="The Aggregation of the Property" publish:value="None"/><publish:property name="Alias" publish:category="UML" publish:description="Alias property of the UML element"/><publish:property name="Association" publish:category="UML" publish:description="The Association of the Property"/><publish:property name="Association End" publish:category="UML" publish:description="The Association End of the Property"/><publish:property name="Class" publish:category="UML" publish:description="The Class of the Property" publish:value="&lt;&lt;mTOPClass&gt;&gt; &lt;Class&gt; CommonResourceInfo"/><publish:property name="Datatype" publish:category="UML" publish:description="The Datatype of the Property"/><publish:property name="Default" publish:category="UML" publish:description="The Default of the Property" publish:value="UNKNOWN"/><publish:property name="Default Value" publish:category="UML" publish:description="The Default Value of the Property" publish:value="UNKNOWN"/><publish:property name="Is Composite" publish:category="UML" publish:description="The Is Composite of the Property" publish:value="false"/><publish:property name="Is Derived" publish:category="UML" publish:description="The Is Derived of the Property" publish:value="false"/><publish:property name="Is Derived Union" publish:category="UML" publish:description="The Is Derived Union of the Property" publish:value="false"/><publish:property name="Is Leaf" publish:category="UML" publish:description="The Is Leaf of the Redefinable Element" publish:value="false"/><publish:property name="Is Ordered" publish:category="UML" publish:description="The Is Ordered of the Multiplicity Element" publish:value="false"/><publish:property name="Is Read Only" publish:category="UML" publish:description="The Is Read Only of the Structural Feature" publish:value="true"/><publish:property name="Is Static" publish:category="UML" publish:description="The Is Static of the Feature" publish:value="false"/><publish:property name="Is Unique" publish:category="UML" publish:description="The Is Unique of the Multiplicity Element" publish:value="true"/><publish:property name="isInvariant" publish:category="mTOPAttribute" publish:value="True"/><publish:property name="Keywords" publish:category="UML" publish:description="Keywords property of the UML element"/><publish:property name="Lower" publish:category="UML" publish:description="The Lower of the Multiplicity Element" publish:value="1"/><publish:property name="Lower Value" publish:category="UML" publish:description="The Lower Value of the Multiplicity Element"/><publish:property name="Multiplicity" publish:category="UML" publish:description="Multiplicity property of Multiplicity Element" publish:value="1"/><publish:property name="Name" publish:category="UML" publish:description="The Name of the Named Element" publish:value="source"/><publish:property name="Name Expression" publish:category="UML" publish:description="The Name Expression of the Named Element"/><publish:property name="Namespace" publish:category="UML" publish:description="The Namespace of the Named Element" publish:value="&lt;&lt;mTOPClass&gt;&gt; &lt;Class&gt; CommonResourceInfo"/><publish:property name="notificationType" publish:category="mTOPAttribute" publish:value="0 - NOT_APPLICABLE"/><publish:property name="Opposite" publish:category="UML" publish:description="The Opposite of the Property"/><publish:property name="Owned Template Signature" publish:category="UML" publish:description="The Owned Template Signature of the Templateable Element"/><publish:property name="Owner" publish:category="UML" publish:description="The Owner of the Element" publish:value="&lt;&lt;mTOPClass&gt;&gt; &lt;Class&gt; CommonResourceInfo"/><publish:property name="Owning Association" publish:category="UML" publish:description="The Owning Association of the Property"/><publish:property name="Owning Template Parameter" publish:category="UML" publish:description="The Owning Template Parameter of the Parameterable Element"/><publish:property name="Qualified Name" publish:category="UML" publish:description="The Qualified Name of the Named Element" publish:value="NetworkResourceBasic::Data Object Classes::CommonResourceInfo::source"/><publish:property name="Stereotype" publish:category="UML" publish:value="mTOPAttribute"/><publish:property name="Template Parameter" publish:category="UML" publish:description="The Template Parameter of the Parameterable Element"/><publish:property name="Type" publish:category="UML" publish:description="The Type of the Typed Element" publish:value="&lt;Enumeration&gt; ObjectSource"/><publish:property name="Upper" publish:category="UML" publish:description="The Upper of the Multiplicity Element" publish:value="1"/><publish:property name="Upper Value" publish:category="UML" publish:description="The Upper Value of the Multiplicity Element"/><publish:property name="Visibility" publish:category="UML" publish:description="The Visibility of the Named Element" publish:value="Public"/><publish:property name="writeable" publish:category="mTOPAttribute" publish:value="1 - REQUESTING_OS_ONLY"/></publish:properties><ownedComment annotatedElement="_xd-pNg6uEdyd7PUNb-IYCQ" body="See R_TMF518_NRB_I_0001 and R_TMF518_NRB_I_0002." isDocumentation="true" isURL="false" name="&lt;Unnamed Comment&gt;" publish:icon="_FHlHwHAcEdycrJNsdA4sPg_icon.jpeg" publish:qualifiedname="NetworkResourceBasic::Data Object Classes::CommonResourceInfo::source::&lt;Comment&gt;" xmi:id="_FHlHwHAcEdycrJNsdA4sPg" xsi:type="uml:Comment"><publish:properties><publish:property name="Body" publish:category="UML" publish:description="The Body of the Comment" publish:value="See R_TMF518_NRB_I_0001 and R_TMF518_NRB_I_0002."/><publish:property name="Keywords" publish:category="UML" publish:description="Keywords property of the UML element"/><publish:property name="Owner" publish:category="UML" publish:description="The Owner of the Element" publish:value="&lt;&lt;mTOPAttribute&gt;&gt; &lt;Property&gt; source : ObjectSource"/><publish:property name="Stereotype" publish:category="UML" publish:value="documentation"/></publish:properties></ownedComment><defaultValue name="UNKNOWN" publish:icon="_XzqmMCMqEdy7GrfAi1CTwQ_icon.jpeg" publish:qualifiedname="NetworkResourceBasic::Data Object Classes::CommonResourceInfo::source::UNKNOWN" xmi:id="_XzqmMCMqEdy7GrfAi1CTwQ" xsi:type="uml:InstanceValue"><publish:properties><publish:property name="Alias" publish:category="UML" publish:description="Alias property of the UML element"/><publish:property name="Instance" publish:category="UML" publish:description="The Instance of the Instance Value" publish:value="&lt;Enumeration Literal&gt; UNKNOWN"/><publish:property name="Keywords" publish:category="UML" publish:description="Keywords property of the UML element"/><publish:property name="Name" publish:category="UML" publish:description="The Name of the Named Element" publish:value="UNKNOWN"/><publish:property name="Name Expression" publish:category="UML" publish:description="The Name Expression of the Named Element"/><publish:property name="Namespace" publish:category="UML" publish:description="The Namespace of the Named Element"/><publish:property name="Owner" publish:category="UML" publish:description="The Owner of the Element" publish:value="&lt;&lt;mTOPAttribute&gt;&gt; &lt;Property&gt; source : ObjectSource"/><publish:property name="Owning Template Parameter" publish:category="UML" publish:description="The Owning Template Parameter of the Parameterable Element"/><publish:property name="Qualified Name" publish:category="UML" publish:description="The Qualified Name of the Named Element" publish:value="UNKNOWN"/><publish:property name="Stereotype" publish:category="UML"/><publish:property name="Template Parameter" publish:category="UML" publish:description="The Template Parameter of the Parameterable Element"/><publish:property name="Type" publish:category="UML" publish:description="The Type of the Typed Element" publish:value="&lt;Enumeration&gt; ObjectSource"/><publish:property name="Visibility" publish:category="UML" publish:description="The Visibility of the Named Element" publish:value="Public"/></publish:properties></defaultValue></ownedAttribute><ownedAttribute name="resourceState" publish:icon="_xd-pPg6uEdyd7PUNb-IYCQ_icon.jpeg" publish:is_association="false" publish:qualifiedname="NetworkResourceBasic::Data Object Classes::CommonResourceInfo::resourceState" publish:type="ResourceState" publish:typeid="_8NSukPpBEduVsYI7mfNDXQ" xmi:id="_xd-pPg6uEdyd7PUNb-IYCQ" xsi:type="uml:Property"><publish:properties><publish:property name="Aggregation" publish:category="UML" publish:description="The Aggregation of the Property" publish:value="None"/><publish:property name="Alias" publish:category="UML" publish:description="Alias property of the UML element"/><publish:property name="Association" publish:category="UML" publish:description="The Association of the Property"/><publish:property name="Association End" publish:category="UML" publish:description="The Association End of the Property"/><publish:property name="Class" publish:category="UML" publish:description="The Class of the Property" publish:value="&lt;&lt;mTOPClass&gt;&gt; &lt;Class&gt; CommonResourceInfo"/><publish:property name="Datatype" publish:category="UML" publish:description="The Datatype of the Property"/><publish:property name="Default" publish:category="UML" publish:description="The Default of the Property"/><publish:property name="Default Value" publish:category="UML" publish:description="The Default Value of the Property" publish:value="&lt;Instance Value&gt; UNKNOWN"/><publish:property name="Is Composite" publish:category="UML" publish:description="The Is Composite of the Property" publish:value="false"/><publish:property name="Is Derived" publish:category="UML" publish:description="The Is Derived of the Property" publish:value="false"/><publish:property name="Is Derived Union" publish:category="UML" publish:description="The Is Derived Union of the Property" publish:value="false"/><publish:property name="Is Leaf" publish:category="UML" publish:description="The Is Leaf of the Redefinable Element" publish:value="false"/><publish:property name="Is Ordered" publish:category="UML" publish:description="The Is Ordered of the Multiplicity Element" publish:value="false"/><publish:property name="Is Read Only" publish:category="UML" publish:description="The Is Read Only of the Structural Feature" publish:value="true"/><publish:property name="Is Static" publish:category="UML" publish:description="The Is Static of the Feature" publish:value="false"/><publish:property name="Is Unique" publish:category="UML" publish:description="The Is Unique of the Multiplicity Element" publish:value="true"/><publish:property name="isInvariant" publish:category="mTOPAttribute" publish:value="False"/><publish:property name="Keywords" publish:category="UML" publish:description="Keywords property of the UML element"/><publish:property name="Lower" publish:category="UML" publish:description="The Lower of the Multiplicity Element" publish:value="1"/><publish:property name="Lower Value" publish:category="UML" publish:description="The Lower Value of the Multiplicity Element"/><publish:property name="Multiplicity" publish:category="UML" publish:description="Multiplicity property of Multiplicity Element" publish:value="1"/><publish:property name="Name" publish:category="UML" publish:description="The Name of the Named Element" publish:value="resourceState"/><publish:property name="Name Expression" publish:category="UML" publish:description="The Name Expression of the Named Element"/><publish:property name="Namespace" publish:category="UML" publish:description="The Namespace of the Named Element" publish:value="&lt;&lt;mTOPClass&gt;&gt; &lt;Class&gt; CommonResourceInfo"/><publish:property name="notificationType" publish:category="mTOPAttribute" publish:value="3 - STATE_CHANGE"/><publish:property name="Opposite" publish:category="UML" publish:description="The Opposite of the Property"/><publish:property name="Owned Template Signature" publish:category="UML" publish:description="The Owned Template Signature of the Templateable Element"/><publish:property name="Owner" publish:category="UML" publish:description="The Owner of the Element" publish:value="&lt;&lt;mTOPClass&gt;&gt; &lt;Class&gt; CommonResourceInfo"/><publish:property name="Owning Association" publish:category="UML" publish:description="The Owning Association of the Property"/><publish:property name="Owning Template Parameter" publish:category="UML" publish:description="The Owning Template Parameter of the Parameterable Element"/><publish:property name="Qualified Name" publish:category="UML" publish:description="The Qualified Name of the Named Element" publish:value="NetworkResourceBasic::Data Object Classes::CommonResourceInfo::resourceState"/><publish:property name="Stereotype" publish:category="UML" publish:value="mTOPAttribute"/><publish:property name="Template Parameter" publish:category="UML" publish:description="The Template Parameter of the Parameterable Element"/><publish:property name="Type" publish:category="UML" publish:description="The Type of the Typed Element" publish:value="&lt;Enumeration&gt; ResourceState"/><publish:property name="Upper" publish:category="UML" publish:description="The Upper of the Multiplicity Element" publish:value="1"/><publish:property name="Upper Value" publish:category="UML" publish:description="The Upper Value of the Multiplicity Element"/><publish:property name="Visibility" publish:category="UML" publish:description="The Visibility of the Named Element" publish:value="Public"/><publish:property name="writeable" publish:category="mTOPAttribute" publish:value="1 - REQUESTING_OS_ONLY"/></publish:properties><ownedComment annotatedElement="_xd-pPg6uEdyd7PUNb-IYCQ" body="See R_TMF518_NRB_I_0001.&#13;&#10;See SD2-17_EnhancedResourceStates supporting document." isDocumentation="true" isURL="false" name="&lt;Unnamed Comment&gt;" publish:icon="_xd-pPw6uEdyd7PUNb-IYCQ_icon.jpeg" publish:qualifiedname="NetworkResourceBasic::Data Object Classes::CommonResourceInfo::resourceState::&lt;Comment&gt;" xmi:id="_xd-pPw6uEdyd7PUNb-IYCQ" xsi:type="uml:Comment"><publish:properties><publish:property name="Body" publish:category="UML" publish:description="The Body of the Comment" publish:value="See R_TMF518_NRB_I_0001...."/><publish:property name="Keywords" publish:category="UML" publish:description="Keywords property of the UML element"/><publish:property name="Owner" publish:category="UML" publish:description="The Owner of the Element" publish:value="&lt;&lt;mTOPAttribute&gt;&gt; &lt;Property&gt; resourceState : ResourceState"/><publish:property name="Stereotype" publish:category="UML" publish:value="documentation"/></publish:properties></ownedComment><ownedComment annotatedElement="_xd-pPg6uEdyd7PUNb-IYCQ" body="..\SD\SD2-17_EnhancedResourceStates.doc" isDocumentation="false" isURL="true" name="&lt;Unnamed Comment&gt;" publish:icon="_EI-mcJEWEdypurMa9DXJyw_icon.jpeg" publish:qualifiedname="NetworkResourceBasic::Data Object Classes::CommonResourceInfo::resourceState::&lt;Comment&gt;" xmi:id="_EI-mcJEWEdypurMa9DXJyw" xsi:type="uml:Comment"><publish:properties><publish:property name="Body" publish:category="UML" publish:description="The Body of the Comment" publish:value="..\SD\SD2-17_EnhancedResourceStates.doc"/><publish:property name="Keywords" publish:category="UML" publish:description="Keywords property of the UML element"/><publish:property name="Owner" publish:category="UML" publish:description="The Owner of the Element" publish:value="&lt;&lt;mTOPAttribute&gt;&gt; &lt;Property&gt; resourceState : ResourceState"/><publish:property name="Stereotype" publish:category="UML" publish:value="URL"/></publish:properties></ownedComment><defaultValue name="UNKNOWN" publish:icon="_IlB5kCO-EdypgfGA_0P3-g_icon.jpeg" publish:qualifiedname="NetworkResourceBasic::Data Object Classes::CommonResourceInfo::resourceState::UNKNOWN" xmi:id="_IlB5kCO-EdypgfGA_0P3-g" xsi:type="uml:InstanceValue"><publish:properties><publish:property name="Alias" publish:category="UML" publish:description="Alias property of the UML element"/><publish:property name="Instance" publish:category="UML" publish:description="The Instance of the Instance Value"/><publish:property name="Keywords" publish:category="UML" publish:description="Keywords property of the UML element"/><publish:property name="Name" publish:category="UML" publish:description="The Name of the Named Element" publish:value="UNKNOWN"/><publish:property name="Name Expression" publish:category="UML" publish:description="The Name Expression of the Named Element"/><publish:property name="Namespace" publish:category="UML" publish:description="The Namespace of the Named Element"/><publish:property name="Owner" publish:category="UML" publish:description="The Owner of the Element" publish:value="&lt;&lt;mTOPAttribute&gt;&gt; &lt;Property&gt; resourceState : ResourceState"/><publish:property name="Owning Template Parameter" publish:category="UML" publish:description="The Owning Template Parameter of the Parameterable Element"/><publish:property name="Qualified Name" publish:category="UML" publish:description="The Qualified Name of the Named Element" publish:value="UNKNOWN"/><publish:property name="Stereotype" publish:category="UML"/><publish:property name="Template Parameter" publish:category="UML" publish:description="The Template Parameter of the Parameterable Element"/><publish:property name="Type" publish:category="UML" publish:description="The Type of the Typed Element" publish:value="&lt;Enumeration&gt; ResourceState"/><publish:property name="Visibility" publish:category="UML" publish:description="The Visibility of the Named Element" publish:value="Public"/></publish:properties></defaultValue></ownedAttribute><ownedAttribute name="networkAccessDomain" publish:icon="_NSqLsGgtEdybUdEk71hLJA_icon.jpeg" publish:qualifiedname="NetworkResourceBasic::Data Object Classes::CommonResourceInfo::networkAccessDomain" publish:type="String" xmi:id="_NSqLsGgtEdybUdEk71hLJA" xsi:type="uml:Property"><publish:properties><publish:property name="Aggregation" publish:category="UML" publish:description="The Aggregation of the Property" publish:value="None"/><publish:property name="Alias" publish:category="UML" publish:description="Alias property of the UML element"/><publish:property name="Association" publish:category="UML" publish:description="The Association of the Property"/><publish:property name="Association End" publish:category="UML" publish:description="The Association End of the Property"/><publish:property name="Class" publish:category="UML" publish:description="The Class of the Property" publish:value="&lt;&lt;mTOPClass&gt;&gt; &lt;Class&gt; CommonResourceInfo"/><publish:property name="Datatype" publish:category="UML" publish:description="The Datatype of the Property"/><publish:property name="Default" publish:category="UML" publish:description="The Default of the Property" publish:value="empty string"/><publish:property name="Default Value" publish:category="UML" publish:description="The Default Value of the Property" publish:value="&lt;Opaque Expression&gt; empty string"/><publish:property name="Is Composite" publish:category="UML" publish:description="The Is Composite of the Property" publish:value="false"/><publish:property name="Is Derived" publish:category="UML" publish:description="The Is Derived of the Property" publish:value="false"/><publish:property name="Is Derived Union" publish:category="UML" publish:description="The Is Derived Union of the Property" publish:value="false"/><publish:property name="Is Leaf" publish:category="UML" publish:description="The Is Leaf of the Redefinable Element" publish:value="false"/><publish:property name="Is Ordered" publish:category="UML" publish:description="The Is Ordered of the Multiplicity Element" publish:value="false"/><publish:property name="Is Read Only" publish:category="UML" publish:description="The Is Read Only of the Structural Feature" publish:value="false"/><publish:property name="Is Static" publish:category="UML" publish:description="The Is Static of the Feature" publish:value="false"/><publish:property name="Is Unique" publish:category="UML" publish:description="The Is Unique of the Multiplicity Element" publish:value="true"/><publish:property name="isInvariant" publish:category="mTOPAttribute" publish:value="False"/><publish:property name="Keywords" publish:category="UML" publish:description="Keywords property of the UML element"/><publish:property name="Lower" publish:category="UML" publish:description="The Lower of the Multiplicity Element" publish:value="1"/><publish:property name="Lower Value" publish:category="UML" publish:description="The Lower Value of the Multiplicity Element"/><publish:property name="Multiplicity" publish:category="UML" publish:description="Multiplicity property of Multiplicity Element" publish:value="1"/><publish:property name="Name" publish:category="UML" publish:description="The Name of the Named Element" publish:value="networkAccessDomain"/><publish:property name="Name Expression" publish:category="UML" publish:description="The Name Expression of the Named Element"/><publish:property name="Namespace" publish:category="UML" publish:description="The Namespace of the Named Element" publish:value="&lt;&lt;mTOPClass&gt;&gt; &lt;Class&gt; CommonResourceInfo"/><publish:property name="notificationType" publish:category="mTOPAttribute" publish:value="2 - ATTRIBUTE_VALUE_CHANGE"/><publish:property name="Opposite" publish:category="UML" publish:description="The Opposite of the Property"/><publish:property name="Owned Template Signature" publish:category="UML" publish:description="The Owned Template Signature of the Templateable Element"/><publish:property name="Owner" publish:category="UML" publish:description="The Owner of the Element" publish:value="&lt;&lt;mTOPClass&gt;&gt; &lt;Class&gt; CommonResourceInfo"/><publish:property name="Owning Association" publish:category="UML" publish:description="The Owning Association of the Property"/><publish:property name="Owning Template Parameter" publish:category="UML" publish:description="The Owning Template Parameter of the Parameterable Element"/><publish:property name="Qualified Name" publish:category="UML" publish:description="The Qualified Name of the Named Element" publish:value="NetworkResourceBasic::Data Object Classes::CommonResourceInfo::networkAccessDomain"/><publish:property name="Stereotype" publish:category="UML" publish:value="mTOPAttribute"/><publish:property name="Template Parameter" publish:category="UML" publish:description="The Template Parameter of the Parameterable Element"/><publish:property name="Type" publish:category="UML" publish:description="The Type of the Typed Element" publish:value="&lt;Primitive Type&gt; String"/><publish:property name="Upper" publish:category="UML" publish:description="The Upper of the Multiplicity Element" publish:value="1"/><publish:property name="Upper Value" publish:category="UML" publish:description="The Upper Value of the Multiplicity Element"/><publish:property name="Visibility" publish:category="UML" publish:description="The Visibility of the Named Element" publish:value="Public"/><publish:property name="writeable" publish:category="mTOPAttribute" publish:value="1 - REQUESTING_OS_ONLY"/></publish:properties><ownedComment annotatedElement="_NSqLsGgtEdybUdEk71hLJA" body="This attribute contains a free-format string used to associate the resource to a Network Access Domain." isDocumentation="true" isURL="false" name="&lt;Unnamed Comment&gt;" publish:icon="_NSqLsWgtEdybUdEk71hLJA_icon.jpeg" publish:qualifiedname="NetworkResourceBasic::Data Object Classes::CommonResourceInfo::networkAccessDomain::&lt;Comment&gt;" xmi:id="_NSqLsWgtEdybUdEk71hLJA" xsi:type="uml:Comment"><publish:properties><publish:property name="Body" publish:category="UML" publish:description="The Body of the Comment" publish:value="This attribute contains a free-format string used to associate the resource to a Network Access Domain."/><publish:property name="Keywords" publish:category="UML" publish:description="Keywords property of the UML element"/><publish:property name="Owner" publish:category="UML" publish:description="The Owner of the Element" publish:value="&lt;&lt;mTOPAttribute&gt;&gt; &lt;Property&gt; networkAccessDomain : String"/><publish:property name="Stereotype" publish:category="UML" publish:value="documentation"/></publish:properties></ownedComment><defaultValue name="&lt;Unnamed OpaqueExpression&gt;" publish:icon="_NSqLsmgtEdybUdEk71hLJA_icon.jpeg" publish:qualifiedname="NetworkResourceBasic::Data Object Classes::CommonResourceInfo::networkAccessDomain::&lt;OpaqueExpression&gt;" xmi:id="_NSqLsmgtEdybUdEk71hLJA" xsi:type="uml:OpaqueExpression"><publish:properties><publish:property name="Alias" publish:category="UML" publish:description="Alias property of the UML element"/><publish:property name="Behavior" publish:category="UML" publish:description="The Behavior of the Opaque Expression"/><publish:property name="Body" publish:category="UML" publish:description="The Body of the Opaque Expression" publish:value="empty string"/><publish:property name="Keywords" publish:category="UML" publish:description="Keywords property of the UML element"/><publish:property name="Language" publish:category="UML" publish:description="The Language of the Opaque Expression"/><publish:property name="Name" publish:category="UML" publish:description="The Name of the Named Element"/><publish:property name="Name Expression" publish:category="UML" publish:description="The Name Expression of the Named Element"/><publish:property name="Namespace" publish:category="UML" publish:description="The Namespace of the Named Element"/><publish:property name="Owner" publish:category="UML" publish:description="The Owner of the Element" publish:value="&lt;&lt;mTOPAttribute&gt;&gt; &lt;Property&gt; networkAccessDomain : String"/><publish:property name="Owning Template Parameter" publish:category="UML" publish:description="The Owning Template Parameter of the Parameterable Element"/><publish:property name="Qualified Name" publish:category="UML" publish:description="The Qualified Name of the Named Element"/><publish:property name="Result" publish:category="UML" publish:description="The Result of the Opaque Expression"/><publish:property name="Stereotype" publish:category="UML"/><publish:property name="Template Parameter" publish:category="UML" publish:description="The Template Parameter of the Parameterable Element"/><publish:property name="Type" publish:category="UML" publish:description="The Type of the Typed Element" publish:value="&lt;Primitive Type&gt; String"/><publish:property name="Visibility" publish:category="UML" publish:description="The Visibility of the Named Element" publish:value="Public"/></publish:properties></defaultValue></ownedAttribute><ownedAttribute name="ituStateAndStatusList" publish:icon="_2-NcwGgtEdybUdEk71hLJA_icon.jpeg" publish:is_association="false" publish:qualifiedname="NetworkResourceBasic::Data Object Classes::CommonResourceInfo::ituStateAndStatusList" publish:type="ItuStateOrStatus" publish:typeid="_0-X4AHMaEdyMGrC9Msb2bA" xmi:id="_2-NcwGgtEdybUdEk71hLJA" xsi:type="uml:Property"><publish:properties><publish:property name="Aggregation" publish:category="UML" publish:description="The Aggregation of the Property" publish:value="None"/><publish:property name="Alias" publish:category="UML" publish:description="Alias property of the UML element"/><publish:property name="Association" publish:category="UML" publish:description="The Association of the Property"/><publish:property name="Association End" publish:category="UML" publish:description="The Association End of the Property"/><publish:property name="Class" publish:category="UML" publish:description="The Class of the Property" publish:value="&lt;&lt;mTOPClass&gt;&gt; &lt;Class&gt; CommonResourceInfo"/><publish:property name="Datatype" publish:category="UML" publish:description="The Datatype of the Property"/><publish:property name="Default" publish:category="UML" publish:description="The Default of the Property" publish:value="empty list"/><publish:property name="Default Value" publish:category="UML" publish:description="The Default Value of the Property" publish:value="&lt;Opaque Expression&gt; empty list"/><publish:property name="Is Composite" publish:category="UML" publish:description="The Is Composite of the Property" publish:value="false"/><publish:property name="Is Derived" publish:category="UML" publish:description="The Is Derived of the Property" publish:value="false"/><publish:property name="Is Derived Union" publish:category="UML" publish:description="The Is Derived Union of the Property" publish:value="false"/><publish:property name="Is Leaf" publish:category="UML" publish:description="The Is Leaf of the Redefinable Element" publish:value="false"/><publish:property name="Is Ordered" publish:category="UML" publish:description="The Is Ordered of the Multiplicity Element" publish:value="false"/><publish:property name="Is Read Only" publish:category="UML" publish:description="The Is Read Only of the Structural Feature" publish:value="false"/><publish:property name="Is Static" publish:category="UML" publish:description="The Is Static of the Feature" publish:value="false"/><publish:property name="Is Unique" publish:category="UML" publish:description="The Is Unique of the Multiplicity Element" publish:value="true"/><publish:property name="isInvariant" publish:category="mTOPAttribute" publish:value="False"/><publish:property name="Keywords" publish:category="UML" publish:description="Keywords property of the UML element"/><publish:property name="Lower" publish:category="UML" publish:description="The Lower of the Multiplicity Element" publish:value="0"/><publish:property name="Lower Value" publish:category="UML" publish:description="The Lower Value of the Multiplicity Element" publish:value="&lt;Literal Integer&gt; 0"/><publish:property name="Multiplicity" publish:category="UML" publish:description="Multiplicity property of Multiplicity Element" publish:value="*"/><publish:property name="Name" publish:category="UML" publish:description="The Name of the Named Element" publish:value="ituStateAndStatusList"/><publish:property name="Name Expression" publish:category="UML" publish:description="The Name Expression of the Named Element"/><publish:property name="Namespace" publish:category="UML" publish:description="The Namespace of the Named Element" publish:value="&lt;&lt;mTOPClass&gt;&gt; &lt;Class&gt; CommonResourceInfo"/><publish:property name="notificationType" publish:category="mTOPAttribute" publish:value="3 - STATE_CHANGE"/><publish:property name="Opposite" publish:category="UML" publish:description="The Opposite of the Property"/><publish:property name="Owned Template Signature" publish:category="UML" publish:description="The Owned Template Signature of the Templateable Element"/><publish:property name="Owner" publish:category="UML" publish:description="The Owner of the Element" publish:value="&lt;&lt;mTOPClass&gt;&gt; &lt;Class&gt; CommonResourceInfo"/><publish:property name="Owning Association" publish:category="UML" publish:description="The Owning Association of the Property"/><publish:property name="Owning Template Parameter" publish:category="UML" publish:description="The Owning Template Parameter of the Parameterable Element"/><publish:property name="Qualified Name" publish:category="UML" publish:description="The Qualified Name of the Named Element" publish:value="NetworkResourceBasic::Data Object Classes::CommonResourceInfo::ituStateAndStatusList"/><publish:property name="Stereotype" publish:category="UML" publish:value="mTOPAttribute"/><publish:property name="Template Parameter" publish:category="UML" publish:description="The Template Parameter of the Parameterable Element"/><publish:property name="Type" publish:category="UML" publish:description="The Type of the Typed Element" publish:value="&lt;Enumeration&gt; ItuStateOrStatus"/><publish:property name="Upper" publish:category="UML" publish:description="The Upper of the Multiplicity Element" publish:value="*"/><publish:property name="Upper Value" publish:category="UML" publish:description="The Upper Value of the Multiplicity Element" publish:value="&lt;Literal Unlimited Natural&gt; *"/><publish:property name="Visibility" publish:category="UML" publish:description="The Visibility of the Named Element" publish:value="Public"/><publish:property name="writeable" publish:category="mTOPAttribute" publish:value="1 - REQUESTING_OS_ONLY"/></publish:properties><ownedComment annotatedElement="_2-NcwGgtEdybUdEk71hLJA" body="See R_TMF518_NRB_I_0001 and R_TMF518_NRB_I_0004.&#13;&#10;See supporting document SD1-8_encodingX731M3100." isDocumentation="true" isURL="false" name="&lt;Unnamed Comment&gt;" publish:icon="_1BDowHAeEdycrJNsdA4sPg_icon.jpeg" publish:qualifiedname="NetworkResourceBasic::Data Object Classes::CommonResourceInfo::ituStateAndStatusList::&lt;Comment&gt;" xmi:id="_1BDowHAeEdycrJNsdA4sPg" xsi:type="uml:Comment"><publish:properties><publish:property name="Body" publish:category="UML" publish:description="The Body of the Comment" publish:value="See R_TMF518_NRB_I_0001 and R_TMF518_NRB_I_0004...."/><publish:property name="Keywords" publish:category="UML" publish:description="Keywords property of the UML element"/><publish:property name="Owner" publish:category="UML" publish:description="The Owner of the Element" publish:value="&lt;&lt;mTOPAttribute&gt;&gt; &lt;Property&gt; ituStateAndStatusList : ItuStateOrStatus [0..*]"/><publish:property name="Stereotype" publish:category="UML" publish:value="documentation"/></publish:properties></ownedComment><ownedComment annotatedElement="_2-NcwGgtEdybUdEk71hLJA" body="..\..\Framework\SD\SD1-8_encodingX731M3100.doc" isDocumentation="false" isURL="true" name="&lt;Unnamed Comment&gt;" publish:icon="_1rmoIPsnEdybz6jVd6YVeQ_icon.jpeg" publish:qualifiedname="NetworkResourceBasic::Data Object Classes::CommonResourceInfo::ituStateAndStatusList::&lt;Comment&gt;" xmi:id="_1rmoIPsnEdybz6jVd6YVeQ" xsi:type="uml:Comment"><publish:properties><publish:property name="Body" publish:category="UML" publish:description="The Body of the Comment" publish:value="..\..\Framework\SD\SD1-8_encodingX731M3100.doc"/><publish:property name="Keywords" publish:category="UML" publish:description="Keywords property of the UML element"/><publish:property name="Owner" publish:category="UML" publish:description="The Owner of the Element" publish:value="&lt;&lt;mTOPAttribute&gt;&gt; &lt;Property&gt; ituStateAndStatusList : ItuStateOrStatus [0..*]"/><publish:property name="Stereotype" publish:category="UML" publish:value="URL"/></publish:properties></ownedComment><upperValue name="&lt;Unnamed LiteralUnlimitedNatural&gt;" publish:icon="_EGuyMWguEdybUdEk71hLJA_icon.jpeg" publish:qualifiedname="NetworkResourceBasic::Data Object Classes::CommonResourceInfo::ituStateAndStatusList::&lt;LiteralUnlimitedNatural&gt;" xmi:id="_EGuyMWguEdybUdEk71hLJA" xsi:type="uml:LiteralUnlimitedNatural"><publish:properties><publish:property name="Alias" publish:category="UML" publish:description="Alias property of the UML element"/><publish:property name="Keywords" publish:category="UML" publish:description="Keywords property of the UML element"/><publish:property name="Name" publish:category="UML" publish:description="The Name of the Named Element"/><publish:property name="Name Expression" publish:category="UML" publish:description="The Name Expression of the Named Element"/><publish:property name="Namespace" publish:category="UML" publish:description="The Namespace of the Named Element"/><publish:property name="Owner" publish:category="UML" publish:description="The Owner of the Element" publish:value="&lt;&lt;mTOPAttribute&gt;&gt; &lt;Property&gt; ituStateAndStatusList : ItuStateOrStatus [0..*]"/><publish:property name="Owning Template Parameter" publish:category="UML" publish:description="The Owning Template Parameter of the Parameterable Element"/><publish:property name="Qualified Name" publish:category="UML" publish:description="The Qualified Name of the Named Element"/><publish:property name="Stereotype" publish:category="UML"/><publish:property name="Template Parameter" publish:category="UML" publish:description="The Template Parameter of the Parameterable Element"/><publish:property name="Type" publish:category="UML" publish:description="The Type of the Typed Element"/><publish:property name="Value" publish:category="UML" publish:description="The Value of the Literal Unlimited Natural" publish:value="*"/><publish:property name="Visibility" publish:category="UML" publish:description="The Visibility of the Named Element" publish:value="Public"/></publish:properties></upperValue><lowerValue name="&lt;Unnamed LiteralInteger&gt;" publish:icon="_EGuyMGguEdybUdEk71hLJA_icon.jpeg" publish:qualifiedname="NetworkResourceBasic::Data Object Classes::CommonResourceInfo::ituStateAndStatusList::&lt;LiteralInteger&gt;" xmi:id="_EGuyMGguEdybUdEk71hLJA" xsi:type="uml:LiteralInteger"><publish:properties><publish:property name="Alias" publish:category="UML" publish:description="Alias property of the UML element"/><publish:property name="Keywords" publish:category="UML" publish:description="Keywords property of the UML element"/><publish:property name="Name" publish:category="UML" publish:description="The Name of the Named Element"/><publish:property name="Name Expression" publish:category="UML" publish:description="The Name Expression of the Named Element"/><publish:property name="Namespace" publish:category="UML" publish:description="The Namespace of the Named Element"/><publish:property name="Owner" publish:category="UML" publish:description="The Owner of the Element" publish:value="&lt;&lt;mTOPAttribute&gt;&gt; &lt;Property&gt; ituStateAndStatusList : ItuStateOrStatus [0..*]"/><publish:property name="Owning Template Parameter" publish:category="UML" publish:description="The Owning Template Parameter of the Parameterable Element"/><publish:property name="Qualified Name" publish:category="UML" publish:description="The Qualified Name of the Named Element"/><publish:property name="Stereotype" publish:category="UML"/><publish:property name="Template Parameter" publish:category="UML" publish:description="The Template Parameter of the Parameterable Element"/><publish:property name="Type" publish:category="UML" publish:description="The Type of the Typed Element"/><publish:property name="Value" publish:category="UML" publish:description="The Value of the Literal Integer" publish:value="0"/><publish:property name="Visibility" publish:category="UML" publish:description="The Visibility of the Named Element" publish:value="Public"/></publish:properties></lowerValue><defaultValue name="&lt;Unnamed OpaqueExpression&gt;" publish:icon="__gJBkGgtEdybUdEk71hLJA_icon.jpeg" publish:qualifiedname="NetworkResourceBasic::Data Object Classes::CommonResourceInfo::ituStateAndStatusList::&lt;OpaqueExpression&gt;" xmi:id="__gJBkGgtEdybUdEk71hLJA" xsi:type="uml:OpaqueExpression"><publish:properties><publish:property name="Alias" publish:category="UML" publish:description="Alias property of the UML element"/><publish:property name="Behavior" publish:category="UML" publish:description="The Behavior of the Opaque Expression"/><publish:property name="Body" publish:category="UML" publish:description="The Body of the Opaque Expression" publish:value="empty list"/><publish:property name="Keywords" publish:category="UML" publish:description="Keywords property of the UML element"/><publish:property name="Language" publish:category="UML" publish:description="The Language of the Opaque Expression"/><publish:property name="Name" publish:category="UML" publish:description="The Name of the Named Element"/><publish:property name="Name Expression" publish:category="UML" publish:description="The Name Expression of the Named Element"/><publish:property name="Namespace" publish:category="UML" publish:description="The Namespace of the Named Element"/><publish:property name="Owner" publish:category="UML" publish:description="The Owner of the Element" publish:value="&lt;&lt;mTOPAttribute&gt;&gt; &lt;Property&gt; ituStateAndStatusList : ItuStateOrStatus [0..*]"/><publish:property name="Owning Template Parameter" publish:category="UML" publish:description="The Owning Template Parameter of the Parameterable Element"/><publish:property name="Qualified Name" publish:category="UML" publish:description="The Qualified Name of the Named Element"/><publish:property name="Result" publish:category="UML" publish:description="The Result of the Opaque Expression"/><publish:property name="Stereotype" publish:category="UML"/><publish:property name="Template Parameter" publish:category="UML" publish:description="The Template Parameter of the Parameterable Element"/><publish:property name="Type" publish:category="UML" publish:description="The Type of the Typed Element" publish:value="&lt;Enumeration&gt; ItuStateOrStatus"/><publish:property name="Visibility" publish:category="UML" publish:description="The Visibility of the Named Element" publish:value="Public"/></publish:properties></defaultValue></ownedAttribute></packagedElement></packagedElement>