<?xml version="1.0" encoding="UTF-8"?><packagedElement xmlns:publish="http://www.ibm.com/Rational/XTools/Publish" xmlns:xmi="http://www.omg.org/XMI" xmlns:com.ibm.xtools.notation="http:///com/ibm/xtools/notation.ecore" xmlns:uml="http://www.eclipse.org/uml2/1.0.0/UML" xmlns:xsi="http://www.w3.org/2001/XMLSchema-instance" name="Class Diagrams" publish:diagramFormat="GIF" publish:icon="_fFjvYB5cEdyjX65vzeWaBA_icon.jpeg" publish:modelname="NetworkResourceAssurance" publish:qualifiedname="NetworkResourceAssurance::Class Diagrams" publish:toplevelguid="_TIGMoA6qEdyd7PUNb-IYCQ" xmi:id="_fFjvYB5cEdyjX65vzeWaBA" xmi:version="2.0" xsi:type="uml:Package"><publish:properties><publish:property name="Alias" publish:category="UML" publish:description="Alias property of the UML element"/><publish:property name="Keywords" publish:category="UML" publish:description="Keywords property of the UML element"/><publish:property name="Name" publish:category="UML" publish:description="The Name of the Named Element" publish:value="Class Diagrams"/><publish:property name="Name Expression" publish:category="UML" publish:description="The Name Expression of the Named Element"/><publish:property name="Namespace" publish:category="UML" publish:description="The Namespace of the Named Element" publish:value="&lt;Model&gt; NetworkResourceAssurance"/><publish:property name="Nesting Package" publish:category="UML" publish:description="The Nesting Package of the Package" publish:value="&lt;Model&gt; NetworkResourceAssurance"/><publish:property name="Owned Template Signature" publish:category="UML" publish:description="The Owned Template Signature of the Templateable Element"/><publish:property name="Owner" publish:category="UML" publish:description="The Owner of the Element" publish:value="&lt;Model&gt; NetworkResourceAssurance"/><publish:property name="Owning Template Parameter" publish:category="UML" publish:description="The Owning Template Parameter of the Parameterable Element"/><publish:property name="Qualified Name" publish:category="UML" publish:description="The Qualified Name of the Named Element" publish:value="NetworkResourceAssurance::Class Diagrams"/><publish:property name="Stereotype" publish:category="UML"/><publish:property name="Template Parameter" publish:category="UML" publish:description="The Template Parameter of the Parameterable Element"/><publish:property name="Visibility" publish:category="UML" publish:description="The Visibility of the Named Element" publish:value="Public"/></publish:properties><contents Type="Class" name="NRA Class Diagram" publish:icon="_pf9NAFVXEdya2sE_yD1PfQ_icon.jpeg" publish:imageType="GIF" publish:qualifiedname="NetworkResourceAssurance::Class Diagrams::NRA Class Diagram" xmi:id="_pf9NAFVXEdya2sE_yD1PfQ" xsi:type="notation:Diagram"><publish:properties><publish:property name="Measurement Unit" publish:category="View" publish:description="The Measurement Unit of the Diagram" publish:value="Himetric"/><publish:property name="Name" publish:category="View" publish:description="The Name of the Diagram" publish:value="NRA Class Diagram"/><publish:property name="Styles" publish:category="View" publish:description="The Styles of the View"/></publish:properties><publish:partInfo coords="881,672,881,739,871,739,871,672,881,672" name="Dependency" publish:ismodellink="false" shape="poly" xmi:id="_PFyckMT7EdyC6_0TtuYPCQ"/><publish:partInfo coords="1032,57,1399,57,1409,67,1409,354,1399,354,1399,67,1399,67,1032,67,1032,57" name="Association" publish:ismodellink="false" shape="poly" xmi:id="_9SP3cFFUEdyZhYPB67lKRA"/><publish:partInfo coords="449,876,449,940,439,940,439,876,449,876" name="Dependency" publish:ismodellink="false" shape="poly" xmi:id="_H6094MRPEdyoEOATfpD7og"/><publish:partInfo coords="449,720,449,789,439,789,439,720,449,720" name="Dependency" publish:ismodellink="false" shape="poly" xmi:id="_pOkE4MROEdyoEOATfpD7og"/><publish:partInfo coords="739,78,343,78,353,68,353,342,343,342,343,68,343,68,739,68,739,78" name="Association" publish:ismodellink="false" shape="poly" xmi:id="_xZ98sFFmEdyZhYPB67lKRA"/><publish:partInfo coords="1357,684,1357,763,1347,763,1347,684,1357,684" name="Association" publish:ismodellink="false" shape="poly" xmi:id="_X19ksFFrEdyZhYPB67lKRA"/><publish:partInfo coords="1347,850,1347,930,1337,930,1337,850,1347,850" name="Dependency" publish:ismodellink="false" shape="poly" xmi:id="_2JMRQFYOEdys97lG39tcpw"/><publish:partInfo name="EquipmentProtectionGroup" publish:ismodellink="false" publish:partLowerX="1620" publish:partLowerY="522" publish:partUpperX="1148" publish:partUpperY="355" shape="rect" xmi:id="_jovjIFFTEdyZhYPB67lKRA"/><publish:partInfo name="TcaParameterProfile" publish:ismodellink="false" publish:partLowerX="1073" publish:partLowerY="672" publish:partUpperX="676" publish:partUpperY="569" shape="rect" xmi:id="_rbGJUFYuEdys97lG39tcpw"/><publish:partInfo name="ProtectionGroup" publish:ismodellink="false" publish:partLowerX="596" publish:partLowerY="526" publish:partUpperX="9" publish:partUpperY="343" shape="rect" xmi:id="_Q8_tUFFhEdyZhYPB67lKRA"/><publish:partInfo name="PerformanceMonitoringThreshold" publish:ismodellink="false" publish:partLowerX="612" publish:partLowerY="1059" publish:partUpperX="269" publish:partUpperY="940" shape="rect" xmi:id="_Wk5toFYaEdys97lG39tcpw"/><publish:partInfo name="PerformanceMonitoringParameter" publish:ismodellink="false" publish:partLowerX="654" publish:partLowerY="877" publish:partUpperX="227" publish:partUpperY="790" shape="rect" xmi:id="_r3PUwFYYEdys97lG39tcpw"/><publish:partInfo name="PerformanceMonitoringPoint" publish:ismodellink="false" publish:partLowerX="662" publish:partLowerY="720" publish:partUpperX="218" publish:partUpperY="569" shape="rect" xmi:id="_lrQs8FYTEdys97lG39tcpw"/><publish:partInfo name="AlarmSeverityAssignment" publish:ismodellink="false" publish:partLowerX="1578" publish:partLowerY="1081" publish:partUpperX="1100" publish:partUpperY="930" shape="rect" xmi:id="_obM3QFYOEdys97lG39tcpw"/><publish:partInfo name="AlarmSeverityAssignmentProfile" publish:ismodellink="false" publish:partLowerX="1589" publish:partLowerY="850" publish:partUpperX="1089" publish:partUpperY="763" shape="rect" xmi:id="_rCh4AP-tEduKKLvC_EB00A"/><publish:partInfo name="TcaParameter" publish:ismodellink="false" publish:partLowerX="1052" publish:partLowerY="907" publish:partUpperX="684" publish:partUpperY="740" shape="rect" xmi:id="_sIpEcFYxEdys97lG39tcpw"/></contents><contents Type="Class" name="NRA DDP Relationship Diagram" publish:icon="_W8VekFYMEdys97lG39tcpw_icon.jpeg" publish:imageType="GIF" publish:qualifiedname="NetworkResourceAssurance::Class Diagrams::NRA DDP Relationship Diagram" xmi:id="_W8VekFYMEdys97lG39tcpw" xsi:type="notation:Diagram"><publish:properties><publish:property name="Measurement Unit" publish:category="View" publish:description="The Measurement Unit of the Diagram" publish:value="Himetric"/><publish:property name="Name" publish:category="View" publish:description="The Name of the Diagram" publish:value="NRA DDP Relationship Diagram"/><publish:property name="Styles" publish:category="View" publish:description="The Styles of the View"/></publish:properties><publish:partInfo name="NetworkResourceAssurance" publish:ismodellink="true" publish:partLowerX="205" publish:partLowerY="267" publish:partUpperX="19" publish:partUpperY="256" shape="rect" xmi:id="_TIGMoA6qEdyd7PUNb-IYCQ"/><publish:partInfo name="NetworkResourceAssurance" publish:ismodellink="true" publish:partLowerX="215" publish:partLowerY="269" publish:partUpperX="9" publish:partUpperY="216" shape="rect" xmi:id="_TIGMoA6qEdyd7PUNb-IYCQ"/></contents><contents Type="Class" name="NRA Notifications Diagram" publish:icon="_4LCtEFY2Edys97lG39tcpw_icon.jpeg" publish:imageType="GIF" publish:qualifiedname="NetworkResourceAssurance::Class Diagrams::NRA Notifications Diagram" xmi:id="_4LCtEFY2Edys97lG39tcpw" xsi:type="notation:Diagram"><publish:properties><publish:property name="Measurement Unit" publish:category="View" publish:description="The Measurement Unit of the Diagram" publish:value="Himetric"/><publish:property name="Name" publish:category="View" publish:description="The Name of the Diagram" publish:value="NRA Notifications Diagram"/><publish:property name="Styles" publish:category="View" publish:description="The Styles of the View"/></publish:properties><publish:partInfo name="ProtectionSwitchNotification" publish:ismodellink="false" publish:partLowerX="427" publish:partLowerY="348" publish:partUpperX="69" publish:partUpperY="165" shape="rect" xmi:id="_ihteIFCZEdynybgludW5Lg"/><publish:partInfo name="EquipmentProtectionSwitchNotification" publish:ismodellink="false" publish:partLowerX="1159" publish:partLowerY="333" publish:partUpperX="755" publish:partUpperY="166" shape="rect" xmi:id="_ObSF8FCaEdynybgludW5Lg"/><publish:partInfo name="PmpStateChangeNotification" publish:ismodellink="false" publish:partLowerX="1220" publish:partLowerY="150" publish:partUpperX="845" publish:partUpperY="47" shape="rect" xmi:id="_yddiIFbZEdyH-M5VerQWsw"/><publish:partInfo name="AlarmNotification" publish:ismodellink="false" publish:partLowerX="594" publish:partLowerY="789" publish:partUpperX="9" publish:partUpperY="383" shape="rect" xmi:id="_mAqRMFY_Edys97lG39tcpw"/><publish:partInfo name="TCANotification" publish:ismodellink="false" publish:partLowerX="1113" publish:partLowerY="630" publish:partUpperX="609" publish:partUpperY="384" shape="rect" xmi:id="_H_Hp0FY3Edys97lG39tcpw"/></contents></packagedElement>