<?xml version="1.0" encoding="UTF-8"?><publish:elements xmlns:publish="http://www.ibm.com/Rational/XTools/Publish" xmlns:xmi="http://www.omg.org/XMI" xmlns:xsi="http://www.w3.org/2001/XMLSchema-instance"><publish:element name="EquipmentSwitchReason" publish:icon="_ic0vYFCfEdynybgludW5Lg_icon.jpeg" publish:qualifiedname="NetworkResourceAssurance::Type Definitions::EquipmentSwitchReason" xmi:id="_ic0vYFCfEdynybgludW5Lg" xsi:type="uml:Enumeration"/><publish:element name="EQUIPMENT_FAILURE" publish:icon="_upsU4FCfEdynybgludW5Lg_icon.jpeg" publish:qualifiedname="NetworkResourceAssurance::Type Definitions::EquipmentSwitchReason::EQUIPMENT_FAILURE" xmi:id="_upsU4FCfEdynybgludW5Lg" xsi:type="uml:EnumerationLiteral"/><publish:element name="MANUAL" publish:icon="_xhdMMFCfEdynybgludW5Lg_icon.jpeg" publish:qualifiedname="NetworkResourceAssurance::Type Definitions::EquipmentSwitchReason::MANUAL" xmi:id="_xhdMMFCfEdynybgludW5Lg" xsi:type="uml:EnumerationLiteral"/><publish:element name="NOT_APPLICABLE" publish:icon="_yuJBwFCfEdynybgludW5Lg_icon.jpeg" publish:qualifiedname="NetworkResourceAssurance::Type Definitions::EquipmentSwitchReason::NOT_APPLICABLE" xmi:id="_yuJBwFCfEdynybgludW5Lg" xsi:type="uml:EnumerationLiteral"/><publish:element name="EquipmentProtectionType" publish:icon="_aNAqwFCeEdynybgludW5Lg_icon.jpeg" publish:qualifiedname="NetworkResourceAssurance::Type Definitions::EquipmentProtectionType" xmi:id="_aNAqwFCeEdynybgludW5Lg" xsi:type="uml:Enumeration"/><publish:element name="M_FOR_N" publish:icon="_n_5L0FCeEdynybgludW5Lg_icon.jpeg" publish:qualifiedname="NetworkResourceAssurance::Type Definitions::EquipmentProtectionType::M_FOR_N" xmi:id="_n_5L0FCeEdynybgludW5Lg" xsi:type="uml:EnumerationLiteral"/><publish:element name="SwitchReason" publish:icon="_p4A_gFCoEdynybgludW5Lg_icon.jpeg" publish:qualifiedname="NetworkResourceAssurance::Type Definitions::SwitchReason" xmi:id="_p4A_gFCoEdynybgludW5Lg" xsi:type="uml:Enumeration"/><publish:element name="AUTOMATIC_SWITCH" publish:icon="_0MijUFCoEdynybgludW5Lg_icon.jpeg" publish:qualifiedname="NetworkResourceAssurance::Type Definitions::SwitchReason::AUTOMATIC_SWITCH" xmi:id="_0MijUFCoEdynybgludW5Lg" xsi:type="uml:EnumerationLiteral"/><publish:element name="MANUAL" publish:icon="_2BiWEFCoEdynybgludW5Lg_icon.jpeg" publish:qualifiedname="NetworkResourceAssurance::Type Definitions::SwitchReason::MANUAL" xmi:id="_2BiWEFCoEdynybgludW5Lg" xsi:type="uml:EnumerationLiteral"/><publish:element name="NOT_APPLICABLE" publish:icon="_26jBsFCoEdynybgludW5Lg_icon.jpeg" publish:qualifiedname="NetworkResourceAssurance::Type Definitions::SwitchReason::NOT_APPLICABLE" xmi:id="_26jBsFCoEdynybgludW5Lg" xsi:type="uml:EnumerationLiteral"/><publish:element name="RESTORED" publish:icon="_4pz_4FCoEdynybgludW5Lg_icon.jpeg" publish:qualifiedname="NetworkResourceAssurance::Type Definitions::SwitchReason::RESTORED" xmi:id="_4pz_4FCoEdynybgludW5Lg" xsi:type="uml:EnumerationLiteral"/><publish:element name="SIGNAL_DEGRADE" publish:icon="_6KXzsFCoEdynybgludW5Lg_icon.jpeg" publish:qualifiedname="NetworkResourceAssurance::Type Definitions::SwitchReason::SIGNAL_DEGRADE" xmi:id="_6KXzsFCoEdynybgludW5Lg" xsi:type="uml:EnumerationLiteral"/><publish:element name="SIGNAL_FAIL" publish:icon="_8hjtgFCoEdynybgludW5Lg_icon.jpeg" publish:qualifiedname="NetworkResourceAssurance::Type Definitions::SwitchReason::SIGNAL_FAIL" xmi:id="_8hjtgFCoEdynybgludW5Lg" xsi:type="uml:EnumerationLiteral"/><publish:element name="SIGNAL_MISMATCH" publish:icon="_9_WhMFCoEdynybgludW5Lg_icon.jpeg" publish:qualifiedname="NetworkResourceAssurance::Type Definitions::SwitchReason::SIGNAL_MISMATCH" xmi:id="_9_WhMFCoEdynybgludW5Lg" xsi:type="uml:EnumerationLiteral"/><publish:element name="ProtectionType" publish:icon="_E55t8FCoEdynybgludW5Lg_icon.jpeg" publish:qualifiedname="NetworkResourceAssurance::Type Definitions::ProtectionType" xmi:id="_E55t8FCoEdynybgludW5Lg" xsi:type="uml:Enumeration"/><publish:element name="MSP_APS" publish:icon="_MwWFwFCoEdynybgludW5Lg_icon.jpeg" publish:qualifiedname="NetworkResourceAssurance::Type Definitions::ProtectionType::MSP_APS" xmi:id="_MwWFwFCoEdynybgludW5Lg" xsi:type="uml:EnumerationLiteral"/><publish:element name="SNCP" publish:icon="_OCkioFCoEdynybgludW5Lg_icon.jpeg" publish:qualifiedname="NetworkResourceAssurance::Type Definitions::ProtectionType::SNCP" xmi:id="_OCkioFCoEdynybgludW5Lg" xsi:type="uml:EnumerationLiteral"/><publish:element name="ProtectionGroupType" publish:icon="_m0E44FFiEdyZhYPB67lKRA_icon.jpeg" publish:qualifiedname="NetworkResourceAssurance::Type Definitions::ProtectionGroupType" xmi:id="_m0E44FFiEdyZhYPB67lKRA" xsi:type="uml:Enumeration"/><publish:element name="2_FIBER_BLSR" publish:icon="_pL7hEFFiEdyZhYPB67lKRA_icon.jpeg" publish:qualifiedname="NetworkResourceAssurance::Type Definitions::ProtectionGroupType::2_FIBER_BLSR" xmi:id="_pL7hEFFiEdyZhYPB67lKRA" xsi:type="uml:EnumerationLiteral"/><publish:element name="4_FIBER_BLSR" publish:icon="_q_-RkFFiEdyZhYPB67lKRA_icon.jpeg" publish:qualifiedname="NetworkResourceAssurance::Type Definitions::ProtectionGroupType::4_FIBER_BLSR" xmi:id="_q_-RkFFiEdyZhYPB67lKRA" xsi:type="uml:EnumerationLiteral"/><publish:element name="MSP_1_FOR_N" publish:icon="_svPPwFFiEdyZhYPB67lKRA_icon.jpeg" publish:qualifiedname="NetworkResourceAssurance::Type Definitions::ProtectionGroupType::MSP_1_FOR_N" xmi:id="_svPPwFFiEdyZhYPB67lKRA" xsi:type="uml:EnumerationLiteral"/><publish:element name="MSP_1_PLUS_1" publish:icon="_vVan0FFiEdyZhYPB67lKRA_icon.jpeg" publish:qualifiedname="NetworkResourceAssurance::Type Definitions::ProtectionGroupType::MSP_1_PLUS_1" xmi:id="_vVan0FFiEdyZhYPB67lKRA" xsi:type="uml:EnumerationLiteral"/><publish:element name="ReversionMode" publish:icon="_fyCP8FFWEdyZhYPB67lKRA_icon.jpeg" publish:qualifiedname="NetworkResourceAssurance::Type Definitions::ReversionMode" xmi:id="_fyCP8FFWEdyZhYPB67lKRA" xsi:type="uml:Enumeration"/><publish:element name="NON_REVERTIVE" publish:icon="_nd5IYFFWEdyZhYPB67lKRA_icon.jpeg" publish:qualifiedname="NetworkResourceAssurance::Type Definitions::ReversionMode::NON_REVERTIVE" xmi:id="_nd5IYFFWEdyZhYPB67lKRA" xsi:type="uml:EnumerationLiteral"/><publish:element name="REVERTIVE" publish:icon="_oy_TEFFWEdyZhYPB67lKRA_icon.jpeg" publish:qualifiedname="NetworkResourceAssurance::Type Definitions::ReversionMode::REVERTIVE" xmi:id="_oy_TEFFWEdyZhYPB67lKRA" xsi:type="uml:EnumerationLiteral"/><publish:element name="UNKNOWN" publish:icon="_p93KwFFWEdyZhYPB67lKRA_icon.jpeg" publish:qualifiedname="NetworkResourceAssurance::Type Definitions::ReversionMode::UNKNOWN" xmi:id="_p93KwFFWEdyZhYPB67lKRA" xsi:type="uml:EnumerationLiteral"/><publish:element name="ProtectionSchemeState" publish:icon="_V8Qx8E8XEdyfLry44XcUuw_icon.jpeg" publish:qualifiedname="NetworkResourceAssurance::Type Definitions::ProtectionSchemeState" xmi:id="_V8Qx8E8XEdyfLry44XcUuw" xsi:type="uml:Enumeration"/><publish:element name="AUTOMATIC" publish:icon="_ceZCME8XEdyfLry44XcUuw_icon.jpeg" publish:qualifiedname="NetworkResourceAssurance::Type Definitions::ProtectionSchemeState::AUTOMATIC" xmi:id="_ceZCME8XEdyfLry44XcUuw" xsi:type="uml:EnumerationLiteral"/><publish:element name="FORCED_OR_LOCKED_OUT" publish:icon="_esZx4E8XEdyfLry44XcUuw_icon.jpeg" publish:qualifiedname="NetworkResourceAssurance::Type Definitions::ProtectionSchemeState::FORCED_OR_LOCKED_OUT" xmi:id="_esZx4E8XEdyfLry44XcUuw" xsi:type="uml:EnumerationLiteral"/><publish:element name="UNKNOWN" publish:icon="_hBG_cE8XEdyfLry44XcUuw_icon.jpeg" publish:qualifiedname="NetworkResourceAssurance::Type Definitions::ProtectionSchemeState::UNKNOWN" xmi:id="_hBG_cE8XEdyfLry44XcUuw" xsi:type="uml:EnumerationLiteral"/><publish:element name="AlarmSeverityAssignment" publish:icon="_obM3QFYOEdys97lG39tcpw_icon.jpeg" publish:qualifiedname="NetworkResourceAssurance::Type Definitions::AlarmSeverityAssignment" xmi:id="_obM3QFYOEdys97lG39tcpw" xsi:type="uml:DataType"/><publish:element name="AssignedSeverity" publish:icon="__WK20FYREdys97lG39tcpw_icon.jpeg" publish:qualifiedname="NetworkResourceAssurance::Type Definitions::AssignedSeverity" xmi:id="__WK20FYREdys97lG39tcpw" xsi:type="uml:Enumeration"/><publish:element name="CRITICAL" publish:icon="_J-2FsFYSEdys97lG39tcpw_icon.jpeg" publish:qualifiedname="NetworkResourceAssurance::Type Definitions::AssignedSeverity::CRITICAL" xmi:id="_J-2FsFYSEdys97lG39tcpw" xsi:type="uml:EnumerationLiteral"/><publish:element name="FREE_CHOICE" publish:icon="_MgimYFYSEdys97lG39tcpw_icon.jpeg" publish:qualifiedname="NetworkResourceAssurance::Type Definitions::AssignedSeverity::FREE_CHOICE" xmi:id="_MgimYFYSEdys97lG39tcpw" xsi:type="uml:EnumerationLiteral"/><publish:element name="INDETERMINATE" publish:icon="_O8sfwFYSEdys97lG39tcpw_icon.jpeg" publish:qualifiedname="NetworkResourceAssurance::Type Definitions::AssignedSeverity::INDETERMINATE" xmi:id="_O8sfwFYSEdys97lG39tcpw" xsi:type="uml:EnumerationLiteral"/><publish:element name="MAJOR" publish:icon="_QpMd0FYSEdys97lG39tcpw_icon.jpeg" publish:qualifiedname="NetworkResourceAssurance::Type Definitions::AssignedSeverity::MAJOR" xmi:id="_QpMd0FYSEdys97lG39tcpw" xsi:type="uml:EnumerationLiteral"/><publish:element name="MINOR" publish:icon="_RmmhQFYSEdys97lG39tcpw_icon.jpeg" publish:qualifiedname="NetworkResourceAssurance::Type Definitions::AssignedSeverity::MINOR" xmi:id="_RmmhQFYSEdys97lG39tcpw" xsi:type="uml:EnumerationLiteral"/><publish:element name="WARNING" publish:icon="_SfPZcFYSEdys97lG39tcpw_icon.jpeg" publish:qualifiedname="NetworkResourceAssurance::Type Definitions::AssignedSeverity::WARNING" xmi:id="_SfPZcFYSEdys97lG39tcpw" xsi:type="uml:EnumerationLiteral"/><publish:element name="NOT_ALARMED" publish:icon="_TynF0FYSEdys97lG39tcpw_icon.jpeg" publish:qualifiedname="NetworkResourceAssurance::Type Definitions::AssignedSeverity::NOT_ALARMED" xmi:id="_TynF0FYSEdys97lG39tcpw" xsi:type="uml:EnumerationLiteral"/><publish:element name="PmLocation" publish:icon="_1RMqkFYUEdys97lG39tcpw_icon.jpeg" publish:qualifiedname="NetworkResourceAssurance::Type Definitions::PmLocation" xmi:id="_1RMqkFYUEdys97lG39tcpw" xsi:type="uml:Enumeration"/><publish:element name="NEAR_END_TX" publish:icon="_PW2k0FYVEdys97lG39tcpw_icon.jpeg" publish:qualifiedname="NetworkResourceAssurance::Type Definitions::PmLocation::NEAR_END_TX" xmi:id="_PW2k0FYVEdys97lG39tcpw" xsi:type="uml:EnumerationLiteral"/><publish:element name="NEAR_END_RX" publish:icon="_N23YwFYVEdys97lG39tcpw_icon.jpeg" publish:qualifiedname="NetworkResourceAssurance::Type Definitions::PmLocation::NEAR_END_RX" xmi:id="_N23YwFYVEdys97lG39tcpw" xsi:type="uml:EnumerationLiteral"/><publish:element name="FAR_END_TX" publish:icon="_MYyRMFYVEdys97lG39tcpw_icon.jpeg" publish:qualifiedname="NetworkResourceAssurance::Type Definitions::PmLocation::FAR_END_TX" xmi:id="_MYyRMFYVEdys97lG39tcpw" xsi:type="uml:EnumerationLiteral"/><publish:element name="FAR_END_RX" publish:icon="_Jto5kFYVEdys97lG39tcpw_icon.jpeg" publish:qualifiedname="NetworkResourceAssurance::Type Definitions::PmLocation::FAR_END_RX" xmi:id="_Jto5kFYVEdys97lG39tcpw" xsi:type="uml:EnumerationLiteral"/><publish:element name="CONTRA_NEAR_END_RX" publish:icon="_GdbtEFYVEdys97lG39tcpw_icon.jpeg" publish:qualifiedname="NetworkResourceAssurance::Type Definitions::PmLocation::CONTRA_NEAR_END_RX" xmi:id="_GdbtEFYVEdys97lG39tcpw" xsi:type="uml:EnumerationLiteral"/><publish:element name="CONTRA_FAR_END_RX" publish:icon="_CH_W0FYVEdys97lG39tcpw_icon.jpeg" publish:qualifiedname="NetworkResourceAssurance::Type Definitions::PmLocation::CONTRA_FAR_END_RX" xmi:id="_CH_W0FYVEdys97lG39tcpw" xsi:type="uml:EnumerationLiteral"/><publish:element name="BIDIRECTIONAL" publish:icon="_-4c4sFYUEdys97lG39tcpw_icon.jpeg" publish:qualifiedname="NetworkResourceAssurance::Type Definitions::PmLocation::BIDIRECTIONAL" xmi:id="_-4c4sFYUEdys97lG39tcpw" xsi:type="uml:EnumerationLiteral"/><publish:element name="Granularity" publish:icon="_xqHkQFYWEdys97lG39tcpw_icon.jpeg" publish:qualifiedname="NetworkResourceAssurance::Type Definitions::Granularity" xmi:id="_xqHkQFYWEdys97lG39tcpw" xsi:type="uml:Enumeration"/><publish:element name="24_H" publish:icon="_0AOgAFYWEdys97lG39tcpw_icon.jpeg" publish:qualifiedname="NetworkResourceAssurance::Type Definitions::Granularity::24_H" xmi:id="_0AOgAFYWEdys97lG39tcpw" xsi:type="uml:EnumerationLiteral"/><publish:element name="15_MIN" publish:icon="_1D7YsFYWEdys97lG39tcpw_icon.jpeg" publish:qualifiedname="NetworkResourceAssurance::Type Definitions::Granularity::15_MIN" xmi:id="_1D7YsFYWEdys97lG39tcpw" xsi:type="uml:EnumerationLiteral"/><publish:element name="NOT_APPLICABLE" publish:icon="_3cUzcFYWEdys97lG39tcpw_icon.jpeg" publish:qualifiedname="NetworkResourceAssurance::Type Definitions::Granularity::NOT_APPLICABLE" xmi:id="_3cUzcFYWEdys97lG39tcpw" xsi:type="uml:EnumerationLiteral"/><publish:element name="ControlState" publish:icon="_R-r30FYXEdys97lG39tcpw_icon.jpeg" publish:qualifiedname="NetworkResourceAssurance::Type Definitions::ControlState" xmi:id="_R-r30FYXEdys97lG39tcpw" xsi:type="uml:Enumeration"/><publish:element name="LOCKED" publish:icon="_X-3RkFYXEdys97lG39tcpw_icon.jpeg" publish:qualifiedname="NetworkResourceAssurance::Type Definitions::ControlState::LOCKED" xmi:id="_X-3RkFYXEdys97lG39tcpw" xsi:type="uml:EnumerationLiteral"/><publish:element name="UNLOCKED" publish:icon="_ZBhocFYXEdys97lG39tcpw_icon.jpeg" publish:qualifiedname="NetworkResourceAssurance::Type Definitions::ControlState::UNLOCKED" xmi:id="_ZBhocFYXEdys97lG39tcpw" xsi:type="uml:EnumerationLiteral"/><publish:element name="PerformanceMonitoringParameter" publish:icon="_r3PUwFYYEdys97lG39tcpw_icon.jpeg" publish:qualifiedname="NetworkResourceAssurance::Type Definitions::PerformanceMonitoringParameter" xmi:id="_r3PUwFYYEdys97lG39tcpw" xsi:type="uml:DataType"/><publish:element name="pmThresholdList" publish:icon="_2zJrQMROEdyoEOATfpD7og_icon.jpeg" publish:qualifiedname="NetworkResourceAssurance::Type Definitions::PerformanceMonitoringParameter::pmThresholdList" xmi:id="_2zJrQMROEdyoEOATfpD7og" xsi:type="uml:ExtensionEnd"/><publish:element name="PerformanceMonitoringThreshold" publish:icon="_Wk5toFYaEdys97lG39tcpw_icon.jpeg" publish:qualifiedname="NetworkResourceAssurance::Type Definitions::PerformanceMonitoringThreshold" xmi:id="_Wk5toFYaEdys97lG39tcpw" xsi:type="uml:DataType"/><publish:element name="PmThresholdType" publish:icon="_28VH8FYaEdys97lG39tcpw_icon.jpeg" publish:qualifiedname="NetworkResourceAssurance::Type Definitions::PmThresholdType" xmi:id="_28VH8FYaEdys97lG39tcpw" xsi:type="uml:Enumeration"/><publish:element name="HIGH" publish:icon="_IbRrEFYbEdys97lG39tcpw_icon.jpeg" publish:qualifiedname="NetworkResourceAssurance::Type Definitions::PmThresholdType::HIGH" xmi:id="_IbRrEFYbEdys97lG39tcpw" xsi:type="uml:EnumerationLiteral"/><publish:element name="HIGHEST" publish:icon="_JiIlcFYbEdys97lG39tcpw_icon.jpeg" publish:qualifiedname="NetworkResourceAssurance::Type Definitions::PmThresholdType::HIGHEST" xmi:id="_JiIlcFYbEdys97lG39tcpw" xsi:type="uml:EnumerationLiteral"/><publish:element name="LOW" publish:icon="_K8wwYFYbEdys97lG39tcpw_icon.jpeg" publish:qualifiedname="NetworkResourceAssurance::Type Definitions::PmThresholdType::LOW" xmi:id="_K8wwYFYbEdys97lG39tcpw" xsi:type="uml:EnumerationLiteral"/><publish:element name="LOWEST" publish:icon="_L8E4UFYbEdys97lG39tcpw_icon.jpeg" publish:qualifiedname="NetworkResourceAssurance::Type Definitions::PmThresholdType::LOWEST" xmi:id="_L8E4UFYbEdys97lG39tcpw" xsi:type="uml:EnumerationLiteral"/><publish:element name="TcaParameter" publish:icon="_sIpEcFYxEdys97lG39tcpw_icon.jpeg" publish:qualifiedname="NetworkResourceAssurance::Type Definitions::TcaParameter" xmi:id="_sIpEcFYxEdys97lG39tcpw" xsi:type="uml:DataType"/><publish:element name="AcknowledgeIndication" publish:icon="_rP2IUFY-Edys97lG39tcpw_icon.jpeg" publish:qualifiedname="NetworkResourceAssurance::Type Definitions::AcknowledgeIndication" xmi:id="_rP2IUFY-Edys97lG39tcpw" xsi:type="uml:Enumeration"/><publish:element name="EVENT_ACKNOWLEDGED" publish:icon="_0ARcIFY-Edys97lG39tcpw_icon.jpeg" publish:qualifiedname="NetworkResourceAssurance::Type Definitions::AcknowledgeIndication::EVENT_ACKNOWLEDGED" xmi:id="_0ARcIFY-Edys97lG39tcpw" xsi:type="uml:EnumerationLiteral"/><publish:element name="EVENT_UNACKNOWLEDGED" publish:icon="_2pgIMFY-Edys97lG39tcpw_icon.jpeg" publish:qualifiedname="NetworkResourceAssurance::Type Definitions::AcknowledgeIndication::EVENT_UNACKNOWLEDGED" xmi:id="_2pgIMFY-Edys97lG39tcpw" xsi:type="uml:EnumerationLiteral"/><publish:element name="NOT_APPLICABLE" publish:icon="_43PLEFY-Edys97lG39tcpw_icon.jpeg" publish:qualifiedname="NetworkResourceAssurance::Type Definitions::AcknowledgeIndication::NOT_APPLICABLE" xmi:id="_43PLEFY-Edys97lG39tcpw" xsi:type="uml:EnumerationLiteral"/><publish:element name="ServiceAffecting" publish:icon="_zNRVEFZCEdys97lG39tcpw_icon.jpeg" publish:qualifiedname="NetworkResourceAssurance::Type Definitions::ServiceAffecting" xmi:id="_zNRVEFZCEdys97lG39tcpw" xsi:type="uml:Enumeration"/><publish:element name="NON_SERVICE_AFFECTING" publish:icon="_6NGN8FZCEdys97lG39tcpw_icon.jpeg" publish:qualifiedname="NetworkResourceAssurance::Type Definitions::ServiceAffecting::NON_SERVICE_AFFECTING" xmi:id="_6NGN8FZCEdys97lG39tcpw" xsi:type="uml:EnumerationLiteral"/><publish:element name="SERVICE_AFFECTING" publish:icon="_9YVa4FZCEdys97lG39tcpw_icon.jpeg" publish:qualifiedname="NetworkResourceAssurance::Type Definitions::ServiceAffecting::SERVICE_AFFECTING" xmi:id="_9YVa4FZCEdys97lG39tcpw" xsi:type="uml:EnumerationLiteral"/><publish:element name="UNKNOWN" publish:icon="__IRHcFZCEdys97lG39tcpw_icon.jpeg" publish:qualifiedname="NetworkResourceAssurance::Type Definitions::ServiceAffecting::UNKNOWN" xmi:id="__IRHcFZCEdys97lG39tcpw" xsi:type="uml:EnumerationLiteral"/><publish:element name="correlatedNotifications" publish:icon="_tt8AUFbLEdyH-M5VerQWsw_icon.jpeg" publish:qualifiedname="NetworkResourceAssurance::Type Definitions::correlatedNotifications" xmi:id="_tt8AUFbLEdyH-M5VerQWsw" xsi:type="uml:DataType"/><publish:element publish:icon="_H6094MRPEdyoEOATfpD7og_icon.jpeg" publish:qualifiedname="NetworkResourceAssurance::Type Definitions::&lt;Dependency&gt;" xmi:id="_H6094MRPEdyoEOATfpD7og" xsi:type="uml:Dependency"/><publish:element name="Trigger" publish:icon="_i3fZUcWnEdyHpbnWEBcCNQ_icon.jpeg" publish:qualifiedname="NetworkResourceAssurance::Type Definitions::Trigger" xmi:id="_i3fZUcWnEdyHpbnWEBcCNQ" xsi:type="uml:Enumeration"/><publish:element name="RAISE" publish:icon="_lOJHoMWnEdyHpbnWEBcCNQ_icon.jpeg" publish:qualifiedname="NetworkResourceAssurance::Type Definitions::Trigger::RAISE" xmi:id="_lOJHoMWnEdyHpbnWEBcCNQ" xsi:type="uml:EnumerationLiteral"/><publish:element name="CLEAR" publish:icon="_mz6yoMWnEdyHpbnWEBcCNQ_icon.jpeg" publish:qualifiedname="NetworkResourceAssurance::Type Definitions::Trigger::CLEAR" xmi:id="_mz6yoMWnEdyHpbnWEBcCNQ" xsi:type="uml:EnumerationLiteral"/><publish:element name="TCANotification" publish:icon="_H_Hp0FY3Edys97lG39tcpw_icon.jpeg" publish:qualifiedname="NetworkResourceAssurance::Notifications::TCANotification" xmi:id="_H_Hp0FY3Edys97lG39tcpw" xsi:type="uml:Class"/><publish:element name="AlarmNotification" publish:icon="_mAqRMFY_Edys97lG39tcpw_icon.jpeg" publish:qualifiedname="NetworkResourceAssurance::Notifications::AlarmNotification" xmi:id="_mAqRMFY_Edys97lG39tcpw" xsi:type="uml:Class"/><publish:element name="PmpStateChangeNotification" publish:icon="_yddiIFbZEdyH-M5VerQWsw_icon.jpeg" publish:qualifiedname="NetworkResourceAssurance::Notifications::PmpStateChangeNotification" xmi:id="_yddiIFbZEdyH-M5VerQWsw" xsi:type="uml:Class"/><publish:element name="ProtectionSwitchNotification" publish:icon="_ihteIFCZEdynybgludW5Lg_icon.jpeg" publish:qualifiedname="NetworkResourceAssurance::Notifications::ProtectionSwitchNotification" xmi:id="_ihteIFCZEdynybgludW5Lg" xsi:type="uml:Class"/><publish:element name="EquipmentProtectionSwitchNotification" publish:icon="_ObSF8FCaEdynybgludW5Lg_icon.jpeg" publish:qualifiedname="NetworkResourceAssurance::Notifications::EquipmentProtectionSwitchNotification" xmi:id="_ObSF8FCaEdynybgludW5Lg" xsi:type="uml:Class"/><publish:element publish:icon="_xZ98sFFmEdyZhYPB67lKRA_icon.jpeg" publish:qualifiedname="NetworkResourceAssurance::Data Object Classes::&lt;Association&gt;" xmi:id="_xZ98sFFmEdyZhYPB67lKRA" xsi:type="uml:Association"/><publish:element name="ProtectionGroup" publish:icon="_Q8_tUFFhEdyZhYPB67lKRA_icon.jpeg" publish:qualifiedname="NetworkResourceAssurance::Data Object Classes::ProtectionGroup" xmi:id="_Q8_tUFFhEdyZhYPB67lKRA" xsi:type="uml:Class"/><publish:element publish:icon="_X19ksFFrEdyZhYPB67lKRA_icon.jpeg" publish:qualifiedname="NetworkResourceAssurance::Data Object Classes::&lt;Association&gt;" xmi:id="_X19ksFFrEdyZhYPB67lKRA" xsi:type="uml:Association"/><publish:element publish:icon="_9SP3cFFUEdyZhYPB67lKRA_icon.jpeg" publish:qualifiedname="NetworkResourceAssurance::Data Object Classes::&lt;Association&gt;" xmi:id="_9SP3cFFUEdyZhYPB67lKRA" xsi:type="uml:Association"/><publish:element name="EquipmentProtectionGroup" publish:icon="_jovjIFFTEdyZhYPB67lKRA_icon.jpeg" publish:qualifiedname="NetworkResourceAssurance::Data Object Classes::EquipmentProtectionGroup" xmi:id="_jovjIFFTEdyZhYPB67lKRA" xsi:type="uml:Class"/><publish:element name="AlarmSeverityAssignmentProfile" publish:icon="_rCh4AP-tEduKKLvC_EB00A_icon.jpeg" publish:qualifiedname="NetworkResourceAssurance::Data Object Classes::AlarmSeverityAssignmentProfile" xmi:id="_rCh4AP-tEduKKLvC_EB00A" xsi:type="uml:Class"/><publish:element publish:icon="_2JMRQFYOEdys97lG39tcpw_icon.jpeg" publish:qualifiedname="NetworkResourceAssurance::Data Object Classes::&lt;Dependency&gt;" xmi:id="_2JMRQFYOEdys97lG39tcpw" xsi:type="uml:Dependency"/><publish:element name="PerformanceMonitoringPoint" publish:icon="_lrQs8FYTEdys97lG39tcpw_icon.jpeg" publish:qualifiedname="NetworkResourceAssurance::Data Object Classes::PerformanceMonitoringPoint" xmi:id="_lrQs8FYTEdys97lG39tcpw" xsi:type="uml:Class"/><publish:element name="TcaParameterProfile" publish:icon="_rbGJUFYuEdys97lG39tcpw_icon.jpeg" publish:qualifiedname="NetworkResourceAssurance::Data Object Classes::TcaParameterProfile" xmi:id="_rbGJUFYuEdys97lG39tcpw" xsi:type="uml:Class"/><publish:element publish:icon="_pOkE4MROEdyoEOATfpD7og_icon.jpeg" publish:qualifiedname="NetworkResourceAssurance::Data Object Classes::&lt;Dependency&gt;" xmi:id="_pOkE4MROEdyoEOATfpD7og" xsi:type="uml:Dependency"/><publish:element publish:icon="_PFyckMT7EdyC6_0TtuYPCQ_icon.jpeg" publish:qualifiedname="NetworkResourceAssurance::Data Object Classes::&lt;Dependency&gt;" xmi:id="_PFyckMT7EdyC6_0TtuYPCQ" xsi:type="uml:Dependency"/></publish:elements>