<?xml version="1.0" encoding="UTF-8"?><uml:Model xmlns:uml="http://www.eclipse.org/uml2/1.0.0/UML" name="ResourceTroubleManagement" xmlns:publish="http://www.ibm.com/Rational/XTools/Publish" publish:diagramFormat="PNG" publish:icon="1292180043_icon.png" publish:modelname="ResourceTroubleManagement" publish:profiles="Standard, Default, Deployment, null" publish:qualifiedname="ResourceTroubleManagement" publish:sortOrder="storage" publish:toplevelguid="_.nU.p.i8P-.rE.d.uKKL.vC_EB00A" xmlns:xmi="http://www.omg.org/XMI" xmi:id="_.nU.p.i8P-.rE.d.uKKL.vC_EB00A" xmi:version="2.0" xmlns:com.ibm.xtools.notation="http:///com/ibm/xtools/notation.ecore" xmlns:xsi="http://www.w3.org/2001/XMLSchema-instance" xsi:type="uml:Model"><appliedProfiles><profile name="Standard" visibility="public"/><profile name="Default" visibility="public"/><profile name="Deployment" visibility="public"/><profile visibility="public"/></appliedProfiles><packagedElement name="Interfaces" publish:diagramFormat="PNG" publish:icon="-1325065473_icon.png" publish:modelname="ResourceTroubleManagement" publish:qualifiedname="ResourceTroubleManagement::Interfaces" publish:sortOrder="storage" publish:toplevelguid="_.nU.p.i8P-.rE.d.uKKL.vC_EB00A" xmi:id="_0.wP.lYP-.rE.d.uKKL.vC_EB00A" xsi:type="uml:Package"><packagedElement name="AlarmSeverityAssignmentProfileRetrievalService" publish:icon="-1861936738_icon.png" publish:qualifiedname="ResourceTroubleManagement::Interfaces::AlarmSeverityAssignmentProfileRetrievalService" xmi:id="_0.pY.w8CV.yE.d.y.i.v86.a.e.j.kL.cA" xsi:type="uml:Interface"><ownedOperation name="getAlarmSeverityAssignmentProfile" publish:icon="84220769_icon.png" publish:qualifiedname="ResourceTroubleManagement::Interfaces::AlarmSeverityAssignmentProfileRetrievalService::getAlarmSeverityAssignmentProfile" xmi:id="_.kKZ.h.kP-4E.d.uKKL.vC_EB00A" xsi:type="uml:Operation"><defaultValue publish:icon="-419095724_icon.png" publish:qualifiedname="ResourceTroubleManagement::Interfaces::AlarmSeverityAssignmentProfileRetrievalService::getAlarmSeverityAssignmentProfile::asapRef::&lt;OpaqueExpression&gt;" xmi:id="_.kKZ.h.m.v-4E.d.uKKL.vC_EB00A" xsi:type="uml:OpaqueExpression"/><defaultValue publish:icon="-419095724_icon.png" publish:qualifiedname="ResourceTroubleManagement::Interfaces::AlarmSeverityAssignmentProfileRetrievalService::getAlarmSeverityAssignmentProfile::asap::&lt;OpaqueExpression&gt;" xmi:id="_.kKZ.h.n.f-4E.d.uKKL.vC_EB00A" xsi:type="uml:OpaqueExpression"/></ownedOperation><ownedOperation name="getAlarmSeverityAssignmentProfileByResource" publish:icon="84220769_icon.png" publish:qualifiedname="ResourceTroubleManagement::Interfaces::AlarmSeverityAssignmentProfileRetrievalService::getAlarmSeverityAssignmentProfileByResource" xmi:id="_ZWOX4P-5E.d.uKKL.vC_EB00A" xsi:type="uml:Operation"><defaultValue publish:icon="-419095724_icon.png" publish:qualifiedname="ResourceTroubleManagement::Interfaces::AlarmSeverityAssignmentProfileRetrievalService::getAlarmSeverityAssignmentProfileByResource::resourceRef::&lt;OpaqueExpression&gt;" xmi:id="_ZWOX6.v-5E.d.uKKL.vC_EB00A" xsi:type="uml:OpaqueExpression"/><defaultValue publish:icon="-419095724_icon.png" publish:qualifiedname="ResourceTroubleManagement::Interfaces::AlarmSeverityAssignmentProfileRetrievalService::getAlarmSeverityAssignmentProfileByResource::layerRateList::&lt;OpaqueExpression&gt;" xmi:id="_ZWOX7.f-5E.d.uKKL.vC_EB00A" xsi:type="uml:OpaqueExpression"/><defaultValue publish:icon="-419095724_icon.png" publish:qualifiedname="ResourceTroubleManagement::Interfaces::AlarmSeverityAssignmentProfileRetrievalService::getAlarmSeverityAssignmentProfileByResource::asapList::&lt;OpaqueExpression&gt;" xmi:id="_ZWOX8P-5E.d.uKKL.vC_EB00A" xsi:type="uml:OpaqueExpression"/></ownedOperation><ownedOperation name="getAllAlarmSeverityAssignmentProfilesWrtOs" publish:icon="84220769_icon.png" publish:qualifiedname="ResourceTroubleManagement::Interfaces::AlarmSeverityAssignmentProfileRetrievalService::getAllAlarmSeverityAssignmentProfilesWrtOs" xmi:id="_JQ.q8.gP-.sE.d.uKKL.vC_EB00A" xsi:type="uml:Operation"><defaultValue publish:icon="-419095724_icon.png" publish:qualifiedname="ResourceTroubleManagement::Interfaces::AlarmSeverityAssignmentProfileRetrievalService::getAllAlarmSeverityAssignmentProfilesWrtOs::asapList::&lt;OpaqueExpression&gt;" xmi:id="_JQ.q8.i.v-.sE.d.uKKL.vC_EB00A" xsi:type="uml:OpaqueExpression"/></ownedOperation><ownedOperation name="getAsapAssociatedResourceNames" publish:icon="84220769_icon.png" publish:qualifiedname="ResourceTroubleManagement::Interfaces::AlarmSeverityAssignmentProfileRetrievalService::getAsapAssociatedResourceNames" xmi:id="_B8CU.kM.s8E.d.yEK.aQ8A.l.f.a.aA" xsi:type="uml:Operation"><defaultValue publish:icon="-419095724_icon.png" publish:qualifiedname="ResourceTroubleManagement::Interfaces::AlarmSeverityAssignmentProfileRetrievalService::getAsapAssociatedResourceNames::asapRef::&lt;OpaqueExpression&gt;" xmi:id="_E1W.d0.u6YE.d.y.h5.fRI.hFD3.eQ" xsi:type="uml:OpaqueExpression"/><defaultValue publish:icon="-419095724_icon.png" publish:qualifiedname="ResourceTroubleManagement::Interfaces::AlarmSeverityAssignmentProfileRetrievalService::getAsapAssociatedResourceNames::resourceRefList::&lt;OpaqueExpression&gt;" xmi:id="_FH.r.j8.u6YE.d.y.h5.fRI.hFD3.eQ" xsi:type="uml:OpaqueExpression"/></ownedOperation></packagedElement><packagedElement name="AlarmControlService" publish:icon="-1861936738_icon.png" publish:qualifiedname="ResourceTroubleManagement::Interfaces::AlarmControlService" xmi:id="_S0_M4CV.zE.d.y.i.v86.a.e.j.kL.cA" xsi:type="uml:Interface"><ownedOperation name="setResourceAlarmReportingOff" publish:icon="84220769_icon.png" publish:qualifiedname="ResourceTroubleManagement::Interfaces::AlarmControlService::setResourceAlarmReportingOff" xmi:id="_P.v.e4YP-_E.d.uKKL.vC_EB00A" xsi:type="uml:Operation"><defaultValue publish:icon="-419095724_icon.png" publish:qualifiedname="ResourceTroubleManagement::Interfaces::AlarmControlService::setResourceAlarmReportingOff::resourceName::&lt;OpaqueExpression&gt;" xmi:id="_P.v.e4.a.v-_E.d.uKKL.vC_EB00A" xsi:type="uml:OpaqueExpression"/></ownedOperation><ownedOperation name="setResourceAlarmReportingOn" publish:icon="84220769_icon.png" publish:qualifiedname="ResourceTroubleManagement::Interfaces::AlarmControlService::setResourceAlarmReportingOn" xmi:id="_P.v.e4.b_-_E.d.uKKL.vC_EB00A" xsi:type="uml:Operation"><defaultValue publish:icon="-419095724_icon.png" publish:qualifiedname="ResourceTroubleManagement::Interfaces::AlarmControlService::setResourceAlarmReportingOn::resourceName::&lt;OpaqueExpression&gt;" xmi:id="_P.v.e4.e.f-_E.d.uKKL.vC_EB00A" xsi:type="uml:OpaqueExpression"/></ownedOperation><ownedOperation name="setTpAlarmReportingOff" publish:icon="84220769_icon.png" publish:qualifiedname="ResourceTroubleManagement::Interfaces::AlarmControlService::setTpAlarmReportingOff" xmi:id="_-YC9YP-8E.d.uKKL.vC_EB00A" xsi:type="uml:Operation"><defaultValue publish:icon="-419095724_icon.png" publish:qualifiedname="ResourceTroubleManagement::Interfaces::AlarmControlService::setTpAlarmReportingOff::terminationPoint::&lt;OpaqueExpression&gt;" xmi:id="_J4.o2Q.v--E.d.uKKL.vC_EB00A" xsi:type="uml:OpaqueExpression"/><defaultValue publish:icon="-419095724_icon.png" publish:qualifiedname="ResourceTroubleManagement::Interfaces::AlarmControlService::setTpAlarmReportingOff::layerRate::&lt;OpaqueExpression&gt;" xmi:id="_.fK.aK.x.f--E.d.uKKL.vC_EB00A" xsi:type="uml:OpaqueExpression"/></ownedOperation><ownedOperation name="setTpAlarmReportingOn" publish:icon="84220769_icon.png" publish:qualifiedname="ResourceTroubleManagement::Interfaces::AlarmControlService::setTpAlarmReportingOn" xmi:id="_-YC9.aP-8E.d.uKKL.vC_EB00A" xsi:type="uml:Operation"><defaultValue publish:icon="-419095724_icon.png" publish:qualifiedname="ResourceTroubleManagement::Interfaces::AlarmControlService::setTpAlarmReportingOn::terminationPoint::&lt;OpaqueExpression&gt;" xmi:id="_R.i4.lI.v--E.d.uKKL.vC_EB00A" xsi:type="uml:OpaqueExpression"/><defaultValue publish:icon="-419095724_icon.png" publish:qualifiedname="ResourceTroubleManagement::Interfaces::AlarmControlService::setTpAlarmReportingOn::layerRate::&lt;OpaqueExpression&gt;" xmi:id="_2RF.y.c_--E.d.uKKL.vC_EB00A" xsi:type="uml:OpaqueExpression"/></ownedOperation><ownedOperation name="setAlarmReporting" publish:icon="84220769_icon.png" publish:qualifiedname="ResourceTroubleManagement::Interfaces::AlarmControlService::setAlarmReporting" xmi:id="_9D5CM.eR.bE.d.y.d-_NSHG.r2NQ" xsi:type="uml:Operation"><defaultValue publish:icon="-419095724_icon.png" publish:qualifiedname="ResourceTroubleManagement::Interfaces::AlarmControlService::setAlarmReporting::resourceRef::&lt;OpaqueExpression&gt;" xmi:id="_.r.u2.c.s.iNLE.d2.rR.a5.mQZ.hDZ.w" xsi:type="uml:OpaqueExpression"/><defaultValue publish:icon="-419095724_icon.png" publish:qualifiedname="ResourceTroubleManagement::Interfaces::AlarmControlService::setAlarmReporting::mustReportAlarms::&lt;OpaqueExpression&gt;" xmi:id="_.y.l1.i.o.iNLE.d2.rR.a5.mQZ.hDZ.w" xsi:type="uml:OpaqueExpression"/><defaultValue publish:icon="-419095724_icon.png" publish:qualifiedname="ResourceTroubleManagement::Interfaces::AlarmControlService::setAlarmReporting::layerRate::&lt;OpaqueExpression&gt;" xmi:id="_E.u8.nM.z.rLE.eC.o.d6P.p3OR.nE.w" xsi:type="uml:OpaqueExpression"/></ownedOperation></packagedElement><packagedElement name="AlarmSeverityAssignmentProfileControlService" publish:icon="-1861936738_icon.png" publish:qualifiedname="ResourceTroubleManagement::Interfaces::AlarmSeverityAssignmentProfileControlService" xmi:id="_.y.v.xH.cCV.zE.d.y.i.v86.a.e.j.kL.cA" xsi:type="uml:Interface"><ownedOperation name="assignAlarmSeverityAssignmentProfile" publish:icon="84220769_icon.png" publish:qualifiedname="ResourceTroubleManagement::Interfaces::AlarmSeverityAssignmentProfileControlService::assignAlarmSeverityAssignmentProfile" xmi:id="_V.x8.vYN1.hE.d.y.rKNX.nBM.y96.w" xsi:type="uml:Operation"><defaultValue publish:icon="-419095724_icon.png" publish:qualifiedname="ResourceTroubleManagement::Interfaces::AlarmSeverityAssignmentProfileControlService::assignAlarmSeverityAssignmentProfile::asapRef::&lt;OpaqueExpression&gt;" xmi:id="_V.x8.v.a.t1.hE.d.y.rKNX.nBM.y96.w" xsi:type="uml:OpaqueExpression"/><defaultValue publish:icon="-419095724_icon.png" publish:qualifiedname="ResourceTroubleManagement::Interfaces::AlarmSeverityAssignmentProfileControlService::assignAlarmSeverityAssignmentProfile::resourceRef::&lt;OpaqueExpression&gt;" xmi:id="_V.x8.v.b.d1.hE.d.y.rKNX.nBM.y96.w" xsi:type="uml:OpaqueExpression"/><defaultValue publish:icon="-419095724_icon.png" publish:qualifiedname="ResourceTroubleManagement::Interfaces::AlarmSeverityAssignmentProfileControlService::assignAlarmSeverityAssignmentProfile::layerRate::&lt;OpaqueExpression&gt;" xmi:id="_V.x8.v.cN1.hE.d.y.rKNX.nBM.y96.w" xsi:type="uml:OpaqueExpression"/><defaultValue publish:icon="-419095724_icon.png" publish:qualifiedname="ResourceTroubleManagement::Interfaces::AlarmSeverityAssignmentProfileControlService::assignAlarmSeverityAssignmentProfile::additionalInfo::&lt;OpaqueExpression&gt;" xmi:id="_V.x8.v.c91.hE.d.y.rKNX.nBM.y96.w" xsi:type="uml:OpaqueExpression"/></ownedOperation><ownedOperation name="createAlarmSeverityAssignmentProfile" publish:icon="84220769_icon.png" publish:qualifiedname="ResourceTroubleManagement::Interfaces::AlarmSeverityAssignmentProfileControlService::createAlarmSeverityAssignmentProfile" xmi:id="_0.i28.wP_DE.d.uKKL.vC_EB00A" xsi:type="uml:Operation"><defaultValue publish:icon="-419095724_icon.png" publish:qualifiedname="ResourceTroubleManagement::Interfaces::AlarmSeverityAssignmentProfileControlService::createAlarmSeverityAssignmentProfile::asapCreateData::&lt;OpaqueExpression&gt;" xmi:id="_0.i28.y.v_DE.d.uKKL.vC_EB00A" xsi:type="uml:OpaqueExpression"/><defaultValue publish:icon="-419095724_icon.png" publish:qualifiedname="ResourceTroubleManagement::Interfaces::AlarmSeverityAssignmentProfileControlService::createAlarmSeverityAssignmentProfile::newAsap::&lt;OpaqueExpression&gt;" xmi:id="_0.i28.z.f_DE.d.uKKL.vC_EB00A" xsi:type="uml:OpaqueExpression"/></ownedOperation><ownedOperation name="deassignAlarmSeverityAssignmentProfile" publish:icon="84220769_icon.png" publish:qualifiedname="ResourceTroubleManagement::Interfaces::AlarmSeverityAssignmentProfileControlService::deassignAlarmSeverityAssignmentProfile" xmi:id="_V.yF5UN1.hE.d.y.rKNX.nBM.y96.w" xsi:type="uml:Operation"><defaultValue publish:icon="-419095724_icon.png" publish:qualifiedname="ResourceTroubleManagement::Interfaces::AlarmSeverityAssignmentProfileControlService::deassignAlarmSeverityAssignmentProfile::resourceRef::&lt;OpaqueExpression&gt;" xmi:id="_V.yF5W.t1.hE.d.y.rKNX.nBM.y96.w" xsi:type="uml:OpaqueExpression"/><defaultValue publish:icon="-419095724_icon.png" publish:qualifiedname="ResourceTroubleManagement::Interfaces::AlarmSeverityAssignmentProfileControlService::deassignAlarmSeverityAssignmentProfile::layerRate::&lt;OpaqueExpression&gt;" xmi:id="_V.yF5X.d1.hE.d.y.rKNX.nBM.y96.w" xsi:type="uml:OpaqueExpression"/><defaultValue publish:icon="-419095724_icon.png" publish:qualifiedname="ResourceTroubleManagement::Interfaces::AlarmSeverityAssignmentProfileControlService::deassignAlarmSeverityAssignmentProfile::additionalInfo::&lt;OpaqueExpression&gt;" xmi:id="_V.yF5YN1.hE.d.y.rKNX.nBM.y96.w" xsi:type="uml:OpaqueExpression"/></ownedOperation><ownedOperation name="deleteAlarmSeverityAssignmentProfile" publish:icon="84220769_icon.png" publish:qualifiedname="ResourceTroubleManagement::Interfaces::AlarmSeverityAssignmentProfileControlService::deleteAlarmSeverityAssignmentProfile" xmi:id="_.p.t.o.a.sN1.hE.d.y.rKNX.nBM.y96.w" xsi:type="uml:Operation"><defaultValue publish:icon="-419095724_icon.png" publish:qualifiedname="ResourceTroubleManagement::Interfaces::AlarmSeverityAssignmentProfileControlService::deleteAlarmSeverityAssignmentProfile::asapRef::&lt;OpaqueExpression&gt;" xmi:id="_.p.t.o.a.u.t1.hE.d.y.rKNX.nBM.y96.w" xsi:type="uml:OpaqueExpression"/><defaultValue publish:icon="-419095724_icon.png" publish:qualifiedname="ResourceTroubleManagement::Interfaces::AlarmSeverityAssignmentProfileControlService::deleteAlarmSeverityAssignmentProfile::additionalInfo::&lt;OpaqueExpression&gt;" xmi:id="_.p.t.o.a.v.d1.hE.d.y.rKNX.nBM.y96.w" xsi:type="uml:OpaqueExpression"/></ownedOperation><ownedOperation name="modifyAlarmSeverityAssignmentProfile" publish:icon="84220769_icon.png" publish:qualifiedname="ResourceTroubleManagement::Interfaces::AlarmSeverityAssignmentProfileControlService::modifyAlarmSeverityAssignmentProfile" xmi:id="_5.t.wW.gP_SE.d.uS0Y.g9UXWGJ.w" xsi:type="uml:Operation"><defaultValue publish:icon="-419095724_icon.png" publish:qualifiedname="ResourceTroubleManagement::Interfaces::AlarmSeverityAssignmentProfileControlService::modifyAlarmSeverityAssignmentProfile::asapRef::&lt;OpaqueExpression&gt;" xmi:id="_5.t.wW.i.v_SE.d.uS0Y.g9UXWGJ.w" xsi:type="uml:OpaqueExpression"/><defaultValue publish:icon="-419095724_icon.png" publish:qualifiedname="ResourceTroubleManagement::Interfaces::AlarmSeverityAssignmentProfileControlService::modifyAlarmSeverityAssignmentProfile::asapModifyData::&lt;OpaqueExpression&gt;" xmi:id="_5.t.wW.j.f_SE.d.uS0Y.g9UXWGJ.w" xsi:type="uml:OpaqueExpression"/><defaultValue publish:icon="-419095724_icon.png" publish:qualifiedname="ResourceTroubleManagement::Interfaces::AlarmSeverityAssignmentProfileControlService::modifyAlarmSeverityAssignmentProfile::modifiedAsap::&lt;OpaqueExpression&gt;" xmi:id="_5.t.wW.kP_SE.d.uS0Y.g9UXWGJ.w" xsi:type="uml:OpaqueExpression"/></ownedOperation></packagedElement><packagedElement name="modifies ASAP with" publish:icon="-737862823_icon.png" publish:qualifiedname="ResourceTroubleManagement::Interfaces::modifies ASAP with" xmi:id="_K.v.f3ACV0E.d.y.i.v86.a.e.j.kL.cA" xsi:type="uml:Dependency"/><packagedElement name="creates ASAP with" publish:icon="-737862823_icon.png" publish:qualifiedname="ResourceTroubleManagement::Interfaces::creates ASAP with" xmi:id="_N.eWAMK.gIE.d.yB.v.u4Q.gH3.iC.w" xsi:type="uml:Dependency"/><packagedElement name="AlarmHandlingService" publish:icon="-1861936738_icon.png" publish:qualifiedname="ResourceTroubleManagement::Interfaces::AlarmHandlingService" xmi:id="_P.e.x.o.gN1.eE.d.y.rKNX.nBM.y96.w" xsi:type="uml:Interface"><ownedOperation name="acknowledgeAlarms" publish:icon="84220769_icon.png" publish:qualifiedname="ResourceTroubleManagement::Interfaces::AlarmHandlingService::acknowledgeAlarms" xmi:id="_KA9DAN1.gE.d.y.rKNX.nBM.y96.w" xsi:type="uml:Operation"><defaultValue publish:icon="-419095724_icon.png" publish:qualifiedname="ResourceTroubleManagement::Interfaces::AlarmHandlingService::acknowledgeAlarms::additionalInfo::&lt;OpaqueExpression&gt;" xmi:id="_KA9DDN1.gE.d.y.rKNX.nBM.y96.w" xsi:type="uml:OpaqueExpression"/><defaultValue publish:icon="-419095724_icon.png" publish:qualifiedname="ResourceTroubleManagement::Interfaces::AlarmHandlingService::acknowledgeAlarms::failedAlarmOrTcaIdList::&lt;OpaqueExpression&gt;" xmi:id="_KA9DD91.gE.d.y.rKNX.nBM.y96.w" xsi:type="uml:OpaqueExpression"/></ownedOperation><ownedOperation name="unacknowledgeAlarms" publish:icon="84220769_icon.png" publish:qualifiedname="ResourceTroubleManagement::Interfaces::AlarmHandlingService::unacknowledgeAlarms" xmi:id="_KA9DE.d1.gE.d.y.rKNX.nBM.y96.w" xsi:type="uml:Operation"><defaultValue publish:icon="-419095724_icon.png" publish:qualifiedname="ResourceTroubleManagement::Interfaces::AlarmHandlingService::unacknowledgeAlarms::additionalInfo::&lt;OpaqueExpression&gt;" xmi:id="_KA9DH.d1.gE.d.y.rKNX.nBM.y96.w" xsi:type="uml:OpaqueExpression"/><defaultValue publish:icon="-419095724_icon.png" publish:qualifiedname="ResourceTroubleManagement::Interfaces::AlarmHandlingService::unacknowledgeAlarms::failedAlarmOrTcaIdList::&lt;OpaqueExpression&gt;" xmi:id="_KA9DIN1.gE.d.y.rKNX.nBM.y96.w" xsi:type="uml:OpaqueExpression"/></ownedOperation></packagedElement><packagedElement name="AlarmRetrievalService" publish:icon="-1861936738_icon.png" publish:qualifiedname="ResourceTroubleManagement::Interfaces::AlarmRetrievalService" xmi:id="_SE7LYN1.eE.d.y.rKNX.nBM.y96.w" xsi:type="uml:Interface"><ownedOperation name="getActiveAlarmsCount" publish:icon="84220769_icon.png" publish:qualifiedname="ResourceTroubleManagement::Interfaces::AlarmRetrievalService::getActiveAlarmsCount" xmi:id="_VMXL.gN1.gE.d.y.rKNX.nBM.y96.w" xsi:type="uml:Operation"><defaultValue publish:icon="-419095724_icon.png" publish:qualifiedname="ResourceTroubleManagement::Interfaces::AlarmRetrievalService::getActiveAlarmsCount::filter::&lt;OpaqueExpression&gt;" xmi:id="_VMXL.i.t1.gE.d.y.rKNX.nBM.y96.w" xsi:type="uml:OpaqueExpression"/><defaultValue publish:icon="-419095724_icon.png" publish:qualifiedname="ResourceTroubleManagement::Interfaces::AlarmRetrievalService::getActiveAlarmsCount::activeAlarmCount::&lt;OpaqueExpression&gt;" xmi:id="_VMXL.j.d1.gE.d.y.rKNX.nBM.y96.w" xsi:type="uml:OpaqueExpression"/></ownedOperation><ownedOperation name="getActiveAlarms" publish:icon="84220769_icon.png" publish:qualifiedname="ResourceTroubleManagement::Interfaces::AlarmRetrievalService::getActiveAlarms" xmi:id="_VM.g8.gN1.gE.d.y.rKNX.nBM.y96.w" xsi:type="uml:Operation"><defaultValue publish:icon="-419095724_icon.png" publish:qualifiedname="ResourceTroubleManagement::Interfaces::AlarmRetrievalService::getActiveAlarms::filter::&lt;OpaqueExpression&gt;" xmi:id="_VM.g8.i.t1.gE.d.y.rKNX.nBM.y96.w" xsi:type="uml:OpaqueExpression"/><defaultValue publish:icon="-419095724_icon.png" publish:qualifiedname="ResourceTroubleManagement::Interfaces::AlarmRetrievalService::getActiveAlarms::alarmReply::&lt;OpaqueExpression&gt;" xmi:id="_VM.g8.j91.gE.d.y.rKNX.nBM.y96.w" xsi:type="uml:OpaqueExpression"/></ownedOperation></packagedElement><packagedElement name="MaintenanceControlService" publish:icon="-1861936738_icon.png" publish:qualifiedname="ResourceTroubleManagement::Interfaces::MaintenanceControlService" xmi:id="_.j.vK_.kN1.eE.d.y.rKNX.nBM.y96.w" xsi:type="uml:Interface"><ownedOperation name="getActiveMaintenanceOperations" publish:icon="84220769_icon.png" publish:qualifiedname="ResourceTroubleManagement::Interfaces::MaintenanceControlService::getActiveMaintenanceOperations" xmi:id="_VNW.i.oN1.jE.d.y.rKNX.nBM.y96.w" xsi:type="uml:Operation"><defaultValue publish:icon="-419095724_icon.png" publish:qualifiedname="ResourceTroubleManagement::Interfaces::MaintenanceControlService::getActiveMaintenanceOperations::resourceRef::&lt;OpaqueExpression&gt;" xmi:id="_E.m.u.c4.u6.hE.d.y.h5.fRI.hFD3.eQ" xsi:type="uml:OpaqueExpression"/><defaultValue publish:icon="-419095724_icon.png" publish:qualifiedname="ResourceTroubleManagement::Interfaces::MaintenanceControlService::getActiveMaintenanceOperations::currentMaintenceOperationList::&lt;OpaqueExpression&gt;" xmi:id="_VNW.i.q.t1.jE.d.y.rKNX.nBM.y96.w" xsi:type="uml:OpaqueExpression"/></ownedOperation><ownedOperation name="performMaintenanceOperation" publish:icon="84220769_icon.png" publish:qualifiedname="ResourceTroubleManagement::Interfaces::MaintenanceControlService::performMaintenanceOperation" xmi:id="_.bZIIYN1.jE.d.y.rKNX.nBM.y96.w" xsi:type="uml:Operation"><defaultValue publish:icon="-419095724_icon.png" publish:qualifiedname="ResourceTroubleManagement::Interfaces::MaintenanceControlService::performMaintenanceOperation::resourceRef::&lt;OpaqueExpression&gt;" xmi:id="_XT.c.o.c.u6.mE.d.y.h5.fRI.hFD3.eQ" xsi:type="uml:OpaqueExpression"/><defaultValue publish:icon="-419095724_icon.png" publish:qualifiedname="ResourceTroubleManagement::Interfaces::MaintenanceControlService::performMaintenanceOperation::maintenanceOperation::&lt;OpaqueExpression&gt;" xmi:id="_.bZII.a.t1.jE.d.y.rKNX.nBM.y96.w" xsi:type="uml:OpaqueExpression"/><defaultValue publish:icon="-419095724_icon.png" publish:qualifiedname="ResourceTroubleManagement::Interfaces::MaintenanceControlService::performMaintenanceOperation::maintenanceOperationMode::&lt;OpaqueExpression&gt;" xmi:id="_.bZII.b.d1.jE.d.y.rKNX.nBM.y96.w" xsi:type="uml:OpaqueExpression"/></ownedOperation></packagedElement><packagedElement name="ProtectionControlService" publish:icon="-1861936738_icon.png" publish:qualifiedname="ResourceTroubleManagement::Interfaces::ProtectionControlService" xmi:id="_.mC_.cUN1.eE.d.y.rKNX.nBM.y96.w" xsi:type="uml:Interface"><ownedOperation name="performProtectionCommand" publish:icon="84220769_icon.png" publish:qualifiedname="ResourceTroubleManagement::Interfaces::ProtectionControlService::performProtectionCommand" xmi:id="_P.r.oKAN1.kE.d.y.rKNX.nBM.y96.w" xsi:type="uml:Operation"><defaultValue publish:icon="-419095724_icon.png" publish:qualifiedname="ResourceTroubleManagement::Interfaces::ProtectionControlService::performProtectionCommand::resourceRef::&lt;OpaqueExpression&gt;" xmi:id="_.h.j.w9.g.u6.tE.d.y.h5.fRI.hFD3.eQ" xsi:type="uml:OpaqueExpression"/><defaultValue publish:icon="-419095724_icon.png" publish:qualifiedname="ResourceTroubleManagement::Interfaces::ProtectionControlService::performProtectionCommand::protectionCommand::&lt;OpaqueExpression&gt;" xmi:id="_.mO.sCQO6.yE.d.y.h5.fRI.hFD3.eQ" xsi:type="uml:OpaqueExpression"/><defaultValue publish:icon="-419095724_icon.png" publish:qualifiedname="ResourceTroubleManagement::Interfaces::ProtectionControlService::performProtectionCommand::fromTPRef::&lt;OpaqueExpression&gt;" xmi:id="_.kDN.pMO6.yE.d.y.h5.fRI.hFD3.eQ" xsi:type="uml:OpaqueExpression"/><defaultValue publish:icon="-419095724_icon.png" publish:qualifiedname="ResourceTroubleManagement::Interfaces::ProtectionControlService::performProtectionCommand::toTPRef::&lt;OpaqueExpression&gt;" xmi:id="_.q6.gRIO6.yE.d.y.h5.fRI.hFD3.eQ" xsi:type="uml:OpaqueExpression"/><defaultValue publish:icon="-419095724_icon.png" publish:qualifiedname="ResourceTroubleManagement::Interfaces::ProtectionControlService::performProtectionCommand::switchData::&lt;OpaqueExpression&gt;" xmi:id="_.o1.lMAO6.yE.d.y.h5.fRI.hFD3.eQ" xsi:type="uml:OpaqueExpression"/></ownedOperation><ownedOperation name="createProtectionGroup" publish:icon="84220769_icon.png" publish:qualifiedname="ResourceTroubleManagement::Interfaces::ProtectionControlService::createProtectionGroup" xmi:id="_5.w7X.wH.dDE.eKYE-.o.r.p3.d.s.a.g" xsi:type="uml:Operation"><defaultValue publish:icon="-419095724_icon.png" publish:qualifiedname="ResourceTroubleManagement::Interfaces::ProtectionControlService::createProtectionGroup::meRef::&lt;OpaqueExpression&gt;" xmi:id="_N8.wQ.g.n.dHE.eKYE-.o.r.p3.d.s.a.g" xsi:type="uml:OpaqueExpression"/><defaultValue publish:icon="-419095724_icon.png" publish:qualifiedname="ResourceTroubleManagement::Interfaces::ProtectionControlService::createProtectionGroup::protectionGroupCreateData::&lt;OpaqueExpression&gt;" xmi:id="_C.s-.s.wH.dEE.eKYE-.o.r.p3.d.s.a.g" xsi:type="uml:OpaqueExpression"/><defaultValue publish:icon="-419095724_icon.png" publish:qualifiedname="ResourceTroubleManagement::Interfaces::ProtectionControlService::createProtectionGroup::createdProtectionGroup::&lt;OpaqueExpression&gt;" xmi:id="_JW.s.y.wH.dEE.eKYE-.o.r.p3.d.s.a.g" xsi:type="uml:OpaqueExpression"/></ownedOperation><ownedOperation name="deleteProtectionGroup" publish:icon="84220769_icon.png" publish:qualifiedname="ResourceTroubleManagement::Interfaces::ProtectionControlService::deleteProtectionGroup" xmi:id="_2.w5.jAH.dIE.eKYE-.o.r.p3.d.s.a.g" xsi:type="uml:Operation"><defaultValue publish:icon="-419095724_icon.png" publish:qualifiedname="ResourceTroubleManagement::Interfaces::ProtectionControlService::deleteProtectionGroup::protectionGroupRef::&lt;OpaqueExpression&gt;" xmi:id="_2.w5.jBH.dIE.eKYE-.o.r.p3.d.s.a.g" xsi:type="uml:OpaqueExpression"/><defaultValue publish:icon="-419095724_icon.png" publish:qualifiedname="ResourceTroubleManagement::Interfaces::ProtectionControlService::deleteProtectionGroup::swapTpRef::&lt;OpaqueExpression&gt;" xmi:id="_KM.k4.k.n.dJE.eKYE-.o.r.p3.d.s.a.g" xsi:type="uml:OpaqueExpression"/><defaultValue publish:icon="-419095724_icon.png" publish:qualifiedname="ResourceTroubleManagement::Interfaces::ProtectionControlService::deleteProtectionGroup::deletedProtectionGroup?::&lt;OpaqueExpression&gt;" xmi:id="_2.w5.jC.n.dIE.eKYE-.o.r.p3.d.s.a.g" xsi:type="uml:OpaqueExpression"/></ownedOperation><ownedOperation name="modifyProtectionGroup" publish:icon="84220769_icon.png" publish:qualifiedname="ResourceTroubleManagement::Interfaces::ProtectionControlService::modifyProtectionGroup" xmi:id="_.y-D4.oH.dKE.eKYE-.o.r.p3.d.s.a.g" xsi:type="uml:Operation"><defaultValue publish:icon="-419095724_icon.png" publish:qualifiedname="ResourceTroubleManagement::Interfaces::ProtectionControlService::modifyProtectionGroup::protectionGroupRef::&lt;OpaqueExpression&gt;" xmi:id="_8.b8S4.n.dLE.eKYE-.o.r.p3.d.s.a.g" xsi:type="uml:OpaqueExpression"/><defaultValue publish:icon="-419095724_icon.png" publish:qualifiedname="ResourceTroubleManagement::Interfaces::ProtectionControlService::modifyProtectionGroup::protectionGroupModifyData::&lt;OpaqueExpression&gt;" xmi:id="_.y-D4.p3.dKE.eKYE-.o.r.p3.d.s.a.g" xsi:type="uml:OpaqueExpression"/><defaultValue publish:icon="-419095724_icon.png" publish:qualifiedname="ResourceTroubleManagement::Interfaces::ProtectionControlService::modifyProtectionGroup::modifiedProtectionGroup::&lt;OpaqueExpression&gt;" xmi:id="_.y-D4.q.n.dKE.eKYE-.o.r.p3.d.s.a.g" xsi:type="uml:OpaqueExpression"/></ownedOperation></packagedElement><packagedElement name="ProtectionRetrievalService" publish:icon="-1861936738_icon.png" publish:qualifiedname="ResourceTroubleManagement::Interfaces::ProtectionRetrievalService" xmi:id="_.oFPA4N1.eE.d.y.rKNX.nBM.y96.w" xsi:type="uml:Interface"><ownedOperation name="getAllEquipmentProtectionGroups" publish:icon="84220769_icon.png" publish:qualifiedname="ResourceTroubleManagement::Interfaces::ProtectionRetrievalService::getAllEquipmentProtectionGroups" xmi:id="_.tLX6.sN1.mE.d.y.rKNX.nBM.y96.w" xsi:type="uml:Operation"><defaultValue publish:icon="-419095724_icon.png" publish:qualifiedname="ResourceTroubleManagement::Interfaces::ProtectionRetrievalService::getAllEquipmentProtectionGroups::meRef::&lt;OpaqueExpression&gt;" xmi:id="_Q.rB.j4.u9.fE.d.y.m.m-1.bIG.vQ.p.w" xsi:type="uml:OpaqueExpression"/><defaultValue publish:icon="-419095724_icon.png" publish:qualifiedname="ResourceTroubleManagement::Interfaces::ProtectionRetrievalService::getAllEquipmentProtectionGroups::epgList::&lt;OpaqueExpression&gt;" xmi:id="_.tLX6.u.t1.mE.d.y.rKNX.nBM.y96.w" xsi:type="uml:OpaqueExpression"/></ownedOperation><ownedOperation name="getAllNonPreemptibleUnprotectedTpNames" publish:icon="84220769_icon.png" publish:qualifiedname="ResourceTroubleManagement::Interfaces::ProtectionRetrievalService::getAllNonPreemptibleUnprotectedTpNames" xmi:id="_.tLOJ0N1.mE.d.y.rKNX.nBM.y96.w" xsi:type="uml:Operation"><defaultValue publish:icon="-419095724_icon.png" publish:qualifiedname="ResourceTroubleManagement::Interfaces::ProtectionRetrievalService::getAllNonPreemptibleUnprotectedTpNames::pgRef::&lt;OpaqueExpression&gt;" xmi:id="_.tLOJ2.t1.mE.d.y.rKNX.nBM.y96.w" xsi:type="uml:OpaqueExpression"/><defaultValue publish:icon="-419095724_icon.png" publish:qualifiedname="ResourceTroubleManagement::Interfaces::ProtectionRetrievalService::getAllNonPreemptibleUnprotectedTpNames::ctpRefList::&lt;OpaqueExpression&gt;" xmi:id="_.tLOJ3.d1.mE.d.y.rKNX.nBM.y96.w" xsi:type="uml:OpaqueExpression"/></ownedOperation><ownedOperation name="getAllPreemptibleTerminationPointNames" publish:icon="84220769_icon.png" publish:qualifiedname="ResourceTroubleManagement::Interfaces::ProtectionRetrievalService::getAllPreemptibleTerminationPointNames" xmi:id="_.tLX6.o.d1.mE.d.y.rKNX.nBM.y96.w" xsi:type="uml:Operation"><defaultValue publish:icon="-419095724_icon.png" publish:qualifiedname="ResourceTroubleManagement::Interfaces::ProtectionRetrievalService::getAllPreemptibleTerminationPointNames::pgRef::&lt;OpaqueExpression&gt;" xmi:id="_.tLX6.q91.mE.d.y.rKNX.nBM.y96.w" xsi:type="uml:OpaqueExpression"/><defaultValue publish:icon="-419095724_icon.png" publish:qualifiedname="ResourceTroubleManagement::Interfaces::ProtectionRetrievalService::getAllPreemptibleTerminationPointNames::ctpRefList::&lt;OpaqueExpression&gt;" xmi:id="_.tLX6.r.t1.mE.d.y.rKNX.nBM.y96.w" xsi:type="uml:OpaqueExpression"/></ownedOperation><ownedOperation name="getAllProtectedTerminationPointNames" publish:icon="84220769_icon.png" publish:qualifiedname="ResourceTroubleManagement::Interfaces::ProtectionRetrievalService::getAllProtectedTerminationPointNames" xmi:id="_.tLOJ391.mE.d.y.rKNX.nBM.y96.w" xsi:type="uml:Operation"><defaultValue publish:icon="-419095724_icon.png" publish:qualifiedname="ResourceTroubleManagement::Interfaces::ProtectionRetrievalService::getAllProtectedTerminationPointNames::pgRef::&lt;OpaqueExpression&gt;" xmi:id="_.tLOJ6.d1.mE.d.y.rKNX.nBM.y96.w" xsi:type="uml:OpaqueExpression"/><defaultValue publish:icon="-419095724_icon.png" publish:qualifiedname="ResourceTroubleManagement::Interfaces::ProtectionRetrievalService::getAllProtectedTerminationPointNames::ctpRefList::&lt;OpaqueExpression&gt;" xmi:id="_.tLOJ7N1.mE.d.y.rKNX.nBM.y96.w" xsi:type="uml:OpaqueExpression"/></ownedOperation><ownedOperation name="getAllProtectionGroups" publish:icon="84220769_icon.png" publish:qualifiedname="ResourceTroubleManagement::Interfaces::ProtectionRetrievalService::getAllProtectionGroups" xmi:id="_.tLOJ.t91.mE.d.y.rKNX.nBM.y96.w" xsi:type="uml:Operation"><defaultValue publish:icon="-419095724_icon.png" publish:qualifiedname="ResourceTroubleManagement::Interfaces::ProtectionRetrievalService::getAllProtectionGroups::meRef::&lt;OpaqueExpression&gt;" xmi:id="_PSML4.u9.jE.d.y.m.m-1.bIG.vQ.p.w" xsi:type="uml:OpaqueExpression"/><defaultValue publish:icon="-419095724_icon.png" publish:qualifiedname="ResourceTroubleManagement::Interfaces::ProtectionRetrievalService::getAllProtectionGroups::pgList::&lt;OpaqueExpression&gt;" xmi:id="_.tLOJ.w.d1.mE.d.y.rKNX.nBM.y96.w" xsi:type="uml:OpaqueExpression"/></ownedOperation><ownedOperation name="getEquipmentProtectionGroup" publish:icon="84220769_icon.png" publish:qualifiedname="ResourceTroubleManagement::Interfaces::ProtectionRetrievalService::getEquipmentProtectionGroup" xmi:id="_.tLX6.vN1.mE.d.y.rKNX.nBM.y96.w" xsi:type="uml:Operation"><defaultValue publish:icon="-419095724_icon.png" publish:qualifiedname="ResourceTroubleManagement::Interfaces::ProtectionRetrievalService::getEquipmentProtectionGroup::epgRef::&lt;OpaqueExpression&gt;" xmi:id="_.tLX6.x.t1.mE.d.y.rKNX.nBM.y96.w" xsi:type="uml:OpaqueExpression"/></ownedOperation><ownedOperation name="getProtectionGroup" publish:icon="84220769_icon.png" publish:qualifiedname="ResourceTroubleManagement::Interfaces::ProtectionRetrievalService::getProtectionGroup" xmi:id="_.tLOJ.w91.mE.d.y.rKNX.nBM.y96.w" xsi:type="uml:Operation"><defaultValue publish:icon="-419095724_icon.png" publish:qualifiedname="ResourceTroubleManagement::Interfaces::ProtectionRetrievalService::getProtectionGroup::pgRef::&lt;OpaqueExpression&gt;" xmi:id="_.d.l.oKYO9.lE.d.y.m.m-1.bIG.vQ.p.w" xsi:type="uml:OpaqueExpression"/></ownedOperation><ownedOperation name="retrieveEquipmentSwitchData" publish:icon="84220769_icon.png" publish:qualifiedname="ResourceTroubleManagement::Interfaces::ProtectionRetrievalService::retrieveEquipmentSwitchData" xmi:id="_.tLOJ.rN1.mE.d.y.rKNX.nBM.y96.w" xsi:type="uml:Operation"><defaultValue publish:icon="-419095724_icon.png" publish:qualifiedname="ResourceTroubleManagement::Interfaces::ProtectionRetrievalService::retrieveEquipmentSwitchData::epgRef::&lt;OpaqueExpression&gt;" xmi:id="_.bY.s.jU.u9.mE.d.y.m.m-1.bIG.vQ.p.w" xsi:type="uml:OpaqueExpression"/><defaultValue publish:icon="-419095724_icon.png" publish:qualifiedname="ResourceTroubleManagement::Interfaces::ProtectionRetrievalService::retrieveEquipmentSwitchData::equipmentSwitchDataList::&lt;OpaqueExpression&gt;" xmi:id="_-SE9AO9.mE.d.y.m.m-1.bIG.vQ.p.w" xsi:type="uml:OpaqueExpression"/></ownedOperation><ownedOperation name="retrieveSwitchData" publish:icon="84220769_icon.png" publish:qualifiedname="ResourceTroubleManagement::Interfaces::ProtectionRetrievalService::retrieveSwitchData" xmi:id="_.tLOJ.oN1.mE.d.y.rKNX.nBM.y96.w" xsi:type="uml:Operation"><defaultValue publish:icon="-419095724_icon.png" publish:qualifiedname="ResourceTroubleManagement::Interfaces::ProtectionRetrievalService::retrieveSwitchData::ctpOrPgRef::&lt;OpaqueExpression&gt;" xmi:id="_.dRZKU.u9.mE.d.y.m.m-1.bIG.vQ.p.w" xsi:type="uml:OpaqueExpression"/><defaultValue publish:icon="-419095724_icon.png" publish:qualifiedname="ResourceTroubleManagement::Interfaces::ProtectionRetrievalService::retrieveSwitchData::switchDataList::&lt;OpaqueExpression&gt;" xmi:id="_.tLOJ.q.t1.mE.d.y.rKNX.nBM.y96.w" xsi:type="uml:OpaqueExpression"/></ownedOperation><ownedOperation name="getContainingProtectionGroupNames" publish:icon="84220769_icon.png" publish:qualifiedname="ResourceTroubleManagement::Interfaces::ProtectionRetrievalService::getContainingProtectionGroupNames" xmi:id="_.l.j.m8QD.z.dE.eC.z.c5LW.m.dQYVA" xsi:type="uml:Operation"><defaultValue publish:icon="-419095724_icon.png" publish:qualifiedname="ResourceTroubleManagement::Interfaces::ProtectionRetrievalService::getContainingProtectionGroupNames::ptpRef::&lt;OpaqueExpression&gt;" xmi:id="_.l.j.m8ST.z.dE.eC.z.c5LW.m.dQYVA" xsi:type="uml:OpaqueExpression"/><defaultValue publish:icon="-419095724_icon.png" publish:qualifiedname="ResourceTroubleManagement::Interfaces::ProtectionRetrievalService::getContainingProtectionGroupNames::pgRefList::&lt;OpaqueExpression&gt;" xmi:id="_.l.j.m8T.j.z.dE.eC.z.c5LW.m.dQYVA" xsi:type="uml:OpaqueExpression"/></ownedOperation></packagedElement><packagedElement publish:icon="-737862823_icon.png" publish:qualifiedname="ResourceTroubleManagement::Interfaces::&lt;Dependency&gt;" xmi:id="_.p.uOS4O.qOE.d.y.uRY.e8T.zA8.u.g" xsi:type="uml:Dependency"/><packagedElement name="uses" publish:icon="-737862823_icon.png" publish:qualifiedname="ResourceTroubleManagement::Interfaces::uses" xmi:id="_.g.cQ.i.sDL.kE.d2PL.sM.cDETQ2.w" xsi:type="uml:Dependency"/><packagedElement name="modifies PG with" publish:icon="-737862823_icon.png" publish:qualifiedname="ResourceTroubleManagement::Interfaces::modifies PG with" xmi:id="_.k.m.mW.wH.c9E.eKYE-.o.r.p3.d.s.a.g" xsi:type="uml:Dependency"/><packagedElement name="creates PG with" publish:icon="-737862823_icon.png" publish:qualifiedname="ResourceTroubleManagement::Interfaces::creates PG with" xmi:id="_.jP.r.qUH.dBE.eKYE-.o.r.p3.d.s.a.g" xsi:type="uml:Dependency"/></packagedElement><packagedElement name="Type Definitions" publish:diagramFormat="PNG" publish:icon="-1325065473_icon.png" publish:modelname="ResourceTroubleManagement" publish:qualifiedname="ResourceTroubleManagement::Type Definitions" publish:sortOrder="storage" publish:toplevelguid="_.nU.p.i8P-.rE.d.uKKL.vC_EB00A" xmi:id="_D.m.vO0P_IE.d.uKKL.vC_EB00A" xsi:type="uml:Package"><packagedElement name="AlarmSeverityAssignmentProfileModifyData" publish:icon="-1694164445_icon.png" publish:qualifiedname="ResourceTroubleManagement::Type Definitions::AlarmSeverityAssignmentProfileModifyData" xmi:id="_S.eNZYP_IE.d.uKKL.vC_EB00A" xsi:type="uml:DataType"><ownedAttribute name="alarmSeverityAssignmentList" publish:icon="923081473_icon.png" publish:qualifiedname="ResourceTroubleManagement::Type Definitions::AlarmSeverityAssignmentProfileModifyData::alarmSeverityAssignmentList" xmi:id="_.j.xM.kIP_IE.d.uKKL.vC_EB00A" xsi:type="uml:Property"><defaultValue publish:icon="-419095724_icon.png" publish:qualifiedname="ResourceTroubleManagement::Type Definitions::AlarmSeverityAssignmentProfileModifyData::alarmSeverityAssignmentList::&lt;OpaqueExpression&gt;" xmi:id="_.j.xM.kI.v_IE.d.uKKL.vC_EB00A" xsi:type="uml:OpaqueExpression"/></ownedAttribute></packagedElement><packagedElement name="AssignedSeverity" publish:icon="1124407944_icon.png" publish:qualifiedname="ResourceTroubleManagement::Type Definitions::AssignedSeverity" xmi:id="_.o6OB.gP_KE.d.uKKL.vC_EB00A" xsi:type="uml:Enumeration"><ownedLiteral name="NotAlarmed" publish:icon="-2147149193_icon.png" publish:qualifiedname="ResourceTroubleManagement::Type Definitions::AssignedSeverity::NotAlarmed" xmi:id="_.o.j1FUP_LE.d.uKKL.vC_EB00A" xsi:type="uml:EnumerationLiteral"/><ownedLiteral name="FreeChoice" publish:icon="-2147149193_icon.png" publish:qualifiedname="ResourceTroubleManagement::Type Definitions::AssignedSeverity::FreeChoice" xmi:id="_.q.y.s.w.oP_LE.d.uKKL.vC_EB00A" xsi:type="uml:EnumerationLiteral"/></packagedElement><packagedElement name="AlarmSeverityAssignmentProfileCreateData" publish:icon="-1694164445_icon.png" publish:qualifiedname="ResourceTroubleManagement::Type Definitions::AlarmSeverityAssignmentProfileCreateData" xmi:id="_.n.tYVYK.gHE.d.yB.v.u4Q.gH3.iC.w" xsi:type="uml:DataType"><ownedAttribute name="alarmSeverityAssignmentList" publish:icon="923081473_icon.png" publish:qualifiedname="ResourceTroubleManagement::Type Definitions::AlarmSeverityAssignmentProfileCreateData::alarmSeverityAssignmentList" publish:type="AlarmSeverityAssignment" xmi:id="_.n.tYVY6.gHE.d.yB.v.u4Q.gH3.iC.w" xsi:type="uml:Property"><defaultValue publish:icon="-419095724_icon.png" publish:qualifiedname="ResourceTroubleManagement::Type Definitions::AlarmSeverityAssignmentProfileCreateData::alarmSeverityAssignmentList::&lt;OpaqueExpression&gt;" xmi:id="_.n.tYVZ6.gHE.d.yB.v.u4Q.gH3.iC.w" xsi:type="uml:OpaqueExpression"/></ownedAttribute></packagedElement><packagedElement name="ActiveAlarmFilter" publish:icon="-1694164445_icon.png" publish:qualifiedname="ResourceTroubleManagement::Type Definitions::ActiveAlarmFilter" xmi:id="_.lI.f4EN1.gE.d.y.rKNX.nBM.y96.w" xsi:type="uml:DataType"><ownedAttribute name="source" publish:icon="923081473_icon.png" publish:is_association="false" publish:qualifiedname="ResourceTroubleManagement::Type Definitions::ActiveAlarmFilter::source" publish:type="Source" publish:typeid="_6AN.aEO.nSE.d.y1.l.pWL.f983V.w" xmi:id="_.r.z.kB4.d1.gE.d.y.rKNX.nBM.y96.w" xsi:type="uml:Property"><defaultValue name="NOT_APPLICABLE" publish:icon="1812274008_icon.png" publish:qualifiedname="ResourceTroubleManagement::Type Definitions::ActiveAlarmFilter::source::NOT_APPLICABLE" xmi:id="_D91.g0O.nTE.d.y1.l.pWL.f983V.w" xsi:type="uml:InstanceValue"/></ownedAttribute><ownedAttribute name="scope" publish:icon="923081473_icon.png" publish:qualifiedname="ResourceTroubleManagement::Type Definitions::ActiveAlarmFilter::scope" publish:type="ObjectName" xmi:id="_.r.z.kB5.d1.gE.d.y.rKNX.nBM.y96.w" xsi:type="uml:Property"><defaultValue publish:icon="-419095724_icon.png" publish:qualifiedname="ResourceTroubleManagement::Type Definitions::ActiveAlarmFilter::scope::&lt;OpaqueExpression&gt;" xmi:id="_.r.z.kB591.gE.d.y.rKNX.nBM.y96.w" xsi:type="uml:OpaqueExpression"/></ownedAttribute><ownedAttribute name="perceivedSeverityList" publish:icon="923081473_icon.png" publish:qualifiedname="ResourceTroubleManagement::Type Definitions::ActiveAlarmFilter::perceivedSeverityList" publish:type="PerceivedSeverity" xmi:id="_.r.z.kB6.d1.gE.d.y.rKNX.nBM.y96.w" xsi:type="uml:Property"><defaultValue publish:icon="-419095724_icon.png" publish:qualifiedname="ResourceTroubleManagement::Type Definitions::ActiveAlarmFilter::perceivedSeverityList::&lt;OpaqueExpression&gt;" xmi:id="_.r.z.kB691.gE.d.y.rKNX.nBM.y96.w" xsi:type="uml:OpaqueExpression"/></ownedAttribute><ownedAttribute name="probableCauseList" publish:icon="-301655413_icon.png" publish:qualifiedname="ResourceTroubleManagement::Type Definitions::ActiveAlarmFilter::probableCauseList" publish:type="String" xmi:id="_.r.z.kB7.d1.gE.d.y.rKNX.nBM.y96.w" xsi:type="uml:Property"><defaultValue publish:icon="-419095724_icon.png" publish:qualifiedname="ResourceTroubleManagement::Type Definitions::ActiveAlarmFilter::probableCauseList::&lt;OpaqueExpression&gt;" xmi:id="_.r.z.kB791.gE.d.y.rKNX.nBM.y96.w" xsi:type="uml:OpaqueExpression"/></ownedAttribute><ownedAttribute name="acknowledgeIndication" publish:icon="923081473_icon.png" publish:is_association="false" publish:qualifiedname="ResourceTroubleManagement::Type Definitions::ActiveAlarmFilter::acknowledgeIndication" publish:type="AcknowledgeIndication" publish:typeid="_.jEL.t.wO.nTE.d.y1.l.pWL.f983V.w" xmi:id="_.r.z.t.y4N1.gE.d.y.rKNX.nBM.y96.w" xsi:type="uml:Property"><defaultValue name="NOT_APPLICABLE" publish:icon="1812274008_icon.png" publish:qualifiedname="ResourceTroubleManagement::Type Definitions::ActiveAlarmFilter::acknowledgeIndication::NOT_APPLICABLE" xmi:id="_.kJ.g.h.oO.nUE.d.y1.l.pWL.f983V.w" xsi:type="uml:InstanceValue"/></ownedAttribute></packagedElement><packagedElement name="CurrentMaintenanceOperation" publish:icon="-737863194_icon.png" publish:qualifiedname="ResourceTroubleManagement::Type Definitions::CurrentMaintenanceOperation" xmi:id="_.n2.x74N1.jE.d.y.rKNX.nBM.y96.w" xsi:type="uml:DataType"><ownedAttribute name="maintenanceOperation" publish:icon="923081473_icon.png" publish:qualifiedname="ResourceTroubleManagement::Type Definitions::CurrentMaintenanceOperation::maintenanceOperation" publish:type="String" xmi:id="_9C.f.r.s.t1.jE.d.y.rKNX.nBM.y96.w" xsi:type="uml:Property"><defaultValue publish:icon="-419095724_icon.png" publish:qualifiedname="ResourceTroubleManagement::Type Definitions::CurrentMaintenanceOperation::maintenanceOperation::&lt;OpaqueExpression&gt;" xmi:id="_9C.f.r.tN1.jE.d.y.rKNX.nBM.y96.w" xsi:type="uml:OpaqueExpression"/></ownedAttribute><ownedAttribute name="layerRate" publish:icon="923081473_icon.png" publish:qualifiedname="ResourceTroubleManagement::Type Definitions::CurrentMaintenanceOperation::layerRate" publish:type="LayerRate" xmi:id="_9C.f.r.t.t1.jE.d.y.rKNX.nBM.y96.w" xsi:type="uml:Property"><defaultValue publish:icon="-419095724_icon.png" publish:qualifiedname="ResourceTroubleManagement::Type Definitions::CurrentMaintenanceOperation::layerRate::&lt;OpaqueExpression&gt;" xmi:id="_.lHFV.cO.n.aE.d.yN58HQD.v.e.kEQ" xsi:type="uml:OpaqueExpression"/></ownedAttribute><ownedAttribute name="additionalInfo" publish:icon="923081473_icon.png" publish:qualifiedname="ResourceTroubleManagement::Type Definitions::CurrentMaintenanceOperation::additionalInfo" publish:type="AttributeValuePair" xmi:id="_9C.o1.o.d1.jE.d.y.rKNX.nBM.y96.w" xsi:type="uml:Property"><defaultValue publish:icon="-419095724_icon.png" publish:qualifiedname="ResourceTroubleManagement::Type Definitions::CurrentMaintenanceOperation::additionalInfo::&lt;OpaqueExpression&gt;" xmi:id="_9C.o1.o91.jE.d.y.rKNX.nBM.y96.w" xsi:type="uml:OpaqueExpression"/></ownedAttribute></packagedElement><packagedElement name="MaintenanceOperationMode" publish:icon="1124407944_icon.png" publish:qualifiedname="ResourceTroubleManagement::Type Definitions::MaintenanceOperationMode" xmi:id="_.q1OC8N1.jE.d.y.rKNX.nBM.y96.w" xsi:type="uml:Enumeration"><ownedLiteral name="OPERATE" publish:icon="-2147149193_icon.png" publish:qualifiedname="ResourceTroubleManagement::Type Definitions::MaintenanceOperationMode::OPERATE" xmi:id="_0-8P.gN1.kE.d.y.rKNX.nBM.y96.w" xsi:type="uml:EnumerationLiteral"/><ownedLiteral name="RELEASE" publish:icon="-2147149193_icon.png" publish:qualifiedname="ResourceTroubleManagement::Type Definitions::MaintenanceOperationMode::RELEASE" xmi:id="_2E.h-.kN1.kE.d.y.rKNX.nBM.y96.w" xsi:type="uml:EnumerationLiteral"/></packagedElement><packagedElement name="ProtectionCommand" publish:icon="1124407944_icon.png" publish:qualifiedname="ResourceTroubleManagement::Type Definitions::ProtectionCommand" xmi:id="_.wIQNYN1.kE.d.y.rKNX.nBM.y96.w" xsi:type="uml:Enumeration"><ownedLiteral name="CLEAR" publish:icon="-2147149193_icon.png" publish:qualifiedname="ResourceTroubleManagement::Type Definitions::ProtectionCommand::CLEAR" xmi:id="_9902EN1.kE.d.y.rKNX.nBM.y96.w" xsi:type="uml:EnumerationLiteral"/><ownedLiteral name="EXERCISER" publish:icon="-2147149193_icon.png" publish:qualifiedname="ResourceTroubleManagement::Type Definitions::ProtectionCommand::EXERCISER" xmi:id="_-70IUN1.kE.d.y.rKNX.nBM.y96.w" xsi:type="uml:EnumerationLiteral"/><ownedLiteral name="FORCED_SWITCH" publish:icon="-2147149193_icon.png" publish:qualifiedname="ResourceTroubleManagement::Type Definitions::ProtectionCommand::FORCED_SWITCH" xmi:id="_A.y.u.m.oN1.lE.d.y.rKNX.nBM.y96.w" xsi:type="uml:EnumerationLiteral"/><ownedLiteral name="LOCKOUT" publish:icon="-2147149193_icon.png" publish:qualifiedname="ResourceTroubleManagement::Type Definitions::ProtectionCommand::LOCKOUT" xmi:id="_DV.mMAN1.lE.d.y.rKNX.nBM.y96.w" xsi:type="uml:EnumerationLiteral"/><ownedLiteral name="MANUAL_SWITCH" publish:icon="-2147149193_icon.png" publish:qualifiedname="ResourceTroubleManagement::Type Definitions::ProtectionCommand::MANUAL_SWITCH" xmi:id="_E.oKAEN1.lE.d.y.rKNX.nBM.y96.w" xsi:type="uml:EnumerationLiteral"/></packagedElement><packagedElement name="SwitchData" publish:icon="-737863194_icon.png" publish:qualifiedname="ResourceTroubleManagement::Type Definitions::SwitchData" xmi:id="_.y.fW.n.oN1.kE.d.y.rKNX.nBM.y96.w" xsi:type="uml:DataType"><ownedAttribute name="protectionType" publish:icon="923081473_icon.png" publish:qualifiedname="ResourceTroubleManagement::Type Definitions::SwitchData::protectionType" publish:type="ProtectionType" xmi:id="_.iG.fGU.t1.lE.d.y.rKNX.nBM.y96.w" xsi:type="uml:Property"><defaultValue publish:icon="-419095724_icon.png" publish:qualifiedname="ResourceTroubleManagement::Type Definitions::SwitchData::protectionType::&lt;OpaqueExpression&gt;" xmi:id="_.iG.fGVN1.lE.d.y.rKNX.nBM.y96.w" xsi:type="uml:OpaqueExpression"/></ownedAttribute><ownedAttribute name="switchReason" publish:icon="923081473_icon.png" publish:qualifiedname="ResourceTroubleManagement::Type Definitions::SwitchData::switchReason" publish:type="SwitchReason" xmi:id="_.iG.fGV.t1.lE.d.y.rKNX.nBM.y96.w" xsi:type="uml:Property"><defaultValue publish:icon="-419095724_icon.png" publish:qualifiedname="ResourceTroubleManagement::Type Definitions::SwitchData::switchReason::&lt;OpaqueExpression&gt;" xmi:id="_.iG.fGWN1.lE.d.y.rKNX.nBM.y96.w" xsi:type="uml:OpaqueExpression"/></ownedAttribute><ownedAttribute name="layerRate" publish:icon="923081473_icon.png" publish:qualifiedname="ResourceTroubleManagement::Type Definitions::SwitchData::layerRate" publish:type="LayerRate" xmi:id="_.iG.fGW.t1.lE.d.y.rKNX.nBM.y96.w" xsi:type="uml:Property"><defaultValue publish:icon="-419095724_icon.png" publish:qualifiedname="ResourceTroubleManagement::Type Definitions::SwitchData::layerRate::&lt;OpaqueExpression&gt;" xmi:id="_.iG.fGXN1.lE.d.y.rKNX.nBM.y96.w" xsi:type="uml:OpaqueExpression"/></ownedAttribute><ownedAttribute name="additionalInfo" publish:icon="923081473_icon.png" publish:qualifiedname="ResourceTroubleManagement::Type Definitions::SwitchData::additionalInfo" publish:type="AttributeValuePair" xmi:id="_.iG.fGX.t1.lE.d.y.rKNX.nBM.y96.w" xsi:type="uml:Property"><defaultValue publish:icon="-419095724_icon.png" publish:qualifiedname="ResourceTroubleManagement::Type Definitions::SwitchData::additionalInfo::&lt;OpaqueExpression&gt;" xmi:id="_.iG.fGYN1.lE.d.y.rKNX.nBM.y96.w" xsi:type="uml:OpaqueExpression"/></ownedAttribute><ownedAttribute name="protectionGroupRef" publish:icon="923081473_icon.png" publish:qualifiedname="ResourceTroubleManagement::Type Definitions::SwitchData::protectionGroupRef" publish:type="ProtectionGroup" xmi:id="_3.o.q.t4X.z.tE.eKY_.q.d4.n.w.hL1Q" xsi:type="uml:Property"/><ownedAttribute name="protectedTpRef" publish:icon="923081473_icon.png" publish:qualifiedname="ResourceTroubleManagement::Type Definitions::SwitchData::protectedTpRef" publish:type="TerminationPoint" xmi:id="_JCJ.s.wX.z.vE.eKY_.q.d4.n.w.hL1Q" xsi:type="uml:Property"><defaultValue publish:icon="-419095724_icon.png" publish:qualifiedname="ResourceTroubleManagement::Type Definitions::SwitchData::protectedTpRef::&lt;OpaqueExpression&gt;" xmi:id="_W.n-.m8IDZE.eK.h.c5.xI.lK.v.i.kA" xsi:type="uml:OpaqueExpression"/></ownedAttribute><ownedAttribute name="switchToTpRef" publish:icon="923081473_icon.png" publish:qualifiedname="ResourceTroubleManagement::Type Definitions::SwitchData::switchToTpRef" publish:type="TerminationPoint" xmi:id="_.uM-.k.oX.z.vE.eKY_.q.d4.n.w.hL1Q" xsi:type="uml:Property"><defaultValue publish:icon="-419095724_icon.png" publish:qualifiedname="ResourceTroubleManagement::Type Definitions::SwitchData::switchToTpRef::&lt;OpaqueExpression&gt;" xmi:id="_X.c4O.oIDZE.eK.h.c5.xI.lK.v.i.kA" xsi:type="uml:OpaqueExpression"/></ownedAttribute></packagedElement><packagedElement name="Source" publish:icon="1124407944_icon.png" publish:qualifiedname="ResourceTroubleManagement::Type Definitions::Source" xmi:id="_6AN.aEO.nSE.d.y1.l.pWL.f983V.w" xsi:type="uml:Enumeration"><ownedLiteral name="INTERNAL" publish:icon="-2147149193_icon.png" publish:qualifiedname="ResourceTroubleManagement::Type Definitions::Source::INTERNAL" xmi:id="_8D8MYO.nSE.d.y1.l.pWL.f983V.w" xsi:type="uml:EnumerationLiteral"/><ownedLiteral name="EXTERNAL" publish:icon="-2147149193_icon.png" publish:qualifiedname="ResourceTroubleManagement::Type Definitions::Source::EXTERNAL" xmi:id="_9SK6EO.nSE.d.y1.l.pWL.f983V.w" xsi:type="uml:EnumerationLiteral"/><ownedLiteral name="NOT_APPLICABLE" publish:icon="-2147149193_icon.png" publish:qualifiedname="ResourceTroubleManagement::Type Definitions::Source::NOT_APPLICABLE" xmi:id="_-V95YO.nSE.d.y1.l.pWL.f983V.w" xsi:type="uml:EnumerationLiteral"/></packagedElement><packagedElement name="AcknowledgeIndication" publish:icon="1124407944_icon.png" publish:qualifiedname="ResourceTroubleManagement::Type Definitions::AcknowledgeIndication" xmi:id="_.jEL.t.wO.nTE.d.y1.l.pWL.f983V.w" xsi:type="uml:Enumeration"><ownedLiteral name="NOT_APPLICABLE" publish:icon="-2147149193_icon.png" publish:qualifiedname="ResourceTroubleManagement::Type Definitions::AcknowledgeIndication::NOT_APPLICABLE" xmi:id="_.q2.x.gUO.nTE.d.y1.l.pWL.f983V.w" xsi:type="uml:EnumerationLiteral"/><ownedLiteral name="EVENT_ACKNOWLEDGED" publish:icon="-2147149193_icon.png" publish:qualifiedname="ResourceTroubleManagement::Type Definitions::AcknowledgeIndication::EVENT_ACKNOWLEDGED" xmi:id="_.z.b.b.pAO.nTE.d.y1.l.pWL.f983V.w" xsi:type="uml:EnumerationLiteral"/><ownedLiteral name="EVENT_UNACKNOWLEDGED" publish:icon="-2147149193_icon.png" publish:qualifiedname="ResourceTroubleManagement::Type Definitions::AcknowledgeIndication::EVENT_UNACKNOWLEDGED" xmi:id="_K.jH9UO.nUE.d.y1.l.pWL.f983V.w" xsi:type="uml:EnumerationLiteral"/></packagedElement><packagedElement name="AlarmOrTcaId" publish:icon="-1694164445_icon.png" publish:qualifiedname="ResourceTroubleManagement::Type Definitions::AlarmOrTcaId" xmi:id="_.v_A.mYO.qME.d.y.uRY.e8T.zA8.u.g" xsi:type="uml:DataType"><ownedAttribute name="alarmId" publish:icon="923081473_icon.png" publish:is_association="true" publish:qualifiedname="ResourceTroubleManagement::Type Definitions::AlarmOrTcaId::alarmId" publish:type="AlarmId" publish:typeid="_8.zDEIO.qNE.d.y.uRY.e8T.zA8.u.g" xmi:id="_V.kFU0.e.qOE.d.y.uRY.e8T.zA8.u.g" xsi:type="uml:Property"/><ownedAttribute name="tcaId" publish:icon="923081473_icon.png" publish:is_association="true" publish:qualifiedname="ResourceTroubleManagement::Type Definitions::AlarmOrTcaId::tcaId" publish:type="TcaId" publish:typeid="_CNDO.sO.qOE.d.y.uRY.e8T.zA8.u.g" xmi:id="_W.rUC.o.e.qOE.d.y.uRY.e8T.zA8.u.g" xsi:type="uml:Property"/></packagedElement><packagedElement name="AlarmId" publish:icon="-1694164445_icon.png" publish:qualifiedname="ResourceTroubleManagement::Type Definitions::AlarmId" xmi:id="_8.zDEIO.qNE.d.y.uRY.e8T.zA8.u.g" xsi:type="uml:DataType"><ownedAttribute name="objectName" publish:icon="-301655413_icon.png" publish:qualifiedname="ResourceTroubleManagement::Type Definitions::AlarmId::objectName" publish:type="ObjectName" xmi:id="_M.b.i.m.gO.qPE.d.y.uRY.e8T.zA8.u.g" xsi:type="uml:Property"><defaultValue publish:icon="-419095724_icon.png" publish:qualifiedname="ResourceTroubleManagement::Type Definitions::AlarmId::objectName::&lt;OpaqueExpression&gt;" xmi:id="_RR-.iQO.qVE.d.y.uRY.e8T.zA8.u.g" xsi:type="uml:OpaqueExpression"/></ownedAttribute><ownedAttribute name="layerRate" publish:icon="923081473_icon.png" publish:qualifiedname="ResourceTroubleManagement::Type Definitions::AlarmId::layerRate" publish:type="LayerRate" xmi:id="_4CO.u.kO.qPE.d.y.uRY.e8T.zA8.u.g" xsi:type="uml:Property"><defaultValue publish:icon="-419095724_icon.png" publish:qualifiedname="ResourceTroubleManagement::Type Definitions::AlarmId::layerRate::&lt;OpaqueExpression&gt;" xmi:id="_4CO.u.k.u.qPE.d.y.uRY.e8T.zA8.u.g" xsi:type="uml:OpaqueExpression"/></ownedAttribute><ownedAttribute name="probableCause" publish:icon="-301655413_icon.png" publish:qualifiedname="ResourceTroubleManagement::Type Definitions::AlarmId::probableCause" publish:type="String" xmi:id="_.g.d.rC.oO.qQE.d.y.uRY.e8T.zA8.u.g" xsi:type="uml:Property"><defaultValue publish:icon="-419095724_icon.png" publish:qualifiedname="ResourceTroubleManagement::Type Definitions::AlarmId::probableCause::&lt;OpaqueExpression&gt;" xmi:id="_.g.d.rC.o.u.qQE.d.y.uRY.e8T.zA8.u.g" xsi:type="uml:OpaqueExpression"/></ownedAttribute><ownedAttribute name="probableCauseQualifier" publish:icon="923081473_icon.png" publish:qualifiedname="ResourceTroubleManagement::Type Definitions::AlarmId::probableCauseQualifier" publish:type="String" xmi:id="_MNZD.gO.qUE.d.y.uRY.e8T.zA8.u.g" xsi:type="uml:Property"><defaultValue publish:icon="-419095724_icon.png" publish:qualifiedname="ResourceTroubleManagement::Type Definitions::AlarmId::probableCauseQualifier::&lt;OpaqueExpression&gt;" xmi:id="_MNZD.g-.qUE.d.y.uRY.e8T.zA8.u.g" xsi:type="uml:OpaqueExpression"/></ownedAttribute></packagedElement><packagedElement name="TcaId" publish:icon="-1694164445_icon.png" publish:qualifiedname="ResourceTroubleManagement::Type Definitions::TcaId" xmi:id="_CNDO.sO.qOE.d.y.uRY.e8T.zA8.u.g" xsi:type="uml:DataType"><ownedAttribute name="objectName" publish:icon="-301655413_icon.png" publish:qualifiedname="ResourceTroubleManagement::Type Definitions::TcaId::objectName" publish:type="ObjectName" xmi:id="_FKOGQO.qVE.d.y.uRY.e8T.zA8.u.g" xsi:type="uml:Property"><defaultValue publish:icon="-419095724_icon.png" publish:qualifiedname="ResourceTroubleManagement::Type Definitions::TcaId::objectName::&lt;OpaqueExpression&gt;" xmi:id="_S1XA.kO.qVE.d.y.uRY.e8T.zA8.u.g" xsi:type="uml:OpaqueExpression"/></ownedAttribute><ownedAttribute name="layerRate" publish:icon="923081473_icon.png" publish:qualifiedname="ResourceTroubleManagement::Type Definitions::TcaId::layerRate" publish:type="LayerRate" xmi:id="_FKOGQ-.qVE.d.y.uRY.e8T.zA8.u.g" xsi:type="uml:Property"><defaultValue publish:icon="-419095724_icon.png" publish:qualifiedname="ResourceTroubleManagement::Type Definitions::TcaId::layerRate::&lt;OpaqueExpression&gt;" xmi:id="_FKOGR.e.qVE.d.y.uRY.e8T.zA8.u.g" xsi:type="uml:OpaqueExpression"/></ownedAttribute><ownedAttribute name="pmParameterName" publish:icon="-301655413_icon.png" publish:qualifiedname="ResourceTroubleManagement::Type Definitions::TcaId::pmParameterName" publish:type="String" xmi:id="_1G9.o.kO.qVE.d.y.uRY.e8T.zA8.u.g" xsi:type="uml:Property"><defaultValue publish:icon="-419095724_icon.png" publish:qualifiedname="ResourceTroubleManagement::Type Definitions::TcaId::pmParameterName::&lt;OpaqueExpression&gt;" xmi:id="_1G9.o.k-.qVE.d.y.uRY.e8T.zA8.u.g" xsi:type="uml:OpaqueExpression"/></ownedAttribute><ownedAttribute name="pmLocation" publish:icon="-301655413_icon.png" publish:qualifiedname="ResourceTroubleManagement::Type Definitions::TcaId::pmLocation" publish:type="PerformanceMonitoringLocation" xmi:id="_.w.p.d.i.gO.qVE.d.y.uRY.e8T.zA8.u.g" xsi:type="uml:Property"><defaultValue publish:icon="-419095724_icon.png" publish:qualifiedname="ResourceTroubleManagement::Type Definitions::TcaId::pmLocation::&lt;OpaqueExpression&gt;" xmi:id="_.w.p.d.i.g-.qVE.d.y.uRY.e8T.zA8.u.g" xsi:type="uml:OpaqueExpression"/></ownedAttribute><ownedAttribute name="granularity" publish:icon="923081473_icon.png" publish:qualifiedname="ResourceTroubleManagement::Type Definitions::TcaId::granularity" publish:type="Granularity" xmi:id="_.w.p.d.i.hO.qVE.d.y.uRY.e8T.zA8.u.g" xsi:type="uml:Property"><defaultValue name="NOT_APPLICABLE" publish:icon="1812274008_icon.png" publish:qualifiedname="ResourceTroubleManagement::Type Definitions::TcaId::granularity::NOT_APPLICABLE" xmi:id="_.w.p.d.i.h.u.qVE.d.y.uRY.e8T.zA8.u.g" xsi:type="uml:InstanceValue"/></ownedAttribute></packagedElement><packagedElement publish:icon="-1895490947_icon.png" publish:qualifiedname="ResourceTroubleManagement::Type Definitions::&lt;Association&gt;" xmi:id="_V.kFU0O.qOE.d.y.uRY.e8T.zA8.u.g" xsi:type="uml:Association"><ownedEnd publish:icon="-200991874_icon.png" publish:is_association="true" publish:qualifiedname="ResourceTroubleManagement::Type Definitions::&lt;Association&gt;::&lt;Property&gt;" publish:type="AlarmOrTcaId" publish:typeid="_.v_A.mYO.qME.d.y.uRY.e8T.zA8.u.g" xmi:id="_V.kYP.wO.qOE.d.y.uRY.e8T.zA8.u.g" xsi:type="uml:Property"/></packagedElement><packagedElement publish:icon="-1895490947_icon.png" publish:qualifiedname="ResourceTroubleManagement::Type Definitions::&lt;Association&gt;" xmi:id="_W.rUC.oO.qOE.d.y.uRY.e8T.zA8.u.g" xsi:type="uml:Association"><ownedEnd publish:icon="-200991874_icon.png" publish:is_association="true" publish:qualifiedname="ResourceTroubleManagement::Type Definitions::&lt;Association&gt;::&lt;Property&gt;" publish:type="AlarmOrTcaId" publish:typeid="_.v_A.mYO.qME.d.y.uRY.e8T.zA8.u.g" xmi:id="_W.rUC.p.e.qOE.d.y.uRY.e8T.zA8.u.g" xsi:type="uml:Property"/></packagedElement><packagedElement name="EquipmentSwitchData" publish:icon="-1694164445_icon.png" publish:qualifiedname="ResourceTroubleManagement::Type Definitions::EquipmentSwitchData" xmi:id="_4.t.y1EO9.mE.d.y.m.m-1.bIG.vQ.p.w" xsi:type="uml:DataType"><ownedAttribute name="equipmentProtectionType" publish:icon="923081473_icon.png" publish:qualifiedname="ResourceTroubleManagement::Type Definitions::EquipmentSwitchData::equipmentProtectionType" publish:type="EquipmentProtectionType" xmi:id="_4.t.y1E.u9.mE.d.y.m.m-1.bIG.vQ.p.w" xsi:type="uml:Property"><defaultValue name="M_FOR_N" publish:icon="1812274008_icon.png" publish:qualifiedname="ResourceTroubleManagement::Type Definitions::EquipmentSwitchData::equipmentProtectionType::M_FOR_N" xmi:id="_TH.jR4O95E.d.y.m.m-1.bIG.vQ.p.w" xsi:type="uml:InstanceValue"/></ownedAttribute><ownedAttribute name="equipmentSwitchReason" publish:icon="923081473_icon.png" publish:qualifiedname="ResourceTroubleManagement::Type Definitions::EquipmentSwitchData::equipmentSwitchReason" publish:type="EquipmentSwitchReason" xmi:id="_4.t.y1F.e9.mE.d.y.m.m-1.bIG.vQ.p.w" xsi:type="uml:Property"><defaultValue name="NOT_APPLICABLE" publish:icon="1812274008_icon.png" publish:qualifiedname="ResourceTroubleManagement::Type Definitions::EquipmentSwitchData::equipmentSwitchReason::NOT_APPLICABLE" xmi:id="_I.n.qL.kO95E.d.y.m.m-1.bIG.vQ.p.w" xsi:type="uml:InstanceValue"/></ownedAttribute><ownedAttribute name="additionalInfo" publish:icon="923081473_icon.png" publish:qualifiedname="ResourceTroubleManagement::Type Definitions::EquipmentSwitchData::additionalInfo" publish:type="AttributeValuePair" xmi:id="_4.t.y1G-9.mE.d.y.m.m-1.bIG.vQ.p.w" xsi:type="uml:Property"><defaultValue publish:icon="-419095724_icon.png" publish:qualifiedname="ResourceTroubleManagement::Type Definitions::EquipmentSwitchData::additionalInfo::&lt;OpaqueExpression&gt;" xmi:id="_4.t.y1H-9.mE.d.y.m.m-1.bIG.vQ.p.w" xsi:type="uml:OpaqueExpression"/></ownedAttribute><ownedAttribute name="epgRef" publish:icon="923081473_icon.png" publish:qualifiedname="ResourceTroubleManagement::Type Definitions::EquipmentSwitchData::epgRef" publish:type="ObjectName" xmi:id="_4.t.y1IO9.mE.d.y.m.m-1.bIG.vQ.p.w" xsi:type="uml:Property"/><ownedAttribute name="protectedEquipmentRef" publish:icon="923081473_icon.png" publish:qualifiedname="ResourceTroubleManagement::Type Definitions::EquipmentSwitchData::protectedEquipmentRef" publish:type="ObjectName" xmi:id="_4.t.y1J.e9.mE.d.y.m.m-1.bIG.vQ.p.w" xsi:type="uml:Property"><defaultValue publish:icon="-419095724_icon.png" publish:qualifiedname="ResourceTroubleManagement::Type Definitions::EquipmentSwitchData::protectedEquipmentRef::&lt;OpaqueExpression&gt;" xmi:id="_4.t.y1K.e9.mE.d.y.m.m-1.bIG.vQ.p.w" xsi:type="uml:OpaqueExpression"/></ownedAttribute><ownedAttribute name="switchToEquipmentRef" publish:icon="923081473_icon.png" publish:qualifiedname="ResourceTroubleManagement::Type Definitions::EquipmentSwitchData::switchToEquipmentRef" publish:type="ObjectName" xmi:id="_4.t.y1K.u9.mE.d.y.m.m-1.bIG.vQ.p.w" xsi:type="uml:Property"><defaultValue publish:icon="-419095724_icon.png" publish:qualifiedname="ResourceTroubleManagement::Type Definitions::EquipmentSwitchData::switchToEquipmentRef::&lt;OpaqueExpression&gt;" xmi:id="_4.t.y1L.u9.mE.d.y.m.m-1.bIG.vQ.p.w" xsi:type="uml:OpaqueExpression"/></ownedAttribute></packagedElement><packagedElement name="ProtectionGroupModifyData" publish:icon="-1694164445_icon.png" publish:qualifiedname="ResourceTroubleManagement::Type Definitions::ProtectionGroupModifyData" xmi:id="_.h6X6IH.bGE.eKYE-.o.r.p3.d.s.a.g" xsi:type="uml:DataType"><ancestor name="ProtectionGroupSetData" publish:icon="-1694164445_icon.png" publish:qualifiedname="ResourceTroubleManagement::Type Definitions::ProtectionGroupSetData" xmi:id="_.fMXJYH.dCE.eKYE-.o.r.p3.d.s.a.g" xsi:type="uml:DataType"><inheritedAttribute anchor="#_.fMXJY3.dCE.eKYE-.o.r.p3.d.s.a.g" name="reversionMode" publish:icon="923081473_icon.png" publish:qualifiedname="ResourceTroubleManagement::Type Definitions::ProtectionGroupSetData::reversionMode" xmi:id="_.fMXJYH.dCE.eKYE-.o.r.p3.d.s.a.g" xsi:type="uml:Property"/><inheritedAttribute anchor="#_.fMXJZ.n.dCE.eKYE-.o.r.p3.d.s.a.g" name="terminationPointRefList" publish:icon="923081473_icon.png" publish:qualifiedname="ResourceTroubleManagement::Type Definitions::ProtectionGroupSetData::terminationPointRefList" xmi:id="_.fMXJYH.dCE.eKYE-.o.r.p3.d.s.a.g" xsi:type="uml:Property"/><inheritedAttribute anchor="#_.fMXJ.a3.dCE.eKYE-.o.r.p3.d.s.a.g" name="parameterList" publish:icon="-301655413_icon.png" publish:qualifiedname="ResourceTroubleManagement::Type Definitions::ProtectionGroupSetData::parameterList" xmi:id="_.fMXJYH.dCE.eKYE-.o.r.p3.d.s.a.g" xsi:type="uml:Property"/><inheritedAttribute anchor="#_.m.f59.kH.m1E.eK.l.g.fP.xDEB.y.xA" name="apsProtocolType" publish:icon="923081473_icon.png" publish:qualifiedname="ResourceTroubleManagement::Type Definitions::ProtectionGroupSetData::apsProtocolType" xmi:id="_.fMXJYH.dCE.eKYE-.o.r.p3.d.s.a.g" xsi:type="uml:Property"/><inheritedAttribute anchor="#_O5.qFAH.m1E.eK.l.g.fP.xDEB.y.xA" name="asapRef" publish:icon="923081473_icon.png" publish:qualifiedname="ResourceTroubleManagement::Type Definitions::ProtectionGroupSetData::asapRef" xmi:id="_.fMXJYH.dCE.eKYE-.o.r.p3.d.s.a.g" xsi:type="uml:Property"/></ancestor></packagedElement><packagedElement name="ProtectionGroupCreateData" publish:icon="-1694164445_icon.png" publish:qualifiedname="ResourceTroubleManagement::Type Definitions::ProtectionGroupCreateData" xmi:id="_W.p.aGUH.dBE.eKYE-.o.r.p3.d.s.a.g" xsi:type="uml:DataType"><ancestor name="ProtectionGroupSetData" publish:icon="-1694164445_icon.png" publish:qualifiedname="ResourceTroubleManagement::Type Definitions::ProtectionGroupSetData" xmi:id="_.fMXJYH.dCE.eKYE-.o.r.p3.d.s.a.g" xsi:type="uml:DataType"><inheritedAttribute anchor="#_.fMXJY3.dCE.eKYE-.o.r.p3.d.s.a.g" name="reversionMode" publish:icon="923081473_icon.png" publish:qualifiedname="ResourceTroubleManagement::Type Definitions::ProtectionGroupSetData::reversionMode" xmi:id="_.fMXJYH.dCE.eKYE-.o.r.p3.d.s.a.g" xsi:type="uml:Property"/><inheritedAttribute anchor="#_.fMXJZ.n.dCE.eKYE-.o.r.p3.d.s.a.g" name="terminationPointRefList" publish:icon="923081473_icon.png" publish:qualifiedname="ResourceTroubleManagement::Type Definitions::ProtectionGroupSetData::terminationPointRefList" xmi:id="_.fMXJYH.dCE.eKYE-.o.r.p3.d.s.a.g" xsi:type="uml:Property"/><inheritedAttribute anchor="#_.fMXJ.a3.dCE.eKYE-.o.r.p3.d.s.a.g" name="parameterList" publish:icon="-301655413_icon.png" publish:qualifiedname="ResourceTroubleManagement::Type Definitions::ProtectionGroupSetData::parameterList" xmi:id="_.fMXJYH.dCE.eKYE-.o.r.p3.d.s.a.g" xsi:type="uml:Property"/><inheritedAttribute anchor="#_.m.f59.kH.m1E.eK.l.g.fP.xDEB.y.xA" name="apsProtocolType" publish:icon="923081473_icon.png" publish:qualifiedname="ResourceTroubleManagement::Type Definitions::ProtectionGroupSetData::apsProtocolType" xmi:id="_.fMXJYH.dCE.eKYE-.o.r.p3.d.s.a.g" xsi:type="uml:Property"/><inheritedAttribute anchor="#_O5.qFAH.m1E.eK.l.g.fP.xDEB.y.xA" name="asapRef" publish:icon="923081473_icon.png" publish:qualifiedname="ResourceTroubleManagement::Type Definitions::ProtectionGroupSetData::asapRef" xmi:id="_.fMXJYH.dCE.eKYE-.o.r.p3.d.s.a.g" xsi:type="uml:Property"/></ancestor><ownedAttribute name="protectionGroupType" publish:icon="923081473_icon.png" publish:qualifiedname="ResourceTroubleManagement::Type Definitions::ProtectionGroupCreateData::protectionGroupType" publish:type="ProtectionGroupType" xmi:id="_4.sC.eMH.dBE.eKYE-.o.r.p3.d.s.a.g" xsi:type="uml:Property"><defaultValue publish:icon="-419095724_icon.png" publish:qualifiedname="ResourceTroubleManagement::Type Definitions::ProtectionGroupCreateData::protectionGroupType::&lt;OpaqueExpression&gt;" xmi:id="_4.sC.eM.n.dBE.eKYE-.o.r.p3.d.s.a.g" xsi:type="uml:OpaqueExpression"/></ownedAttribute><ownedAttribute name="layerRate" publish:icon="923081473_icon.png" publish:qualifiedname="ResourceTroubleManagement::Type Definitions::ProtectionGroupCreateData::layerRate" publish:type="LayerRate" xmi:id="_V3R.pUH.dCE.eKYE-.o.r.p3.d.s.a.g" xsi:type="uml:Property"><defaultValue publish:icon="-419095724_icon.png" publish:qualifiedname="ResourceTroubleManagement::Type Definitions::ProtectionGroupCreateData::layerRate::&lt;OpaqueExpression&gt;" xmi:id="_V3R.pU.n.dCE.eKYE-.o.r.p3.d.s.a.g" xsi:type="uml:OpaqueExpression"/></ownedAttribute><ownedAttribute name="protectionSchemeState" publish:icon="923081473_icon.png" publish:qualifiedname="ResourceTroubleManagement::Type Definitions::ProtectionGroupCreateData::protectionSchemeState" publish:type="ProtectionSchemeState" xmi:id="_.q.r.q.eQH.m.zE.eK.l.g.fP.xDEB.y.xA" xsi:type="uml:Property"><defaultValue name="AUTOMATIC" publish:icon="1812274008_icon.png" publish:qualifiedname="ResourceTroubleManagement::Type Definitions::ProtectionGroupCreateData::protectionSchemeState::AUTOMATIC" xmi:id="_.q.r.q.eQ.n.m.zE.eK.l.g.fP.xDEB.y.xA" xsi:type="uml:InstanceValue"/></ownedAttribute></packagedElement><packagedElement name="ProtectionGroupSetData" publish:icon="-1694164445_icon.png" publish:qualifiedname="ResourceTroubleManagement::Type Definitions::ProtectionGroupSetData" xmi:id="_.fMXJYH.dCE.eKYE-.o.r.p3.d.s.a.g" xsi:type="uml:DataType"><ownedAttribute name="reversionMode" publish:icon="923081473_icon.png" publish:qualifiedname="ResourceTroubleManagement::Type Definitions::ProtectionGroupSetData::reversionMode" publish:type="ReversionMode" xmi:id="_.fMXJY3.dCE.eKYE-.o.r.p3.d.s.a.g" xsi:type="uml:Property"><defaultValue publish:icon="-419095724_icon.png" publish:qualifiedname="ResourceTroubleManagement::Type Definitions::ProtectionGroupSetData::reversionMode::&lt;OpaqueExpression&gt;" xmi:id="_.fMXJZX.dCE.eKYE-.o.r.p3.d.s.a.g" xsi:type="uml:OpaqueExpression"/></ownedAttribute><ownedAttribute name="terminationPointRefList" publish:icon="923081473_icon.png" publish:qualifiedname="ResourceTroubleManagement::Type Definitions::ProtectionGroupSetData::terminationPointRefList" publish:type="ObjectName" xmi:id="_.fMXJZ.n.dCE.eKYE-.o.r.p3.d.s.a.g" xsi:type="uml:Property"><defaultValue publish:icon="-419095724_icon.png" publish:qualifiedname="ResourceTroubleManagement::Type Definitions::ProtectionGroupSetData::terminationPointRefList::&lt;OpaqueExpression&gt;" xmi:id="_.fMXJ.a.n.dCE.eKYE-.o.r.p3.d.s.a.g" xsi:type="uml:OpaqueExpression"/></ownedAttribute><ownedAttribute name="parameterList" publish:icon="-301655413_icon.png" publish:qualifiedname="ResourceTroubleManagement::Type Definitions::ProtectionGroupSetData::parameterList" publish:type="AttributeValuePair" xmi:id="_.fMXJ.a3.dCE.eKYE-.o.r.p3.d.s.a.g" xsi:type="uml:Property"><defaultValue publish:icon="-419095724_icon.png" publish:qualifiedname="ResourceTroubleManagement::Type Definitions::ProtectionGroupSetData::parameterList::&lt;OpaqueExpression&gt;" xmi:id="_.fMXJ.cH.dCE.eKYE-.o.r.p3.d.s.a.g" xsi:type="uml:OpaqueExpression"/></ownedAttribute><ownedAttribute name="apsProtocolType" publish:icon="923081473_icon.png" publish:qualifiedname="ResourceTroubleManagement::Type Definitions::ProtectionGroupSetData::apsProtocolType" publish:type="String" xmi:id="_.m.f59.kH.m1E.eK.l.g.fP.xDEB.y.xA" xsi:type="uml:Property"><defaultValue publish:icon="-419095724_icon.png" publish:qualifiedname="ResourceTroubleManagement::Type Definitions::ProtectionGroupSetData::apsProtocolType::&lt;OpaqueExpression&gt;" xmi:id="_.m.f59.k.n.m1E.eK.l.g.fP.xDEB.y.xA" xsi:type="uml:OpaqueExpression"/></ownedAttribute><ownedAttribute name="asapRef" publish:icon="923081473_icon.png" publish:qualifiedname="ResourceTroubleManagement::Type Definitions::ProtectionGroupSetData::asapRef" publish:type="ObjectName" xmi:id="_O5.qFAH.m1E.eK.l.g.fP.xDEB.y.xA" xsi:type="uml:Property"/></packagedElement><packagedElement publish:icon="386209858_icon.png" publish:qualifiedname="ResourceTroubleManagement::Type Definitions::&lt;Association&gt;" xmi:id="_3.o.q.t4H.z.tE.eKY_.q.d4.n.w.hL1Q" xsi:type="uml:Association"><ownedEnd publish:icon="-200991874_icon.png" publish:is_association="true" publish:qualifiedname="ResourceTroubleManagement::Type Definitions::&lt;Association&gt;::&lt;Property&gt;" publish:type="SwitchData" publish:typeid="_.y.fW.n.oN1.kE.d.y.rKNX.nBM.y96.w" xmi:id="_3.o.q.t5X.z.tE.eKY_.q.d4.n.w.hL1Q" xsi:type="uml:Property"/></packagedElement><packagedElement publish:icon="386209858_icon.png" publish:qualifiedname="ResourceTroubleManagement::Type Definitions::&lt;Association&gt;" xmi:id="_JCJ.s.wH.z.vE.eKY_.q.d4.n.w.hL1Q" xsi:type="uml:Association"><ownedEnd publish:icon="-200991874_icon.png" publish:is_association="true" publish:qualifiedname="ResourceTroubleManagement::Type Definitions::&lt;Association&gt;::&lt;Property&gt;" publish:type="SwitchData" publish:typeid="_.y.fW.n.oN1.kE.d.y.rKNX.nBM.y96.w" xmi:id="_JCJ.s.xX.z.vE.eKY_.q.d4.n.w.hL1Q" xsi:type="uml:Property"/></packagedElement><packagedElement publish:icon="386209858_icon.png" publish:qualifiedname="ResourceTroubleManagement::Type Definitions::&lt;Association&gt;" xmi:id="_.uM-.k.oH.z.vE.eKY_.q.d4.n.w.hL1Q" xsi:type="uml:Association"><ownedEnd publish:icon="-200991874_icon.png" publish:is_association="true" publish:qualifiedname="ResourceTroubleManagement::Type Definitions::&lt;Association&gt;::&lt;Property&gt;" publish:type="SwitchData" publish:typeid="_.y.fW.n.oN1.kE.d.y.rKNX.nBM.y96.w" xmi:id="_.uM-.k.pX.z.vE.eKY_.q.d4.n.w.hL1Q" xsi:type="uml:Property"/></packagedElement></packagedElement><packagedElement name="Class Diagrams" publish:diagramFormat="PNG" publish:icon="-1325065473_icon.png" publish:modelname="ResourceTroubleManagement" publish:qualifiedname="ResourceTroubleManagement::Class Diagrams" publish:sortOrder="storage" publish:toplevelguid="_.nU.p.i8P-.rE.d.uKKL.vC_EB00A" xmi:id="__W04QB8VE.d.y.bT.c3B.lJ.s.a9Q" xsi:type="uml:Package"/></uml:Model>