<?xml version="1.0" encoding="UTF-8"?><packagedElement name="Class Diagrams" xmlns:publish="http://www.ibm.com/Rational/XTools/Publish" publish:diagramFormat="PNG" publish:icon="-1325065473_icon.png" publish:modelname="ResourceTroubleManagement" publish:qualifiedname="ResourceTroubleManagement::Class Diagrams" publish:sortOrder="storage" publish:toplevelguid="_.nU.p.i8P-.rE.d.uKKL.vC_EB00A" xmlns:xmi="http://www.omg.org/XMI" xmi:id="__W04QB8VE.d.y.bT.c3B.lJ.s.a9Q" xmi:version="2.0" xmlns:com.ibm.xtools.notation="http:///com/ibm/xtools/notation.ecore" xmlns:uml="http://www.eclipse.org/uml2/1.0.0/UML" xmlns:xsi="http://www.w3.org/2001/XMLSchema-instance" xsi:type="uml:Package"><publish:properties><publish:property canonicalName="Alias" name="Alias" publish:category="UML"/><publish:property canonicalName="Keywords" name="Keywords" publish:category="UML"/><publish:property canonicalName="name" name="Name" publish:category="UML" publish:value="Class Diagrams"/><publish:property canonicalName="nameExpression" name="Name Expression" publish:category="UML"/><publish:property canonicalName="namespace" name="Namespace" publish:category="UML" publish:ismodellink="true" publish:value="ResourceTroubleManagement" xmi:id="_.nU.p.i8P-.rE.d.uKKL.vC_EB00A"/><publish:property canonicalName="nestingPackage" name="Nesting Package" publish:category="UML" publish:ismodellink="true" publish:value="ResourceTroubleManagement" xmi:id="_.nU.p.i8P-.rE.d.uKKL.vC_EB00A"/><publish:property canonicalName="ownedTemplateSignature" name="Owned Template Signature" publish:category="UML"/><publish:property canonicalName="owner" name="Owner" publish:category="UML" publish:ismodellink="true" publish:value="ResourceTroubleManagement" xmi:id="_.nU.p.i8P-.rE.d.uKKL.vC_EB00A"/><publish:property canonicalName="owningTemplateParameter" name="Owning Template Parameter" publish:category="UML"/><publish:property canonicalName="qualifiedName" name="Qualified Name" publish:category="UML" publish:value="ResourceTroubleManagement::Class Diagrams"/><publish:property canonicalName="Stereotype" name="Stereotype" publish:category="UML"/><publish:property canonicalName="templateParameter" name="Template Parameter" publish:category="UML"/><publish:property canonicalName="visibility" name="Visibility" publish:category="UML" publish:value="Public"/></publish:properties><contents Type="Class" isDefault="false" name="RTM Interface Diagram" publish:icon="-1677387246_icon.png" publish:imageType="PNG" publish:qualifiedname="ResourceTroubleManagement::Class Diagrams::RTM Interface Diagram" xmi:id="_.nU.p.i8.v-.rE.d.uKKL.vC_EB00A" xsi:type="notation:Diagram"><publish:properties><publish:property canonicalName="description" name="Description" publish:category="View"/><publish:property canonicalName="graphLayout" name="Graph Layout" publish:category="View" publish:value="VerticalOrthogonalHierarchical"/><publish:property canonicalName="labelLayout" name="Label Layout" publish:category="View" publish:value="None"/><publish:property canonicalName="linkLayout" name="Link Layout" publish:category="View" publish:value="None"/><publish:property canonicalName="measurementUnit" name="Measurement Unit" publish:category="View" publish:value="Himetric"/><publish:property canonicalName="name" name="Name" publish:category="View" publish:value="RTM Interface Diagram"/><publish:property canonicalName="pageHeight" name="Page Height" publish:category="View" publish:value="100"/><publish:property canonicalName="pageWidth" name="Page Width" publish:category="View" publish:value="100"/><publish:property canonicalName="pageX" name="Page X" publish:category="View" publish:value="0"/><publish:property canonicalName="pageY" name="Page Y" publish:category="View" publish:value="0"/><publish:property canonicalName="styles" name="Styles" publish:category="View"/><publish:property canonicalName="useAliasName" name="Use Alias Name" publish:category="View" publish:value="false"/></publish:properties><publish:partInfo name="uses" publish:ismodellink="false" publish:partLowerX="364" publish:partLowerY="410" publish:partUpperX="340" publish:partUpperY="396" shape="rect" xmi:id="_.g.cQ.i.sDL.kE.d2PL.sM.cDETQ2.w"/><publish:partInfo coords="350,380,350,426,340,426,340,380,350,380" name="uses" publish:ismodellink="false" shape="poly" xmi:id="_.g.cQ.i.sDL.kE.d2PL.sM.cDETQ2.w"/><publish:partInfo name="Dependency" publish:ismodellink="false" publish:partLowerX="0" publish:partLowerY="0" publish:partUpperX="0" publish:partUpperY="0" shape="rect" xmi:id="_.p.uOS4O.qOE.d.y.uRY.e8T.zA8.u.g"/><publish:partInfo coords="1630,101,1653,167,1644,170,1621,104,1630,101" name="Dependency" publish:ismodellink="false" shape="poly" xmi:id="_.p.uOS4O.qOE.d.y.uRY.e8T.zA8.u.g"/><publish:partInfo anchor="#_W.rUC.o.e.qOE.d.y.uRY.e8T.zA8.u.g" name="tcaId" publish:ismodellink="false" publish:partLowerX="0" publish:partLowerY="0" publish:partUpperX="0" publish:partUpperY="0" shape="rect" xmi:id="_.v_A.mYO.qME.d.y.uRY.e8T.zA8.u.g"/><publish:partInfo anchor="#_W.rUC.p.e.qOE.d.y.uRY.e8T.zA8.u.g" name="Property" publish:ismodellink="false" publish:partLowerX="0" publish:partLowerY="0" publish:partUpperX="0" publish:partUpperY="0" shape="rect" xmi:id="_W.rUC.oO.qOE.d.y.uRY.e8T.zA8.u.g"/><publish:partInfo anchor="#_W.rUC.o.e.qOE.d.y.uRY.e8T.zA8.u.g" name="tcaId" publish:ismodellink="false" publish:partLowerX="0" publish:partLowerY="0" publish:partUpperX="0" publish:partUpperY="0" shape="rect" xmi:id="_.v_A.mYO.qME.d.y.uRY.e8T.zA8.u.g"/><publish:partInfo anchor="#_W.rUC.p.e.qOE.d.y.uRY.e8T.zA8.u.g" name="Property" publish:ismodellink="false" publish:partLowerX="0" publish:partLowerY="0" publish:partUpperX="0" publish:partUpperY="0" shape="rect" xmi:id="_W.rUC.oO.qOE.d.y.uRY.e8T.zA8.u.g"/><publish:partInfo anchor="#_W.rUC.o.e.qOE.d.y.uRY.e8T.zA8.u.g" name="tcaId" publish:ismodellink="false" publish:partLowerX="1803" publish:partLowerY="311" publish:partUpperX="1766" publish:partUpperY="298" shape="rect" xmi:id="_.v_A.mYO.qME.d.y.uRY.e8T.zA8.u.g"/><publish:partInfo anchor="#_W.rUC.o.e.qOE.d.y.uRY.e8T.zA8.u.g" name="tcaId" publish:ismodellink="false" publish:partLowerX="1734" publish:partLowerY="305" publish:partUpperX="1727" publish:partUpperY="292" shape="rect" xmi:id="_.v_A.mYO.qME.d.y.uRY.e8T.zA8.u.g"/><publish:partInfo anchor="#_W.rUC.p.e.qOE.d.y.uRY.e8T.zA8.u.g" name="Property" publish:ismodellink="false" publish:partLowerX="0" publish:partLowerY="0" publish:partUpperX="0" publish:partUpperY="0" shape="rect" xmi:id="_W.rUC.oO.qOE.d.y.uRY.e8T.zA8.u.g"/><publish:partInfo anchor="#_W.rUC.p.e.qOE.d.y.uRY.e8T.zA8.u.g" name="Property" publish:ismodellink="false" publish:partLowerX="1680" publish:partLowerY="255" publish:partUpperX="1673" publish:partUpperY="242" shape="rect" xmi:id="_W.rUC.oO.qOE.d.y.uRY.e8T.zA8.u.g"/><publish:partInfo name="Association" publish:ismodellink="false" publish:partLowerX="0" publish:partLowerY="0" publish:partUpperX="0" publish:partUpperY="0" shape="rect" xmi:id="_W.rUC.oO.qOE.d.y.uRY.e8T.zA8.u.g"/><publish:partInfo coords="1691,229,1766,314,1758,320,1684,235,1691,229" name="Association" publish:ismodellink="false" shape="poly" xmi:id="_W.rUC.oO.qOE.d.y.uRY.e8T.zA8.u.g"/><publish:partInfo anchor="#_V.kFU0.e.qOE.d.y.uRY.e8T.zA8.u.g" name="alarmId" publish:ismodellink="false" publish:partLowerX="0" publish:partLowerY="0" publish:partUpperX="0" publish:partUpperY="0" shape="rect" xmi:id="_.v_A.mYO.qME.d.y.uRY.e8T.zA8.u.g"/><publish:partInfo anchor="#_V.kYP.wO.qOE.d.y.uRY.e8T.zA8.u.g" name="Property" publish:ismodellink="false" publish:partLowerX="0" publish:partLowerY="0" publish:partUpperX="0" publish:partUpperY="0" shape="rect" xmi:id="_V.kFU0O.qOE.d.y.uRY.e8T.zA8.u.g"/><publish:partInfo anchor="#_V.kFU0.e.qOE.d.y.uRY.e8T.zA8.u.g" name="alarmId" publish:ismodellink="false" publish:partLowerX="0" publish:partLowerY="0" publish:partUpperX="0" publish:partUpperY="0" shape="rect" xmi:id="_.v_A.mYO.qME.d.y.uRY.e8T.zA8.u.g"/><publish:partInfo anchor="#_V.kYP.wO.qOE.d.y.uRY.e8T.zA8.u.g" name="Property" publish:ismodellink="false" publish:partLowerX="0" publish:partLowerY="0" publish:partUpperX="0" publish:partUpperY="0" shape="rect" xmi:id="_V.kFU0O.qOE.d.y.uRY.e8T.zA8.u.g"/><publish:partInfo anchor="#_V.kFU0.e.qOE.d.y.uRY.e8T.zA8.u.g" name="alarmId" publish:ismodellink="false" publish:partLowerX="1508" publish:partLowerY="303" publish:partUpperX="1460" publish:partUpperY="290" shape="rect" xmi:id="_.v_A.mYO.qME.d.y.uRY.e8T.zA8.u.g"/><publish:partInfo anchor="#_V.kFU0.e.qOE.d.y.uRY.e8T.zA8.u.g" name="alarmId" publish:ismodellink="false" publish:partLowerX="1548" publish:partLowerY="309" publish:partUpperX="1541" publish:partUpperY="296" shape="rect" xmi:id="_.v_A.mYO.qME.d.y.uRY.e8T.zA8.u.g"/><publish:partInfo anchor="#_V.kYP.wO.qOE.d.y.uRY.e8T.zA8.u.g" name="Property" publish:ismodellink="false" publish:partLowerX="0" publish:partLowerY="0" publish:partUpperX="0" publish:partUpperY="0" shape="rect" xmi:id="_V.kFU0O.qOE.d.y.uRY.e8T.zA8.u.g"/><publish:partInfo anchor="#_V.kYP.wO.qOE.d.y.uRY.e8T.zA8.u.g" name="Property" publish:ismodellink="false" publish:partLowerX="1626" publish:partLowerY="260" publish:partUpperX="1619" publish:partUpperY="247" shape="rect" xmi:id="_V.kFU0O.qOE.d.y.uRY.e8T.zA8.u.g"/><publish:partInfo name="Association" publish:ismodellink="false" publish:partLowerX="0" publish:partLowerY="0" publish:partUpperX="0" publish:partUpperY="0" shape="rect" xmi:id="_V.kFU0O.qOE.d.y.uRY.e8T.zA8.u.g"/><publish:partInfo coords="1620,236,1509,321,1503,313,1614,228,1620,236" name="Association" publish:ismodellink="false" shape="poly" xmi:id="_V.kFU0O.qOE.d.y.uRY.e8T.zA8.u.g"/><publish:partInfo name="creates ASAP with" publish:ismodellink="false" publish:partLowerX="1024" publish:partLowerY="1083" publish:partUpperX="930" publish:partUpperY="1069" shape="rect" xmi:id="_N.eWAMK.gIE.d.yB.v.u4Q.gH3.iC.w"/><publish:partInfo coords="979,1108,979,1045,989,1045,989,1108,979,1108" name="creates ASAP with" publish:ismodellink="false" shape="poly" xmi:id="_N.eWAMK.gIE.d.yB.v.u4Q.gH3.iC.w"/><publish:partInfo name="Generalization" publish:ismodellink="false" publish:partLowerX="0" publish:partLowerY="0" publish:partUpperX="0" publish:partUpperY="0" shape="rect" xmi:id="_.n.tYVY.q.gHE.d.yB.v.u4Q.gH3.iC.w"/><publish:partInfo coords="1016,976,1016,935,1058,935,1058,904,1068,904,1068,945,1026,945,1026,976,1016,976" name="Generalization" publish:ismodellink="false" shape="poly" xmi:id="_.n.tYVY.q.gHE.d.yB.v.u4Q.gH3.iC.w"/><publish:partInfo name="modifies ASAP with" publish:ismodellink="false" publish:partLowerX="597" publish:partLowerY="1083" publish:partUpperX="500" publish:partUpperY="1069" shape="rect" xmi:id="_K.v.f3ACV0E.d.y.i.v86.a.e.j.kL.cA"/><publish:partInfo coords="539,1108,539,1043,549,1043,549,1108,539,1108" name="modifies ASAP with" publish:ismodellink="false" shape="poly" xmi:id="_K.v.f3ACV0E.d.y.i.v86.a.e.j.kL.cA"/><publish:partInfo name="Generalization" publish:ismodellink="false" publish:partLowerX="0" publish:partLowerY="0" publish:partUpperX="0" publish:partUpperY="0" shape="rect" xmi:id="_C.n.s.aYP_NE.d.uKKL.vC_EB00A"/><publish:partInfo coords="590,974,590,902,600,902,600,974,590,974" name="Generalization" publish:ismodellink="false" shape="poly" xmi:id="_C.n.s.aYP_NE.d.uKKL.vC_EB00A"/><publish:partInfo anchor="#_.r.z.t.y4N1.gE.d.y.rKNX.nBM.y96.w" name="acknowledgeIndication" publish:ismodellink="false" publish:partLowerX="583" publish:partLowerY="558" publish:partUpperX="146" publish:partUpperY="542" shape="rect" xmi:id="_.lI.f4EN1.gE.d.y.rKNX.nBM.y96.w"/><publish:partInfo anchor="#_.r.z.kB7.d1.gE.d.y.rKNX.nBM.y96.w" name="probableCauseList" publish:ismodellink="false" publish:partLowerX="583" publish:partLowerY="542" publish:partUpperX="146" publish:partUpperY="526" shape="rect" xmi:id="_.lI.f4EN1.gE.d.y.rKNX.nBM.y96.w"/><publish:partInfo anchor="#_.r.z.kB6.d1.gE.d.y.rKNX.nBM.y96.w" name="perceivedSeverityList" publish:ismodellink="false" publish:partLowerX="583" publish:partLowerY="526" publish:partUpperX="146" publish:partUpperY="510" shape="rect" xmi:id="_.lI.f4EN1.gE.d.y.rKNX.nBM.y96.w"/><publish:partInfo anchor="#_.r.z.kB5.d1.gE.d.y.rKNX.nBM.y96.w" name="scope" publish:ismodellink="false" publish:partLowerX="583" publish:partLowerY="510" publish:partUpperX="146" publish:partUpperY="494" shape="rect" xmi:id="_.lI.f4EN1.gE.d.y.rKNX.nBM.y96.w"/><publish:partInfo anchor="#_.r.z.kB4.d1.gE.d.y.rKNX.nBM.y96.w" name="source" publish:ismodellink="false" publish:partLowerX="583" publish:partLowerY="494" publish:partUpperX="146" publish:partUpperY="478" shape="rect" xmi:id="_.lI.f4EN1.gE.d.y.rKNX.nBM.y96.w"/><publish:partInfo name="ActiveAlarmFilter" publish:ismodellink="false" publish:partLowerX="593" publish:partLowerY="563" publish:partUpperX="140" publish:partUpperY="426" shape="rect" xmi:id="_.lI.f4EN1.gE.d.y.rKNX.nBM.y96.w"/><publish:partInfo anchor="#_.w.p.d.i.hO.qVE.d.y.uRY.e8T.zA8.u.g" name="granularity" publish:ismodellink="false" publish:partLowerX="1955" publish:partLowerY="449" publish:partUpperX="1686" publish:partUpperY="433" shape="rect" xmi:id="_CNDO.sO.qOE.d.y.uRY.e8T.zA8.u.g"/><publish:partInfo anchor="#_.w.p.d.i.gO.qVE.d.y.uRY.e8T.zA8.u.g" name="pmLocation" publish:ismodellink="false" publish:partLowerX="1955" publish:partLowerY="433" publish:partUpperX="1686" publish:partUpperY="417" shape="rect" xmi:id="_CNDO.sO.qOE.d.y.uRY.e8T.zA8.u.g"/><publish:partInfo anchor="#_1G9.o.kO.qVE.d.y.uRY.e8T.zA8.u.g" name="pmParameterName" publish:ismodellink="false" publish:partLowerX="1955" publish:partLowerY="417" publish:partUpperX="1686" publish:partUpperY="401" shape="rect" xmi:id="_CNDO.sO.qOE.d.y.uRY.e8T.zA8.u.g"/><publish:partInfo anchor="#_FKOGQ-.qVE.d.y.uRY.e8T.zA8.u.g" name="layerRate" publish:ismodellink="false" publish:partLowerX="1955" publish:partLowerY="401" publish:partUpperX="1686" publish:partUpperY="385" shape="rect" xmi:id="_CNDO.sO.qOE.d.y.uRY.e8T.zA8.u.g"/><publish:partInfo anchor="#_FKOGQO.qVE.d.y.uRY.e8T.zA8.u.g" name="objectName" publish:ismodellink="false" publish:partLowerX="1955" publish:partLowerY="385" publish:partUpperX="1686" publish:partUpperY="369" shape="rect" xmi:id="_CNDO.sO.qOE.d.y.uRY.e8T.zA8.u.g"/><publish:partInfo name="TcaId" publish:ismodellink="false" publish:partLowerX="1965" publish:partLowerY="454" publish:partUpperX="1680" publish:partUpperY="317" shape="rect" xmi:id="_CNDO.sO.qOE.d.y.uRY.e8T.zA8.u.g"/><publish:partInfo anchor="#_MNZD.gO.qUE.d.y.uRY.e8T.zA8.u.g" name="probableCauseQualifier" publish:ismodellink="false" publish:partLowerX="1592" publish:partLowerY="433" publish:partUpperX="1267" publish:partUpperY="417" shape="rect" xmi:id="_8.zDEIO.qNE.d.y.uRY.e8T.zA8.u.g"/><publish:partInfo anchor="#_.g.d.rC.oO.qQE.d.y.uRY.e8T.zA8.u.g" name="probableCause" publish:ismodellink="false" publish:partLowerX="1592" publish:partLowerY="417" publish:partUpperX="1267" publish:partUpperY="401" shape="rect" xmi:id="_8.zDEIO.qNE.d.y.uRY.e8T.zA8.u.g"/><publish:partInfo anchor="#_4CO.u.kO.qPE.d.y.uRY.e8T.zA8.u.g" name="layerRate" publish:ismodellink="false" publish:partLowerX="1592" publish:partLowerY="401" publish:partUpperX="1267" publish:partUpperY="385" shape="rect" xmi:id="_8.zDEIO.qNE.d.y.uRY.e8T.zA8.u.g"/><publish:partInfo anchor="#_M.b.i.m.gO.qPE.d.y.uRY.e8T.zA8.u.g" name="objectName" publish:ismodellink="false" publish:partLowerX="1592" publish:partLowerY="385" publish:partUpperX="1267" publish:partUpperY="369" shape="rect" xmi:id="_8.zDEIO.qNE.d.y.uRY.e8T.zA8.u.g"/><publish:partInfo name="AlarmId" publish:ismodellink="false" publish:partLowerX="1601" publish:partLowerY="438" publish:partUpperX="1260" publish:partUpperY="317" shape="rect" xmi:id="_8.zDEIO.qNE.d.y.uRY.e8T.zA8.u.g"/><publish:partInfo name="AlarmOrTcaId" publish:ismodellink="false" publish:partLowerX="1803" publish:partLowerY="236" publish:partUpperX="1518" publish:partUpperY="168" shape="rect" xmi:id="_.v_A.mYO.qME.d.y.uRY.e8T.zA8.u.g"/><publish:partInfo anchor="#_.l.j.m8QD.z.dE.eC.z.c5LW.m.dQYVA" name="getContainingProtectionGroupNames" publish:ismodellink="false" publish:partLowerX="648" publish:partLowerY="1479" publish:partUpperX="36" publish:partUpperY="1463" shape="rect" xmi:id="_.oFPA4N1.eE.d.y.rKNX.nBM.y96.w"/><publish:partInfo anchor="#_.tLOJ.oN1.mE.d.y.rKNX.nBM.y96.w" name="retrieveSwitchData" publish:ismodellink="false" publish:partLowerX="648" publish:partLowerY="1463" publish:partUpperX="36" publish:partUpperY="1447" shape="rect" xmi:id="_.oFPA4N1.eE.d.y.rKNX.nBM.y96.w"/><publish:partInfo anchor="#_.tLOJ.rN1.mE.d.y.rKNX.nBM.y96.w" name="retrieveEquipmentSwitchData" publish:ismodellink="false" publish:partLowerX="648" publish:partLowerY="1447" publish:partUpperX="36" publish:partUpperY="1431" shape="rect" xmi:id="_.oFPA4N1.eE.d.y.rKNX.nBM.y96.w"/><publish:partInfo anchor="#_.tLOJ.w91.mE.d.y.rKNX.nBM.y96.w" name="getProtectionGroup" publish:ismodellink="false" publish:partLowerX="648" publish:partLowerY="1431" publish:partUpperX="36" publish:partUpperY="1415" shape="rect" xmi:id="_.oFPA4N1.eE.d.y.rKNX.nBM.y96.w"/><publish:partInfo anchor="#_.tLX6.vN1.mE.d.y.rKNX.nBM.y96.w" name="getEquipmentProtectionGroup" publish:ismodellink="false" publish:partLowerX="648" publish:partLowerY="1415" publish:partUpperX="36" publish:partUpperY="1399" shape="rect" xmi:id="_.oFPA4N1.eE.d.y.rKNX.nBM.y96.w"/><publish:partInfo anchor="#_.tLOJ.t91.mE.d.y.rKNX.nBM.y96.w" name="getAllProtectionGroups" publish:ismodellink="false" publish:partLowerX="648" publish:partLowerY="1399" publish:partUpperX="36" publish:partUpperY="1383" shape="rect" xmi:id="_.oFPA4N1.eE.d.y.rKNX.nBM.y96.w"/><publish:partInfo anchor="#_.tLOJ391.mE.d.y.rKNX.nBM.y96.w" name="getAllProtectedTerminationPointNames" publish:ismodellink="false" publish:partLowerX="648" publish:partLowerY="1383" publish:partUpperX="36" publish:partUpperY="1367" shape="rect" xmi:id="_.oFPA4N1.eE.d.y.rKNX.nBM.y96.w"/><publish:partInfo anchor="#_.tLX6.o.d1.mE.d.y.rKNX.nBM.y96.w" name="getAllPreemptibleTerminationPointNames" publish:ismodellink="false" publish:partLowerX="648" publish:partLowerY="1367" publish:partUpperX="36" publish:partUpperY="1351" shape="rect" xmi:id="_.oFPA4N1.eE.d.y.rKNX.nBM.y96.w"/><publish:partInfo anchor="#_.tLOJ0N1.mE.d.y.rKNX.nBM.y96.w" name="getAllNonPreemptibleUnprotectedTpNames" publish:ismodellink="false" publish:partLowerX="648" publish:partLowerY="1351" publish:partUpperX="36" publish:partUpperY="1335" shape="rect" xmi:id="_.oFPA4N1.eE.d.y.rKNX.nBM.y96.w"/><publish:partInfo anchor="#_.tLX6.sN1.mE.d.y.rKNX.nBM.y96.w" name="getAllEquipmentProtectionGroups" publish:ismodellink="false" publish:partLowerX="648" publish:partLowerY="1335" publish:partUpperX="36" publish:partUpperY="1319" shape="rect" xmi:id="_.oFPA4N1.eE.d.y.rKNX.nBM.y96.w"/><publish:partInfo name="ProtectionRetrievalService" publish:ismodellink="false" publish:partLowerX="657" publish:partLowerY="1484" publish:partUpperX="29" publish:partUpperY="1267" shape="rect" xmi:id="_.oFPA4N1.eE.d.y.rKNX.nBM.y96.w"/><publish:partInfo anchor="#_.y-D4.oH.dKE.eKYE-.o.r.p3.d.s.a.g" name="modifyProtectionGroup" publish:ismodellink="false" publish:partLowerX="1851" publish:partLowerY="1514" publish:partUpperX="853" publish:partUpperY="1498" shape="rect" xmi:id="_.mC_.cUN1.eE.d.y.rKNX.nBM.y96.w"/><publish:partInfo anchor="#_2.w5.jAH.dIE.eKYE-.o.r.p3.d.s.a.g" name="deleteProtectionGroup" publish:ismodellink="false" publish:partLowerX="1851" publish:partLowerY="1498" publish:partUpperX="853" publish:partUpperY="1482" shape="rect" xmi:id="_.mC_.cUN1.eE.d.y.rKNX.nBM.y96.w"/><publish:partInfo anchor="#_5.w7X.wH.dDE.eKYE-.o.r.p3.d.s.a.g" name="createProtectionGroup" publish:ismodellink="false" publish:partLowerX="1851" publish:partLowerY="1482" publish:partUpperX="853" publish:partUpperY="1466" shape="rect" xmi:id="_.mC_.cUN1.eE.d.y.rKNX.nBM.y96.w"/><publish:partInfo anchor="#_P.r.oKAN1.kE.d.y.rKNX.nBM.y96.w" name="performProtectionCommand" publish:ismodellink="false" publish:partLowerX="1851" publish:partLowerY="1466" publish:partUpperX="853" publish:partUpperY="1450" shape="rect" xmi:id="_.mC_.cUN1.eE.d.y.rKNX.nBM.y96.w"/><publish:partInfo name="ProtectionControlService" publish:ismodellink="false" publish:partLowerX="1861" publish:partLowerY="1519" publish:partUpperX="847" publish:partUpperY="1398" shape="rect" xmi:id="_.mC_.cUN1.eE.d.y.rKNX.nBM.y96.w"/><publish:partInfo anchor="#_.bZIIYN1.jE.d.y.rKNX.nBM.y96.w" name="performMaintenanceOperation" publish:ismodellink="false" publish:partLowerX="1825" publish:partLowerY="1367" publish:partUpperX="861" publish:partUpperY="1351" shape="rect" xmi:id="_.j.vK_.kN1.eE.d.y.rKNX.nBM.y96.w"/><publish:partInfo anchor="#_VNW.i.oN1.jE.d.y.rKNX.nBM.y96.w" name="getActiveMaintenanceOperations" publish:ismodellink="false" publish:partLowerX="1825" publish:partLowerY="1351" publish:partUpperX="861" publish:partUpperY="1335" shape="rect" xmi:id="_.j.vK_.kN1.eE.d.y.rKNX.nBM.y96.w"/><publish:partInfo name="MaintenanceControlService" publish:ismodellink="false" publish:partLowerX="1835" publish:partLowerY="1372" publish:partUpperX="855" publish:partUpperY="1283" shape="rect" xmi:id="_.j.vK_.kN1.eE.d.y.rKNX.nBM.y96.w"/><publish:partInfo anchor="#_VM.g8.gN1.gE.d.y.rKNX.nBM.y96.w" name="getActiveAlarms" publish:ismodellink="false" publish:partLowerX="601" publish:partLowerY="379" publish:partUpperX="16" publish:partUpperY="363" shape="rect" xmi:id="_SE7LYN1.eE.d.y.rKNX.nBM.y96.w"/><publish:partInfo anchor="#_VMXL.gN1.gE.d.y.rKNX.nBM.y96.w" name="getActiveAlarmsCount" publish:ismodellink="false" publish:partLowerX="601" publish:partLowerY="363" publish:partUpperX="16" publish:partUpperY="347" shape="rect" xmi:id="_SE7LYN1.eE.d.y.rKNX.nBM.y96.w"/><publish:partInfo name="AlarmRetrievalService" publish:ismodellink="false" publish:partLowerX="610" publish:partLowerY="384" publish:partUpperX="9" publish:partUpperY="295" shape="rect" xmi:id="_SE7LYN1.eE.d.y.rKNX.nBM.y96.w"/><publish:partInfo anchor="#_KA9DE.d1.gE.d.y.rKNX.nBM.y96.w" name="unacknowledgeAlarms" publish:ismodellink="false" publish:partLowerX="2127" publish:partLowerY="101" publish:partUpperX="1095" publish:partUpperY="85" shape="rect" xmi:id="_P.e.x.o.gN1.eE.d.y.rKNX.nBM.y96.w"/><publish:partInfo anchor="#_KA9DAN1.gE.d.y.rKNX.nBM.y96.w" name="acknowledgeAlarms" publish:ismodellink="false" publish:partLowerX="2127" publish:partLowerY="85" publish:partUpperX="1095" publish:partUpperY="69" shape="rect" xmi:id="_P.e.x.o.gN1.eE.d.y.rKNX.nBM.y96.w"/><publish:partInfo name="AlarmHandlingService" publish:ismodellink="false" publish:partLowerX="2137" publish:partLowerY="106" publish:partUpperX="1089" publish:partUpperY="17" shape="rect" xmi:id="_P.e.x.o.gN1.eE.d.y.rKNX.nBM.y96.w"/><publish:partInfo anchor="#_.n.tYVY6.gHE.d.yB.v.u4Q.gH3.iC.w" name="alarmSeverityAssignmentList" publish:ismodellink="false" publish:partLowerX="1158" publish:partLowerY="1044" publish:partUpperX="844" publish:partUpperY="1028" shape="rect" xmi:id="_.n.tYVYK.gHE.d.yB.v.u4Q.gH3.iC.w"/><publish:partInfo name="AlarmSeverityAssignmentProfileCreateData" publish:ismodellink="false" publish:partLowerX="1167" publish:partLowerY="1049" publish:partUpperX="837" publish:partUpperY="976" shape="rect" xmi:id="_.n.tYVYK.gHE.d.yB.v.u4Q.gH3.iC.w"/><publish:partInfo anchor="#_5.t.wW.gP_SE.d.uS0Y.g9UXWGJ.w" name="modifyAlarmSeverityAssignmentProfile" publish:ismodellink="false" publish:partLowerX="1122" publish:partLowerY="1240" publish:partUpperX="313" publish:partUpperY="1224" shape="rect" xmi:id="_.y.v.xH.cCV.zE.d.y.i.v86.a.e.j.kL.cA"/><publish:partInfo anchor="#_.p.t.o.a.sN1.hE.d.y.rKNX.nBM.y96.w" name="deleteAlarmSeverityAssignmentProfile" publish:ismodellink="false" publish:partLowerX="1122" publish:partLowerY="1224" publish:partUpperX="313" publish:partUpperY="1208" shape="rect" xmi:id="_.y.v.xH.cCV.zE.d.y.i.v86.a.e.j.kL.cA"/><publish:partInfo anchor="#_V.yF5UN1.hE.d.y.rKNX.nBM.y96.w" name="deassignAlarmSeverityAssignmentProfile" publish:ismodellink="false" publish:partLowerX="1122" publish:partLowerY="1208" publish:partUpperX="313" publish:partUpperY="1192" shape="rect" xmi:id="_.y.v.xH.cCV.zE.d.y.i.v86.a.e.j.kL.cA"/><publish:partInfo anchor="#_0.i28.wP_DE.d.uKKL.vC_EB00A" name="createAlarmSeverityAssignmentProfile" publish:ismodellink="false" publish:partLowerX="1122" publish:partLowerY="1192" publish:partUpperX="313" publish:partUpperY="1176" shape="rect" xmi:id="_.y.v.xH.cCV.zE.d.y.i.v86.a.e.j.kL.cA"/><publish:partInfo anchor="#_V.x8.vYN1.hE.d.y.rKNX.nBM.y96.w" name="assignAlarmSeverityAssignmentProfile" publish:ismodellink="false" publish:partLowerX="1122" publish:partLowerY="1176" publish:partUpperX="313" publish:partUpperY="1160" shape="rect" xmi:id="_.y.v.xH.cCV.zE.d.y.i.v86.a.e.j.kL.cA"/><publish:partInfo name="AlarmSeverityAssignmentProfileControlService" publish:ismodellink="false" publish:partLowerX="1132" publish:partLowerY="1245" publish:partUpperX="307" publish:partUpperY="1108" shape="rect" xmi:id="_.y.v.xH.cCV.zE.d.y.i.v86.a.e.j.kL.cA"/><publish:partInfo anchor="#_9D5CM.eR.bE.d.y.d-_NSHG.r2NQ" name="setAlarmReporting" publish:ismodellink="false" publish:partLowerX="668" publish:partLowerY="276" publish:partUpperX="16" publish:partUpperY="260" shape="rect" xmi:id="_S0_M4CV.zE.d.y.i.v86.a.e.j.kL.cA"/><publish:partInfo anchor="#_-YC9.aP-8E.d.uKKL.vC_EB00A" name="setTpAlarmReportingOn" publish:ismodellink="false" publish:partLowerX="668" publish:partLowerY="260" publish:partUpperX="16" publish:partUpperY="244" shape="rect" xmi:id="_S0_M4CV.zE.d.y.i.v86.a.e.j.kL.cA"/><publish:partInfo anchor="#_-YC9YP-8E.d.uKKL.vC_EB00A" name="setTpAlarmReportingOff" publish:ismodellink="false" publish:partLowerX="668" publish:partLowerY="244" publish:partUpperX="16" publish:partUpperY="228" shape="rect" xmi:id="_S0_M4CV.zE.d.y.i.v86.a.e.j.kL.cA"/><publish:partInfo anchor="#_P.v.e4.b_-_E.d.uKKL.vC_EB00A" name="setResourceAlarmReportingOn" publish:ismodellink="false" publish:partLowerX="668" publish:partLowerY="228" publish:partUpperX="16" publish:partUpperY="212" shape="rect" xmi:id="_S0_M4CV.zE.d.y.i.v86.a.e.j.kL.cA"/><publish:partInfo anchor="#_P.v.e4YP-_E.d.uKKL.vC_EB00A" name="setResourceAlarmReportingOff" publish:ismodellink="false" publish:partLowerX="668" publish:partLowerY="212" publish:partUpperX="16" publish:partUpperY="196" shape="rect" xmi:id="_S0_M4CV.zE.d.y.i.v86.a.e.j.kL.cA"/><publish:partInfo name="AlarmControlService" publish:ismodellink="false" publish:partLowerX="677" publish:partLowerY="281" publish:partUpperX="9" publish:partUpperY="144" shape="rect" xmi:id="_S0_M4CV.zE.d.y.i.v86.a.e.j.kL.cA"/><publish:partInfo anchor="#_B8CU.kM.s8E.d.yEK.aQ8A.l.f.a.aA" name="getAsapAssociatedResourceNames" publish:ismodellink="false" publish:partLowerX="758" publish:partLowerY="125" publish:partUpperX="16" publish:partUpperY="109" shape="rect" xmi:id="_0.pY.w8CV.yE.d.y.i.v86.a.e.j.kL.cA"/><publish:partInfo anchor="#_JQ.q8.gP-.sE.d.uKKL.vC_EB00A" name="getAllAlarmSeverityAssignmentProfilesWrtOs" publish:ismodellink="false" publish:partLowerX="758" publish:partLowerY="109" publish:partUpperX="16" publish:partUpperY="93" shape="rect" xmi:id="_0.pY.w8CV.yE.d.y.i.v86.a.e.j.kL.cA"/><publish:partInfo anchor="#_ZWOX4P-5E.d.uKKL.vC_EB00A" name="getAlarmSeverityAssignmentProfileByResource" publish:ismodellink="false" publish:partLowerX="758" publish:partLowerY="93" publish:partUpperX="16" publish:partUpperY="77" shape="rect" xmi:id="_0.pY.w8CV.yE.d.y.i.v86.a.e.j.kL.cA"/><publish:partInfo anchor="#_.kKZ.h.kP-4E.d.uKKL.vC_EB00A" name="getAlarmSeverityAssignmentProfile" publish:ismodellink="false" publish:partLowerX="758" publish:partLowerY="77" publish:partUpperX="16" publish:partUpperY="61" shape="rect" xmi:id="_0.pY.w8CV.yE.d.y.i.v86.a.e.j.kL.cA"/><publish:partInfo name="AlarmSeverityAssignmentProfileRetrievalService" publish:ismodellink="false" publish:partLowerX="767" publish:partLowerY="130" publish:partUpperX="10" publish:partUpperY="9" shape="rect" xmi:id="_0.pY.w8CV.yE.d.y.i.v86.a.e.j.kL.cA"/><publish:partInfo anchor="#_.j.xM.kIP_IE.d.uKKL.vC_EB00A" name="alarmSeverityAssignmentList" publish:ismodellink="false" publish:partLowerX="761" publish:partLowerY="1042" publish:partUpperX="447" publish:partUpperY="1026" shape="rect" xmi:id="_S.eNZYP_IE.d.uKKL.vC_EB00A"/><publish:partInfo name="AlarmSeverityAssignmentProfileModifyData" publish:ismodellink="false" publish:partLowerX="771" publish:partLowerY="1047" publish:partUpperX="441" publish:partUpperY="974" shape="rect" xmi:id="_S.eNZYP_IE.d.uKKL.vC_EB00A"/></contents><contents Type="Class" isDefault="false" name="RTM DDP Relationship Diagram" publish:icon="-1677387246_icon.png" publish:imageType="PNG" publish:qualifiedname="ResourceTroubleManagement::Class Diagrams::RTM DDP Relationship Diagram" xmi:id="_H.uWSAJETE.d.y.p.u.rM.a9DXJ.y.w" xsi:type="notation:Diagram"><publish:properties><publish:property canonicalName="description" name="Description" publish:category="View"/><publish:property canonicalName="graphLayout" name="Graph Layout" publish:category="View" publish:value="VerticalOrthogonalHierarchical"/><publish:property canonicalName="labelLayout" name="Label Layout" publish:category="View" publish:value="None"/><publish:property canonicalName="linkLayout" name="Link Layout" publish:category="View" publish:value="None"/><publish:property canonicalName="measurementUnit" name="Measurement Unit" publish:category="View" publish:value="Himetric"/><publish:property canonicalName="name" name="Name" publish:category="View" publish:value="RTM DDP Relationship Diagram"/><publish:property canonicalName="pageHeight" name="Page Height" publish:category="View" publish:value="100"/><publish:property canonicalName="pageWidth" name="Page Width" publish:category="View" publish:value="100"/><publish:property canonicalName="pageX" name="Page X" publish:category="View" publish:value="0"/><publish:property canonicalName="pageY" name="Page Y" publish:category="View" publish:value="0"/><publish:property canonicalName="styles" name="Styles" publish:category="View"/><publish:property canonicalName="useAliasName" name="Use Alias Name" publish:category="View" publish:value="false"/></publish:properties><publish:partInfo name="PackageImport" publish:ismodellink="false" publish:partLowerX="121" publish:partLowerY="321" publish:partUpperX="72" publish:partUpperY="307" shape="rect" xmi:id="_.w.c.h.kQD.qBE.d.yN.g.bQAJB.aB.gA"/><publish:partInfo coords="102,346,95,282,104,281,112,345,102,346" name="PackageImport" publish:ismodellink="false" shape="poly" xmi:id="_.w.c.h.kQD.qBE.d.yN.g.bQAJB.aB.gA"/><publish:partInfo name="ResourceTroubleManagement" publish:ismodellink="true" publish:partLowerX="203" publish:partLowerY="385" publish:partUpperX="13" publish:partUpperY="373" shape="rect" xmi:id="_.nU.p.i8P-.rE.d.uKKL.vC_EB00A"/><publish:partInfo name="ResourceTroubleManagement" publish:ismodellink="true" publish:partLowerX="210" publish:partLowerY="393" publish:partUpperX="9" publish:partUpperY="335" shape="rect" xmi:id="_.nU.p.i8P-.rE.d.uKKL.vC_EB00A"/></contents><contents Type="Class" isDefault="false" name="RTM Protection Interface Diagram" publish:icon="-1677387246_icon.png" publish:imageType="PNG" publish:qualifiedname="ResourceTroubleManagement::Class Diagrams::RTM Protection Interface Diagram" xmi:id="_.q.zAH.sH.bGE.eKYE-.o.r.p3.d.s.a.g" xsi:type="notation:Diagram"><publish:properties><publish:property canonicalName="description" name="Description" publish:category="View"/><publish:property canonicalName="graphLayout" name="Graph Layout" publish:category="View" publish:value="VerticalOrthogonalHierarchical"/><publish:property canonicalName="labelLayout" name="Label Layout" publish:category="View" publish:value="None"/><publish:property canonicalName="linkLayout" name="Link Layout" publish:category="View" publish:value="None"/><publish:property canonicalName="measurementUnit" name="Measurement Unit" publish:category="View" publish:value="Himetric"/><publish:property canonicalName="name" name="Name" publish:category="View" publish:value="RTM Protection Interface Diagram"/><publish:property canonicalName="pageHeight" name="Page Height" publish:category="View" publish:value="100"/><publish:property canonicalName="pageWidth" name="Page Width" publish:category="View" publish:value="100"/><publish:property canonicalName="pageX" name="Page X" publish:category="View" publish:value="0"/><publish:property canonicalName="pageY" name="Page Y" publish:category="View" publish:value="0"/><publish:property canonicalName="styles" name="Styles" publish:category="View"/><publish:property canonicalName="useAliasName" name="Use Alias Name" publish:category="View" publish:value="false"/></publish:properties><publish:partInfo name="Generalization" publish:ismodellink="false" publish:partLowerX="0" publish:partLowerY="0" publish:partUpperX="0" publish:partUpperY="0" shape="rect" xmi:id="_.s.k.bW.sH.dCE.eKYE-.o.r.p3.d.s.a.g"/><publish:partInfo coords="719,788,719,739,728,739,728,788,719,788" name="Generalization" publish:ismodellink="false" shape="poly" xmi:id="_.s.k.bW.sH.dCE.eKYE-.o.r.p3.d.s.a.g"/><publish:partInfo name="Generalization" publish:ismodellink="false" publish:partLowerX="0" publish:partLowerY="0" publish:partUpperX="0" publish:partUpperY="0" shape="rect" xmi:id="_.q.e.w.q.sH.dCE.eKYE-.o.r.p3.d.s.a.g"/><publish:partInfo coords="415,783,415,739,425,739,425,783,415,783" name="Generalization" publish:ismodellink="false" shape="poly" xmi:id="_.q.e.w.q.sH.dCE.eKYE-.o.r.p3.d.s.a.g"/><publish:partInfo name="creates PG with" publish:ismodellink="false" publish:partLowerX="523" publish:partLowerY="510" publish:partUpperX="447" publish:partUpperY="497" shape="rect" xmi:id="_.jP.r.qUH.dBE.eKYE-.o.r.p3.d.s.a.g"/><publish:partInfo coords="483,136,483,826,428,826,428,816,473,816,473,136,483,136" name="creates PG with" publish:ismodellink="false" shape="poly" xmi:id="_.jP.r.qUH.dBE.eKYE-.o.r.p3.d.s.a.g"/><publish:partInfo name="Generalization" publish:ismodellink="false" publish:partLowerX="0" publish:partLowerY="0" publish:partUpperX="0" publish:partUpperY="0" shape="rect" xmi:id="_W.p.aGU.n.dBE.eKYE-.o.r.p3.d.s.a.g"/><publish:partInfo coords="287,783,287,666,312,666,312,559,322,559,322,676,297,676,297,783,287,783" name="Generalization" publish:ismodellink="false" shape="poly" xmi:id="_W.p.aGU.n.dBE.eKYE-.o.r.p3.d.s.a.g"/><publish:partInfo name="modifies PG with" publish:ismodellink="false" publish:partLowerX="616" publish:partLowerY="549" publish:partUpperX="537" publish:partUpperY="536" shape="rect" xmi:id="_.k.m.mW.wH.c9E.eKYE-.o.r.p3.d.s.a.g"/><publish:partInfo coords="574,136,574,800,712,800,712,810,564,810,564,136,574,136" name="modifies PG with" publish:ismodellink="false" shape="poly" xmi:id="_.k.m.mW.wH.c9E.eKYE-.o.r.p3.d.s.a.g"/><publish:partInfo name="Generalization" publish:ismodellink="false" publish:partLowerX="0" publish:partLowerY="0" publish:partUpperX="0" publish:partUpperY="0" shape="rect" xmi:id="_.jOO1.oH.c9E.eKYE-.o.r.p3.d.s.a.g"/><publish:partInfo coords="917,788,917,686,792,686,792,559,802,559,802,676,927,676,927,788,917,788" name="Generalization" publish:ismodellink="false" shape="poly" xmi:id="_.jOO1.oH.c9E.eKYE-.o.r.p3.d.s.a.g"/><publish:partInfo anchor="#_O5.qFAH.m1E.eK.l.g.fP.xDEB.y.xA" name="asapRef" publish:ismodellink="false" publish:partLowerX="772" publish:partLowerY="738" publish:partUpperX="344" publish:partUpperY="722" shape="rect" xmi:id="_.fMXJYH.dCE.eKYE-.o.r.p3.d.s.a.g"/><publish:partInfo anchor="#_.m.f59.kH.m1E.eK.l.g.fP.xDEB.y.xA" name="apsProtocolType" publish:ismodellink="false" publish:partLowerX="772" publish:partLowerY="722" publish:partUpperX="344" publish:partUpperY="706" shape="rect" xmi:id="_.fMXJYH.dCE.eKYE-.o.r.p3.d.s.a.g"/><publish:partInfo anchor="#_.fMXJ.a3.dCE.eKYE-.o.r.p3.d.s.a.g" name="parameterList" publish:ismodellink="false" publish:partLowerX="772" publish:partLowerY="706" publish:partUpperX="344" publish:partUpperY="690" shape="rect" xmi:id="_.fMXJYH.dCE.eKYE-.o.r.p3.d.s.a.g"/><publish:partInfo anchor="#_.fMXJZ.n.dCE.eKYE-.o.r.p3.d.s.a.g" name="terminationPointRefList" publish:ismodellink="false" publish:partLowerX="772" publish:partLowerY="690" publish:partUpperX="344" publish:partUpperY="674" shape="rect" xmi:id="_.fMXJYH.dCE.eKYE-.o.r.p3.d.s.a.g"/><publish:partInfo anchor="#_.fMXJY3.dCE.eKYE-.o.r.p3.d.s.a.g" name="reversionMode" publish:ismodellink="false" publish:partLowerX="772" publish:partLowerY="674" publish:partUpperX="344" publish:partUpperY="658" shape="rect" xmi:id="_.fMXJYH.dCE.eKYE-.o.r.p3.d.s.a.g"/><publish:partInfo name="ProtectionGroupSetData" publish:ismodellink="false" publish:partLowerX="782" publish:partLowerY="743" publish:partUpperX="338" publish:partUpperY="608" shape="rect" xmi:id="_.fMXJYH.dCE.eKYE-.o.r.p3.d.s.a.g"/><publish:partInfo anchor="#_.q.r.q.eQH.m.zE.eK.l.g.fP.xDEB.y.xA" name="protectionSchemeState" publish:ismodellink="false" publish:partLowerX="422" publish:partLowerY="881" publish:partUpperX="151" publish:partUpperY="865" shape="rect" xmi:id="_W.p.aGUH.dBE.eKYE-.o.r.p3.d.s.a.g"/><publish:partInfo anchor="#_V3R.pUH.dCE.eKYE-.o.r.p3.d.s.a.g" name="layerRate" publish:ismodellink="false" publish:partLowerX="422" publish:partLowerY="865" publish:partUpperX="151" publish:partUpperY="849" shape="rect" xmi:id="_W.p.aGUH.dBE.eKYE-.o.r.p3.d.s.a.g"/><publish:partInfo anchor="#_4.sC.eMH.dBE.eKYE-.o.r.p3.d.s.a.g" name="protectionGroupType" publish:ismodellink="false" publish:partLowerX="422" publish:partLowerY="849" publish:partUpperX="151" publish:partUpperY="833" shape="rect" xmi:id="_W.p.aGUH.dBE.eKYE-.o.r.p3.d.s.a.g"/><publish:partInfo name="ProtectionGroupCreateData" publish:ismodellink="false" publish:partLowerX="431" publish:partLowerY="886" publish:partUpperX="144" publish:partUpperY="783" shape="rect" xmi:id="_W.p.aGUH.dBE.eKYE-.o.r.p3.d.s.a.g"/><publish:partInfo name="ProtectionGroupModifyData" publish:ismodellink="false" publish:partLowerX="999" publish:partLowerY="854" publish:partUpperX="712" publish:partUpperY="788" shape="rect" xmi:id="_.h6X6IH.bGE.eKYE-.o.r.p3.d.s.a.g"/><publish:partInfo anchor="#_.y-D4.oH.dKE.eKYE-.o.r.p3.d.s.a.g" name="modifyProtectionGroup" publish:ismodellink="false" publish:partLowerX="1028" publish:partLowerY="135" publish:partUpperX="16" publish:partUpperY="119" shape="rect" xmi:id="_.mC_.cUN1.eE.d.y.rKNX.nBM.y96.w"/><publish:partInfo anchor="#_2.w5.jAH.dIE.eKYE-.o.r.p3.d.s.a.g" name="deleteProtectionGroup" publish:ismodellink="false" publish:partLowerX="1028" publish:partLowerY="119" publish:partUpperX="16" publish:partUpperY="103" shape="rect" xmi:id="_.mC_.cUN1.eE.d.y.rKNX.nBM.y96.w"/><publish:partInfo anchor="#_5.w7X.wH.dDE.eKYE-.o.r.p3.d.s.a.g" name="createProtectionGroup" publish:ismodellink="false" publish:partLowerX="1028" publish:partLowerY="103" publish:partUpperX="16" publish:partUpperY="87" shape="rect" xmi:id="_.mC_.cUN1.eE.d.y.rKNX.nBM.y96.w"/><publish:partInfo anchor="#_P.r.oKAN1.kE.d.y.rKNX.nBM.y96.w" name="performProtectionCommand" publish:ismodellink="false" publish:partLowerX="1028" publish:partLowerY="87" publish:partUpperX="16" publish:partUpperY="71" shape="rect" xmi:id="_.mC_.cUN1.eE.d.y.rKNX.nBM.y96.w"/><publish:partInfo name="ProtectionControlService" publish:ismodellink="false" publish:partLowerX="1037" publish:partLowerY="140" publish:partUpperX="9" publish:partUpperY="9" shape="rect" xmi:id="_.mC_.cUN1.eE.d.y.rKNX.nBM.y96.w"/></contents></packagedElement>