<?xml version="1.0" encoding="UTF-8"?>
<!--Sample XML file generated by XMLSpy v2006 rel. 3 sp1 (http://www.altova.com)-->
<createFloatingTerminationPointRequest xmlns="http://www.tmforum.org/mtop/rp/xsd/tpc/v1" xmlns:cocd="http://www.tmforum.org/mtop/fmw/xsd/cocd/v1" xmlns:coi="http://www.tmforum.org/mtop/fmw/xsd/coi/v1" xmlns:cosd="http://www.tmforum.org/mtop/fmw/xsd/cosd/v1" xmlns:gen="http://www.tmforum.org/mtop/fmw/xsd/gen/v1" xmlns:hdr="http://www.tmforum.org/mtop/fmw/xsd/hdr/v1" xmlns:msg="http://www.tmforum.org/mtop/fmw/xsd/msg/v1" xmlns:nam="http://www.tmforum.org/mtop/fmw/xsd/nam/v1" xmlns:ituArc="http://www.tmforum.org/mtop/nra/xsd/ituArc/v1" xmlns:crcd="http://www.tmforum.org/mtop/nrb/xsd/crcd/v1" xmlns:cri="http://www.tmforum.org/mtop/nrb/xsd/cri/v1" xmlns:itu="http://www.tmforum.org/mtop/nrb/xsd/itu/v1" xmlns:lr="http://www.tmforum.org/mtop/nrb/xsd/lay/v1" xmlns:lp="http://www.tmforum.org/mtop/nrb/xsd/lp/v1" xmlns:com="http://www.tmforum.org/mtop/nrf/xsd/com/v1" xmlns:ctp="http://www.tmforum.org/mtop/nrf/xsd/ctp/v1" xmlns:ftp="http://www.tmforum.org/mtop/nrf/xsd/ftp/v1" xmlns:gtp="http://www.tmforum.org/mtop/nrf/xsd/gtp/v1" xmlns:mlsn="http://www.tmforum.org/mtop/nrf/xsd/mlsn/v1" xmlns:ptp="http://www.tmforum.org/mtop/nrf/xsd/ptp/v1" xmlns:tp="http://www.tmforum.org/mtop/nrf/xsd/tp/v1" xmlns:tpdata="http://www.tmforum.org/mtop/nrf/xsd/tpdata/v1" xmlns:tppool="http://www.tmforum.org/mtop/nrf/xsd/tppool/v1" xmlns:xsi="http://www.w3.org/2001/XMLSchema-instance" xsi:schemaLocation="http://www.tmforum.org/mtop/rp/xsd/tpc/v1
C:\Users\michelbe\Documents\BackupYes\TMF\A_CollabRepos\mtop\Product\trunk\DDPs\ResourceProvisioning\IIS\xsd\TerminationPointControlMessages.xsd">
	<createData>
		<cosd:userLabel>String</cosd:userLabel>
		<cosd:isForceUniqueness>true</cosd:isForceUniqueness>
		<cosd:owner>String</cosd:owner>
		<cosd:aliasNameList>
			<gen:alias>
				<gen:aliasName>String</gen:aliasName>
				<gen:aliasValue>String</gen:aliasValue>
			</gen:alias>
			<gen:alias>
				<gen:aliasName>String</gen:aliasName>
				<gen:aliasValue>String</gen:aliasValue>
			</gen:alias>
		</cosd:aliasNameList>
		<cosd:vendorExtensions/>
		<cocd:name>
			<nam:rdn>
				<nam:type>String</nam:type>
				<nam:value>String</nam:value>
			</nam:rdn>
		</cocd:name>
		<crcd:networkAccessDomain>String</crcd:networkAccessDomain>
		<equipmentRef>
			<nam:rdn>
				<nam:type>String</nam:type>
				<nam:value>String</nam:value>
			</nam:rdn>
		</equipmentRef>
		<ingressTmdRef>
			<nam:rdn>
				<nam:type>String</nam:type>
				<nam:value>String</nam:value>
			</nam:rdn>
		</ingressTmdRef>
		<egressTmdRef>
			<nam:rdn>
				<nam:type>String</nam:type>
				<nam:value>String</nam:value>
			</nam:rdn>
		</egressTmdRef>
		<tpMappingMode>TM_NA</tpMappingMode>
		<direction>D_NA</direction>
		<lp:transmissionParametersList>
			<lp:transmissionParameters>
				<lp:layerRate extension="String">VENDOR_EXT</lp:layerRate>
				<lp:parameterList>
					<gen:nvs>
						<gen:name>String</gen:name>
						<gen:value>String</gen:value>
					</gen:nvs>
					<gen:nvs>
						<gen:name>String</gen:name>
						<gen:value>String</gen:value>
					</gen:nvs>
				</lp:parameterList>
				<lp:vendorExtensions/>
			</lp:transmissionParameters>
			<lp:transmissionParameters>
				<lp:layerRate extension="String">VENDOR_EXT</lp:layerRate>
				<lp:parameterList>
					<gen:nvs>
						<gen:name>String</gen:name>
						<gen:value>String</gen:value>
					</gen:nvs>
					<gen:nvs>
						<gen:name>String</gen:name>
						<gen:value>String</gen:value>
					</gen:nvs>
				</lp:parameterList>
				<lp:vendorExtensions/>
			</lp:transmissionParameters>
		</lp:transmissionParametersList>
	</createData>
	<tpDataListToModify>
		<tpdata:tpData>
			<tpdata:tpRef>
				<nam:rdn>
					<nam:type>String</nam:type>
					<nam:value>String</nam:value>
				</nam:rdn>
			</tpdata:tpRef>
			<tpdata:tpMappingMode>TM_NA</tpdata:tpMappingMode>
			<lp:transmissionParametersList>
				<lp:transmissionParameters>
					<lp:layerRate extension="String">VENDOR_EXT</lp:layerRate>
					<lp:parameterList>
						<gen:nvs>
							<gen:name>String</gen:name>
							<gen:value>String</gen:value>
						</gen:nvs>
						<gen:nvs>
							<gen:name>String</gen:name>
							<gen:value>String</gen:value>
						</gen:nvs>
					</lp:parameterList>
					<lp:vendorExtensions/>
				</lp:transmissionParameters>
				<lp:transmissionParameters>
					<lp:layerRate extension="String">VENDOR_EXT</lp:layerRate>
					<lp:parameterList>
						<gen:nvs>
							<gen:name>String</gen:name>
							<gen:value>String</gen:value>
						</gen:nvs>
						<gen:nvs>
							<gen:name>String</gen:name>
							<gen:value>String</gen:value>
						</gen:nvs>
					</lp:parameterList>
					<lp:vendorExtensions/>
				</lp:transmissionParameters>
			</lp:transmissionParametersList>
			<tpdata:ingressTmdRef>
				<nam:rdn>
					<nam:type>String</nam:type>
					<nam:value>String</nam:value>
				</nam:rdn>
			</tpdata:ingressTmdRef>
			<tpdata:egressTmdRef>
				<nam:rdn>
					<nam:type>String</nam:type>
					<nam:value>String</nam:value>
				</nam:rdn>
			</tpdata:egressTmdRef>
		</tpdata:tpData>
		<tpdata:tpData>
			<tpdata:tpRef>
				<nam:rdn>
					<nam:type>String</nam:type>
					<nam:value>String</nam:value>
				</nam:rdn>
			</tpdata:tpRef>
			<tpdata:tpMappingMode>TM_NA</tpdata:tpMappingMode>
			<lp:transmissionParametersList>
				<lp:transmissionParameters>
					<lp:layerRate extension="String">VENDOR_EXT</lp:layerRate>
					<lp:parameterList>
						<gen:nvs>
							<gen:name>String</gen:name>
							<gen:value>String</gen:value>
						</gen:nvs>
						<gen:nvs>
							<gen:name>String</gen:name>
							<gen:value>String</gen:value>
						</gen:nvs>
					</lp:parameterList>
					<lp:vendorExtensions/>
				</lp:transmissionParameters>
				<lp:transmissionParameters>
					<lp:layerRate extension="String">VENDOR_EXT</lp:layerRate>
					<lp:parameterList>
						<gen:nvs>
							<gen:name>String</gen:name>
							<gen:value>String</gen:value>
						</gen:nvs>
						<gen:nvs>
							<gen:name>String</gen:name>
							<gen:value>String</gen:value>
						</gen:nvs>
					</lp:parameterList>
					<lp:vendorExtensions/>
				</lp:transmissionParameters>
			</lp:transmissionParametersList>
			<tpdata:ingressTmdRef>
				<nam:rdn>
					<nam:type>String</nam:type>
					<nam:value>String</nam:value>
				</nam:rdn>
			</tpdata:ingressTmdRef>
			<tpdata:egressTmdRef>
				<nam:rdn>
					<nam:type>String</nam:type>
					<nam:value>String</nam:value>
				</nam:rdn>
			</tpdata:egressTmdRef>
		</tpdata:tpData>
	</tpDataListToModify>
</createFloatingTerminationPointRequest>
