<?xml version="1.0" encoding="UTF-8"?><uml:Model xmlns:uml="http://www.eclipse.org/uml2/1.0.0/UML" name="ResourcePerformanceManagement" xmlns:publish="http://www.ibm.com/Rational/XTools/Publish" publish:diagramFormat="PNG" publish:icon="1292180043_icon.png" publish:modelname="ResourcePerformanceManagement" publish:profiles="Standard, Default, Deployment, null" publish:qualifiedname="ResourcePerformanceManagement" publish:sortOrder="storage" publish:toplevelguid="_.e98ZQA6.qE.d.y.d7PUN.b-IYCQ" xmlns:xmi="http://www.omg.org/XMI" xmi:id="_.e98ZQA6.qE.d.y.d7PUN.b-IYCQ" xmi:version="2.0" xmlns:com.ibm.xtools.notation="http:///com/ibm/xtools/notation.ecore" xmlns:xsi="http://www.w3.org/2001/XMLSchema-instance" xsi:type="uml:Model"><appliedProfiles><profile name="Standard" visibility="public"/><profile name="Default" visibility="public"/><profile name="Deployment" visibility="public"/><profile visibility="public"/></appliedProfiles><packagedElement name="Class Diagrams" publish:diagramFormat="PNG" publish:icon="-1325065473_icon.png" publish:modelname="ResourcePerformanceManagement" publish:qualifiedname="ResourcePerformanceManagement::Class Diagrams" publish:sortOrder="storage" publish:toplevelguid="_.e98ZQA6.qE.d.y.d7PUN.b-IYCQ" xmi:id="_.pU.c.lQB5.cE.d.y.jX65.v.z.eW.aBA" xsi:type="uml:Package"/><packagedElement name="Interfaces" publish:diagramFormat="PNG" publish:icon="-1325065473_icon.png" publish:modelname="ResourcePerformanceManagement" publish:qualifiedname="ResourcePerformanceManagement::Interfaces" publish:sortOrder="storage" publish:toplevelguid="_.e98ZQA6.qE.d.y.d7PUN.b-IYCQ" xmi:id="_.s.v7N.oB5.cE.d.y.jX65.v.z.eW.aBA" xsi:type="uml:Package"><packagedElement name="PerformanceManagementControlService" publish:icon="-1861936738_icon.png" publish:qualifiedname="ResourcePerformanceManagement::Interfaces::PerformanceManagementControlService" xmi:id="_1H.rNYN1.nE.d.y.rKNX.nBM.y96.w" xsi:type="uml:Interface"><ownedOperation name="clearPerformanceMonitoringData" publish:icon="84220769_icon.png" publish:qualifiedname="ResourcePerformanceManagement::Interfaces::PerformanceManagementControlService::clearPerformanceMonitoringData" xmi:id="_GAKN.jN1.oE.d.y.rKNX.nBM.y96.w" xsi:type="uml:Operation"><defaultValue publish:icon="-419095724_icon.png" publish:qualifiedname="ResourcePerformanceManagement::Interfaces::PerformanceManagementControlService::clearPerformanceMonitoringData::pmObjectSelectList::&lt;OpaqueExpression&gt;" xmi:id="_GAKN.l.t1.oE.d.y.rKNX.nBM.y96.w" xsi:type="uml:OpaqueExpression"/><defaultValue publish:icon="-419095724_icon.png" publish:qualifiedname="ResourcePerformanceManagement::Interfaces::PerformanceManagementControlService::clearPerformanceMonitoringData::failedObjectSelectList::&lt;OpaqueExpression&gt;" xmi:id="_GAKN.m.d1.oE.d.y.rKNX.nBM.y96.w" xsi:type="uml:OpaqueExpression"/></ownedOperation><ownedOperation name="disablePerformanceMonitoringData" publish:icon="84220769_icon.png" publish:qualifiedname="ResourcePerformanceManagement::Interfaces::PerformanceManagementControlService::disablePerformanceMonitoringData" xmi:id="_GAKN.f.t1.oE.d.y.rKNX.nBM.y96.w" xsi:type="uml:Operation"><defaultValue publish:icon="-419095724_icon.png" publish:qualifiedname="ResourcePerformanceManagement::Interfaces::PerformanceManagementControlService::disablePerformanceMonitoringData::pmObjectSelectList::&lt;OpaqueExpression&gt;" xmi:id="_GAKN.iN1.oE.d.y.rKNX.nBM.y96.w" xsi:type="uml:OpaqueExpression"/><defaultValue publish:icon="-419095724_icon.png" publish:qualifiedname="ResourcePerformanceManagement::Interfaces::PerformanceManagementControlService::disablePerformanceMonitoringData::failedObjectSelectList::&lt;OpaqueExpression&gt;" xmi:id="_GAKN.i91.oE.d.y.rKNX.nBM.y96.w" xsi:type="uml:OpaqueExpression"/></ownedOperation><ownedOperation name="enablePerformanceMonitoringData" publish:icon="84220769_icon.png" publish:qualifiedname="ResourcePerformanceManagement::Interfaces::PerformanceManagementControlService::enablePerformanceMonitoringData" xmi:id="_GAKN.cN1.oE.d.y.rKNX.nBM.y96.w" xsi:type="uml:Operation"><defaultValue publish:icon="-419095724_icon.png" publish:qualifiedname="ResourcePerformanceManagement::Interfaces::PerformanceManagementControlService::enablePerformanceMonitoringData::pmObjectSelectList::&lt;OpaqueExpression&gt;" xmi:id="_GAKN.e.t1.oE.d.y.rKNX.nBM.y96.w" xsi:type="uml:OpaqueExpression"/><defaultValue publish:icon="-419095724_icon.png" publish:qualifiedname="ResourcePerformanceManagement::Interfaces::PerformanceManagementControlService::enablePerformanceMonitoringData::failedObjectSelectList::&lt;OpaqueExpression&gt;" xmi:id="_GAKN.f.d1.oE.d.y.rKNX.nBM.y96.w" xsi:type="uml:OpaqueExpression"/></ownedOperation></packagedElement><packagedElement name="PerformanceManagementRetrievalService" publish:icon="-1861936738_icon.png" publish:qualifiedname="ResourcePerformanceManagement::Interfaces::PerformanceManagementRetrievalService" xmi:id="_4GHU.cN1.nE.d.y.rKNX.nBM.y96.w" xsi:type="uml:Interface"><ownedOperation name="getAllCurrentPerformanceMonitoringData" publish:icon="956635917_icon.png" publish:qualifiedname="ResourcePerformanceManagement::Interfaces::PerformanceManagementRetrievalService::getAllCurrentPerformanceMonitoringData" xmi:id="_.s.iA.i.oN1.oE.d.y.rKNX.nBM.y96.w" xsi:type="uml:Operation"><defaultValue publish:icon="-419095724_icon.png" publish:qualifiedname="ResourcePerformanceManagement::Interfaces::PerformanceManagementRetrievalService::getAllCurrentPerformanceMonitoringData::pmObjectSelectList::&lt;OpaqueExpression&gt;" xmi:id="_.s.iA.i.q.t1.oE.d.y.rKNX.nBM.y96.w" xsi:type="uml:OpaqueExpression"/><defaultValue publish:icon="-419095724_icon.png" publish:qualifiedname="ResourcePerformanceManagement::Interfaces::PerformanceManagementRetrievalService::getAllCurrentPerformanceMonitoringData::pmParameterList::&lt;OpaqueExpression&gt;" xmi:id="_.s.iA.i.r.d1.oE.d.y.rKNX.nBM.y96.w" xsi:type="uml:OpaqueExpression"/><defaultValue publish:icon="-419095724_icon.png" publish:qualifiedname="ResourcePerformanceManagement::Interfaces::PerformanceManagementRetrievalService::getAllCurrentPerformanceMonitoringData::pmDataList::&lt;OpaqueExpression&gt;" xmi:id="_.s.iA.i.sN1.oE.d.y.rKNX.nBM.y96.w" xsi:type="uml:OpaqueExpression"/></ownedOperation><ownedOperation name="getAllPerformanceMonitoringPoints" publish:icon="84220769_icon.png" publish:qualifiedname="ResourcePerformanceManagement::Interfaces::PerformanceManagementRetrievalService::getAllPerformanceMonitoringPoints" xmi:id="_.s.iA.i7.t1.oE.d.y.rKNX.nBM.y96.w" xsi:type="uml:Operation"><defaultValue publish:icon="-419095724_icon.png" publish:qualifiedname="ResourcePerformanceManagement::Interfaces::PerformanceManagementRetrievalService::getAllPerformanceMonitoringPoints::tpOrMeRef::&lt;OpaqueExpression&gt;" xmi:id="_.s.iA.i-N1.oE.d.y.rKNX.nBM.y96.w" xsi:type="uml:OpaqueExpression"/><defaultValue publish:icon="-419095724_icon.png" publish:qualifiedname="ResourcePerformanceManagement::Interfaces::PerformanceManagementRetrievalService::getAllPerformanceMonitoringPoints::pmpList::&lt;OpaqueExpression&gt;" xmi:id="_.s.iA.i-91.oE.d.y.rKNX.nBM.y96.w" xsi:type="uml:OpaqueExpression"/></ownedOperation><ownedOperation name="getHistoryPerformanceMonitoringData" publish:icon="956635917_icon.png" publish:qualifiedname="ResourcePerformanceManagement::Interfaces::PerformanceManagementRetrievalService::getHistoryPerformanceMonitoringData" xmi:id="_.s.iA.i.s.d1.oE.d.y.rKNX.nBM.y96.w" xsi:type="uml:Operation"><defaultValue publish:icon="-419095724_icon.png" publish:qualifiedname="ResourcePerformanceManagement::Interfaces::PerformanceManagementRetrievalService::getHistoryPerformanceMonitoringData::userName::&lt;OpaqueExpression&gt;" xmi:id="_.s.iA.i.vN1.oE.d.y.rKNX.nBM.y96.w" xsi:type="uml:OpaqueExpression"/><defaultValue publish:icon="-419095724_icon.png" publish:qualifiedname="ResourcePerformanceManagement::Interfaces::PerformanceManagementRetrievalService::getHistoryPerformanceMonitoringData::password::&lt;OpaqueExpression&gt;" xmi:id="_.s.iA.i.v91.oE.d.y.rKNX.nBM.y96.w" xsi:type="uml:OpaqueExpression"/><defaultValue publish:icon="-419095724_icon.png" publish:qualifiedname="ResourcePerformanceManagement::Interfaces::PerformanceManagementRetrievalService::getHistoryPerformanceMonitoringData::destination::&lt;OpaqueExpression&gt;" xmi:id="_.s.iA.i.w.t1.oE.d.y.rKNX.nBM.y96.w" xsi:type="uml:OpaqueExpression"/><defaultValue publish:icon="-419095724_icon.png" publish:qualifiedname="ResourcePerformanceManagement::Interfaces::PerformanceManagementRetrievalService::getHistoryPerformanceMonitoringData::pmObjectSelectList::&lt;OpaqueExpression&gt;" xmi:id="_.s.iA.i.x.d1.oE.d.y.rKNX.nBM.y96.w" xsi:type="uml:OpaqueExpression"/><defaultValue publish:icon="-419095724_icon.png" publish:qualifiedname="ResourcePerformanceManagement::Interfaces::PerformanceManagementRetrievalService::getHistoryPerformanceMonitoringData::pmParameterList::&lt;OpaqueExpression&gt;" xmi:id="_.s.iA.i.yN1.oE.d.y.rKNX.nBM.y96.w" xsi:type="uml:OpaqueExpression"/><defaultValue publish:icon="-419095724_icon.png" publish:qualifiedname="ResourcePerformanceManagement::Interfaces::PerformanceManagementRetrievalService::getHistoryPerformanceMonitoringData::startTime::&lt;OpaqueExpression&gt;" xmi:id="_.s.iA.i.y91.oE.d.y.rKNX.nBM.y96.w" xsi:type="uml:OpaqueExpression"/><defaultValue publish:icon="-419095724_icon.png" publish:qualifiedname="ResourcePerformanceManagement::Interfaces::PerformanceManagementRetrievalService::getHistoryPerformanceMonitoringData::endTime::&lt;OpaqueExpression&gt;" xmi:id="_.s.iA.i.z.t1.oE.d.y.rKNX.nBM.y96.w" xsi:type="uml:OpaqueExpression"/><defaultValue publish:icon="-419095724_icon.png" publish:qualifiedname="ResourcePerformanceManagement::Interfaces::PerformanceManagementRetrievalService::getHistoryPerformanceMonitoringData::mustForceUpload::&lt;OpaqueExpression&gt;" xmi:id="_.s.iA.i0.d1.oE.d.y.rKNX.nBM.y96.w" xsi:type="uml:OpaqueExpression"/></ownedOperation><ownedOperation name="getHoldingTime" publish:icon="84220769_icon.png" publish:qualifiedname="ResourcePerformanceManagement::Interfaces::PerformanceManagementRetrievalService::getHoldingTime" xmi:id="_.s.iA.i0.t1.oE.d.y.rKNX.nBM.y96.w" xsi:type="uml:Operation"><defaultValue publish:icon="-419095724_icon.png" publish:qualifiedname="ResourcePerformanceManagement::Interfaces::PerformanceManagementRetrievalService::getHoldingTime::holdingTime::&lt;OpaqueExpression&gt;" xmi:id="_.s.iA.i3N1.oE.d.y.rKNX.nBM.y96.w" xsi:type="uml:OpaqueExpression"/></ownedOperation><ownedOperation name="getMePerformanceMonitoringCapabilities" publish:icon="84220769_icon.png" publish:qualifiedname="ResourcePerformanceManagement::Interfaces::PerformanceManagementRetrievalService::getMePerformanceMonitoringCapabilities" xmi:id="_.s.iA.i3.d1.oE.d.y.rKNX.nBM.y96.w" xsi:type="uml:Operation"><defaultValue publish:icon="-419095724_icon.png" publish:qualifiedname="ResourcePerformanceManagement::Interfaces::PerformanceManagementRetrievalService::getMePerformanceMonitoringCapabilities::meRef::&lt;OpaqueExpression&gt;" xmi:id="_.s.iA.i591.oE.d.y.rKNX.nBM.y96.w" xsi:type="uml:OpaqueExpression"/><defaultValue publish:icon="-419095724_icon.png" publish:qualifiedname="ResourcePerformanceManagement::Interfaces::PerformanceManagementRetrievalService::getMePerformanceMonitoringCapabilities::layerRate::&lt;OpaqueExpression&gt;" xmi:id="_.s.iA.i6.t1.oE.d.y.rKNX.nBM.y96.w" xsi:type="uml:OpaqueExpression"/><defaultValue publish:icon="-419095724_icon.png" publish:qualifiedname="ResourcePerformanceManagement::Interfaces::PerformanceManagementRetrievalService::getMePerformanceMonitoringCapabilities::pmParameterList::&lt;OpaqueExpression&gt;" xmi:id="_.s.iA.i7.d1.oE.d.y.rKNX.nBM.y96.w" xsi:type="uml:OpaqueExpression"/></ownedOperation><ownedOperation name="getProfileAssociatedTerminationPoints" publish:icon="84220769_icon.png" publish:qualifiedname="ResourcePerformanceManagement::Interfaces::PerformanceManagementRetrievalService::getProfileAssociatedTerminationPoints" xmi:id="_.s.iA.jC.t1.oE.d.y.rKNX.nBM.y96.w" xsi:type="uml:Operation"><defaultValue publish:icon="-419095724_icon.png" publish:qualifiedname="ResourcePerformanceManagement::Interfaces::PerformanceManagementRetrievalService::getProfileAssociatedTerminationPoints::tcaProfileRef::&lt;OpaqueExpression&gt;" xmi:id="_-B.iNI.vQ.oE.d.y.r.k.o3.rRK.o.w.k.g" xsi:type="uml:OpaqueExpression"/><defaultValue publish:icon="-419095724_icon.png" publish:qualifiedname="ResourcePerformanceManagement::Interfaces::PerformanceManagementRetrievalService::getProfileAssociatedTerminationPoints::tpRefList::&lt;OpaqueExpression&gt;" xmi:id="_.s.iA.jFN1.oE.d.y.rKNX.nBM.y96.w" xsi:type="uml:OpaqueExpression"/></ownedOperation></packagedElement><packagedElement name="ThresholdCrossingAlertControlService" publish:icon="-1861936738_icon.png" publish:qualifiedname="ResourcePerformanceManagement::Interfaces::ThresholdCrossingAlertControlService" xmi:id="_6.n.p.dEN1.nE.d.y.rKNX.nBM.y96.w" xsi:type="uml:Interface"><ownedOperation name="createTcaParameterProfile" publish:icon="84220769_icon.png" publish:qualifiedname="ResourcePerformanceManagement::Interfaces::ThresholdCrossingAlertControlService::createTcaParameterProfile" xmi:id="_.w.eFPXN1.rE.d.y.rKNX.nBM.y96.w" xsi:type="uml:Operation"><defaultValue publish:icon="-419095724_icon.png" publish:qualifiedname="ResourcePerformanceManagement::Interfaces::ThresholdCrossingAlertControlService::createTcaParameterProfile::tcaParameterProfileCreateData::&lt;OpaqueExpression&gt;" xmi:id="_.w.eFPZ.t1.rE.d.y.rKNX.nBM.y96.w" xsi:type="uml:OpaqueExpression"/><defaultValue publish:icon="-419095724_icon.png" publish:qualifiedname="ResourcePerformanceManagement::Interfaces::ThresholdCrossingAlertControlService::createTcaParameterProfile::createdTcaParameterProfile::&lt;OpaqueExpression&gt;" xmi:id="_.w.eFP.e91.rE.d.y.rKNX.nBM.y96.w" xsi:type="uml:OpaqueExpression"/></ownedOperation><ownedOperation name="deleteTcaParameterProfile" publish:icon="84220769_icon.png" publish:qualifiedname="ResourcePerformanceManagement::Interfaces::ThresholdCrossingAlertControlService::deleteTcaParameterProfile" xmi:id="_.w.eOZMN1.rE.d.y.rKNX.nBM.y96.w" xsi:type="uml:Operation"><defaultValue publish:icon="-419095724_icon.png" publish:qualifiedname="ResourcePerformanceManagement::Interfaces::ThresholdCrossingAlertControlService::deleteTcaParameterProfile::tcaParameterProfileRef::&lt;OpaqueExpression&gt;" xmi:id="_.w.eOZO.t1.rE.d.y.rKNX.nBM.y96.w" xsi:type="uml:OpaqueExpression"/></ownedOperation><ownedOperation name="disableThresholdCrossingAlert" publish:icon="84220769_icon.png" publish:qualifiedname="ResourcePerformanceManagement::Interfaces::ThresholdCrossingAlertControlService::disableThresholdCrossingAlert" xmi:id="_.w.eFPT.t1.rE.d.y.rKNX.nBM.y96.w" xsi:type="uml:Operation"><defaultValue publish:icon="-419095724_icon.png" publish:qualifiedname="ResourcePerformanceManagement::Interfaces::ThresholdCrossingAlertControlService::disableThresholdCrossingAlert::pmObjectSelectList::&lt;OpaqueExpression&gt;" xmi:id="_.w.eFPWN1.rE.d.y.rKNX.nBM.y96.w" xsi:type="uml:OpaqueExpression"/><defaultValue publish:icon="-419095724_icon.png" publish:qualifiedname="ResourcePerformanceManagement::Interfaces::ThresholdCrossingAlertControlService::disableThresholdCrossingAlert::failedObjectSelectList::&lt;OpaqueExpression&gt;" xmi:id="_.w.eFPW91.rE.d.y.rKNX.nBM.y96.w" xsi:type="uml:OpaqueExpression"/></ownedOperation><ownedOperation name="getAllTcaParameterProfiles" publish:icon="84220769_icon.png" publish:qualifiedname="ResourcePerformanceManagement::Interfaces::ThresholdCrossingAlertControlService::getAllTcaParameterProfiles" xmi:id="_.w.eOZX.d1.rE.d.y.rKNX.nBM.y96.w" xsi:type="uml:Operation"><defaultValue publish:icon="-419095724_icon.png" publish:qualifiedname="ResourcePerformanceManagement::Interfaces::ThresholdCrossingAlertControlService::getAllTcaParameterProfiles::meRef::&lt;OpaqueExpression&gt;" xmi:id="_.w.eOZZ91.rE.d.y.rKNX.nBM.y96.w" xsi:type="uml:OpaqueExpression"/><defaultValue publish:icon="-419095724_icon.png" publish:qualifiedname="ResourcePerformanceManagement::Interfaces::ThresholdCrossingAlertControlService::getAllTcaParameterProfiles::tcaParameterProfileList::&lt;OpaqueExpression&gt;" xmi:id="_.w.eOZ.a.t1.rE.d.y.rKNX.nBM.y96.w" xsi:type="uml:OpaqueExpression"/></ownedOperation><ownedOperation name="getTcaTpParameter" publish:icon="84220769_icon.png" publish:qualifiedname="ResourcePerformanceManagement::Interfaces::ThresholdCrossingAlertControlService::getTcaTpParameter" xmi:id="_V.i.y4EN1.sE.d.y.rKNX.nBM.y96.w" xsi:type="uml:Operation"><defaultValue publish:icon="-419095724_icon.png" publish:qualifiedname="ResourcePerformanceManagement::Interfaces::ThresholdCrossingAlertControlService::getTcaTpParameter::tpRef::&lt;OpaqueExpression&gt;" xmi:id="_0.i.vP0.vTKE.d.yOTYW_XGOO.o.w" xsi:type="uml:OpaqueExpression"/><defaultValue publish:icon="-419095724_icon.png" publish:qualifiedname="ResourcePerformanceManagement::Interfaces::ThresholdCrossingAlertControlService::getTcaTpParameter::layerRate::&lt;OpaqueExpression&gt;" xmi:id="_B0I_A.vTME.d.yOTYW_XGOO.o.w" xsi:type="uml:OpaqueExpression"/><defaultValue publish:icon="-419095724_icon.png" publish:qualifiedname="ResourcePerformanceManagement::Interfaces::ThresholdCrossingAlertControlService::getTcaTpParameter::granularity::&lt;OpaqueExpression&gt;" xmi:id="_P.p.a.s.w.vTME.d.yOTYW_XGOO.o.w" xsi:type="uml:OpaqueExpression"/><defaultValue publish:icon="-419095724_icon.png" publish:qualifiedname="ResourcePerformanceManagement::Interfaces::ThresholdCrossingAlertControlService::getTcaTpParameter::pmpRef::&lt;OpaqueExpression&gt;" xmi:id="_V.i.y4G.t1.sE.d.y.rKNX.nBM.y96.w" xsi:type="uml:OpaqueExpression"/><defaultValue publish:icon="-419095724_icon.png" publish:qualifiedname="ResourcePerformanceManagement::Interfaces::ThresholdCrossingAlertControlService::getTcaTpParameter::pmThresholdList::&lt;OpaqueExpression&gt;" xmi:id="_V.i.y4IN1.sE.d.y.rKNX.nBM.y96.w" xsi:type="uml:OpaqueExpression"/><defaultValue publish:icon="-419095724_icon.png" publish:qualifiedname="ResourcePerformanceManagement::Interfaces::ThresholdCrossingAlertControlService::getTcaTpParameter::pmParameter::&lt;OpaqueExpression&gt;" xmi:id="_8LO1.xPTLE.d.yOTYW_XGOO.o.w" xsi:type="uml:OpaqueExpression"/></ownedOperation><ownedOperation name="getTcaParameterProfile" publish:icon="84220769_icon.png" publish:qualifiedname="ResourcePerformanceManagement::Interfaces::ThresholdCrossingAlertControlService::getTcaParameterProfile" xmi:id="_.w.eOZO91.rE.d.y.rKNX.nBM.y96.w" xsi:type="uml:Operation"><defaultValue publish:icon="-419095724_icon.png" publish:qualifiedname="ResourcePerformanceManagement::Interfaces::ThresholdCrossingAlertControlService::getTcaParameterProfile::tcaParameterProfileRef::&lt;OpaqueExpression&gt;" xmi:id="_.w.eOZR.d1.rE.d.y.rKNX.nBM.y96.w" xsi:type="uml:OpaqueExpression"/><defaultValue publish:icon="-419095724_icon.png" publish:qualifiedname="ResourcePerformanceManagement::Interfaces::ThresholdCrossingAlertControlService::getTcaParameterProfile::tcaParameterProfile::&lt;OpaqueExpression&gt;" xmi:id="_.w.eOZSN1.rE.d.y.rKNX.nBM.y96.w" xsi:type="uml:OpaqueExpression"/></ownedOperation><ownedOperation name="enableThresholdCrossingAlert" publish:icon="84220769_icon.png" publish:qualifiedname="ResourcePerformanceManagement::Interfaces::ThresholdCrossingAlertControlService::enableThresholdCrossingAlert" xmi:id="_.w.eFPQN1.rE.d.y.rKNX.nBM.y96.w" xsi:type="uml:Operation"><defaultValue publish:icon="-419095724_icon.png" publish:qualifiedname="ResourcePerformanceManagement::Interfaces::ThresholdCrossingAlertControlService::enableThresholdCrossingAlert::pmObjectSelectList::&lt;OpaqueExpression&gt;" xmi:id="_.w.eFPS.t1.rE.d.y.rKNX.nBM.y96.w" xsi:type="uml:OpaqueExpression"/><defaultValue publish:icon="-419095724_icon.png" publish:qualifiedname="ResourcePerformanceManagement::Interfaces::ThresholdCrossingAlertControlService::enableThresholdCrossingAlert::failedObjectSelectList::&lt;OpaqueExpression&gt;" xmi:id="_.w.eFPT.d1.rE.d.y.rKNX.nBM.y96.w" xsi:type="uml:OpaqueExpression"/></ownedOperation><ownedOperation name="setTcaParameterProfile" publish:icon="84220769_icon.png" publish:qualifiedname="ResourcePerformanceManagement::Interfaces::ThresholdCrossingAlertControlService::setTcaParameterProfile" xmi:id="_.w.eOZS.d1.rE.d.y.rKNX.nBM.y96.w" xsi:type="uml:Operation"><defaultValue publish:icon="-419095724_icon.png" publish:qualifiedname="ResourcePerformanceManagement::Interfaces::ThresholdCrossingAlertControlService::setTcaParameterProfile::tcaParameterProfileRef::&lt;OpaqueExpression&gt;" xmi:id="_.w.eOZU91.rE.d.y.rKNX.nBM.y96.w" xsi:type="uml:OpaqueExpression"/><defaultValue publish:icon="-419095724_icon.png" publish:qualifiedname="ResourcePerformanceManagement::Interfaces::ThresholdCrossingAlertControlService::setTcaParameterProfile::tcaParameterList::&lt;OpaqueExpression&gt;" xmi:id="_.w.eOZV.t1.rE.d.y.rKNX.nBM.y96.w" xsi:type="uml:OpaqueExpression"/><defaultValue publish:icon="-419095724_icon.png" publish:qualifiedname="ResourcePerformanceManagement::Interfaces::ThresholdCrossingAlertControlService::setTcaParameterProfile::failedTpRefList::&lt;OpaqueExpression&gt;" xmi:id="_.w.eOZXN1.rE.d.y.rKNX.nBM.y96.w" xsi:type="uml:OpaqueExpression"/><defaultValue publish:icon="-419095724_icon.png" publish:qualifiedname="ResourcePerformanceManagement::Interfaces::ThresholdCrossingAlertControlService::setTcaParameterProfile::tcaParameterProfile::&lt;OpaqueExpression&gt;" xmi:id="_.w.eOZW.d1.rE.d.y.rKNX.nBM.y96.w" xsi:type="uml:OpaqueExpression"/></ownedOperation><ownedOperation name="setTcaParameterProfilePointer" publish:icon="84220769_icon.png" publish:qualifiedname="ResourcePerformanceManagement::Interfaces::ThresholdCrossingAlertControlService::setTcaParameterProfilePointer" xmi:id="_.w.eYKMN1.rE.d.y.rKNX.nBM.y96.w" xsi:type="uml:Operation"><defaultValue publish:icon="-419095724_icon.png" publish:qualifiedname="ResourcePerformanceManagement::Interfaces::ThresholdCrossingAlertControlService::setTcaParameterProfilePointer::tpRef::&lt;OpaqueExpression&gt;" xmi:id="_.i-.o.b4.vT2E.d.yOTYW_XGOO.o.w" xsi:type="uml:OpaqueExpression"/><defaultValue publish:icon="-419095724_icon.png" publish:qualifiedname="ResourcePerformanceManagement::Interfaces::ThresholdCrossingAlertControlService::setTcaParameterProfilePointer::addTcaParameterProfileRef::&lt;OpaqueExpression&gt;" xmi:id="_.w.eYKO.t1.rE.d.y.rKNX.nBM.y96.w" xsi:type="uml:OpaqueExpression"/><defaultValue publish:icon="-419095724_icon.png" publish:qualifiedname="ResourcePerformanceManagement::Interfaces::ThresholdCrossingAlertControlService::setTcaParameterProfilePointer::removeTcaParameterProfileRef::&lt;OpaqueExpression&gt;" xmi:id="_.w.eYKP.d1.rE.d.y.rKNX.nBM.y96.w" xsi:type="uml:OpaqueExpression"/></ownedOperation><ownedOperation name="setTcaTpParameter" publish:icon="84220769_icon.png" publish:qualifiedname="ResourcePerformanceManagement::Interfaces::ThresholdCrossingAlertControlService::setTcaTpParameter" xmi:id="_.w.eOZ.e.d1.rE.d.y.rKNX.nBM.y96.w" xsi:type="uml:Operation"><defaultValue publish:icon="-419095724_icon.png" publish:qualifiedname="ResourcePerformanceManagement::Interfaces::ThresholdCrossingAlertControlService::setTcaTpParameter::pmpRef::&lt;OpaqueExpression&gt;" xmi:id="_.bYQ74.vUAE.d.y4.a9M0.e0.mDMQ" xsi:type="uml:OpaqueExpression"/><defaultValue publish:icon="-419095724_icon.png" publish:qualifiedname="ResourcePerformanceManagement::Interfaces::ThresholdCrossingAlertControlService::setTcaTpParameter::pmParameterList::&lt;OpaqueExpression&gt;" xmi:id="_.w.eOZ.g91.rE.d.y.rKNX.nBM.y96.w" xsi:type="uml:OpaqueExpression"/></ownedOperation></packagedElement><packagedElement name="creates TCA Parameter Profile using" publish:icon="-737862823_icon.png" publish:qualifiedname="ResourcePerformanceManagement::Interfaces::creates TCA Parameter Profile using" xmi:id="_.q7H.f.cPQ0E.d.y.r.k.o3.rRK.o.w.k.g" xsi:type="uml:Dependency"/><packagedElement name="modifies TCA Parameter Profile using" publish:icon="-737862823_icon.png" publish:qualifiedname="ResourcePerformanceManagement::Interfaces::modifies TCA Parameter Profile using" xmi:id="_.y.e9EUPQ0E.d.y.r.k.o3.rRK.o.w.k.g" xsi:type="uml:Dependency"/><packagedElement name="uses" publish:icon="-737862823_icon.png" publish:qualifiedname="ResourcePerformanceManagement::Interfaces::uses" xmi:id="_9_MHIP.v9E.d2J.r.fL2N.b.m6.mA" xsi:type="uml:Dependency"/><packagedElement name="uses" publish:icon="-737862823_icon.png" publish:qualifiedname="ResourcePerformanceManagement::Interfaces::uses" xmi:id="_O78.jMP.v-E.d2J.r.fL2N.b.m6.mA" xsi:type="uml:Dependency"/><packagedElement name="uses" publish:icon="-737862823_icon.png" publish:qualifiedname="ResourcePerformanceManagement::Interfaces::uses" xmi:id="_.aZ.rK.wP.v-E.d2J.r.fL2N.b.m6.mA" xsi:type="uml:Dependency"/><packagedElement name="uses" publish:icon="-737862823_icon.png" publish:qualifiedname="ResourcePerformanceManagement::Interfaces::uses" xmi:id="_.h-.bV.oP.v-E.d2J.r.fL2N.b.m6.mA" xsi:type="uml:Dependency"/></packagedElement><packagedElement name="Type Definitions" publish:diagramFormat="PNG" publish:icon="-1325065473_icon.png" publish:modelname="ResourcePerformanceManagement" publish:qualifiedname="ResourcePerformanceManagement::Type Definitions" publish:sortOrder="storage" publish:toplevelguid="_.e98ZQA6.qE.d.y.d7PUN.b-IYCQ" xmi:id="_.uH.s0QPDTE.d.y.d4.aLNEJLXR.g" xsi:type="uml:Package"><packagedElement name="PerformanceMonitoringObjectSelect" publish:icon="-1694164445_icon.png" publish:qualifiedname="ResourcePerformanceManagement::Type Definitions::PerformanceMonitoringObjectSelect" xmi:id="_.zT2JAPDTE.d.y.d4.aLNEJLXR.g" xsi:type="uml:DataType"><ownedAttribute name="name" publish:icon="923081473_icon.png" publish:qualifiedname="ResourcePerformanceManagement::Type Definitions::PerformanceMonitoringObjectSelect::name" publish:type="ObjectName" xmi:id="_.f0.p.v8PDUE.d.y.d4.aLNEJLXR.g" xsi:type="uml:Property"><defaultValue publish:icon="-419095724_icon.png" publish:qualifiedname="ResourcePerformanceManagement::Type Definitions::PerformanceMonitoringObjectSelect::name::&lt;OpaqueExpression&gt;" xmi:id="_.f0.p.v9.fDUE.d.y.d4.aLNEJLXR.g" xsi:type="uml:OpaqueExpression"/></ownedAttribute><ownedAttribute name="layerRateList" publish:icon="923081473_icon.png" publish:qualifiedname="ResourcePerformanceManagement::Type Definitions::PerformanceMonitoringObjectSelect::layerRateList" publish:type="LayerRate" xmi:id="_.bC4DAPDUE.d.y.d4.aLNEJLXR.g" xsi:type="uml:Property"><defaultValue publish:icon="-419095724_icon.png" publish:qualifiedname="ResourcePerformanceManagement::Type Definitions::PerformanceMonitoringObjectSelect::layerRateList::&lt;OpaqueExpression&gt;" xmi:id="_.bC4DA.vDUE.d.y.d4.aLNEJLXR.g" xsi:type="uml:OpaqueExpression"/></ownedAttribute><ownedAttribute name="pmLocationList" publish:icon="-301655413_icon.png" publish:qualifiedname="ResourcePerformanceManagement::Type Definitions::PerformanceMonitoringObjectSelect::pmLocationList" publish:type="PerformanceMonitoringLocation" xmi:id="_.bC4DA_DUE.d.y.d4.aLNEJLXR.g" xsi:type="uml:Property"><defaultValue publish:icon="-419095724_icon.png" publish:qualifiedname="ResourcePerformanceManagement::Type Definitions::PerformanceMonitoringObjectSelect::pmLocationList::&lt;OpaqueExpression&gt;" xmi:id="_.bC4DB.vDUE.d.y.d4.aLNEJLXR.g" xsi:type="uml:OpaqueExpression"/></ownedAttribute><ownedAttribute name="granularityList" publish:icon="923081473_icon.png" publish:qualifiedname="ResourcePerformanceManagement::Type Definitions::PerformanceMonitoringObjectSelect::granularityList" publish:type="Granularity" xmi:id="_.bC4DB_DUE.d.y.d4.aLNEJLXR.g" xsi:type="uml:Property"><defaultValue publish:icon="-419095724_icon.png" publish:qualifiedname="ResourcePerformanceManagement::Type Definitions::PerformanceMonitoringObjectSelect::granularityList::&lt;OpaqueExpression&gt;" xmi:id="_6.v.rL8PDUE.d.y.d4.aLNEJLXR.g" xsi:type="uml:OpaqueExpression"/></ownedAttribute></packagedElement><packagedElement name="PerformanceMonitoringData" publish:icon="-1694164445_icon.png" publish:qualifiedname="ResourcePerformanceManagement::Type Definitions::PerformanceMonitoringData" xmi:id="_Z.lD0.oPD.pE.d.y.d4.aLNEJLXR.g" xsi:type="uml:DataType"><ownedAttribute name="name" publish:icon="923081473_icon.png" publish:qualifiedname="ResourcePerformanceManagement::Type Definitions::PerformanceMonitoringData::name" publish:type="ObjectName" xmi:id="_HYH.t.oPD.qE.d.y.d4.aLNEJLXR.g" xsi:type="uml:Property"><defaultValue publish:icon="-419095724_icon.png" publish:qualifiedname="ResourcePerformanceManagement::Type Definitions::PerformanceMonitoringData::name::&lt;OpaqueExpression&gt;" xmi:id="_HYH.t.pPD.qE.d.y.d4.aLNEJLXR.g" xsi:type="uml:OpaqueExpression"/></ownedAttribute><ownedAttribute name="layerRate" publish:icon="923081473_icon.png" publish:qualifiedname="ResourcePerformanceManagement::Type Definitions::PerformanceMonitoringData::layerRate" publish:type="LayerRate" xmi:id="_HYH.t.p.fD.qE.d.y.d4.aLNEJLXR.g" xsi:type="uml:Property"><defaultValue publish:icon="-419095724_icon.png" publish:qualifiedname="ResourcePerformanceManagement::Type Definitions::PerformanceMonitoringData::layerRate::&lt;OpaqueExpression&gt;" xmi:id="_HYH.t.q.fD.qE.d.y.d4.aLNEJLXR.g" xsi:type="uml:OpaqueExpression"/></ownedAttribute><ownedAttribute name="pmMeasurementList" publish:icon="-301655413_icon.png" publish:is_association="false" publish:qualifiedname="ResourcePerformanceManagement::Type Definitions::PerformanceMonitoringData::pmMeasurementList" publish:type="PerformanceMonitoringMeasurement" publish:typeid="_.yI.oJ.sPD.sE.d.y.d4.aLNEJLXR.g" xmi:id="_HYH.t.q.vD.qE.d.y.d4.aLNEJLXR.g" xsi:type="uml:Property"><defaultValue publish:icon="-419095724_icon.png" publish:qualifiedname="ResourcePerformanceManagement::Type Definitions::PerformanceMonitoringData::pmMeasurementList::&lt;OpaqueExpression&gt;" xmi:id="_HYH.t.r_D.qE.d.y.d4.aLNEJLXR.g" xsi:type="uml:OpaqueExpression"/></ownedAttribute><ownedAttribute name="granularity" publish:icon="923081473_icon.png" publish:qualifiedname="ResourcePerformanceManagement::Type Definitions::PerformanceMonitoringData::granularity" publish:type="Granularity" xmi:id="_HYH.t.sPD.qE.d.y.d4.aLNEJLXR.g" xsi:type="uml:Property"><defaultValue publish:icon="-419095724_icon.png" publish:qualifiedname="ResourcePerformanceManagement::Type Definitions::PerformanceMonitoringData::granularity::&lt;OpaqueExpression&gt;" xmi:id="_HYH.t.tPD.qE.d.y.d4.aLNEJLXR.g" xsi:type="uml:OpaqueExpression"/></ownedAttribute><ownedAttribute name="retrievalTime" publish:icon="923081473_icon.png" publish:qualifiedname="ResourcePerformanceManagement::Type Definitions::PerformanceMonitoringData::retrievalTime" publish:type="ItuTTime" xmi:id="_H.m.wKEPD.rE.d.y.d4.aLNEJLXR.g" xsi:type="uml:Property"/></packagedElement><packagedElement name="PerformanceMonitoringMeasurement" publish:icon="-1694164445_icon.png" publish:qualifiedname="ResourcePerformanceManagement::Type Definitions::PerformanceMonitoringMeasurement" xmi:id="_.yI.oJ.sPD.sE.d.y.d4.aLNEJLXR.g" xsi:type="uml:DataType"><ownedAttribute name="pmParameterName" publish:icon="923081473_icon.png" publish:qualifiedname="ResourcePerformanceManagement::Type Definitions::PerformanceMonitoringMeasurement::pmParameterName" publish:type="PerformanceMonitoringParameter" xmi:id="_.x8.mDYPD.tE.d.y.d4.aLNEJLXR.g" xsi:type="uml:Property"><defaultValue publish:icon="-419095724_icon.png" publish:qualifiedname="ResourcePerformanceManagement::Type Definitions::PerformanceMonitoringMeasurement::pmParameterName::&lt;OpaqueExpression&gt;" xmi:id="_.x8.vNU.fD.tE.d.y.d4.aLNEJLXR.g" xsi:type="uml:OpaqueExpression"/></ownedAttribute><ownedAttribute name="pmLocation" publish:icon="923081473_icon.png" publish:qualifiedname="ResourcePerformanceManagement::Type Definitions::PerformanceMonitoringMeasurement::pmLocation" publish:type="PerformanceMonitoringLocation" xmi:id="_7BSXAPD.tE.d.y.d4.aLNEJLXR.g" xsi:type="uml:Property"><defaultValue publish:icon="-419095724_icon.png" publish:qualifiedname="ResourcePerformanceManagement::Type Definitions::PerformanceMonitoringMeasurement::pmLocation::&lt;OpaqueExpression&gt;" xmi:id="_7BSXA_D.tE.d.y.d4.aLNEJLXR.g" xsi:type="uml:OpaqueExpression"/></ownedAttribute><ownedAttribute name="pmMeasurementValue" publish:icon="923081473_icon.png" publish:qualifiedname="ResourcePerformanceManagement::Type Definitions::PerformanceMonitoringMeasurement::pmMeasurementValue" publish:type="Real" xmi:id="_.rQ.o.h.s_D.tE.d.y.d4.aLNEJLXR.g" xsi:type="uml:Property"><defaultValue publish:icon="-419095724_icon.png" publish:qualifiedname="ResourcePerformanceManagement::Type Definitions::PerformanceMonitoringMeasurement::pmMeasurementValue::&lt;OpaqueExpression&gt;" xmi:id="_.rQ.o.h.t.fD.tE.d.y.d4.aLNEJLXR.g" xsi:type="uml:OpaqueExpression"/></ownedAttribute><ownedAttribute name="pmMeasurementUnit" publish:icon="923081473_icon.png" publish:qualifiedname="ResourcePerformanceManagement::Type Definitions::PerformanceMonitoringMeasurement::pmMeasurementUnit" publish:type="String" xmi:id="_.rQ.o.h.t.vD.tE.d.y.d4.aLNEJLXR.g" xsi:type="uml:Property"><defaultValue publish:icon="-419095724_icon.png" publish:qualifiedname="ResourcePerformanceManagement::Type Definitions::PerformanceMonitoringMeasurement::pmMeasurementUnit::&lt;OpaqueExpression&gt;" xmi:id="_.rQ.o.h.uPD.tE.d.y.d4.aLNEJLXR.g" xsi:type="uml:OpaqueExpression"/></ownedAttribute><ownedAttribute name="pmIntervalStatus" publish:icon="923081473_icon.png" publish:is_association="false" publish:qualifiedname="ResourcePerformanceManagement::Type Definitions::PerformanceMonitoringMeasurement::pmIntervalStatus" publish:type="PerformanceMonitoringIntervalStatus" publish:typeid="_PC.p.aQPD.zE.d.y.d4.aLNEJLXR.g" xmi:id="_.rQ.o.h.sPD.tE.d.y.d4.aLNEJLXR.g" xsi:type="uml:Property"><defaultValue publish:icon="-419095724_icon.png" publish:qualifiedname="ResourcePerformanceManagement::Type Definitions::PerformanceMonitoringMeasurement::pmIntervalStatus::&lt;OpaqueExpression&gt;" xmi:id="_.rQ.o.h.s.vD.tE.d.y.d4.aLNEJLXR.g" xsi:type="uml:OpaqueExpression"/></ownedAttribute></packagedElement><packagedElement name="PerformanceMonitoringIntervalStatus" publish:icon="1124407944_icon.png" publish:qualifiedname="ResourcePerformanceManagement::Type Definitions::PerformanceMonitoringIntervalStatus" xmi:id="_PC.p.aQPD.zE.d.y.d4.aLNEJLXR.g" xsi:type="uml:Enumeration"><ownedLiteral name="VALID" publish:icon="-2147149193_icon.png" publish:qualifiedname="ResourcePerformanceManagement::Type Definitions::PerformanceMonitoringIntervalStatus::VALID" xmi:id="_T.w.i.s.wPD.zE.d.y.d4.aLNEJLXR.g" xsi:type="uml:EnumerationLiteral"/><ownedLiteral name="INCOMPLETE" publish:icon="-2147149193_icon.png" publish:qualifiedname="ResourcePerformanceManagement::Type Definitions::PerformanceMonitoringIntervalStatus::INCOMPLETE" xmi:id="_U.oR.mAPD.zE.d.y.d4.aLNEJLXR.g" xsi:type="uml:EnumerationLiteral"/><ownedLiteral name="INVALID" publish:icon="-2147149193_icon.png" publish:qualifiedname="ResourcePerformanceManagement::Type Definitions::PerformanceMonitoringIntervalStatus::INVALID" xmi:id="_V.sOWUPD.zE.d.y.d4.aLNEJLXR.g" xsi:type="uml:EnumerationLiteral"/><ownedLiteral name="UNAVAILABLE" publish:icon="-2147149193_icon.png" publish:qualifiedname="ResourcePerformanceManagement::Type Definitions::PerformanceMonitoringIntervalStatus::UNAVAILABLE" xmi:id="_XWU.g.oPD.zE.d.y.d4.aLNEJLXR.g" xsi:type="uml:EnumerationLiteral"/><ownedLiteral name="ZERO_SUPPRESSED" publish:icon="-2147149193_icon.png" publish:qualifiedname="ResourcePerformanceManagement::Type Definitions::PerformanceMonitoringIntervalStatus::ZERO_SUPPRESSED" xmi:id="_Z8US.gPD.zE.d.y.d4.aLNEJLXR.g" xsi:type="uml:EnumerationLiteral"/></packagedElement><packagedElement name="HoldingTime" publish:icon="-1694164445_icon.png" publish:qualifiedname="ResourcePerformanceManagement::Type Definitions::HoldingTime" xmi:id="_2G.u.eQPQ.eE.d.y.r.k.o3.rRK.o.w.k.g" xsi:type="uml:DataType"><ownedAttribute name="storeTime24hr" publish:icon="923081473_icon.png" publish:qualifiedname="ResourcePerformanceManagement::Type Definitions::HoldingTime::storeTime24hr" publish:type="String" xmi:id="_A.dFOEPQ.fE.d.y.r.k.o3.rRK.o.w.k.g" xsi:type="uml:Property"><defaultValue publish:icon="-419095724_icon.png" publish:qualifiedname="ResourcePerformanceManagement::Type Definitions::HoldingTime::storeTime24hr::&lt;OpaqueExpression&gt;" xmi:id="_A.dFOE.vQ.fE.d.y.r.k.o3.rRK.o.w.k.g" xsi:type="uml:OpaqueExpression"/></ownedAttribute><ownedAttribute name="storeTime15min" publish:icon="923081473_icon.png" publish:qualifiedname="ResourcePerformanceManagement::Type Definitions::HoldingTime::storeTime15min" publish:type="String" xmi:id="_.z2EN.wPQ.fE.d.y.r.k.o3.rRK.o.w.k.g" xsi:type="uml:Property"><defaultValue publish:icon="-419095724_icon.png" publish:qualifiedname="ResourcePerformanceManagement::Type Definitions::HoldingTime::storeTime15min::&lt;OpaqueExpression&gt;" xmi:id="_.z2EN.w.vQ.fE.d.y.r.k.o3.rRK.o.w.k.g" xsi:type="uml:OpaqueExpression"/></ownedAttribute></packagedElement><packagedElement name="TcaParameterProfileCreateData" publish:icon="-1694164445_icon.png" publish:qualifiedname="ResourcePerformanceManagement::Type Definitions::TcaParameterProfileCreateData" xmi:id="_E1K.m.oPQ1E.d.y.r.k.o3.rRK.o.w.k.g" xsi:type="uml:DataType"><ownedAttribute name="meRef" publish:icon="923081473_icon.png" publish:qualifiedname="ResourcePerformanceManagement::Type Definitions::TcaParameterProfileCreateData::meRef" publish:type="ObjectName" xmi:id="_.gTF.e4PQ2E.d.y.r.k.o3.rRK.o.w.k.g" xsi:type="uml:Property"><defaultValue publish:icon="-419095724_icon.png" publish:qualifiedname="ResourcePerformanceManagement::Type Definitions::TcaParameterProfileCreateData::meRef::&lt;OpaqueExpression&gt;" xmi:id="_.gTF.e4.vQ2E.d.y.r.k.o3.rRK.o.w.k.g" xsi:type="uml:OpaqueExpression"/></ownedAttribute><ownedAttribute name="layerRate" publish:icon="923081473_icon.png" publish:qualifiedname="ResourcePerformanceManagement::Type Definitions::TcaParameterProfileCreateData::layerRate" publish:type="LayerRate" xmi:id="_4.g.x.nYPQ1E.d.y.r.k.o3.rRK.o.w.k.g" xsi:type="uml:Property"><defaultValue publish:icon="-419095724_icon.png" publish:qualifiedname="ResourcePerformanceManagement::Type Definitions::TcaParameterProfileCreateData::layerRate::&lt;OpaqueExpression&gt;" xmi:id="_4.g.x.nY.vQ1E.d.y.r.k.o3.rRK.o.w.k.g" xsi:type="uml:OpaqueExpression"/></ownedAttribute><ownedAttribute name="tcaParameterList" publish:icon="923081473_icon.png" publish:qualifiedname="ResourcePerformanceManagement::Type Definitions::TcaParameterProfileCreateData::tcaParameterList" publish:type="ThresholdCrossingAlertParameter" xmi:id="_4.g.x.nY_Q1E.d.y.r.k.o3.rRK.o.w.k.g" xsi:type="uml:Property"><defaultValue publish:icon="-419095724_icon.png" publish:qualifiedname="ResourcePerformanceManagement::Type Definitions::TcaParameterProfileCreateData::tcaParameterList::&lt;OpaqueExpression&gt;" xmi:id="_4.g.x.nZ_Q1E.d.y.r.k.o3.rRK.o.w.k.g" xsi:type="uml:OpaqueExpression"/></ownedAttribute></packagedElement><packagedElement name="TcaParameterProfileModifyData" publish:icon="-1694164445_icon.png" publish:qualifiedname="ResourcePerformanceManagement::Type Definitions::TcaParameterProfileModifyData" xmi:id="_KC.z.wMPQ1E.d.y.r.k.o3.rRK.o.w.k.g" xsi:type="uml:DataType"/><packagedElement name="uses" publish:icon="-737862823_icon.png" publish:qualifiedname="ResourcePerformanceManagement::Type Definitions::uses" xmi:id="_6SNE8P.w.yE.d2J.r.fL2N.b.m6.mA" xsi:type="uml:Dependency"/><packagedElement name="uses" publish:icon="-737862823_icon.png" publish:qualifiedname="ResourcePerformanceManagement::Type Definitions::uses" xmi:id="_0LK-.wP0CE.d26.e_NAEP.x.e.tA" xsi:type="uml:Dependency"/><packagedElement name="uses" publish:icon="-737862823_icon.png" publish:qualifiedname="ResourcePerformanceManagement::Type Definitions::uses" xmi:id="_2D.kD.wP0CE.d26.e_NAEP.x.e.tA" xsi:type="uml:Dependency"/></packagedElement></uml:Model>