<?xml version="1.0" encoding="UTF-8"?><packagedElement name="Class Diagrams" xmlns:publish="http://www.ibm.com/Rational/XTools/Publish" publish:diagramFormat="PNG" publish:icon="-1325065473_icon.png" publish:modelname="ResourcePerformanceManagement" publish:qualifiedname="ResourcePerformanceManagement::Class Diagrams" publish:sortOrder="storage" publish:toplevelguid="_.e98ZQA6.qE.d.y.d7PUN.b-IYCQ" xmlns:xmi="http://www.omg.org/XMI" xmi:id="_.pU.c.lQB5.cE.d.y.jX65.v.z.eW.aBA" xmi:version="2.0" xmlns:com.ibm.xtools.notation="http:///com/ibm/xtools/notation.ecore" xmlns:uml="http://www.eclipse.org/uml2/1.0.0/UML" xmlns:xsi="http://www.w3.org/2001/XMLSchema-instance" xsi:type="uml:Package"><publish:properties><publish:property canonicalName="Alias" name="Alias" publish:category="UML"/><publish:property canonicalName="Keywords" name="Keywords" publish:category="UML"/><publish:property canonicalName="name" name="Name" publish:category="UML" publish:value="Class Diagrams"/><publish:property canonicalName="nameExpression" name="Name Expression" publish:category="UML"/><publish:property canonicalName="namespace" name="Namespace" publish:category="UML" publish:ismodellink="true" publish:value="ResourcePerformanceManagement" xmi:id="_.e98ZQA6.qE.d.y.d7PUN.b-IYCQ"/><publish:property canonicalName="nestingPackage" name="Nesting Package" publish:category="UML" publish:ismodellink="true" publish:value="ResourcePerformanceManagement" xmi:id="_.e98ZQA6.qE.d.y.d7PUN.b-IYCQ"/><publish:property canonicalName="ownedTemplateSignature" name="Owned Template Signature" publish:category="UML"/><publish:property canonicalName="owner" name="Owner" publish:category="UML" publish:ismodellink="true" publish:value="ResourcePerformanceManagement" xmi:id="_.e98ZQA6.qE.d.y.d7PUN.b-IYCQ"/><publish:property canonicalName="owningTemplateParameter" name="Owning Template Parameter" publish:category="UML"/><publish:property canonicalName="qualifiedName" name="Qualified Name" publish:category="UML" publish:value="ResourcePerformanceManagement::Class Diagrams"/><publish:property canonicalName="Stereotype" name="Stereotype" publish:category="UML"/><publish:property canonicalName="templateParameter" name="Template Parameter" publish:category="UML"/><publish:property canonicalName="visibility" name="Visibility" publish:category="UML" publish:value="Public"/></publish:properties><contents Type="Class" isDefault="false" name="RPM DDP Relationship Diagram" publish:icon="-1677387246_icon.png" publish:imageType="PNG" publish:qualifiedname="ResourcePerformanceManagement::Class Diagrams::RPM DDP Relationship Diagram" xmi:id="_.qM.nG.oN1.qE.d.y.rKNX.nBM.y96.w" xsi:type="notation:Diagram"><publish:properties><publish:property canonicalName="description" name="Description" publish:category="View"/><publish:property canonicalName="graphLayout" name="Graph Layout" publish:category="View" publish:value="VerticalOrthogonalHierarchical"/><publish:property canonicalName="labelLayout" name="Label Layout" publish:category="View" publish:value="None"/><publish:property canonicalName="linkLayout" name="Link Layout" publish:category="View" publish:value="None"/><publish:property canonicalName="measurementUnit" name="Measurement Unit" publish:category="View" publish:value="Himetric"/><publish:property canonicalName="name" name="Name" publish:category="View" publish:value="RPM DDP Relationship Diagram"/><publish:property canonicalName="pageHeight" name="Page Height" publish:category="View" publish:value="100"/><publish:property canonicalName="pageWidth" name="Page Width" publish:category="View" publish:value="100"/><publish:property canonicalName="pageX" name="Page X" publish:category="View" publish:value="0"/><publish:property canonicalName="pageY" name="Page Y" publish:category="View" publish:value="0"/><publish:property canonicalName="styles" name="Styles" publish:category="View"/><publish:property canonicalName="useAliasName" name="Use Alias Name" publish:category="View" publish:value="false"/></publish:properties><publish:partInfo name="PackageImport" publish:ismodellink="false" publish:partLowerX="135" publish:partLowerY="299" publish:partUpperX="87" publish:partUpperY="284" shape="rect" xmi:id="_EB.v4.oN1.rE.d.y.rKNX.nBM.y96.w"/><publish:partInfo coords="113,326,113,258,123,258,123,326,113,326" name="PackageImport" publish:ismodellink="false" shape="poly" xmi:id="_EB.v4.oN1.rE.d.y.rKNX.nBM.y96.w"/><publish:partInfo name="ResourcePerformanceManagement" publish:ismodellink="true" publish:partLowerX="229" publish:partLowerY="364" publish:partUpperX="13" publish:partUpperY="353" shape="rect" xmi:id="_.e98ZQA6.qE.d.y.d7PUN.b-IYCQ"/><publish:partInfo name="ResourcePerformanceManagement" publish:ismodellink="true" publish:partLowerX="236" publish:partLowerY="372" publish:partUpperX="9" publish:partUpperY="315" shape="rect" xmi:id="_.e98ZQA6.qE.d.y.d7PUN.b-IYCQ"/></contents><contents Type="Class" isDefault="false" name="RPM Interface Diagram" publish:icon="-1677387246_icon.png" publish:imageType="PNG" publish:qualifiedname="ResourcePerformanceManagement::Class Diagrams::RPM Interface Diagram" xmi:id="_.x.q.fN.cN1.qE.d.y.rKNX.nBM.y96.w" xsi:type="notation:Diagram"><publish:properties><publish:property canonicalName="description" name="Description" publish:category="View"/><publish:property canonicalName="graphLayout" name="Graph Layout" publish:category="View" publish:value="VerticalOrthogonalHierarchical"/><publish:property canonicalName="labelLayout" name="Label Layout" publish:category="View" publish:value="None"/><publish:property canonicalName="linkLayout" name="Link Layout" publish:category="View" publish:value="None"/><publish:property canonicalName="measurementUnit" name="Measurement Unit" publish:category="View" publish:value="Himetric"/><publish:property canonicalName="name" name="Name" publish:category="View" publish:value="RPM Interface Diagram"/><publish:property canonicalName="pageHeight" name="Page Height" publish:category="View" publish:value="100"/><publish:property canonicalName="pageWidth" name="Page Width" publish:category="View" publish:value="100"/><publish:property canonicalName="pageX" name="Page X" publish:category="View" publish:value="0"/><publish:property canonicalName="pageY" name="Page Y" publish:category="View" publish:value="0"/><publish:property canonicalName="styles" name="Styles" publish:category="View"/><publish:property canonicalName="useAliasName" name="Use Alias Name" publish:category="View" publish:value="false"/></publish:properties><publish:partInfo name="uses" publish:ismodellink="false" publish:partLowerX="1752" publish:partLowerY="869" publish:partUpperX="1725" publish:partUpperY="854" shape="rect" xmi:id="_2D.kD.wP0CE.d26.e_NAEP.x.e.tA"/><publish:partInfo coords="1736,837,1736,887,1726,887,1726,837,1736,837" name="uses" publish:ismodellink="false" shape="poly" xmi:id="_2D.kD.wP0CE.d26.e_NAEP.x.e.tA"/><publish:partInfo name="uses" publish:ismodellink="false" publish:partLowerX="1629" publish:partLowerY="869" publish:partUpperX="1602" publish:partUpperY="854" shape="rect" xmi:id="_0LK-.wP0CE.d26.e_NAEP.x.e.tA"/><publish:partInfo coords="1613,837,1613,887,1603,887,1603,837,1613,837" name="uses" publish:ismodellink="false" shape="poly" xmi:id="_0LK-.wP0CE.d26.e_NAEP.x.e.tA"/><publish:partInfo name="uses" publish:ismodellink="false" publish:partLowerX="1653" publish:partLowerY="687" publish:partUpperX="1626" publish:partUpperY="672" shape="rect" xmi:id="_6SNE8P.w.yE.d2J.r.fL2N.b.m6.mA"/><publish:partInfo coords="1637,654,1637,704,1627,704,1627,654,1637,654" name="uses" publish:ismodellink="false" shape="poly" xmi:id="_6SNE8P.w.yE.d2J.r.fL2N.b.m6.mA"/><publish:partInfo name="uses" publish:ismodellink="false" publish:partLowerX="1415" publish:partLowerY="429" publish:partUpperX="1388" publish:partUpperY="414" shape="rect" xmi:id="_.h-.bV.oP.v-E.d2J.r.fL2N.b.m6.mA"/><publish:partInfo coords="1144,321,1144,416,1668,416,1668,521,1658,521,1658,426,1134,426,1134,321,1144,321" name="uses" publish:ismodellink="false" shape="poly" xmi:id="_.h-.bV.oP.v-E.d2J.r.fL2N.b.m6.mA"/><publish:partInfo name="uses" publish:ismodellink="false" publish:partLowerX="1386" publish:partLowerY="348" publish:partUpperX="1359" publish:partUpperY="333" shape="rect" xmi:id="_.aZ.rK.wP.v-E.d2J.r.fL2N.b.m6.mA"/><publish:partInfo coords="1371,321,1371,361,1361,361,1361,321,1371,321" name="uses" publish:ismodellink="false" shape="poly" xmi:id="_.aZ.rK.wP.v-E.d2J.r.fL2N.b.m6.mA"/><publish:partInfo name="uses" publish:ismodellink="false" publish:partLowerX="229" publish:partLowerY="347" publish:partUpperX="202" publish:partUpperY="332" shape="rect" xmi:id="_O78.jMP.v-E.d2J.r.fL2N.b.m6.mA"/><publish:partInfo coords="213,321,213,359,203,359,203,321,213,321" name="uses" publish:ismodellink="false" shape="poly" xmi:id="_O78.jMP.v-E.d2J.r.fL2N.b.m6.mA"/><publish:partInfo name="uses" publish:ismodellink="false" publish:partLowerX="266" publish:partLowerY="430" publish:partUpperX="239" publish:partUpperY="415" shape="rect" xmi:id="_9_MHIP.v9E.d2J.r.fL2N.b.m6.mA"/><publish:partInfo coords="424,321,424,428,120,428,120,549,110,549,110,418,414,418,414,321,424,321" name="uses" publish:ismodellink="false" shape="poly" xmi:id="_9_MHIP.v9E.d2J.r.fL2N.b.m6.mA"/><publish:partInfo name="Generalization" publish:ismodellink="false" publish:partLowerX="0" publish:partLowerY="0" publish:partUpperX="0" publish:partUpperY="0" shape="rect" xmi:id="_.b3.fS.wPQ1E.d.y.r.k.o3.rRK.o.w.k.g"/><publish:partInfo coords="691,893,642,806,651,801,700,888,691,893" name="Generalization" publish:ismodellink="false" shape="poly" xmi:id="_.b3.fS.wPQ1E.d.y.r.k.o3.rRK.o.w.k.g"/><publish:partInfo name="Generalization" publish:ismodellink="false" publish:partLowerX="0" publish:partLowerY="0" publish:partUpperX="0" publish:partUpperY="0" shape="rect" xmi:id="_.bYV4.oPQ1E.d.y.r.k.o3.rRK.o.w.k.g"/><publish:partInfo coords="1068,876,1054,804,1064,802,1078,874,1068,876" name="Generalization" publish:ismodellink="false" shape="poly" xmi:id="_.bYV4.oPQ1E.d.y.r.k.o3.rRK.o.w.k.g"/><publish:partInfo name="modifies TCA Parameter Profile using" publish:ismodellink="false" publish:partLowerX="699" publish:partLowerY="995" publish:partUpperX="492" publish:partUpperY="980" shape="rect" xmi:id="_.y.e9EUPQ0E.d.y.r.k.o3.rRK.o.w.k.g"/><publish:partInfo coords="550,1041,550,990,638,990,638,954,648,954,648,1000,560,1000,560,1041,550,1041" name="modifies TCA Parameter Profile using" publish:ismodellink="false" shape="poly" xmi:id="_.y.e9EUPQ0E.d.y.r.k.o3.rRK.o.w.k.g"/><publish:partInfo name="creates TCA Parameter Profile using" publish:ismodellink="false" publish:partLowerX="1073" publish:partLowerY="1009" publish:partUpperX="873" publish:partUpperY="994" shape="rect" xmi:id="_.q7H.f.cPQ0E.d.y.r.k.o3.rRK.o.w.k.g"/><publish:partInfo coords="885,1041,885,1003,1052,1003,1052,976,1062,976,1062,1013,895,1013,895,1041,885,1041" name="creates TCA Parameter Profile using" publish:ismodellink="false" shape="poly" xmi:id="_.q7H.f.cPQ0E.d.y.r.k.o3.rRK.o.w.k.g"/><publish:partInfo name="ZERO_SUPPRESSED" publish:ismodellink="false" publish:partLowerX="1687" publish:partLowerY="1004" publish:partUpperX="1451" publish:partUpperY="988" shape="rect" xmi:id="_Z8US.gPD.zE.d.y.d4.aLNEJLXR.g"/><publish:partInfo name="UNAVAILABLE" publish:ismodellink="false" publish:partLowerX="1687" publish:partLowerY="988" publish:partUpperX="1451" publish:partUpperY="972" shape="rect" xmi:id="_XWU.g.oPD.zE.d.y.d4.aLNEJLXR.g"/><publish:partInfo name="INVALID" publish:ismodellink="false" publish:partLowerX="1687" publish:partLowerY="972" publish:partUpperX="1451" publish:partUpperY="956" shape="rect" xmi:id="_V.sOWUPD.zE.d.y.d4.aLNEJLXR.g"/><publish:partInfo name="INCOMPLETE" publish:ismodellink="false" publish:partLowerX="1687" publish:partLowerY="956" publish:partUpperX="1451" publish:partUpperY="940" shape="rect" xmi:id="_U.oR.mAPD.zE.d.y.d4.aLNEJLXR.g"/><publish:partInfo name="VALID" publish:ismodellink="false" publish:partLowerX="1687" publish:partLowerY="940" publish:partUpperX="1451" publish:partUpperY="924" shape="rect" xmi:id="_T.w.i.s.wPD.zE.d.y.d4.aLNEJLXR.g"/><publish:partInfo name="PerformanceMonitoringIntervalStatus" publish:ismodellink="false" publish:partLowerX="1696" publish:partLowerY="1009" publish:partUpperX="1444" publish:partUpperY="887" shape="rect" xmi:id="_PC.p.aQPD.zE.d.y.d4.aLNEJLXR.g"/><publish:partInfo anchor="#_.rQ.o.h.sPD.tE.d.y.d4.aLNEJLXR.g" name="pmIntervalStatus" publish:ismodellink="false" publish:partLowerX="1847" publish:partLowerY="836" publish:partUpperX="1451" publish:partUpperY="820" shape="rect" xmi:id="_.yI.oJ.sPD.sE.d.y.d4.aLNEJLXR.g"/><publish:partInfo anchor="#_.rQ.o.h.t.vD.tE.d.y.d4.aLNEJLXR.g" name="pmMeasurementUnit" publish:ismodellink="false" publish:partLowerX="1847" publish:partLowerY="820" publish:partUpperX="1451" publish:partUpperY="804" shape="rect" xmi:id="_.yI.oJ.sPD.sE.d.y.d4.aLNEJLXR.g"/><publish:partInfo anchor="#_.rQ.o.h.s_D.tE.d.y.d4.aLNEJLXR.g" name="pmMeasurementValue" publish:ismodellink="false" publish:partLowerX="1847" publish:partLowerY="804" publish:partUpperX="1451" publish:partUpperY="788" shape="rect" xmi:id="_.yI.oJ.sPD.sE.d.y.d4.aLNEJLXR.g"/><publish:partInfo anchor="#_7BSXAPD.tE.d.y.d4.aLNEJLXR.g" name="pmLocation" publish:ismodellink="false" publish:partLowerX="1847" publish:partLowerY="788" publish:partUpperX="1451" publish:partUpperY="772" shape="rect" xmi:id="_.yI.oJ.sPD.sE.d.y.d4.aLNEJLXR.g"/><publish:partInfo anchor="#_.x8.mDYPD.tE.d.y.d4.aLNEJLXR.g" name="pmParameterName" publish:ismodellink="false" publish:partLowerX="1847" publish:partLowerY="772" publish:partUpperX="1451" publish:partUpperY="756" shape="rect" xmi:id="_.yI.oJ.sPD.sE.d.y.d4.aLNEJLXR.g"/><publish:partInfo name="PerformanceMonitoringMeasurement" publish:ismodellink="false" publish:partLowerX="1856" publish:partLowerY="841" publish:partUpperX="1444" publish:partUpperY="704" shape="rect" xmi:id="_.yI.oJ.sPD.sE.d.y.d4.aLNEJLXR.g"/><publish:partInfo anchor="#_H.m.wKEPD.rE.d.y.d4.aLNEJLXR.g" name="retrievalTime" publish:ismodellink="false" publish:partLowerX="1842" publish:partLowerY="653" publish:partUpperX="1387" publish:partUpperY="637" shape="rect" xmi:id="_Z.lD0.oPD.pE.d.y.d4.aLNEJLXR.g"/><publish:partInfo anchor="#_HYH.t.sPD.qE.d.y.d4.aLNEJLXR.g" name="granularity" publish:ismodellink="false" publish:partLowerX="1842" publish:partLowerY="637" publish:partUpperX="1387" publish:partUpperY="621" shape="rect" xmi:id="_Z.lD0.oPD.pE.d.y.d4.aLNEJLXR.g"/><publish:partInfo anchor="#_HYH.t.q.vD.qE.d.y.d4.aLNEJLXR.g" name="pmMeasurementList" publish:ismodellink="false" publish:partLowerX="1842" publish:partLowerY="621" publish:partUpperX="1387" publish:partUpperY="605" shape="rect" xmi:id="_Z.lD0.oPD.pE.d.y.d4.aLNEJLXR.g"/><publish:partInfo anchor="#_HYH.t.p.fD.qE.d.y.d4.aLNEJLXR.g" name="layerRate" publish:ismodellink="false" publish:partLowerX="1842" publish:partLowerY="605" publish:partUpperX="1387" publish:partUpperY="589" shape="rect" xmi:id="_Z.lD0.oPD.pE.d.y.d4.aLNEJLXR.g"/><publish:partInfo anchor="#_HYH.t.oPD.qE.d.y.d4.aLNEJLXR.g" name="name" publish:ismodellink="false" publish:partLowerX="1842" publish:partLowerY="589" publish:partUpperX="1387" publish:partUpperY="573" shape="rect" xmi:id="_Z.lD0.oPD.pE.d.y.d4.aLNEJLXR.g"/><publish:partInfo name="PerformanceMonitoringData" publish:ismodellink="false" publish:partLowerX="1852" publish:partLowerY="658" publish:partUpperX="1381" publish:partUpperY="521" shape="rect" xmi:id="_Z.lD0.oPD.pE.d.y.d4.aLNEJLXR.g"/><publish:partInfo anchor="#_.bC4DB_DUE.d.y.d4.aLNEJLXR.g" name="granularityList" publish:ismodellink="false" publish:partLowerX="1558" publish:partLowerY="477" publish:partUpperX="1263" publish:partUpperY="461" shape="rect" xmi:id="_.zT2JAPDTE.d.y.d4.aLNEJLXR.g"/><publish:partInfo anchor="#_.bC4DA_DUE.d.y.d4.aLNEJLXR.g" name="pmLocationList" publish:ismodellink="false" publish:partLowerX="1558" publish:partLowerY="461" publish:partUpperX="1263" publish:partUpperY="445" shape="rect" xmi:id="_.zT2JAPDTE.d.y.d4.aLNEJLXR.g"/><publish:partInfo anchor="#_.bC4DAPDUE.d.y.d4.aLNEJLXR.g" name="layerRateList" publish:ismodellink="false" publish:partLowerX="1558" publish:partLowerY="445" publish:partUpperX="1263" publish:partUpperY="429" shape="rect" xmi:id="_.zT2JAPDTE.d.y.d4.aLNEJLXR.g"/><publish:partInfo anchor="#_.f0.p.v8PDUE.d.y.d4.aLNEJLXR.g" name="name" publish:ismodellink="false" publish:partLowerX="1558" publish:partLowerY="429" publish:partUpperX="1263" publish:partUpperY="413" shape="rect" xmi:id="_.zT2JAPDTE.d.y.d4.aLNEJLXR.g"/><publish:partInfo name="PerformanceMonitoringObjectSelect" publish:ismodellink="false" publish:partLowerX="1567" publish:partLowerY="482" publish:partUpperX="1256" publish:partUpperY="361" shape="rect" xmi:id="_.zT2JAPDTE.d.y.d4.aLNEJLXR.g"/><publish:partInfo name="TcaParameterProfileModifyData" publish:ismodellink="false" publish:partLowerX="870" publish:partLowerY="958" publish:partUpperX="559" publish:partUpperY="890" shape="rect" xmi:id="_KC.z.wMPQ1E.d.y.r.k.o3.rRK.o.w.k.g"/><publish:partInfo anchor="#_4.g.x.nY_Q1E.d.y.r.k.o3.rRK.o.w.k.g" name="tcaParameterList" publish:ismodellink="false" publish:partLowerX="1230" publish:partLowerY="975" publish:partUpperX="935" publish:partUpperY="959" shape="rect" xmi:id="_E1K.m.oPQ1E.d.y.r.k.o3.rRK.o.w.k.g"/><publish:partInfo anchor="#_4.g.x.nYPQ1E.d.y.r.k.o3.rRK.o.w.k.g" name="layerRate" publish:ismodellink="false" publish:partLowerX="1230" publish:partLowerY="959" publish:partUpperX="935" publish:partUpperY="943" shape="rect" xmi:id="_E1K.m.oPQ1E.d.y.r.k.o3.rRK.o.w.k.g"/><publish:partInfo anchor="#_.gTF.e4PQ2E.d.y.r.k.o3.rRK.o.w.k.g" name="meRef" publish:ismodellink="false" publish:partLowerX="1230" publish:partLowerY="943" publish:partUpperX="935" publish:partUpperY="927" shape="rect" xmi:id="_E1K.m.oPQ1E.d.y.r.k.o3.rRK.o.w.k.g"/><publish:partInfo name="TcaParameterProfileCreateData" publish:ismodellink="false" publish:partLowerX="1239" publish:partLowerY="979" publish:partUpperX="928" publish:partUpperY="875" shape="rect" xmi:id="_E1K.m.oPQ1E.d.y.r.k.o3.rRK.o.w.k.g"/><publish:partInfo anchor="#_.w.eOZ.e.d1.rE.d.y.rKNX.nBM.y96.w" name="setTcaTpParameter" publish:ismodellink="false" publish:partLowerX="1093" publish:partLowerY="1253" publish:partUpperX="145" publish:partUpperY="1237" shape="rect" xmi:id="_6.n.p.dEN1.nE.d.y.rKNX.nBM.y96.w"/><publish:partInfo anchor="#_.w.eYKMN1.rE.d.y.rKNX.nBM.y96.w" name="setTcaParameterProfilePointer" publish:ismodellink="false" publish:partLowerX="1093" publish:partLowerY="1237" publish:partUpperX="145" publish:partUpperY="1221" shape="rect" xmi:id="_6.n.p.dEN1.nE.d.y.rKNX.nBM.y96.w"/><publish:partInfo anchor="#_.w.eOZS.d1.rE.d.y.rKNX.nBM.y96.w" name="setTcaParameterProfile" publish:ismodellink="false" publish:partLowerX="1093" publish:partLowerY="1221" publish:partUpperX="145" publish:partUpperY="1205" shape="rect" xmi:id="_6.n.p.dEN1.nE.d.y.rKNX.nBM.y96.w"/><publish:partInfo anchor="#_.w.eFPQN1.rE.d.y.rKNX.nBM.y96.w" name="enableThresholdCrossingAlert" publish:ismodellink="false" publish:partLowerX="1093" publish:partLowerY="1205" publish:partUpperX="145" publish:partUpperY="1189" shape="rect" xmi:id="_6.n.p.dEN1.nE.d.y.rKNX.nBM.y96.w"/><publish:partInfo anchor="#_.w.eOZO91.rE.d.y.rKNX.nBM.y96.w" name="getTcaParameterProfile" publish:ismodellink="false" publish:partLowerX="1093" publish:partLowerY="1189" publish:partUpperX="145" publish:partUpperY="1173" shape="rect" xmi:id="_6.n.p.dEN1.nE.d.y.rKNX.nBM.y96.w"/><publish:partInfo anchor="#_V.i.y4EN1.sE.d.y.rKNX.nBM.y96.w" name="getTcaTpParameter" publish:ismodellink="false" publish:partLowerX="1093" publish:partLowerY="1173" publish:partUpperX="145" publish:partUpperY="1157" shape="rect" xmi:id="_6.n.p.dEN1.nE.d.y.rKNX.nBM.y96.w"/><publish:partInfo anchor="#_.w.eOZX.d1.rE.d.y.rKNX.nBM.y96.w" name="getAllTcaParameterProfiles" publish:ismodellink="false" publish:partLowerX="1093" publish:partLowerY="1157" publish:partUpperX="145" publish:partUpperY="1141" shape="rect" xmi:id="_6.n.p.dEN1.nE.d.y.rKNX.nBM.y96.w"/><publish:partInfo anchor="#_.w.eFPT.t1.rE.d.y.rKNX.nBM.y96.w" name="disableThresholdCrossingAlert" publish:ismodellink="false" publish:partLowerX="1093" publish:partLowerY="1141" publish:partUpperX="145" publish:partUpperY="1125" shape="rect" xmi:id="_6.n.p.dEN1.nE.d.y.rKNX.nBM.y96.w"/><publish:partInfo anchor="#_.w.eOZMN1.rE.d.y.rKNX.nBM.y96.w" name="deleteTcaParameterProfile" publish:ismodellink="false" publish:partLowerX="1093" publish:partLowerY="1125" publish:partUpperX="145" publish:partUpperY="1109" shape="rect" xmi:id="_6.n.p.dEN1.nE.d.y.rKNX.nBM.y96.w"/><publish:partInfo anchor="#_.w.eFPXN1.rE.d.y.rKNX.nBM.y96.w" name="createTcaParameterProfile" publish:ismodellink="false" publish:partLowerX="1093" publish:partLowerY="1109" publish:partUpperX="145" publish:partUpperY="1093" shape="rect" xmi:id="_6.n.p.dEN1.nE.d.y.rKNX.nBM.y96.w"/><publish:partInfo name="ThresholdCrossingAlertControlService" publish:ismodellink="false" publish:partLowerX="1103" publish:partLowerY="1258" publish:partUpperX="139" publish:partUpperY="1041" shape="rect" xmi:id="_6.n.p.dEN1.nE.d.y.rKNX.nBM.y96.w"/><publish:partInfo anchor="#_.s.iA.jC.t1.oE.d.y.rKNX.nBM.y96.w" name="getProfileAssociatedTerminationPoints" publish:ismodellink="false" publish:partLowerX="1482" publish:partLowerY="320" publish:partUpperX="16" publish:partUpperY="304" shape="rect" xmi:id="_4GHU.cN1.nE.d.y.rKNX.nBM.y96.w"/><publish:partInfo anchor="#_.s.iA.i3.d1.oE.d.y.rKNX.nBM.y96.w" name="getMePerformanceMonitoringCapabilities" publish:ismodellink="false" publish:partLowerX="1482" publish:partLowerY="304" publish:partUpperX="16" publish:partUpperY="288" shape="rect" xmi:id="_4GHU.cN1.nE.d.y.rKNX.nBM.y96.w"/><publish:partInfo anchor="#_.s.iA.i0.t1.oE.d.y.rKNX.nBM.y96.w" name="getHoldingTime" publish:ismodellink="false" publish:partLowerX="1482" publish:partLowerY="288" publish:partUpperX="16" publish:partUpperY="272" shape="rect" xmi:id="_4GHU.cN1.nE.d.y.rKNX.nBM.y96.w"/><publish:partInfo anchor="#_.s.iA.i.s.d1.oE.d.y.rKNX.nBM.y96.w" name="getHistoryPerformanceMonitoringData" publish:ismodellink="false" publish:partLowerX="1482" publish:partLowerY="272" publish:partUpperX="16" publish:partUpperY="256" shape="rect" xmi:id="_4GHU.cN1.nE.d.y.rKNX.nBM.y96.w"/><publish:partInfo anchor="#_.s.iA.i7.t1.oE.d.y.rKNX.nBM.y96.w" name="getAllPerformanceMonitoringPoints" publish:ismodellink="false" publish:partLowerX="1482" publish:partLowerY="256" publish:partUpperX="16" publish:partUpperY="240" shape="rect" xmi:id="_4GHU.cN1.nE.d.y.rKNX.nBM.y96.w"/><publish:partInfo anchor="#_.s.iA.i.oN1.oE.d.y.rKNX.nBM.y96.w" name="getAllCurrentPerformanceMonitoringData" publish:ismodellink="false" publish:partLowerX="1482" publish:partLowerY="240" publish:partUpperX="16" publish:partUpperY="224" shape="rect" xmi:id="_4GHU.cN1.nE.d.y.rKNX.nBM.y96.w"/><publish:partInfo name="PerformanceManagementRetrievalService" publish:ismodellink="false" publish:partLowerX="1491" publish:partLowerY="325" publish:partUpperX="9" publish:partUpperY="172" shape="rect" xmi:id="_4GHU.cN1.nE.d.y.rKNX.nBM.y96.w"/><publish:partInfo anchor="#_GAKN.cN1.oE.d.y.rKNX.nBM.y96.w" name="enablePerformanceMonitoringData" publish:ismodellink="false" publish:partLowerX="1359" publish:partLowerY="109" publish:partUpperX="392" publish:partUpperY="93" shape="rect" xmi:id="_1H.rNYN1.nE.d.y.rKNX.nBM.y96.w"/><publish:partInfo anchor="#_GAKN.f.t1.oE.d.y.rKNX.nBM.y96.w" name="disablePerformanceMonitoringData" publish:ismodellink="false" publish:partLowerX="1359" publish:partLowerY="93" publish:partUpperX="392" publish:partUpperY="77" shape="rect" xmi:id="_1H.rNYN1.nE.d.y.rKNX.nBM.y96.w"/><publish:partInfo anchor="#_GAKN.jN1.oE.d.y.rKNX.nBM.y96.w" name="clearPerformanceMonitoringData" publish:ismodellink="false" publish:partLowerX="1359" publish:partLowerY="77" publish:partUpperX="392" publish:partUpperY="61" shape="rect" xmi:id="_1H.rNYN1.nE.d.y.rKNX.nBM.y96.w"/><publish:partInfo name="PerformanceManagementControlService" publish:ismodellink="false" publish:partLowerX="1369" publish:partLowerY="114" publish:partUpperX="386" publish:partUpperY="9" shape="rect" xmi:id="_1H.rNYN1.nE.d.y.rKNX.nBM.y96.w"/></contents></packagedElement>