<?xml version="1.0" encoding="UTF-8"?><packagedElement name="Class Diagrams" xmlns:publish="http://www.ibm.com/Rational/XTools/Publish" publish:diagramFormat="PNG" publish:icon="-1325065473_icon.png" publish:modelname="Framework" publish:qualifiedname="Framework::Class Diagrams" publish:sortOrder="storage" publish:toplevelguid="_.v.t.w3.wO2IE.d.uD1.d0J9.j2.p4.g" xmlns:xmi="http://www.omg.org/XMI" xmi:id="_.gG.p.uEO2KE.d.uD1.d0J9.j2.p4.g" xmi:version="2.0" xmlns:com.ibm.xtools.notation="http:///com/ibm/xtools/notation.ecore" xmlns:uml="http://www.eclipse.org/uml2/1.0.0/UML" xmlns:xsi="http://www.w3.org/2001/XMLSchema-instance" xsi:type="uml:Package"><publish:properties><publish:property canonicalName="Alias" name="Alias" publish:category="UML"/><publish:property canonicalName="Keywords" name="Keywords" publish:category="UML"/><publish:property canonicalName="name" name="Name" publish:category="UML" publish:value="Class Diagrams"/><publish:property canonicalName="nameExpression" name="Name Expression" publish:category="UML"/><publish:property canonicalName="namespace" name="Namespace" publish:category="UML" publish:ismodellink="true" publish:value="Framework" xmi:id="_.v.t.w3.wO2IE.d.uD1.d0J9.j2.p4.g"/><publish:property canonicalName="nestingPackage" name="Nesting Package" publish:category="UML" publish:ismodellink="true" publish:value="Framework" xmi:id="_.v.t.w3.wO2IE.d.uD1.d0J9.j2.p4.g"/><publish:property canonicalName="ownedTemplateSignature" name="Owned Template Signature" publish:category="UML"/><publish:property canonicalName="owner" name="Owner" publish:category="UML" publish:ismodellink="true" publish:value="Framework" xmi:id="_.v.t.w3.wO2IE.d.uD1.d0J9.j2.p4.g"/><publish:property canonicalName="owningTemplateParameter" name="Owning Template Parameter" publish:category="UML"/><publish:property canonicalName="qualifiedName" name="Qualified Name" publish:category="UML" publish:value="Framework::Class Diagrams"/><publish:property canonicalName="Stereotype" name="Stereotype" publish:category="UML"/><publish:property canonicalName="templateParameter" name="Template Parameter" publish:category="UML"/><publish:property canonicalName="visibility" name="Visibility" publish:category="UML" publish:value="Public"/></publish:properties><contents Type="Class" isDefault="false" name="FMW Common Object Class Diagram" publish:icon="-1677387246_icon.png" publish:imageType="PNG" publish:qualifiedname="Framework::Class Diagrams::FMW Common Object Class Diagram" xmi:id="__2.w.fIO2JE.d.uD1.d0J9.j2.p4.g" xsi:type="notation:Diagram"><publish:properties><publish:property canonicalName="description" name="Description" publish:category="View"/><publish:property canonicalName="graphLayout" name="Graph Layout" publish:category="View" publish:value="VerticalOrthogonalHierarchical"/><publish:property canonicalName="labelLayout" name="Label Layout" publish:category="View" publish:value="None"/><publish:property canonicalName="linkLayout" name="Link Layout" publish:category="View" publish:value="None"/><publish:property canonicalName="measurementUnit" name="Measurement Unit" publish:category="View" publish:value="Himetric"/><publish:property canonicalName="name" name="Name" publish:category="View" publish:value="FMW Common Object Class Diagram"/><publish:property canonicalName="pageHeight" name="Page Height" publish:category="View" publish:value="100"/><publish:property canonicalName="pageWidth" name="Page Width" publish:category="View" publish:value="100"/><publish:property canonicalName="pageX" name="Page X" publish:category="View" publish:value="0"/><publish:property canonicalName="pageY" name="Page Y" publish:category="View" publish:value="0"/><publish:property canonicalName="styles" name="Styles" publish:category="View"/><publish:property canonicalName="useAliasName" name="Use Alias Name" publish:category="View" publish:value="false"/></publish:properties><publish:partInfo name="Generalization" publish:ismodellink="false" publish:partLowerX="0" publish:partLowerY="0" publish:partUpperX="0" publish:partUpperY="0" shape="rect" xmi:id="__9.bW.k.dV.yE.d.y.o2J7V.mO8KV.g"/><publish:partInfo coords="218,233,218,190,228,190,228,233,218,233" name="Generalization" publish:ismodellink="false" shape="poly" xmi:id="__9.bW.k.dV.yE.d.y.o2J7V.mO8KV.g"/><publish:partInfo anchor="#_.x.d-.pQQ6.uE.d.y.d7PUN.b-IYCQ" name="additionalInfo" publish:ismodellink="false" publish:partLowerX="410" publish:partLowerY="189" publish:partUpperX="16" publish:partUpperY="173" shape="rect" xmi:id="_.o9.aZ.cA6.yE.d.y.d7PUN.b-IYCQ"/><publish:partInfo anchor="#_.x.d-.pK.g6.uE.d.y.d7PUN.b-IYCQ" name="owner" publish:ismodellink="false" publish:partLowerX="410" publish:partLowerY="173" publish:partUpperX="16" publish:partUpperY="157" shape="rect" xmi:id="_.o9.aZ.cA6.yE.d.y.d7PUN.b-IYCQ"/><publish:partInfo anchor="#_4.z.dIQA62E.d.y.d7PUN.b-IYCQ" name="userLabel" publish:ismodellink="false" publish:partLowerX="410" publish:partLowerY="157" publish:partUpperX="16" publish:partUpperY="141" shape="rect" xmi:id="_.o9.aZ.cA6.yE.d.y.d7PUN.b-IYCQ"/><publish:partInfo anchor="#_.x.d-.pOQ6.uE.d.y.d7PUN.b-IYCQ" name="aliasNameList" publish:ismodellink="false" publish:partLowerX="410" publish:partLowerY="141" publish:partUpperX="16" publish:partUpperY="125" shape="rect" xmi:id="_.o9.aZ.cA6.yE.d.y.d7PUN.b-IYCQ"/><publish:partInfo anchor="#_.h.wRYUB.t3E.d29JJ.r_.hKM.p.fA" name="nativeEmsName" publish:ismodellink="false" publish:partLowerX="410" publish:partLowerY="125" publish:partUpperX="16" publish:partUpperY="109" shape="rect" xmi:id="_.o9.aZ.cA6.yE.d.y.d7PUN.b-IYCQ"/><publish:partInfo anchor="#_.x.d-.pM.w6.uE.d.y.d7PUN.b-IYCQ" name="namingOsRef" publish:ismodellink="false" publish:partLowerX="410" publish:partLowerY="109" publish:partUpperX="16" publish:partUpperY="93" shape="rect" xmi:id="_.o9.aZ.cA6.yE.d.y.d7PUN.b-IYCQ"/><publish:partInfo anchor="#_.x.d-.pMA6.uE.d.y.d7PUN.b-IYCQ" name="discoveredName" publish:ismodellink="false" publish:partLowerX="410" publish:partLowerY="93" publish:partUpperX="16" publish:partUpperY="77" shape="rect" xmi:id="_.o9.aZ.cA6.yE.d.y.d7PUN.b-IYCQ"/><publish:partInfo anchor="#_.x.d-.pJA6.uE.d.y.d7PUN.b-IYCQ" name="name" publish:ismodellink="false" publish:partLowerX="410" publish:partLowerY="77" publish:partUpperX="16" publish:partUpperY="61" shape="rect" xmi:id="_.o9.aZ.cA6.yE.d.y.d7PUN.b-IYCQ"/><publish:partInfo name="CommonObjectInfo" publish:ismodellink="false" publish:partLowerX="419" publish:partLowerY="194" publish:partUpperX="9" publish:partUpperY="9" shape="rect" xmi:id="_.o9.aZ.cA6.yE.d.y.d7PUN.b-IYCQ"/><publish:partInfo name="ManagementDomain" publish:ismodellink="false" publish:partLowerX="342" publish:partLowerY="301" publish:partUpperX="125" publish:partUpperY="233" shape="rect" xmi:id="_3BA.f.cP.x8E.d.u.u.u.oHTW.mKV.yQ"/></contents><contents Type="Class" isDefault="false" name="FMW Notifications Diagram" publish:icon="-1677387246_icon.png" publish:imageType="PNG" publish:qualifiedname="Framework::Class Diagrams::FMW Notifications Diagram" xmi:id="_.c.nCQIP.x-E.d.u.u.u.oHTW.mKV.yQ" xsi:type="notation:Diagram"><publish:properties><publish:property canonicalName="description" name="Description" publish:category="View"/><publish:property canonicalName="graphLayout" name="Graph Layout" publish:category="View" publish:value="VerticalOrthogonalHierarchical"/><publish:property canonicalName="labelLayout" name="Label Layout" publish:category="View" publish:value="None"/><publish:property canonicalName="linkLayout" name="Link Layout" publish:category="View" publish:value="None"/><publish:property canonicalName="measurementUnit" name="Measurement Unit" publish:category="View" publish:value="Himetric"/><publish:property canonicalName="name" name="Name" publish:category="View" publish:value="FMW Notifications Diagram"/><publish:property canonicalName="pageHeight" name="Page Height" publish:category="View" publish:value="100"/><publish:property canonicalName="pageWidth" name="Page Width" publish:category="View" publish:value="100"/><publish:property canonicalName="pageX" name="Page X" publish:category="View" publish:value="0"/><publish:property canonicalName="pageY" name="Page Y" publish:category="View" publish:value="0"/><publish:property canonicalName="styles" name="Styles" publish:category="View"/><publish:property canonicalName="useAliasName" name="Use Alias Name" publish:category="View" publish:value="false"/></publish:properties><publish:partInfo name="Dependency" publish:ismodellink="false" publish:partLowerX="0" publish:partLowerY="0" publish:partUpperX="0" publish:partUpperY="0" shape="rect" xmi:id="_L.p.f.xEJ.m.nE.d.y.y.z.pZ_R.xH.d0.w"/><publish:partInfo coords="553,681,553,530,563,530,563,681,553,681" name="Dependency" publish:ismodellink="false" shape="poly" xmi:id="_L.p.f.xEJ.m.nE.d.y.y.z.pZ_R.xH.d0.w"/><publish:partInfo name="Dependency" publish:ismodellink="false" publish:partLowerX="0" publish:partLowerY="0" publish:partUpperX="0" publish:partUpperY="0" shape="rect" xmi:id="_K6IJ.oJ.m.nE.d.y.y.z.pZ_R.xH.d0.w"/><publish:partInfo coords="734,734,1024,734,1024,504,910,504,910,494,1034,494,1034,744,734,744,734,734" name="Dependency" publish:ismodellink="false" shape="poly" xmi:id="_K6IJ.oJ.m.nE.d.y.y.z.pZ_R.xH.d0.w"/><publish:partInfo name="Dependency" publish:ismodellink="false" publish:partLowerX="0" publish:partLowerY="0" publish:partUpperX="0" publish:partUpperY="0" shape="rect" xmi:id="_KX8C.kJ.m.nE.d.y.y.z.pZ_R.xH.d0.w"/><publish:partInfo coords="650,677,722,631,727,639,655,686,650,677" name="Dependency" publish:ismodellink="false" shape="poly" xmi:id="_KX8C.kJ.m.nE.d.y.y.z.pZ_R.xH.d0.w"/><publish:partInfo name="Dependency" publish:ismodellink="false" publish:partLowerX="0" publish:partLowerY="0" publish:partUpperX="0" publish:partUpperY="0" shape="rect" xmi:id="_GY1.v.wJ.m.nE.d.y.y.z.pZ_R.xH.d0.w"/><publish:partInfo coords="389,739,104,739,105,423,114,423,114,729,389,729,389,739" name="Dependency" publish:ismodellink="false" shape="poly" xmi:id="_GY1.v.wJ.m.nE.d.y.y.z.pZ_R.xH.d0.w"/><publish:partInfo name="Dependency" publish:ismodellink="false" publish:partLowerX="0" publish:partLowerY="0" publish:partUpperX="0" publish:partUpperY="0" shape="rect" xmi:id="_E2.qLUJ.m.nE.d.y.y.z.pZ_R.xH.d0.w"/><publish:partInfo coords="464,686,389,639,394,631,469,677,464,686" name="Dependency" publish:ismodellink="false" shape="poly" xmi:id="_E2.qLUJ.m.nE.d.y.y.z.pZ_R.xH.d0.w"/><publish:partInfo name="Generalization" publish:ismodellink="false" publish:partLowerX="0" publish:partLowerY="0" publish:partUpperX="0" publish:partUpperY="0" shape="rect" xmi:id="_STA1EP.y.eE.d.u.u.u.oHTW.mKV.yQ"/><publish:partInfo coords="1269,304,1269,149,557,149,557,110,566,110,566,139,1279,139,1279,304,1269,304" name="Generalization" publish:ismodellink="false" shape="poly" xmi:id="_STA1EP.y.eE.d.u.u.u.oHTW.mKV.yQ"/><publish:partInfo name="Generalization" publish:ismodellink="false" publish:partLowerX="0" publish:partLowerY="0" publish:partUpperX="0" publish:partUpperY="0" shape="rect" xmi:id="_.q.o.h.c0P.y.dE.d.u.u.u.oHTW.mKV.yQ"/><publish:partInfo coords="1114,182,1114,149,557,149,557,110,566,110,566,139,1123,139,1123,182,1114,182" name="Generalization" publish:ismodellink="false" shape="poly" xmi:id="_.q.o.h.c0P.y.dE.d.u.u.u.oHTW.mKV.yQ"/><publish:partInfo name="Generalization" publish:ismodellink="false" publish:partLowerX="0" publish:partLowerY="0" publish:partUpperX="0" publish:partUpperY="0" shape="rect" xmi:id="_.b6.dNQP.y.aE.d.u.u.u.oHTW.mKV.yQ"/><publish:partInfo coords="956,304,956,149,557,149,557,110,566,110,566,139,966,139,966,304,956,304" name="Generalization" publish:ismodellink="false" shape="poly" xmi:id="_.b6.dNQP.y.aE.d.u.u.u.oHTW.mKV.yQ"/><publish:partInfo name="Generalization" publish:ismodellink="false" publish:partLowerX="0" publish:partLowerY="0" publish:partUpperX="0" publish:partUpperY="0" shape="rect" xmi:id="_W.pITAP.yZE.d.u.u.u.oHTW.mKV.yQ"/><publish:partInfo coords="792,183,792,149,557,149,557,110,566,110,566,139,802,139,802,183,792,183" name="Generalization" publish:ismodellink="false" shape="poly" xmi:id="_W.pITAP.yZE.d.u.u.u.oHTW.mKV.yQ"/><publish:partInfo name="Generalization" publish:ismodellink="false" publish:partLowerX="0" publish:partLowerY="0" publish:partUpperX="0" publish:partUpperY="0" shape="rect" xmi:id="_H.d90.kP.ySE.d.u.u.u.oHTW.mKV.yQ"/><publish:partInfo coords="352,468,352,442,558,442,558,409,568,409,568,452,362,452,362,468,352,468" name="Generalization" publish:ismodellink="false" shape="poly" xmi:id="_H.d90.kP.ySE.d.u.u.u.oHTW.mKV.yQ"/><publish:partInfo name="Generalization" publish:ismodellink="false" publish:partLowerX="0" publish:partLowerY="0" publish:partUpperX="0" publish:partUpperY="0" shape="rect" xmi:id="_B.aSF.wP.yQE.d.u.u.u.oHTW.mKV.yQ"/><publish:partInfo coords="257,181,257,139,557,139,557,110,566,110,566,149,267,149,267,181,257,181" name="Generalization" publish:ismodellink="false" shape="poly" xmi:id="_B.aSF.wP.yQE.d.u.u.u.oHTW.mKV.yQ"/><publish:partInfo name="Generalization" publish:ismodellink="false" publish:partLowerX="0" publish:partLowerY="0" publish:partUpperX="0" publish:partUpperY="0" shape="rect" xmi:id="_M3HW.cP.yFE.d.u.u.u.oHTW.mKV.yQ"/><publish:partInfo coords="53,322,53,139,557,139,557,110,566,110,566,149,63,149,63,322,53,322" name="Generalization" publish:ismodellink="false" shape="poly" xmi:id="_M3HW.cP.yFE.d.u.u.u.oHTW.mKV.yQ"/><publish:partInfo name="Generalization" publish:ismodellink="false" publish:partLowerX="0" publish:partLowerY="0" publish:partUpperX="0" publish:partUpperY="0" shape="rect" xmi:id="_G.w.mEIP.yFE.d.u.u.u.oHTW.mKV.yQ"/><publish:partInfo coords="437,566,437,442,558,442,558,409,568,409,568,452,447,452,447,566,437,566" name="Generalization" publish:ismodellink="false" shape="poly" xmi:id="_G.w.mEIP.yFE.d.u.u.u.oHTW.mKV.yQ"/><publish:partInfo name="Generalization" publish:ismodellink="false" publish:partLowerX="0" publish:partLowerY="0" publish:partUpperX="0" publish:partUpperY="0" shape="rect" xmi:id="_.yKP.rMP.yEE.d.u.u.u.oHTW.mKV.yQ"/><publish:partInfo coords="686,566,686,452,558,452,558,409,568,409,568,442,696,442,696,566,686,566" name="Generalization" publish:ismodellink="false" shape="poly" xmi:id="_.yKP.rMP.yEE.d.u.u.u.oHTW.mKV.yQ"/><publish:partInfo name="Generalization" publish:ismodellink="false" publish:partLowerX="0" publish:partLowerY="0" publish:partUpperX="0" publish:partUpperY="0" shape="rect" xmi:id="_.n.jHU.cP.yEE.d.u.u.u.oHTW.mKV.yQ"/><publish:partInfo coords="808,468,808,452,558,452,558,409,568,409,568,442,818,442,818,468,808,468" name="Generalization" publish:ismodellink="false" shape="poly" xmi:id="_.n.jHU.cP.yEE.d.u.u.u.oHTW.mKV.yQ"/><publish:partInfo name="Generalization" publish:ismodellink="false" publish:partLowerX="0" publish:partLowerY="0" publish:partUpperX="0" publish:partUpperY="0" shape="rect" xmi:id="_6IPR8P.yDE.d.u.u.u.oHTW.mKV.yQ"/><publish:partInfo coords="557,466,557,442,558,442,558,409,568,409,568,452,566,452,566,466,557,466" name="Generalization" publish:ismodellink="false" shape="poly" xmi:id="_6IPR8P.yDE.d.u.u.u.oHTW.mKV.yQ"/><publish:partInfo name="Generalization" publish:ismodellink="false" publish:partLowerX="0" publish:partLowerY="0" publish:partUpperX="0" publish:partUpperY="0" shape="rect" xmi:id="_6.e.n.hEP.pTE.d.uV.sYI7.m.fNDXQ"/><publish:partInfo coords="557,308,557,144,557,110,566,110,566,144,566,308,557,308" name="Generalization" publish:ismodellink="false" shape="poly" xmi:id="_6.e.n.hEP.pTE.d.uV.sYI7.m.fNDXQ"/><publish:partInfo anchor="#_.v9M-QJ.m.oE.d.y.y.z.pZ_R.xH.d0.w" name="additionalInfo" publish:ismodellink="false" publish:partLowerX="728" publish:partLowerY="797" publish:partUpperX="395" publish:partUpperY="781" shape="rect" xmi:id="_C.yL5.kP.y.gE.d.u.u.u.oHTW.mKV.yQ"/><publish:partInfo anchor="#_.o.bYL.kJ.m.oE.d.y.y.z.pZ_R.xH.d0.w" name="eventType" publish:ismodellink="false" publish:partLowerX="728" publish:partLowerY="781" publish:partUpperX="395" publish:partUpperY="765" shape="rect" xmi:id="_C.yL5.kP.y.gE.d.u.u.u.oHTW.mKV.yQ"/><publish:partInfo anchor="#_.j3_.f8J.m.oE.d.y.y.z.pZ_R.xH.d0.w" name="osTime" publish:ismodellink="false" publish:partLowerX="728" publish:partLowerY="765" publish:partUpperX="395" publish:partUpperY="749" shape="rect" xmi:id="_C.yL5.kP.y.gE.d.u.u.u.oHTW.mKV.yQ"/><publish:partInfo anchor="#_.h.m61MJ.m.oE.d.y.y.z.pZ_R.xH.d0.w" name="notificationIdentifier" publish:ismodellink="false" publish:partLowerX="728" publish:partLowerY="749" publish:partUpperX="395" publish:partUpperY="733" shape="rect" xmi:id="_C.yL5.kP.y.gE.d.u.u.u.oHTW.mKV.yQ"/><publish:partInfo name="MultiEventNotifications" publish:ismodellink="false" publish:partLowerX="737" publish:partLowerY="802" publish:partUpperX="389" publish:partUpperY="681" shape="rect" xmi:id="_C.yL5.kP.y.gE.d.u.u.u.oHTW.mKV.yQ"/><publish:partInfo anchor="#_I5_.p.h.v.yZE.d.u.u.u.oHTW.mKV.yQ" name="newStateAttributeValue" publish:ismodellink="false" publish:partLowerX="1416" publish:partLowerY="388" publish:partUpperX="1133" publish:partUpperY="372" shape="rect" xmi:id="_I5_.p.gP.yZE.d.u.u.u.oHTW.mKV.yQ"/><publish:partInfo anchor="#_I5_.p.g_.yZE.d.u.u.u.oHTW.mKV.yQ" name="stateAttributeName" publish:ismodellink="false" publish:partLowerX="1416" publish:partLowerY="372" publish:partUpperX="1133" publish:partUpperY="356" shape="rect" xmi:id="_I5_.p.gP.yZE.d.u.u.u.oHTW.mKV.yQ"/><publish:partInfo name="LogStateChangeNotification" publish:ismodellink="false" publish:partLowerX="1425" publish:partLowerY="405" publish:partUpperX="1127" publish:partUpperY="304" shape="rect" xmi:id="_I5_.p.gP.yZE.d.u.u.u.oHTW.mKV.yQ"/><publish:partInfo anchor="#_I6F.wJ.v.yZE.d.u.u.u.oHTW.mKV.yQ" name="errorReason" publish:ismodellink="false" publish:partLowerX="1235" publish:partLowerY="266" publish:partUpperX="1002" publish:partUpperY="250" shape="rect" xmi:id="_I6F.wIP.yZE.d.u.u.u.oHTW.mKV.yQ"/><publish:partInfo anchor="#_I6F.wI_.yZE.d.u.u.u.oHTW.mKV.yQ" name="errorNumber" publish:ismodellink="false" publish:partLowerX="1235" publish:partLowerY="250" publish:partUpperX="1002" publish:partUpperY="234" shape="rect" xmi:id="_I6F.wIP.yZE.d.u.u.u.oHTW.mKV.yQ"/><publish:partInfo name="LogProcessingErrorAlarmNotification" publish:ismodellink="false" publish:partLowerX="1245" publish:partLowerY="271" publish:partUpperX="995" publish:partUpperY="182" shape="rect" xmi:id="_I6F.wIP.yZE.d.u.u.u.oHTW.mKV.yQ"/><publish:partInfo anchor="#_I5_.p.k.v.yZE.d.u.u.u.oHTW.mKV.yQ" name="perceivedSeverity" publish:ismodellink="false" publish:partLowerX="1076" publish:partLowerY="404" publish:partUpperX="761" publish:partUpperY="388" shape="rect" xmi:id="_I5_.p.i.f.yZE.d.u.u.u.oHTW.mKV.yQ"/><publish:partInfo anchor="#_I5_.p.j_.yZE.d.u.u.u.oHTW.mKV.yQ" name="crossedValue" publish:ismodellink="false" publish:partLowerX="1076" publish:partLowerY="388" publish:partUpperX="761" publish:partUpperY="372" shape="rect" xmi:id="_I5_.p.i.f.yZE.d.u.u.u.oHTW.mKV.yQ"/><publish:partInfo anchor="#_I5_.p.jP.yZE.d.u.u.u.oHTW.mKV.yQ" name="observedValue" publish:ismodellink="false" publish:partLowerX="1076" publish:partLowerY="372" publish:partUpperX="761" publish:partUpperY="356" shape="rect" xmi:id="_I5_.p.i.f.yZE.d.u.u.u.oHTW.mKV.yQ"/><publish:partInfo name="LogCapacityThresholdAlarmNotification" publish:ismodellink="false" publish:partLowerX="1085" publish:partLowerY="409" publish:partUpperX="754" publish:partUpperY="304" shape="rect" xmi:id="_I5_.p.i.f.yZE.d.u.u.u.oHTW.mKV.yQ"/><publish:partInfo anchor="#_I55.i6.f.yZE.d.u.u.u.oHTW.mKV.yQ" name="newValue" publish:ismodellink="false" publish:partLowerX="922" publish:partLowerY="283" publish:partUpperX="672" publish:partUpperY="267" shape="rect" xmi:id="_I55.i4P.yZE.d.u.u.u.oHTW.mKV.yQ"/><publish:partInfo anchor="#_I55.i5.v.yZE.d.u.u.u.oHTW.mKV.yQ" name="oldAttributeValue" publish:ismodellink="false" publish:partLowerX="922" publish:partLowerY="267" publish:partUpperX="672" publish:partUpperY="251" shape="rect" xmi:id="_I55.i4P.yZE.d.u.u.u.oHTW.mKV.yQ"/><publish:partInfo anchor="#_I55.i4_.yZE.d.u.u.u.oHTW.mKV.yQ" name="attributeName" publish:ismodellink="false" publish:partLowerX="922" publish:partLowerY="251" publish:partUpperX="672" publish:partUpperY="235" shape="rect" xmi:id="_I55.i4P.yZE.d.u.u.u.oHTW.mKV.yQ"/><publish:partInfo name="LogAttributeValueChangeNotification" publish:ismodellink="false" publish:partLowerX="932" publish:partLowerY="288" publish:partUpperX="666" publish:partUpperY="183" shape="rect" xmi:id="_I55.i4P.yZE.d.u.u.u.oHTW.mKV.yQ"/><publish:partInfo name="HeartbeatNotification" publish:ismodellink="false" publish:partLowerX="416" publish:partLowerY="536" publish:partUpperX="238" publish:partUpperY="468" shape="rect" xmi:id="_BO.h20P.ySE.d.u.u.u.oHTW.mKV.yQ"/><publish:partInfo anchor="#_1GRW.f.f.yPE.d.u.u.u.oHTW.mKV.yQ" name="failureReason" publish:ismodellink="false" publish:partLowerX="411" publish:partLowerY="297" publish:partUpperX="113" publish:partUpperY="281" shape="rect" xmi:id="_1GRW.cP.yPE.d.u.u.u.oHTW.mKV.yQ"/><publish:partInfo anchor="#_1GRW.e.v.yPE.d.u.u.u.oHTW.mKV.yQ" name="percentComplete" publish:ismodellink="false" publish:partLowerX="411" publish:partLowerY="281" publish:partUpperX="113" publish:partUpperY="265" shape="rect" xmi:id="_1GRW.cP.yPE.d.u.u.u.oHTW.mKV.yQ"/><publish:partInfo anchor="#_1GRW.d_.yPE.d.u.u.u.oHTW.mKV.yQ" name="transferStatus" publish:ismodellink="false" publish:partLowerX="411" publish:partLowerY="265" publish:partUpperX="113" publish:partUpperY="249" shape="rect" xmi:id="_1GRW.cP.yPE.d.u.u.u.oHTW.mKV.yQ"/><publish:partInfo anchor="#_1GRW.dP.yPE.d.u.u.u.oHTW.mKV.yQ" name="fileName" publish:ismodellink="false" publish:partLowerX="411" publish:partLowerY="249" publish:partUpperX="113" publish:partUpperY="233" shape="rect" xmi:id="_1GRW.cP.yPE.d.u.u.u.oHTW.mKV.yQ"/><publish:partInfo name="FileTransferStatusNotification" publish:ismodellink="false" publish:partLowerX="420" publish:partLowerY="302" publish:partUpperX="107" publish:partUpperY="181" shape="rect" xmi:id="_1GRW.cP.yPE.d.u.u.u.oHTW.mKV.yQ"/><publish:partInfo anchor="#_V6LF88.qXE.d.y5.wP.z5J8.hA.m.w" name="osTime" publish:ismodellink="false" publish:partLowerX="309" publish:partLowerY="422" publish:partUpperX="16" publish:partUpperY="406" shape="rect" xmi:id="_J8.mGEP.yFE.d.u.u.u.oHTW.mKV.yQ"/><publish:partInfo anchor="#_.t4Z3.oNWCE.d.y.o2J7V.mO8KV.g" name="objectType" publish:ismodellink="false" publish:partLowerX="309" publish:partLowerY="406" publish:partUpperX="16" publish:partUpperY="390" shape="rect" xmi:id="_J8.mGEP.yFE.d.u.u.u.oHTW.mKV.yQ"/><publish:partInfo anchor="#_3DR.rIP.yOE.d.u.u.u.oHTW.mKV.yQ" name="discoveredName" publish:ismodellink="false" publish:partLowerX="309" publish:partLowerY="390" publish:partUpperX="16" publish:partUpperY="374" shape="rect" xmi:id="_J8.mGEP.yFE.d.u.u.u.oHTW.mKV.yQ"/><publish:partInfo name="ObjectDiscoveryNotification" publish:ismodellink="false" publish:partLowerX="318" publish:partLowerY="427" publish:partUpperX="9" publish:partUpperY="322" shape="rect" xmi:id="_J8.mGEP.yFE.d.u.u.u.oHTW.mKV.yQ"/><publish:partInfo anchor="#_RC.eY.sNWDE.d.y.o2J7V.mO8KV.g" name="attributeList" publish:ismodellink="false" publish:partLowerX="499" publish:partLowerY="634" publish:partUpperX="173" publish:partUpperY="618" shape="rect" xmi:id="_4.u.eNMP.yEE.d.u.u.u.oHTW.mKV.yQ"/><publish:partInfo name="StateChangeNotification" publish:ismodellink="false" publish:partLowerX="508" publish:partLowerY="639" publish:partUpperX="166" publish:partUpperY="566" shape="rect" xmi:id="_4.u.eNMP.yEE.d.u.u.u.oHTW.mKV.yQ"/><publish:partInfo anchor="#_3.gX4.cNV3E.d.y.o2J7V.mO8KV.g" name="attributeList" publish:ismodellink="false" publish:partLowerX="941" publish:partLowerY="634" publish:partUpperX="615" publish:partUpperY="618" shape="rect" xmi:id="_.q6.w.l.sP.yEE.d.u.u.u.oHTW.mKV.yQ"/><publish:partInfo name="AttributeValueChangeNotification" publish:ismodellink="false" publish:partLowerX="951" publish:partLowerY="639" publish:partUpperX="609" publish:partUpperY="566" shape="rect" xmi:id="_.q6.w.l.sP.yEE.d.u.u.u.oHTW.mKV.yQ"/><publish:partInfo anchor="#_O.l.aD4LJJE.eC_.aY.j1.w9.u.e.m.g" name="object" publish:ismodellink="false" publish:partLowerX="903" publish:partLowerY="536" publish:partUpperX="723" publish:partUpperY="520" shape="rect" xmi:id="_.j.vAJ.oP.yEE.d.u.u.u.oHTW.mKV.yQ"/><publish:partInfo name="ObjectCreationNotification" publish:ismodellink="false" publish:partLowerX="913" publish:partLowerY="541" publish:partUpperX="717" publish:partUpperY="468" shape="rect" xmi:id="_.j.vAJ.oP.yEE.d.u.u.u.oHTW.mKV.yQ"/><publish:partInfo name="ObjectDeletionNotification" publish:ismodellink="false" publish:partLowerX="660" publish:partLowerY="534" publish:partUpperX="466" publish:partUpperY="466" shape="rect" xmi:id="_.yDFI.sP.yDE.d.u.u.u.oHTW.mKV.yQ"/><publish:partInfo anchor="#_.d49.gIP.yAE.d.u.u.u.oHTW.mKV.yQ" name="osTime" publish:ismodellink="false" publish:partLowerX="688" publish:partLowerY="408" publish:partUpperX="435" publish:partUpperY="392" shape="rect" xmi:id="_.z.fXP8P.pTE.d.uV.sYI7.m.fNDXQ"/><publish:partInfo anchor="#_.z.fXP9_.pTE.d.uV.sYI7.m.fNDXQ" name="objectName" publish:ismodellink="false" publish:partLowerX="688" publish:partLowerY="392" publish:partUpperX="435" publish:partUpperY="376" shape="rect" xmi:id="_.z.fXP8P.pTE.d.uV.sYI7.m.fNDXQ"/><publish:partInfo anchor="#_.z.fXP9P.pTE.d.uV.sYI7.m.fNDXQ" name="objectType" publish:ismodellink="false" publish:partLowerX="688" publish:partLowerY="376" publish:partUpperX="435" publish:partUpperY="360" shape="rect" xmi:id="_.z.fXP8P.pTE.d.uV.sYI7.m.fNDXQ"/><publish:partInfo name="EventInformation" publish:ismodellink="false" publish:partLowerX="697" publish:partLowerY="413" publish:partUpperX="429" publish:partUpperY="308" shape="rect" xmi:id="_.z.fXP8P.pTE.d.uV.sYI7.m.fNDXQ"/><publish:partInfo anchor="#_.yR.a.b.gM.j.aE.d.y.x.k.a.uNDY.t.jO.g" name="additionalInfo" publish:ismodellink="false" publish:partLowerX="727" publish:partLowerY="109" publish:partUpperX="394" publish:partUpperY="93" shape="rect" xmi:id="_76.bRYP.pLE.d.uV.sYI7.m.fNDXQ"/><publish:partInfo anchor="#_5.d.uI8J.j9E.d.y.uNMSCX.kX.oC.g" name="sourceTime" publish:ismodellink="false" publish:partLowerX="727" publish:partLowerY="93" publish:partUpperX="394" publish:partUpperY="77" shape="rect" xmi:id="_76.bRYP.pLE.d.uV.sYI7.m.fNDXQ"/><publish:partInfo anchor="#_S.iM.v.gP.pME.d.uV.sYI7.m.fNDXQ" name="notificationId" publish:ismodellink="false" publish:partLowerX="727" publish:partLowerY="77" publish:partUpperX="394" publish:partUpperY="61" shape="rect" xmi:id="_76.bRYP.pLE.d.uV.sYI7.m.fNDXQ"/><publish:partInfo name="CommonEventInformation" publish:ismodellink="false" publish:partLowerX="737" publish:partLowerY="114" publish:partUpperX="388" publish:partUpperY="9" shape="rect" xmi:id="_76.bRYP.pLE.d.uV.sYI7.m.fNDXQ"/></contents><contents Type="Class" isDefault="false" name="FMW Data Types Class Diagram" publish:icon="-1677387246_icon.png" publish:imageType="PNG" publish:qualifiedname="Framework::Class Diagrams::FMW Data Types Class Diagram" xmi:id="_.u.pNBACPOE.d.y.p.g.fGA_0P3-.g" xsi:type="notation:Diagram"><publish:properties><publish:property canonicalName="description" name="Description" publish:category="View"/><publish:property canonicalName="graphLayout" name="Graph Layout" publish:category="View" publish:value="VerticalOrthogonalHierarchical"/><publish:property canonicalName="labelLayout" name="Label Layout" publish:category="View" publish:value="None"/><publish:property canonicalName="linkLayout" name="Link Layout" publish:category="View" publish:value="None"/><publish:property canonicalName="measurementUnit" name="Measurement Unit" publish:category="View" publish:value="Himetric"/><publish:property canonicalName="name" name="Name" publish:category="View" publish:value="FMW Data Types Class Diagram"/><publish:property canonicalName="pageHeight" name="Page Height" publish:category="View" publish:value="100"/><publish:property canonicalName="pageWidth" name="Page Width" publish:category="View" publish:value="100"/><publish:property canonicalName="pageX" name="Page X" publish:category="View" publish:value="0"/><publish:property canonicalName="pageY" name="Page Y" publish:category="View" publish:value="0"/><publish:property canonicalName="styles" name="Styles" publish:category="View"/><publish:property canonicalName="useAliasName" name="Use Alias Name" publish:category="View" publish:value="false"/></publish:properties><publish:partInfo name="SERVICE_STATE_NOT_APPLICABLE" publish:ismodellink="false" publish:partLowerX="1000" publish:partLowerY="234" publish:partUpperX="790" publish:partUpperY="218" shape="rect" xmi:id="_F4M.oEP.x7E.d.u.u.u.oHTW.mKV.yQ"/><publish:partInfo name="OUT_OF_SERVICE_BY_MAINTENANCE" publish:ismodellink="false" publish:partLowerX="1000" publish:partLowerY="218" publish:partUpperX="790" publish:partUpperY="202" shape="rect" xmi:id="_A34I0P.x7E.d.u.u.u.oHTW.mKV.yQ"/><publish:partInfo name="OUT_OF_SERVICE" publish:ismodellink="false" publish:partLowerX="1000" publish:partLowerY="202" publish:partUpperX="790" publish:partUpperY="186" shape="rect" xmi:id="__.c.rWIP.x6E.d.u.u.u.oHTW.mKV.yQ"/><publish:partInfo name="IN_SERVICE" publish:ismodellink="false" publish:partLowerX="1000" publish:partLowerY="186" publish:partUpperX="790" publish:partUpperY="170" shape="rect" xmi:id="_-IJ.zMP.x6E.d.u.u.u.oHTW.mKV.yQ"/><publish:partInfo name="ResourceFulfillmentState" publish:ismodellink="false" publish:partLowerX="1009" publish:partLowerY="239" publish:partUpperX="783" publish:partUpperY="133" shape="rect" xmi:id="_4Y8N.oP.x6E.d.u.u.u.oHTW.mKV.yQ"/><publish:partInfo name="CLEARED" publish:ismodellink="false" publish:partLowerX="145" publish:partLowerY="366" publish:partUpperX="16" publish:partUpperY="350" shape="rect" xmi:id="_K.e.l94P.y.bE.d.u.u.u.oHTW.mKV.yQ"/><publish:partInfo name="WARNING" publish:ismodellink="false" publish:partLowerX="145" publish:partLowerY="350" publish:partUpperX="16" publish:partUpperY="334" shape="rect" xmi:id="_J.f.wXEP.y.bE.d.u.u.u.oHTW.mKV.yQ"/><publish:partInfo name="MINOR" publish:ismodellink="false" publish:partLowerX="145" publish:partLowerY="334" publish:partUpperX="16" publish:partUpperY="318" shape="rect" xmi:id="_I.h-.gMP.y.bE.d.u.u.u.oHTW.mKV.yQ"/><publish:partInfo name="MAJOR" publish:ismodellink="false" publish:partLowerX="145" publish:partLowerY="318" publish:partUpperX="16" publish:partUpperY="302" shape="rect" xmi:id="_HY.o5.kP.y.bE.d.u.u.u.oHTW.mKV.yQ"/><publish:partInfo name="CRITICAL" publish:ismodellink="false" publish:partLowerX="145" publish:partLowerY="302" publish:partUpperX="16" publish:partUpperY="286" shape="rect" xmi:id="_GI.t.i.wP.y.bE.d.u.u.u.oHTW.mKV.yQ"/><publish:partInfo name="INDETERMINATE" publish:ismodellink="false" publish:partLowerX="145" publish:partLowerY="286" publish:partUpperX="16" publish:partUpperY="270" shape="rect" xmi:id="_E.l-.k.sP.y.bE.d.u.u.u.oHTW.mKV.yQ"/><publish:partInfo name="PerceivedSeverity" publish:ismodellink="false" publish:partLowerX="154" publish:partLowerY="371" publish:partUpperX="9" publish:partUpperY="232" shape="rect" xmi:id="_C.bVSEP.y.bE.d.u.u.u.oHTW.mKV.yQ"/><publish:partInfo name="ABORTED" publish:ismodellink="false" publish:partLowerX="133" publish:partLowerY="207" publish:partUpperX="16" publish:partUpperY="191" shape="rect" xmi:id="_1-UKAP.yVE.d.u.u.u.oHTW.mKV.yQ"/><publish:partInfo name="COMPLETED" publish:ismodellink="false" publish:partLowerX="133" publish:partLowerY="191" publish:partUpperX="16" publish:partUpperY="175" shape="rect" xmi:id="_0.z.o.f.kP.yVE.d.u.u.u.oHTW.mKV.yQ"/><publish:partInfo name="IN_PROGRESS" publish:ismodellink="false" publish:partLowerX="133" publish:partLowerY="175" publish:partUpperX="16" publish:partUpperY="159" shape="rect" xmi:id="_.zQ.sGIP.yVE.d.u.u.u.oHTW.mKV.yQ"/><publish:partInfo name="IDLE" publish:ismodellink="false" publish:partLowerX="133" publish:partLowerY="159" publish:partUpperX="16" publish:partUpperY="143" shape="rect" xmi:id="_.yN.i.nEP.yVE.d.u.u.u.oHTW.mKV.yQ"/><publish:partInfo name="OperationStatus" publish:ismodellink="false" publish:partLowerX="142" publish:partLowerY="212" publish:partUpperX="9" publish:partUpperY="105" shape="rect" xmi:id="_.u.y1.a.wP.yVE.d.u.u.u.oHTW.mKV.yQ"/><publish:partInfo name="TRAFFIC_DESCRIPTOR" publish:ismodellink="false" publish:partLowerX="408" publish:partLowerY="578" publish:partUpperX="206" publish:partUpperY="562" shape="rect" xmi:id="_2.d-.dIP.x3E.d.u.u.u.oHTW.mKV.yQ"/><publish:partInfo name="TC_PROFILE" publish:ismodellink="false" publish:partLowerX="408" publish:partLowerY="562" publish:partUpperX="206" publish:partUpperY="546" shape="rect" xmi:id="_.y-.k-EP.x3E.d.u.u.u.oHTW.mKV.yQ"/><publish:partInfo name="TOPOLOGICAL_LINK" publish:ismodellink="false" publish:partLowerX="408" publish:partLowerY="546" publish:partUpperX="206" publish:partUpperY="530" shape="rect" xmi:id="_.wOX.gQP.x3E.d.u.u.u.oHTW.mKV.yQ"/><publish:partInfo name="TP_POOL" publish:ismodellink="false" publish:partLowerX="408" publish:partLowerY="530" publish:partUpperX="206" publish:partUpperY="514" shape="rect" xmi:id="_.u.o1.s4P.x3E.d.u.u.u.oHTW.mKV.yQ"/><publish:partInfo name="TCA_PARAMETER_PROFILE" publish:ismodellink="false" publish:partLowerX="408" publish:partLowerY="514" publish:partUpperX="206" publish:partUpperY="498" shape="rect" xmi:id="_.o.d.z.uAP.x3E.d.u.u.u.oHTW.mKV.yQ"/><publish:partInfo name="SNC" publish:ismodellink="false" publish:partLowerX="408" publish:partLowerY="498" publish:partUpperX="206" publish:partUpperY="482" shape="rect" xmi:id="_.l77AEP.x3E.d.u.u.u.oHTW.mKV.yQ"/><publish:partInfo name="SNPP" publish:ismodellink="false" publish:partLowerX="408" publish:partLowerY="482" publish:partUpperX="206" publish:partUpperY="466" shape="rect" xmi:id="_.kFM.vAP.x3E.d.u.u.u.oHTW.mKV.yQ"/><publish:partInfo name="SNP" publish:ismodellink="false" publish:partLowerX="408" publish:partLowerY="466" publish:partUpperX="206" publish:partUpperY="450" shape="rect" xmi:id="_.h73D8P.x3E.d.u.u.u.oHTW.mKV.yQ"/><publish:partInfo name="PM_POINT" publish:ismodellink="false" publish:partLowerX="408" publish:partLowerY="450" publish:partUpperX="206" publish:partUpperY="434" shape="rect" xmi:id="_.c.u6.d8P.x3E.d.u.u.u.oHTW.mKV.yQ"/><publish:partInfo name="PTP" publish:ismodellink="false" publish:partLowerX="408" publish:partLowerY="434" publish:partUpperX="206" publish:partUpperY="418" shape="rect" xmi:id="_.a.t.f_0P.x3E.d.u.u.u.oHTW.mKV.yQ"/><publish:partInfo name="MLSN" publish:ismodellink="false" publish:partLowerX="408" publish:partLowerY="418" publish:partUpperX="206" publish:partUpperY="402" shape="rect" xmi:id="_T.y.b.rIP.x3E.d.u.u.u.oHTW.mKV.yQ"/><publish:partInfo name="MULTI_LAYER_SNPP_LINK" publish:ismodellink="false" publish:partLowerX="408" publish:partLowerY="402" publish:partUpperX="206" publish:partUpperY="386" shape="rect" xmi:id="_RXOM8P.x3E.d.u.u.u.oHTW.mKV.yQ"/><publish:partInfo name="MULTI_LAYER_SNPP" publish:ismodellink="false" publish:partLowerX="408" publish:partLowerY="386" publish:partUpperX="206" publish:partUpperY="370" shape="rect" xmi:id="_M2.f.z.wP.x3E.d.u.u.u.oHTW.mKV.yQ"/><publish:partInfo name="MLRA" publish:ismodellink="false" publish:partLowerX="408" publish:partLowerY="370" publish:partUpperX="206" publish:partUpperY="354" shape="rect" xmi:id="_K.wT.jUP.x3E.d.u.u.u.oHTW.mKV.yQ"/><publish:partInfo name="MATRIX_FLOW_DOMAIN_FRAGMENT" publish:ismodellink="false" publish:partLowerX="408" publish:partLowerY="354" publish:partUpperX="206" publish:partUpperY="338" shape="rect" xmi:id="_I.t18UP.x3E.d.u.u.u.oHTW.mKV.yQ"/><publish:partInfo name="MATRIX_FLOW_DOMAIN" publish:ismodellink="false" publish:partLowerX="408" publish:partLowerY="338" publish:partUpperX="206" publish:partUpperY="322" shape="rect" xmi:id="_G3U.f.kP.x3E.d.u.u.u.oHTW.mKV.yQ"/><publish:partInfo name="ME" publish:ismodellink="false" publish:partLowerX="408" publish:partLowerY="322" publish:partUpperX="206" publish:partUpperY="307" shape="rect" xmi:id="__.g.vT.kP.x2E.d.u.u.u.oHTW.mKV.yQ"/><publish:partInfo name="FLOW_DOMAIN_FRAGMENT" publish:ismodellink="false" publish:partLowerX="408" publish:partLowerY="307" publish:partUpperX="206" publish:partUpperY="291" shape="rect" xmi:id="_92.i.b.kP.x2E.d.u.u.u.oHTW.mKV.yQ"/><publish:partInfo name="FLOW_DOMAIN" publish:ismodellink="false" publish:partLowerX="408" publish:partLowerY="291" publish:partUpperX="206" publish:partUpperY="275" shape="rect" xmi:id="_8.e228P.x2E.d.u.u.u.oHTW.mKV.yQ"/><publish:partInfo name="EQUIPMENT_HOLDER" publish:ismodellink="false" publish:partLowerX="408" publish:partLowerY="275" publish:partUpperX="206" publish:partUpperY="259" shape="rect" xmi:id="_7GCC0P.x2E.d.u.u.u.oHTW.mKV.yQ"/><publish:partInfo name="EQUIPMENT" publish:ismodellink="false" publish:partLowerX="408" publish:partLowerY="259" publish:partUpperX="206" publish:partUpperY="243" shape="rect" xmi:id="_6KD.i.wP.x2E.d.u.u.u.oHTW.mKV.yQ"/><publish:partInfo name="PROTECTION_GROUP" publish:ismodellink="false" publish:partLowerX="408" publish:partLowerY="243" publish:partUpperX="206" publish:partUpperY="227" shape="rect" xmi:id="_4.v.zLQP.x2E.d.u.u.u.oHTW.mKV.yQ"/><publish:partInfo name="EMS" publish:ismodellink="false" publish:partLowerX="408" publish:partLowerY="227" publish:partUpperX="206" publish:partUpperY="211" shape="rect" xmi:id="_25RH.cP.x2E.d.u.u.u.oHTW.mKV.yQ"/><publish:partInfo name="CTP" publish:ismodellink="false" publish:partLowerX="408" publish:partLowerY="211" publish:partUpperX="206" publish:partUpperY="195" shape="rect" xmi:id="_.yG.l.b.kP.x2E.d.u.u.u.oHTW.mKV.yQ"/><publish:partInfo name="CONNECTION" publish:ismodellink="false" publish:partLowerX="408" publish:partLowerY="195" publish:partUpperX="206" publish:partUpperY="179" shape="rect" xmi:id="_.w.eG.a0P.x2E.d.u.u.u.oHTW.mKV.yQ"/><publish:partInfo name="CALL" publish:ismodellink="false" publish:partLowerX="408" publish:partLowerY="179" publish:partUpperX="206" publish:partUpperY="163" shape="rect" xmi:id="_.vO7R8P.x2E.d.u.u.u.oHTW.mKV.yQ"/><publish:partInfo name="AID" publish:ismodellink="false" publish:partLowerX="408" publish:partLowerY="163" publish:partUpperX="206" publish:partUpperY="147" shape="rect" xmi:id="_.tQ2.b.sP.x2E.d.u.u.u.oHTW.mKV.yQ"/><publish:partInfo name="ObjectType" publish:ismodellink="false" publish:partLowerX="418" publish:partLowerY="583" publish:partUpperX="200" publish:partUpperY="109" shape="rect" xmi:id="_.o8.h4.cP.pVE.d.uV.sYI7.m.fNDXQ"/><publish:partInfo name="ObjectName" publish:ismodellink="false" publish:partLowerX="119" publish:partLowerY="448" publish:partUpperX="9" publish:partUpperY="394" shape="rect" xmi:id="_P.t7.d.cP.oSE.d.uS.g.t.mT.zBJ.nV.w"/><publish:partInfo name="ItuTTime" publish:ismodellink="false" publish:partLowerX="1043" publish:partLowerY="63" publish:partUpperX="950" publish:partUpperY="9" shape="rect" xmi:id="_2K.a.rIP.x7E.d.u.u.u.oHTW.mKV.yQ"/><publish:partInfo name="COMPLETED" publish:ismodellink="false" publish:partLowerX="920" publish:partLowerY="95" publish:partUpperX="790" publish:partUpperY="79" shape="rect" xmi:id="_.p5.m0QP.yQE.d.u.u.u.oHTW.mKV.yQ"/><publish:partInfo name="FAILED" publish:ismodellink="false" publish:partLowerX="920" publish:partLowerY="79" publish:partUpperX="790" publish:partUpperY="63" shape="rect" xmi:id="_.o2F.h.wP.yQE.d.u.u.u.oHTW.mKV.yQ"/><publish:partInfo name="IN_PROGRESS" publish:ismodellink="false" publish:partLowerX="920" publish:partLowerY="63" publish:partUpperX="790" publish:partUpperY="47" shape="rect" xmi:id="_.n.dRU.sP.yQE.d.u.u.u.oHTW.mKV.yQ"/><publish:partInfo name="FileTransferStatus" publish:ismodellink="false" publish:partLowerX="929" publish:partLowerY="100" publish:partUpperX="783" publish:partUpperY="9" shape="rect" xmi:id="_.l.y.sCMP.yQE.d.u.u.u.oHTW.mKV.yQ"/><publish:partInfo name="LOG_STATE_CHANGE" publish:ismodellink="false" publish:partLowerX="739" publish:partLowerY="335" publish:partUpperX="528" publish:partUpperY="319" shape="rect" xmi:id="_XSK.h.wP.pQE.d.uV.sYI7.m.fNDXQ"/><publish:partInfo name="LOG_PROCESSING_ERROR_ALARM" publish:ismodellink="false" publish:partLowerX="739" publish:partLowerY="319" publish:partUpperX="528" publish:partUpperY="303" shape="rect" xmi:id="_S52.d.sP.pQE.d.uV.sYI7.m.fNDXQ"/><publish:partInfo name="LOG_CAPACITY_THRESHOLD_ALARM" publish:ismodellink="false" publish:partLowerX="739" publish:partLowerY="303" publish:partUpperX="528" publish:partUpperY="287" shape="rect" xmi:id="_O1-Y.kP.pQE.d.uV.sYI7.m.fNDXQ"/><publish:partInfo name="LOG_ATTRIBUTE_VALUE_CHANGE" publish:ismodellink="false" publish:partLowerX="739" publish:partLowerY="287" publish:partUpperX="528" publish:partUpperY="271" shape="rect" xmi:id="_G7N.h.cP.pQE.d.uV.sYI7.m.fNDXQ"/><publish:partInfo name="OBJECT_DISCOVERY" publish:ismodellink="false" publish:partLowerX="739" publish:partLowerY="271" publish:partUpperX="528" publish:partUpperY="255" shape="rect" xmi:id="__.h.g.l.cP.pOE.d.uV.sYI7.m.fNDXQ"/><publish:partInfo name="HEARTBEAT" publish:ismodellink="false" publish:partLowerX="739" publish:partLowerY="255" publish:partUpperX="528" publish:partUpperY="239" shape="rect" xmi:id="_X.sFI.gP.pOE.d.uV.sYI7.m.fNDXQ"/><publish:partInfo name="SOFTWARE_BACKUP_STATUS" publish:ismodellink="false" publish:partLowerX="739" publish:partLowerY="239" publish:partUpperX="528" publish:partUpperY="223" shape="rect" xmi:id="_WPWE.wP.pOE.d.uV.sYI7.m.fNDXQ"/><publish:partInfo name="PM_POINT_STATE_CHNAGE" publish:ismodellink="false" publish:partLowerX="739" publish:partLowerY="223" publish:partUpperX="528" publish:partUpperY="207" shape="rect" xmi:id="_S.y.b5AP.pOE.d.uV.sYI7.m.fNDXQ"/><publish:partInfo name="FILE_TRANSFER_STATUS" publish:ismodellink="false" publish:partLowerX="739" publish:partLowerY="207" publish:partUpperX="528" publish:partUpperY="191" shape="rect" xmi:id="_Q5P.i.wP.pOE.d.uV.sYI7.m.fNDXQ"/><publish:partInfo name="ALARM" publish:ismodellink="false" publish:partLowerX="739" publish:partLowerY="191" publish:partUpperX="528" publish:partUpperY="175" shape="rect" xmi:id="_P.jY.jEP.pOE.d.uV.sYI7.m.fNDXQ"/><publish:partInfo name="TCA" publish:ismodellink="false" publish:partLowerX="739" publish:partLowerY="175" publish:partUpperX="528" publish:partUpperY="159" shape="rect" xmi:id="_NWB6.sP.pOE.d.uV.sYI7.m.fNDXQ"/><publish:partInfo name="EQUIPMENT_PROTECTION_SWITCH" publish:ismodellink="false" publish:partLowerX="739" publish:partLowerY="159" publish:partUpperX="528" publish:partUpperY="143" shape="rect" xmi:id="_KW.i.q.wP.pOE.d.uV.sYI7.m.fNDXQ"/><publish:partInfo name="PROTECTION_SWITCH" publish:ismodellink="false" publish:partLowerX="739" publish:partLowerY="143" publish:partUpperX="528" publish:partUpperY="127" shape="rect" xmi:id="_I6.eVYP.pOE.d.uV.sYI7.m.fNDXQ"/><publish:partInfo name="ROUTE_CHANGE" publish:ismodellink="false" publish:partLowerX="739" publish:partLowerY="127" publish:partUpperX="528" publish:partUpperY="111" shape="rect" xmi:id="_F.f.rC.cP.pOE.d.uV.sYI7.m.fNDXQ"/><publish:partInfo name="STATE_CHANGE" publish:ismodellink="false" publish:partLowerX="739" publish:partLowerY="111" publish:partUpperX="528" publish:partUpperY="95" shape="rect" xmi:id="_DVMH4P.pOE.d.uV.sYI7.m.fNDXQ"/><publish:partInfo name="ATTRIBUTE_VALUE_CHANGE" publish:ismodellink="false" publish:partLowerX="739" publish:partLowerY="95" publish:partUpperX="528" publish:partUpperY="79" shape="rect" xmi:id="_BTA0.wP.pOE.d.uV.sYI7.m.fNDXQ"/><publish:partInfo name="OBJECT_DELETION" publish:ismodellink="false" publish:partLowerX="739" publish:partLowerY="79" publish:partUpperX="528" publish:partUpperY="63" shape="rect" xmi:id="_-HG5.cP.pNE.d.uV.sYI7.m.fNDXQ"/><publish:partInfo name="OBJECT_CREATION" publish:ismodellink="false" publish:partLowerX="739" publish:partLowerY="63" publish:partUpperX="528" publish:partUpperY="47" shape="rect" xmi:id="_8XFGQP.pNE.d.uV.sYI7.m.fNDXQ"/><publish:partInfo name="EventType" publish:ismodellink="false" publish:partLowerX="748" publish:partLowerY="340" publish:partUpperX="521" publish:partUpperY="9" shape="rect" xmi:id="_3QQ9.cP.pNE.d.uV.sYI7.m.fNDXQ"/><publish:partInfo anchor="#_.f.t.i2.p.f.yVE.d.u.u.u.oHTW.mKV.yQ" name="failureReason" publish:ismodellink="false" publish:partLowerX="957" publish:partLowerY="571" publish:partUpperX="475" publish:partUpperY="555" shape="rect" xmi:id="_.hJ.tS.oP.yVE.d.u.u.u.oHTW.mKV.yQ"/><publish:partInfo anchor="#_.f.t.i2.o.v.yVE.d.u.u.u.oHTW.mKV.yQ" name="currentOperationStatus" publish:ismodellink="false" publish:partLowerX="957" publish:partLowerY="555" publish:partUpperX="475" publish:partUpperY="539" shape="rect" xmi:id="_.hJ.tS.oP.yVE.d.u.u.u.oHTW.mKV.yQ"/><publish:partInfo name="BackupStatus" publish:ismodellink="false" publish:partLowerX="967" publish:partLowerY="576" publish:partUpperX="469" publish:partUpperY="501" shape="rect" xmi:id="_.hJ.tS.oP.yVE.d.u.u.u.oHTW.mKV.yQ"/><publish:partInfo anchor="#_OZ.lH.k_.o8E.d.uV.sYI7.m.fNDXQ" name="attributeValue" publish:ismodellink="false" publish:partLowerX="310" publish:partLowerY="79" publish:partUpperX="16" publish:partUpperY="63" shape="rect" xmi:id="_8_P-.sP.o7E.d.uV.sYI7.m.fNDXQ"/><publish:partInfo anchor="#_OZ.lH.kP.o8E.d.uV.sYI7.m.fNDXQ" name="attributeName" publish:ismodellink="false" publish:partLowerX="310" publish:partLowerY="63" publish:partUpperX="16" publish:partUpperY="47" shape="rect" xmi:id="_8_P-.sP.o7E.d.uV.sYI7.m.fNDXQ"/><publish:partInfo name="AttributeValuePair" publish:ismodellink="false" publish:partLowerX="319" publish:partLowerY="84" publish:partUpperX="9" publish:partUpperY="9" shape="rect" xmi:id="_8_P-.sP.o7E.d.uV.sYI7.m.fNDXQ"/></contents><contents Type="Class" isDefault="false" name="FMW Common Object Provisioning Interface Diagram" publish:icon="-1677387246_icon.png" publish:imageType="PNG" publish:qualifiedname="Framework::Class Diagrams::FMW Common Object Provisioning Interface Diagram" xmi:id="_.iGO.cACS.nE.d.y.q.c.o.mT-DT.tQQ" xsi:type="notation:Diagram"><publish:properties><publish:property canonicalName="description" name="Description" publish:category="View"/><publish:property canonicalName="graphLayout" name="Graph Layout" publish:category="View" publish:value="VerticalOrthogonalHierarchical"/><publish:property canonicalName="labelLayout" name="Label Layout" publish:category="View" publish:value="None"/><publish:property canonicalName="linkLayout" name="Link Layout" publish:category="View" publish:value="None"/><publish:property canonicalName="measurementUnit" name="Measurement Unit" publish:category="View" publish:value="Himetric"/><publish:property canonicalName="name" name="Name" publish:category="View" publish:value="FMW Common Object Provisioning Interface Diagram"/><publish:property canonicalName="pageHeight" name="Page Height" publish:category="View" publish:value="100"/><publish:property canonicalName="pageWidth" name="Page Width" publish:category="View" publish:value="100"/><publish:property canonicalName="pageX" name="Page X" publish:category="View" publish:value="0"/><publish:property canonicalName="pageY" name="Page Y" publish:category="View" publish:value="0"/><publish:property canonicalName="styles" name="Styles" publish:category="View"/><publish:property canonicalName="useAliasName" name="Use Alias Name" publish:category="View" publish:value="false"/></publish:properties><publish:partInfo name="Generalization" publish:ismodellink="false" publish:partLowerX="0" publish:partLowerY="0" publish:partUpperX="0" publish:partUpperY="0" shape="rect" xmi:id="_X-SAIL.q.bE.d.yA7.v53C.jA.z.n.g"/><publish:partInfo coords="334,541,334,481,344,481,344,541,334,541" name="Generalization" publish:ismodellink="false" shape="poly" xmi:id="_X-SAIL.q.bE.d.yA7.v53C.jA.z.n.g"/><publish:partInfo name="Generalization" publish:ismodellink="false" publish:partLowerX="0" publish:partLowerY="0" publish:partUpperX="0" publish:partUpperY="0" shape="rect" xmi:id="_L0.m.i.kK.gFE.d.yB.v.u4Q.gH3.iC.w"/><publish:partInfo coords="369,148,369,94,379,94,379,148,369,148" name="Generalization" publish:ismodellink="false" shape="poly" xmi:id="_L0.m.i.kK.gFE.d.yB.v.u4Q.gH3.iC.w"/><publish:partInfo name="Generalization" publish:ismodellink="false" publish:partLowerX="0" publish:partLowerY="0" publish:partUpperX="0" publish:partUpperY="0" shape="rect" xmi:id="_.qUG.d0K.f4E.d.yB.v.u4Q.gH3.iC.w"/><publish:partInfo coords="460,541,460,481,470,481,470,541,460,541" name="Generalization" publish:ismodellink="false" shape="poly" xmi:id="_.qUG.d0K.f4E.d.yB.v.u4Q.gH3.iC.w"/><publish:partInfo name="CommonObjectModifyData" publish:ismodellink="false" publish:partLowerX="395" publish:partLowerY="609" publish:partUpperX="199" publish:partUpperY="541" shape="rect" xmi:id="_QXA.s.w.b.q.bE.d.yA7.v53C.jA.z.n.g"/><publish:partInfo anchor="#_.fJJBQ.q.f4E.d.yB.v.u4Q.gH3.iC.w" name="name" publish:ismodellink="false" publish:partLowerX="658" publish:partLowerY="609" publish:partUpperX="433" publish:partUpperY="593" shape="rect" xmi:id="_.fJJBQK.f4E.d.yB.v.u4Q.gH3.iC.w"/><publish:partInfo name="CommonObjectCreateData" publish:ismodellink="false" publish:partLowerX="667" publish:partLowerY="614" publish:partUpperX="426" publish:partUpperY="541" shape="rect" xmi:id="_.fJJBQK.f4E.d.yB.v.u4Q.gH3.iC.w"/><publish:partInfo anchor="#_.tQ.lS4J.m.bE.d.y.y.z.pZ_R.xH.d0.w" name="getCapabilities" publish:ismodellink="false" publish:partLowerX="623" publish:partLowerY="93" publish:partUpperX="139" publish:partUpperY="77" shape="rect" xmi:id="_.c.c.p.u0J.j.vE.d.y.uNMSCX.kX.oC.g"/><publish:partInfo anchor="#_.rB0.o.cJ.j.vE.d.y.uNMSCX.kX.oC.g" name="getVersion" publish:ismodellink="false" publish:partLowerX="623" publish:partLowerY="77" publish:partUpperX="139" publish:partUpperY="61" shape="rect" xmi:id="_.c.c.p.u0J.j.vE.d.y.uNMSCX.kX.oC.g"/><publish:partInfo name="Common" publish:ismodellink="false" publish:partLowerX="632" publish:partLowerY="98" publish:partUpperX="133" publish:partUpperY="9" shape="rect" xmi:id="_.c.c.p.u0J.j.vE.d.y.uNMSCX.kX.oC.g"/><publish:partInfo anchor="#__DK.n6.f_FE.d.uKKL.vC_EB00A" name="additionalInfo" publish:ismodellink="false" publish:partLowerX="582" publish:partLowerY="480" publish:partUpperX="188" publish:partUpperY="464" shape="rect" xmi:id="_MP.s.wEP_FE.d.uKKL.vC_EB00A"/><publish:partInfo anchor="#_.mJC.tUK.mSE.d.y39Z05.qV.q.f.pQ" name="aliasNameList" publish:ismodellink="false" publish:partLowerX="582" publish:partLowerY="464" publish:partUpperX="188" publish:partUpperY="448" shape="rect" xmi:id="_MP.s.wEP_FE.d.uKKL.vC_EB00A"/><publish:partInfo anchor="#_.u.gC.h.cB.t1E.d29JJ.r_.hKM.p.fA" name="nativeEmsName" publish:ismodellink="false" publish:partLowerX="582" publish:partLowerY="448" publish:partUpperX="188" publish:partUpperY="432" shape="rect" xmi:id="_MP.s.wEP_FE.d.uKKL.vC_EB00A"/><publish:partInfo anchor="#__DK.n5.v_FE.d.uKKL.vC_EB00A" name="owner" publish:ismodellink="false" publish:partLowerX="582" publish:partLowerY="432" publish:partUpperX="188" publish:partUpperY="416" shape="rect" xmi:id="_MP.s.wEP_FE.d.uKKL.vC_EB00A"/><publish:partInfo anchor="#__DK.n4__FE.d.uKKL.vC_EB00A" name="forceUniqueness" publish:ismodellink="false" publish:partLowerX="582" publish:partLowerY="416" publish:partUpperX="188" publish:partUpperY="400" shape="rect" xmi:id="_MP.s.wEP_FE.d.uKKL.vC_EB00A"/><publish:partInfo anchor="#__DK.n4P_FE.d.uKKL.vC_EB00A" name="userLabel" publish:ismodellink="false" publish:partLowerX="582" publish:partLowerY="400" publish:partUpperX="188" publish:partUpperY="384" shape="rect" xmi:id="_MP.s.wEP_FE.d.uKKL.vC_EB00A"/><publish:partInfo name="CommonObjectSetData" publish:ismodellink="false" publish:partLowerX="591" publish:partLowerY="485" publish:partUpperX="181" publish:partUpperY="332" shape="rect" xmi:id="_MP.s.wEP_FE.d.uKKL.vC_EB00A"/><publish:partInfo anchor="#_VW.q.j.u.yS.oE.d.y.q.c.o.mT-DT.tQQ" name="setAdditionalInfo" publish:ismodellink="false" publish:partLowerX="724" publish:partLowerY="264" publish:partUpperX="16" publish:partUpperY="248" shape="rect" xmi:id="_8K.m.qACVOE.d.y.i.v86.a.e.j.kL.cA"/><publish:partInfo anchor="#_LZ.dIICS.yE.d.y.q.c.o.mT-DT.tQQ" name="setNativeEmsName" publish:ismodellink="false" publish:partLowerX="724" publish:partLowerY="248" publish:partUpperX="16" publish:partUpperY="232" shape="rect" xmi:id="_8K.m.qACVOE.d.y.i.v86.a.e.j.kL.cA"/><publish:partInfo anchor="#_VW.k.dECS.oE.d.y.q.c.o.mT-DT.tQQ" name="setOwner" publish:ismodellink="false" publish:partLowerX="724" publish:partLowerY="232" publish:partUpperX="16" publish:partUpperY="216" shape="rect" xmi:id="_8K.m.qACVOE.d.y.i.v86.a.e.j.kL.cA"/><publish:partInfo anchor="#_VW.k.dHCS.oE.d.y.q.c.o.mT-DT.tQQ" name="setUserLabel" publish:ismodellink="false" publish:partLowerX="724" publish:partLowerY="216" publish:partUpperX="16" publish:partUpperY="200" shape="rect" xmi:id="_8K.m.qACVOE.d.y.i.v86.a.e.j.kL.cA"/><publish:partInfo name="CommonObjectProvisioning" publish:ismodellink="false" publish:partLowerX="733" publish:partLowerY="269" publish:partUpperX="9" publish:partUpperY="148" shape="rect" xmi:id="_8K.m.qACVOE.d.y.i.v86.a.e.j.kL.cA"/></contents><contents Type="Class" isDefault="false" name="Operation Exceptions Class Diagram" publish:icon="-1677387246_icon.png" publish:imageType="PNG" publish:qualifiedname="Framework::Class Diagrams::Operation Exceptions Class Diagram" xmi:id="_.i.kI6QCV.bE.d.y.i.v86.a.e.j.kL.cA" xsi:type="notation:Diagram"><publish:properties><publish:property canonicalName="description" name="Description" publish:category="View"/><publish:property canonicalName="graphLayout" name="Graph Layout" publish:category="View" publish:value="VerticalOrthogonalHierarchical"/><publish:property canonicalName="labelLayout" name="Label Layout" publish:category="View" publish:value="None"/><publish:property canonicalName="linkLayout" name="Link Layout" publish:category="View" publish:value="None"/><publish:property canonicalName="measurementUnit" name="Measurement Unit" publish:category="View" publish:value="Himetric"/><publish:property canonicalName="name" name="Name" publish:category="View" publish:value="Operation Exceptions Class Diagram"/><publish:property canonicalName="pageHeight" name="Page Height" publish:category="View" publish:value="100"/><publish:property canonicalName="pageWidth" name="Page Width" publish:category="View" publish:value="100"/><publish:property canonicalName="pageX" name="Page X" publish:category="View" publish:value="0"/><publish:property canonicalName="pageY" name="Page Y" publish:category="View" publish:value="0"/><publish:property canonicalName="styles" name="Styles" publish:category="View"/><publish:property canonicalName="useAliasName" name="Use Alias Name" publish:category="View" publish:value="false"/></publish:properties><publish:partInfo anchor="#_.tHEUFF.uRE.eCM-.bF.o2.n-6BA" name="errorReason" publish:ismodellink="false" publish:partLowerX="633" publish:partLowerY="539" publish:partUpperX="355" publish:partUpperY="523" shape="rect" xmi:id="_.tHEUEF.uRE.eCM-.bF.o2.n-6BA"/><publish:partInfo name="PolicyViolation" publish:ismodellink="false" publish:partLowerX="643" publish:partLowerY="544" publish:partUpperX="349" publish:partUpperY="473" shape="rect" xmi:id="_.tHEUEF.uRE.eCM-.bF.o2.n-6BA"/><publish:partInfo anchor="#_.j.xO.mFF.uRE.eCM-.bF.o2.n-6BA" name="errorReason" publish:ismodellink="false" publish:partLowerX="294" publish:partLowerY="355" publish:partUpperX="16" publish:partUpperY="339" shape="rect" xmi:id="_.j.xO.mEF.uRE.eCM-.bF.o2.n-6BA"/><publish:partInfo name="InvalidInputUnsupportedObjectTypes" publish:ismodellink="false" publish:partLowerX="303" publish:partLowerY="360" publish:partUpperX="9" publish:partUpperY="289" shape="rect" xmi:id="_.j.xO.mEF.uRE.eCM-.bF.o2.n-6BA"/><publish:partInfo anchor="#_.s.yM3VF.uRE.eCM-.bF.o2.n-6BA" name="errorReason" publish:ismodellink="false" publish:partLowerX="977" publish:partLowerY="259" publish:partUpperX="699" publish:partUpperY="243" shape="rect" xmi:id="_.s.yM3UF.uRE.eCM-.bF.o2.n-6BA"/><publish:partInfo name="InvalidInputUnsupportAttributesOrValues" publish:ismodellink="false" publish:partLowerX="987" publish:partLowerY="264" publish:partUpperX="693" publish:partUpperY="193" shape="rect" xmi:id="_.s.yM3UF.uRE.eCM-.bF.o2.n-6BA"/><publish:partInfo anchor="#_.s.eF.o.hF.uRE.eCM-.bF.o2.n-6BA" name="errorReason" publish:ismodellink="false" publish:partLowerX="633" publish:partLowerY="260" publish:partUpperX="355" publish:partUpperY="244" shape="rect" xmi:id="_.s.eF.o.gF.uRE.eCM-.bF.o2.n-6BA"/><publish:partInfo name="InvalidInputObjectDoesNotExist" publish:ismodellink="false" publish:partLowerX="643" publish:partLowerY="265" publish:partUpperX="349" publish:partUpperY="194" shape="rect" xmi:id="_.s.eF.o.gF.uRE.eCM-.bF.o2.n-6BA"/><publish:partInfo anchor="#_L-GJNFU.cE.eC8.pY-.b.mVQ.w4.w" name="errorReason" publish:ismodellink="false" publish:partLowerX="633" publish:partLowerY="717" publish:partUpperX="360" publish:partUpperY="701" shape="rect" xmi:id="_L-GJMFU.cE.eC8.pY-.b.mVQ.w4.w"/><publish:partInfo name="UnsupportedPackingFormat" publish:ismodellink="false" publish:partLowerX="643" publish:partLowerY="722" publish:partUpperX="354" publish:partUpperY="649" shape="rect" xmi:id="_L-GJMFU.cE.eC8.pY-.b.mVQ.w4.w"/><publish:partInfo anchor="#_T.oU.p9FU.cE.eC8.pY-.b.mVQ.w4.w" name="errorReason" publish:ismodellink="false" publish:partLowerX="289" publish:partLowerY="717" publish:partUpperX="16" publish:partUpperY="701" shape="rect" xmi:id="_T.oU.p8FU.cE.eC8.pY-.b.mVQ.w4.w"/><publish:partInfo name="UnsupportedCompressionFormat" publish:ismodellink="false" publish:partLowerX="298" publish:partLowerY="722" publish:partUpperX="9" publish:partUpperY="649" shape="rect" xmi:id="_T.oU.p8FU.cE.eC8.pY-.b.mVQ.w4.w"/><publish:partInfo anchor="#_3P.qLRFU.bE.eC8.pY-.b.mVQ.w4.w" name="errorReason" publish:ismodellink="false" publish:partLowerX="982" publish:partLowerY="447" publish:partUpperX="709" publish:partUpperY="431" shape="rect" xmi:id="_3P.qLQFU.bE.eC8.pY-.b.mVQ.w4.w"/><publish:partInfo name="NotificationServiceProblem" publish:ismodellink="false" publish:partLowerX="992" publish:partLowerY="452" publish:partUpperX="703" publish:partUpperY="379" shape="rect" xmi:id="_3P.qLQFU.bE.eC8.pY-.b.mVQ.w4.w"/><publish:partInfo anchor="#_.o.e.uG.hFU.bE.eC8.pY-.b.mVQ.w4.w" name="errorReason" publish:ismodellink="false" publish:partLowerX="633" publish:partLowerY="358" publish:partUpperX="360" publish:partUpperY="342" shape="rect" xmi:id="_.o.e.uG.gFU.bE.eC8.pY-.b.mVQ.w4.w"/><publish:partInfo name="InvalidTopic" publish:ismodellink="false" publish:partLowerX="643" publish:partLowerY="363" publish:partUpperX="354" publish:partUpperY="290" shape="rect" xmi:id="_.o.e.uG.gFU.bE.eC8.pY-.b.mVQ.w4.w"/><publish:partInfo anchor="#_N.fK.v1FU.bE.eC8.pY-.b.mVQ.w4.w" name="errorReason" publish:ismodellink="false" publish:partLowerX="982" publish:partLowerY="171" publish:partUpperX="709" publish:partUpperY="155" shape="rect" xmi:id="_N.fK.v0FU.bE.eC8.pY-.b.mVQ.w4.w"/><publish:partInfo name="InvalidFilterDefinition" publish:ismodellink="false" publish:partLowerX="992" publish:partLowerY="176" publish:partUpperX="703" publish:partUpperY="103" shape="rect" xmi:id="_N.fK.v0FU.bE.eC8.pY-.b.mVQ.w4.w"/><publish:partInfo anchor="#_K.v.zCFJEZE.d.y.p.u.rM.a9DXJ.y.w" name="errorReason" publish:ismodellink="false" publish:partLowerX="982" publish:partLowerY="77" publish:partUpperX="709" publish:partUpperY="61" shape="rect" xmi:id="_K.v.zCEJEZE.d.y.p.u.rM.a9DXJ.y.w"/><publish:partInfo name="CommLoss" publish:ismodellink="false" publish:partLowerX="992" publish:partLowerY="82" publish:partUpperX="703" publish:partUpperY="9" shape="rect" xmi:id="_K.v.zCEJEZE.d.y.p.u.rM.a9DXJ.y.w"/><publish:partInfo anchor="#_.sZQBZCV.fE.d.y.i.v86.a.e.j.kL.cA" name="errorReason" publish:ismodellink="false" publish:partLowerX="633" publish:partLowerY="626" publish:partUpperX="360" publish:partUpperY="610" shape="rect" xmi:id="_.sZQBYCV.fE.d.y.i.v86.a.e.j.kL.cA"/><publish:partInfo name="TpInvalidEndPoint" publish:ismodellink="false" publish:partLowerX="643" publish:partLowerY="631" publish:partUpperX="354" publish:partUpperY="558" shape="rect" xmi:id="_.sZQBYCV.fE.d.y.i.v86.a.e.j.kL.cA"/><publish:partInfo anchor="#_.j.bWSRCV.fE.d.y.i.v86.a.e.j.kL.cA" name="errorReason" publish:ismodellink="false" publish:partLowerX="289" publish:partLowerY="626" publish:partUpperX="16" publish:partUpperY="610" shape="rect" xmi:id="_.j.bWSQCV.fE.d.y.i.v86.a.e.j.kL.cA"/><publish:partInfo name="TimeslotInUse" publish:ismodellink="false" publish:partLowerX="298" publish:partLowerY="631" publish:partUpperX="9" publish:partUpperY="558" shape="rect" xmi:id="_.j.bWSQCV.fE.d.y.i.v86.a.e.j.kL.cA"/><publish:partInfo anchor="#_V.vFW.lCV.fE.d.y.i.v86.a.e.j.kL.cA" name="errorReason" publish:ismodellink="false" publish:partLowerX="633" publish:partLowerY="448" publish:partUpperX="360" publish:partUpperY="432" shape="rect" xmi:id="_V.vFW.kCV.fE.d.y.i.v86.a.e.j.kL.cA"/><publish:partInfo name="NotInValidState" publish:ismodellink="false" publish:partLowerX="643" publish:partLowerY="453" publish:partUpperX="354" publish:partUpperY="380" shape="rect" xmi:id="_V.vFW.kCV.fE.d.y.i.v86.a.e.j.kL.cA"/><publish:partInfo anchor="#_MGUF.hCV.fE.d.y.i.v86.a.e.j.kL.cA" name="errorReason" publish:ismodellink="false" publish:partLowerX="289" publish:partLowerY="78" publish:partUpperX="16" publish:partUpperY="62" shape="rect" xmi:id="_MGUF.gCV.fE.d.y.i.v86.a.e.j.kL.cA"/><publish:partInfo name="AccessDenied" publish:ismodellink="false" publish:partLowerX="298" publish:partLowerY="83" publish:partUpperX="9" publish:partUpperY="10" shape="rect" xmi:id="_MGUF.gCV.fE.d.y.i.v86.a.e.j.kL.cA"/><publish:partInfo anchor="#_6V.dI.dCV.dE.d.y.i.v86.a.e.j.kL.cA" name="errorReason" publish:ismodellink="false" publish:partLowerX="982" publish:partLowerY="357" publish:partUpperX="709" publish:partUpperY="341" shape="rect" xmi:id="_6V.dI.cCV.dE.d.y.i.v86.a.e.j.kL.cA"/><publish:partInfo name="NeCommLoss" publish:ismodellink="false" publish:partLowerX="992" publish:partLowerY="362" publish:partUpperX="703" publish:partUpperY="289" shape="rect" xmi:id="_6V.dI.cCV.dE.d.y.i.v86.a.e.j.kL.cA"/><publish:partInfo anchor="#_.rY.l.g.hCV.dE.d.y.i.v86.a.e.j.kL.cA" name="errorReason" publish:ismodellink="false" publish:partLowerX="982" publish:partLowerY="625" publish:partUpperX="709" publish:partUpperY="609" shape="rect" xmi:id="_.rY.l.g.gCV.dE.d.y.i.v86.a.e.j.kL.cA"/><publish:partInfo name="UnableToComply" publish:ismodellink="false" publish:partLowerX="992" publish:partLowerY="630" publish:partUpperX="703" publish:partUpperY="557" shape="rect" xmi:id="_.rY.l.g.gCV.dE.d.y.i.v86.a.e.j.kL.cA"/><publish:partInfo anchor="#_Y.f.e.s.hCV.dE.d.y.i.v86.a.e.j.kL.cA" name="errorReason" publish:ismodellink="false" publish:partLowerX="982" publish:partLowerY="538" publish:partUpperX="709" publish:partUpperY="522" shape="rect" xmi:id="_Y.f.e.s.gCV.dE.d.y.i.v86.a.e.j.kL.cA"/><publish:partInfo name="ProtectionEffortNotMet" publish:ismodellink="false" publish:partLowerX="992" publish:partLowerY="543" publish:partUpperX="703" publish:partUpperY="470" shape="rect" xmi:id="_Y.f.e.s.gCV.dE.d.y.i.v86.a.e.j.kL.cA"/><publish:partInfo anchor="#_E.xQ1.dCV.dE.d.y.i.v86.a.e.j.kL.cA" name="errorReason" publish:ismodellink="false" publish:partLowerX="633" publish:partLowerY="78" publish:partUpperX="360" publish:partUpperY="62" shape="rect" xmi:id="_E.xQ1.cCV.dE.d.y.i.v86.a.e.j.kL.cA"/><publish:partInfo name="CapacityExceeded" publish:ismodellink="false" publish:partLowerX="643" publish:partLowerY="83" publish:partUpperX="354" publish:partUpperY="10" shape="rect" xmi:id="_E.xQ1.cCV.dE.d.y.i.v86.a.e.j.kL.cA"/><publish:partInfo anchor="#_412MVCV.cE.d.y.i.v86.a.e.j.kL.cA" name="errorReason" publish:ismodellink="false" publish:partLowerX="289" publish:partLowerY="539" publish:partUpperX="16" publish:partUpperY="523" shape="rect" xmi:id="_412MUCV.cE.d.y.i.v86.a.e.j.kL.cA"/><publish:partInfo name="ObjectInUse" publish:ismodellink="false" publish:partLowerX="298" publish:partLowerY="544" publish:partUpperX="9" publish:partUpperY="471" shape="rect" xmi:id="_412MUCV.cE.d.y.i.v86.a.e.j.kL.cA"/><publish:partInfo anchor="#_.r.q.aF.xCV.cE.d.y.i.v86.a.e.j.kL.cA" name="errorReason" publish:ismodellink="false" publish:partLowerX="982" publish:partLowerY="716" publish:partUpperX="709" publish:partUpperY="700" shape="rect" xmi:id="_.r.q.aF.wCV.cE.d.y.i.v86.a.e.j.kL.cA"/><publish:partInfo name="UnsupportedRoutingConstraints" publish:ismodellink="false" publish:partLowerX="992" publish:partLowerY="721" publish:partUpperX="703" publish:partUpperY="648" shape="rect" xmi:id="_.r.q.aF.wCV.cE.d.y.i.v86.a.e.j.kL.cA"/><publish:partInfo anchor="#_.gS.x.fJCV.cE.d.y.i.v86.a.e.j.kL.cA" name="errorReason" publish:ismodellink="false" publish:partLowerX="633" publish:partLowerY="806" publish:partUpperX="360" publish:partUpperY="790" shape="rect" xmi:id="_.gS.x.fICV.cE.d.y.i.v86.a.e.j.kL.cA"/><publish:partInfo name="UserlabelInUse" publish:ismodellink="false" publish:partLowerX="643" publish:partLowerY="811" publish:partUpperX="354" publish:partUpperY="738" shape="rect" xmi:id="_.gS.x.fICV.cE.d.y.i.v86.a.e.j.kL.cA"/><publish:partInfo anchor="#_TAY.cBCV.cE.d.y.i.v86.a.e.j.kL.cA" name="errorReason" publish:ismodellink="false" publish:partLowerX="289" publish:partLowerY="170" publish:partUpperX="16" publish:partUpperY="154" shape="rect" xmi:id="_TAY.cACV.cE.d.y.i.v86.a.e.j.kL.cA"/><publish:partInfo name="EntityNotFound" publish:ismodellink="false" publish:partLowerX="298" publish:partLowerY="175" publish:partUpperX="9" publish:partUpperY="102" shape="rect" xmi:id="_TAY.cACV.cE.d.y.i.v86.a.e.j.kL.cA"/><publish:partInfo anchor="#_.uA.rPBCV.bE.d.y.i.v86.a.e.j.kL.cA" name="errorReason" publish:ismodellink="false" publish:partLowerX="289" publish:partLowerY="262" publish:partUpperX="16" publish:partUpperY="246" shape="rect" xmi:id="_.uA.rPACV.bE.d.y.i.v86.a.e.j.kL.cA"/><publish:partInfo name="InvalidInput" publish:ismodellink="false" publish:partLowerX="298" publish:partLowerY="267" publish:partUpperX="9" publish:partUpperY="194" shape="rect" xmi:id="_.uA.rPACV.bE.d.y.i.v86.a.e.j.kL.cA"/><publish:partInfo anchor="#_P.i.h8.cCVZE.d.y.i.v86.a.e.j.kL.cA" name="errorReason" publish:ismodellink="false" publish:partLowerX="289" publish:partLowerY="448" publish:partUpperX="16" publish:partUpperY="432" shape="rect" xmi:id="_.c9.oFECVYE.d.y.i.v86.a.e.j.kL.cA"/><publish:partInfo name="NotImplemented" publish:ismodellink="false" publish:partLowerX="298" publish:partLowerY="453" publish:partUpperX="9" publish:partUpperY="380" shape="rect" xmi:id="_.c9.oFECVYE.d.y.i.v86.a.e.j.kL.cA"/><publish:partInfo anchor="#_R.oI.sJCV.bE.d.y.i.v86.a.e.j.kL.cA" name="errorReason" publish:ismodellink="false" publish:partLowerX="633" publish:partLowerY="170" publish:partUpperX="360" publish:partUpperY="154" shape="rect" xmi:id="_R.oI.sICV.bE.d.y.i.v86.a.e.j.kL.cA"/><publish:partInfo name="InternalError" publish:ismodellink="false" publish:partLowerX="643" publish:partLowerY="175" publish:partUpperX="354" publish:partUpperY="102" shape="rect" xmi:id="_R.oI.sICV.bE.d.y.i.v86.a.e.j.kL.cA"/></contents><contents Type="Class" isDefault="false" name="MTOSI naming tree Class Diagram" publish:icon="-1677387246_icon.png" publish:imageType="PNG" publish:qualifiedname="Framework::Class Diagrams::MTOSI naming tree Class Diagram" xmi:id="_IN7MEKXHE.d2597.xQ-.kI.hBQ" xsi:type="notation:Diagram"><publish:properties><publish:property canonicalName="description" name="Description" publish:category="View"/><publish:property canonicalName="graphLayout" name="Graph Layout" publish:category="View" publish:value="VerticalOrthogonalHierarchical"/><publish:property canonicalName="labelLayout" name="Label Layout" publish:category="View" publish:value="None"/><publish:property canonicalName="linkLayout" name="Link Layout" publish:category="View" publish:value="None"/><publish:property canonicalName="measurementUnit" name="Measurement Unit" publish:category="View" publish:value="Himetric"/><publish:property canonicalName="name" name="Name" publish:category="View" publish:value="MTOSI naming tree Class Diagram"/><publish:property canonicalName="pageHeight" name="Page Height" publish:category="View" publish:value="100"/><publish:property canonicalName="pageWidth" name="Page Width" publish:category="View" publish:value="100"/><publish:property canonicalName="pageX" name="Page X" publish:category="View" publish:value="0"/><publish:property canonicalName="pageY" name="Page Y" publish:category="View" publish:value="0"/><publish:property canonicalName="styles" name="Styles" publish:category="View"/><publish:property canonicalName="useAliasName" name="Use Alias Name" publish:category="View" publish:value="false"/></publish:properties><publish:partInfo name="ManagementDomain" publish:ismodellink="false" publish:partLowerX="1157" publish:partLowerY="233" publish:partUpperX="940" publish:partUpperY="195" shape="rect" xmi:id="_3BA.f.cP.x8E.d.u.u.u.oHTW.mKV.yQ"/></contents><contents Type="Class" isDefault="false" name="FMW MART Service Interface Diagram" publish:icon="-1677387246_icon.png" publish:imageType="PNG" publish:qualifiedname="Framework::Class Diagrams::FMW MART Service Interface Diagram" xmi:id="_.z583.cOI.dE.d2.qHN.w.d.lV5.t3Q" xsi:type="notation:Diagram"><publish:properties><publish:property canonicalName="description" name="Description" publish:category="View"/><publish:property canonicalName="graphLayout" name="Graph Layout" publish:category="View" publish:value="VerticalOrthogonalHierarchical"/><publish:property canonicalName="labelLayout" name="Label Layout" publish:category="View" publish:value="None"/><publish:property canonicalName="linkLayout" name="Link Layout" publish:category="View" publish:value="None"/><publish:property canonicalName="measurementUnit" name="Measurement Unit" publish:category="View" publish:value="Himetric"/><publish:property canonicalName="name" name="Name" publish:category="View" publish:value="FMW MART Service Interface Diagram"/><publish:property canonicalName="pageHeight" name="Page Height" publish:category="View" publish:value="100"/><publish:property canonicalName="pageWidth" name="Page Width" publish:category="View" publish:value="100"/><publish:property canonicalName="pageX" name="Page X" publish:category="View" publish:value="0"/><publish:property canonicalName="pageY" name="Page Y" publish:category="View" publish:value="0"/><publish:property canonicalName="styles" name="Styles" publish:category="View"/><publish:property canonicalName="useAliasName" name="Use Alias Name" publish:category="View" publish:value="false"/></publish:properties><publish:partInfo name="uses" publish:ismodellink="false" publish:partLowerX="759" publish:partLowerY="396" publish:partUpperX="732" publish:partUpperY="381" shape="rect" xmi:id="_.qCATYOJIE.d2.qHN.w.d.lV5.t3Q"/><publish:partInfo coords="730,253,730,389,853,389,853,399,720,399,720,253,730,253" name="uses" publish:ismodellink="false" shape="poly" xmi:id="_.qCATYOJIE.d2.qHN.w.d.lV5.t3Q"/><publish:partInfo name="uses" publish:ismodellink="false" publish:partLowerX="1146" publish:partLowerY="300" publish:partUpperX="1119" publish:partUpperY="285" shape="rect" xmi:id="_N_.gHYOJHE.d2.qHN.w.d.lV5.t3Q"/><publish:partInfo coords="1130,269,1130,315,1120,315,1120,269,1130,269" name="uses" publish:ismodellink="false" shape="poly" xmi:id="_N_.gHYOJHE.d2.qHN.w.d.lV5.t3Q"/><publish:partInfo name="uses" publish:ismodellink="false" publish:partLowerX="1007" publish:partLowerY="300" publish:partUpperX="980" publish:partUpperY="285" shape="rect" xmi:id="_M.v.o.a8OJHE.d2.qHN.w.d.lV5.t3Q"/><publish:partInfo coords="992,269,992,315,982,315,982,269,992,269" name="uses" publish:ismodellink="false" shape="poly" xmi:id="_M.v.o.a8OJHE.d2.qHN.w.d.lV5.t3Q"/><publish:partInfo name="uses" publish:ismodellink="false" publish:partLowerX="1165" publish:partLowerY="453" publish:partUpperX="1138" publish:partUpperY="438" shape="rect" xmi:id="_K.o7NIOJHE.d2.qHN.w.d.lV5.t3Q"/><publish:partInfo coords="1239,416,1239,443,1046,443,1046,433,1229,433,1229,416,1239,416" name="uses" publish:ismodellink="false" shape="poly" xmi:id="_K.o7NIOJHE.d2.qHN.w.d.lV5.t3Q"/><publish:partInfo name="uses" publish:ismodellink="false" publish:partLowerX="463" publish:partLowerY="704" publish:partUpperX="436" publish:partUpperY="690" shape="rect" xmi:id="_ED.bVQOJGE.d2.qHN.w.d.lV5.t3Q"/><publish:partInfo coords="448,678,448,716,438,716,438,678,448,678" name="uses" publish:ismodellink="false" shape="poly" xmi:id="_ED.bVQOJGE.d2.qHN.w.d.lV5.t3Q"/><publish:partInfo name="uses" publish:ismodellink="false" publish:partLowerX="262" publish:partLowerY="612" publish:partUpperX="235" publish:partUpperY="597" shape="rect" xmi:id="_7.dIN0OJFE.d2.qHN.w.d.lV5.t3Q"/><publish:partInfo coords="266,617,221,617,221,608,266,608,266,617" name="uses" publish:ismodellink="false" shape="poly" xmi:id="_7.dIN0OJFE.d2.qHN.w.d.lV5.t3Q"/><publish:partInfo name="uses" publish:ismodellink="false" publish:partLowerX="182" publish:partLowerY="521" publish:partUpperX="155" publish:partUpperY="506" shape="rect" xmi:id="_1P2.zQOJFE.d2.qHN.w.d.lV5.t3Q"/><publish:partInfo coords="272,545,272,527,140,527,140,489,150,489,150,517,282,517,282,545,272,545" name="uses" publish:ismodellink="false" shape="poly" xmi:id="_1P2.zQOJFE.d2.qHN.w.d.lV5.t3Q"/><publish:partInfo name="uses" publish:ismodellink="false" publish:partLowerX="836" publish:partLowerY="882" publish:partUpperX="809" publish:partUpperY="867" shape="rect" xmi:id="_A.h49.oOJFE.d2.qHN.w.d.lV5.t3Q"/><publish:partInfo coords="865,890,780,890,780,880,865,880,865,890" name="uses" publish:ismodellink="false" shape="poly" xmi:id="_A.h49.oOJFE.d2.qHN.w.d.lV5.t3Q"/><publish:partInfo name="uses" publish:ismodellink="false" publish:partLowerX="790" publish:partLowerY="806" publish:partUpperX="763" publish:partUpperY="791" shape="rect" xmi:id="_L.t.g-AOJEE.d2.qHN.w.d.lV5.t3Q"/><publish:partInfo coords="774,777,774,819,764,819,764,777,774,777" name="uses" publish:ismodellink="false" shape="poly" xmi:id="_L.t.g-AOJEE.d2.qHN.w.d.lV5.t3Q"/><publish:partInfo name="uses" publish:ismodellink="false" publish:partLowerX="964" publish:partLowerY="806" publish:partUpperX="937" publish:partUpperY="791" shape="rect" xmi:id="_ELT.w0OJEE.d2.qHN.w.d.lV5.t3Q"/><publish:partInfo coords="949,777,949,819,939,819,939,777,949,777" name="uses" publish:ismodellink="false" shape="poly" xmi:id="_ELT.w0OJEE.d2.qHN.w.d.lV5.t3Q"/><publish:partInfo name="uses" publish:ismodellink="false" publish:partLowerX="872" publish:partLowerY="659" publish:partUpperX="845" publish:partUpperY="644" shape="rect" xmi:id="_.w.k.vE.wOJBE.d2.qHN.w.d.lV5.t3Q"/><publish:partInfo coords="857,626,857,676,847,676,847,626,857,626" name="uses" publish:ismodellink="false" shape="poly" xmi:id="_.w.k.vE.wOJBE.d2.qHN.w.d.lV5.t3Q"/><publish:partInfo name="uses" publish:ismodellink="false" publish:partLowerX="659" publish:partLowerY="426" publish:partUpperX="632" publish:partUpperY="411" shape="rect" xmi:id="_.sKD.pMOJBE.d2.qHN.w.d.lV5.t3Q"/><publish:partInfo coords="732,510,732,435,522,435,522,425,742,425,742,510,732,510" name="uses" publish:ismodellink="false" shape="poly" xmi:id="_.sKD.pMOJBE.d2.qHN.w.d.lV5.t3Q"/><publish:partInfo name="uses" publish:ismodellink="false" publish:partLowerX="317" publish:partLowerY="438" publish:partUpperX="290" publish:partUpperY="423" shape="rect" xmi:id="_.z.f.x.k.cOI_E.d2.qHN.w.d.lV5.t3Q"/><publish:partInfo coords="306,317,306,545,296,545,296,317,306,317" name="uses" publish:ismodellink="false" shape="poly" xmi:id="_.z.f.x.k.cOI_E.d2.qHN.w.d.lV5.t3Q"/><publish:partInfo name="uses" publish:ismodellink="false" publish:partLowerX="393" publish:partLowerY="360" publish:partUpperX="366" publish:partUpperY="345" shape="rect" xmi:id="_.y.aU_UOI_E.d2.qHN.w.d.lV5.t3Q"/><publish:partInfo coords="386,317,386,386,377,386,377,317,386,317" name="uses" publish:ismodellink="false" shape="poly" xmi:id="_.y.aU_UOI_E.d2.qHN.w.d.lV5.t3Q"/><publish:partInfo name="uses" publish:ismodellink="false" publish:partLowerX="50" publish:partLowerY="370" publish:partUpperX="23" publish:partUpperY="355" shape="rect" xmi:id="_.w.nI.jYOI_E.d2.qHN.w.d.lV5.t3Q"/><publish:partInfo coords="103,250,42,250,42,545,32,545,32,240,103,240,103,250" name="uses" publish:ismodellink="false" shape="poly" xmi:id="_.w.nI.jYOI_E.d2.qHN.w.d.lV5.t3Q"/><publish:partInfo name="uses" publish:ismodellink="false" publish:partLowerX="227" publish:partLowerY="359" publish:partUpperX="200" publish:partUpperY="344" shape="rect" xmi:id="_.v.f.c.i.kOI_E.d2.qHN.w.d.lV5.t3Q"/><publish:partInfo coords="220,317,220,388,210,388,210,317,220,317" name="uses" publish:ismodellink="false" shape="poly" xmi:id="_.v.f.c.i.kOI_E.d2.qHN.w.d.lV5.t3Q"/><publish:partInfo name="uses" publish:ismodellink="false" publish:partLowerX="877" publish:partLowerY="152" publish:partUpperX="850" publish:partUpperY="138" shape="rect" xmi:id="_.s.b.iJ0OI4E.d2.qHN.w.d.lV5.t3Q"/><publish:partInfo coords="870,122,870,168,860,168,860,122,870,122" name="uses" publish:ismodellink="false" shape="poly" xmi:id="_.s.b.iJ0OI4E.d2.qHN.w.d.lV5.t3Q"/><publish:partInfo name="uses" publish:ismodellink="false" publish:partLowerX="578" publish:partLowerY="152" publish:partUpperX="551" publish:partUpperY="137" shape="rect" xmi:id="_.qD2.g.wOI4E.d2.qHN.w.d.lV5.t3Q"/><publish:partInfo coords="571,122,571,168,561,168,561,122,571,122" name="uses" publish:ismodellink="false" shape="poly" xmi:id="_.qD2.g.wOI4E.d2.qHN.w.d.lV5.t3Q"/><publish:partInfo name="uses" publish:ismodellink="false" publish:partLowerX="822" publish:partLowerY="323" publish:partUpperX="795" publish:partUpperY="308" shape="rect" xmi:id="_.n8.j.dEOI4E.d2.qHN.w.d.lV5.t3Q"/><publish:partInfo coords="815,122,815,510,805,510,805,122,815,122" name="uses" publish:ismodellink="false" shape="poly" xmi:id="_.n8.j.dEOI4E.d2.qHN.w.d.lV5.t3Q"/><publish:partInfo name="uses" publish:ismodellink="false" publish:partLowerX="410" publish:partLowerY="152" publish:partUpperX="383" publish:partUpperY="137" shape="rect" xmi:id="_Z.xS4QOI4E.d2.qHN.w.d.lV5.t3Q"/><publish:partInfo coords="404,122,404,168,394,168,394,122,404,122" name="uses" publish:ismodellink="false" shape="poly" xmi:id="_Z.xS4QOI4E.d2.qHN.w.d.lV5.t3Q"/><publish:partInfo anchor="#_.o.nJ.z1.i4_E.d26CM.lL.p.yBM3Q" name="reason" publish:ismodellink="false" publish:partLowerX="1369" publish:partLowerY="415" publish:partUpperX="1086" publish:partUpperY="399" shape="rect" xmi:id="_.k.m2.nIC4_E.d26CM.lL.p.yBM3Q"/><publish:partInfo anchor="#_.o.nJ.z0.y4_E.d26CM.lL.p.yBM3Q" name="state" publish:ismodellink="false" publish:partLowerX="1369" publish:partLowerY="399" publish:partUpperX="1086" publish:partUpperY="383" shape="rect" xmi:id="_.k.m2.nIC4_E.d26CM.lL.p.yBM3Q"/><publish:partInfo anchor="#_.o.nJ.z0C4_E.d26CM.lL.p.yBM3Q" name="operationLabel" publish:ismodellink="false" publish:partLowerX="1369" publish:partLowerY="383" publish:partUpperX="1086" publish:partUpperY="367" shape="rect" xmi:id="_.k.m2.nIC4_E.d26CM.lL.p.yBM3Q"/><publish:partInfo name="OperationState" publish:ismodellink="false" publish:partLowerX="1378" publish:partLowerY="420" publish:partUpperX="1080" publish:partUpperY="315" shape="rect" xmi:id="_.k.m2.nIC4_E.d26CM.lL.p.yBM3Q"/><publish:partInfo name="UNKNOWN" publish:ismodellink="false" publish:partLowerX="1040" publish:partLowerY="463" publish:partUpperX="860" publish:partUpperY="447" shape="rect" xmi:id="_O.u.l6YC4_E.d26CM.lL.p.yBM3Q"/><publish:partInfo name="IN_PROGRESS" publish:ismodellink="false" publish:partLowerX="1040" publish:partLowerY="447" publish:partUpperX="860" publish:partUpperY="431" shape="rect" xmi:id="_NHCG.sC4_E.d26CM.lL.p.yBM3Q"/><publish:partInfo name="NOT_STARTED" publish:ismodellink="false" publish:partLowerX="1040" publish:partLowerY="431" publish:partUpperX="860" publish:partUpperY="415" shape="rect" xmi:id="_9.wTNQC4-E.d26CM.lL.p.yBM3Q"/><publish:partInfo name="FAILED" publish:ismodellink="false" publish:partLowerX="1040" publish:partLowerY="415" publish:partUpperX="860" publish:partUpperY="399" shape="rect" xmi:id="_7.zSG8C4-E.d26CM.lL.p.yBM3Q"/><publish:partInfo name="TERMINATED_SUCCESSFULLY" publish:ismodellink="false" publish:partLowerX="1040" publish:partLowerY="399" publish:partUpperX="860" publish:partUpperY="383" shape="rect" xmi:id="_6G.zXAC4-E.d26CM.lL.p.yBM3Q"/><publish:partInfo name="COMPLETED_SUCCESSFULLY" publish:ismodellink="false" publish:partLowerX="1040" publish:partLowerY="383" publish:partUpperX="860" publish:partUpperY="367" shape="rect" xmi:id="_4WTC.sC4-E.d26CM.lL.p.yBM3Q"/><publish:partInfo name="State" publish:ismodellink="false" publish:partLowerX="1049" publish:partLowerY="468" publish:partUpperX="853" publish:partUpperY="315" shape="rect" xmi:id="_.p02.dYC48E.d26CM.lL.p.yBM3Q"/><publish:partInfo anchor="#_B.eWV9S2HE.d2.b.v.e.w_.s.v.oXHA" name="definition" publish:ismodellink="false" publish:partLowerX="587" publish:partLowerY="800" publish:partUpperX="304" publish:partUpperY="784" shape="rect" xmi:id="_B.eWV8C2HE.d2.b.v.e.w_.s.v.oXHA"/><publish:partInfo anchor="#_B.eWV8.i2HE.d2.b.v.e.w_.s.v.oXHA" name="operationLabel" publish:ismodellink="false" publish:partLowerX="587" publish:partLowerY="784" publish:partUpperX="304" publish:partUpperY="768" shape="rect" xmi:id="_B.eWV8C2HE.d2.b.v.e.w_.s.v.oXHA"/><publish:partInfo name="Operation" publish:ismodellink="false" publish:partLowerX="597" publish:partLowerY="805" publish:partUpperX="298" publish:partUpperY="716" shape="rect" xmi:id="_B.eWV8C2HE.d2.b.v.e.w_.s.v.oXHA"/><publish:partInfo name="UNKNOWN" publish:ismodellink="false" publish:partLowerX="774" publish:partLowerY="951" publish:partUpperX="594" publish:partUpperY="935" shape="rect" xmi:id="_.gQ.p9.kC4.sE.d26CM.lL.p.yBM3Q"/><publish:partInfo name="NOT_ATTEMPTED" publish:ismodellink="false" publish:partLowerX="774" publish:partLowerY="935" publish:partUpperX="594" publish:partUpperY="919" shape="rect" xmi:id="_.fD6.d.oC4.sE.d26CM.lL.p.yBM3Q"/><publish:partInfo name="WARNING" publish:ismodellink="false" publish:partLowerX="774" publish:partLowerY="919" publish:partUpperX="594" publish:partUpperY="903" shape="rect" xmi:id="_.dM21YC4.sE.d26CM.lL.p.yBM3Q"/><publish:partInfo name="FAILURE" publish:ismodellink="false" publish:partLowerX="774" publish:partLowerY="903" publish:partUpperX="594" publish:partUpperY="887" shape="rect" xmi:id="_.cP.nKAC4.sE.d26CM.lL.p.yBM3Q"/><publish:partInfo name="SUCCESS" publish:ismodellink="false" publish:partLowerX="774" publish:partLowerY="887" publish:partUpperX="594" publish:partUpperY="871" shape="rect" xmi:id="_.bP1IAC4.sE.d26CM.lL.p.yBM3Q"/><publish:partInfo name="ResultType" publish:ismodellink="false" publish:partLowerX="783" publish:partLowerY="956" publish:partUpperX="588" publish:partUpperY="819" shape="rect" xmi:id="_Z.a.a.e.gC4.sE.d26CM.lL.p.yBM3Q"/><publish:partInfo anchor="#_C1.z-QC4.uE.d26CM.lL.p.yBM3Q" name="operationResultDataList" publish:ismodellink="false" publish:partLowerX="1189" publish:partLowerY="951" publish:partUpperX="872" publish:partUpperY="935" shape="rect" xmi:id="_.xE9.oQC4.sE.d26CM.lL.p.yBM3Q"/><publish:partInfo anchor="#_.pRXT.oC4.tE.d26CM.lL.p.yBM3Q" name="templateName" publish:ismodellink="false" publish:partLowerX="1189" publish:partLowerY="935" publish:partUpperX="872" publish:partUpperY="919" shape="rect" xmi:id="_.xE9.oQC4.sE.d26CM.lL.p.yBM3Q"/><publish:partInfo anchor="#_.xE9.oSC4.sE.d26CM.lL.p.yBM3Q" name="errorReason" publish:ismodellink="false" publish:partLowerX="1189" publish:partLowerY="919" publish:partUpperX="872" publish:partUpperY="903" shape="rect" xmi:id="_.xE9.oQC4.sE.d26CM.lL.p.yBM3Q"/><publish:partInfo anchor="#_.xE9.oRS4.sE.d26CM.lL.p.yBM3Q" name="result" publish:ismodellink="false" publish:partLowerX="1189" publish:partLowerY="903" publish:partUpperX="872" publish:partUpperY="887" shape="rect" xmi:id="_.xE9.oQC4.sE.d26CM.lL.p.yBM3Q"/><publish:partInfo anchor="#_.xE9.oQ.i4.sE.d26CM.lL.p.yBM3Q" name="operationLabel" publish:ismodellink="false" publish:partLowerX="1189" publish:partLowerY="887" publish:partUpperX="872" publish:partUpperY="871" shape="rect" xmi:id="_.xE9.oQC4.sE.d26CM.lL.p.yBM3Q"/><publish:partInfo name="OperationResult" publish:ismodellink="false" publish:partLowerX="1198" publish:partLowerY="956" publish:partUpperX="865" publish:partUpperY="819" shape="rect" xmi:id="_.xE9.oQC4.sE.d26CM.lL.p.yBM3Q"/><publish:partInfo anchor="#_XQ5.xJ.i4.oE.d2R9.fB.yI3-6D.w" name="operation" publish:ismodellink="false" publish:partLowerX="1018" publish:partLowerY="776" publish:partUpperX="689" publish:partUpperY="760" shape="rect" xmi:id="_A.k.x-.gC4.oE.d2R9.fB.yI3-6D.w"/><publish:partInfo anchor="#_XQ5.xI.y4.oE.d2R9.fB.yI3-6D.w" name="result" publish:ismodellink="false" publish:partLowerX="1018" publish:partLowerY="760" publish:partUpperX="689" publish:partUpperY="744" shape="rect" xmi:id="_A.k.x-.gC4.oE.d2R9.fB.yI3-6D.w"/><publish:partInfo anchor="#_XQ5.xIC4.oE.d2R9.fB.yI3-6D.w" name="operationSetResultLabel" publish:ismodellink="false" publish:partLowerX="1018" publish:partLowerY="744" publish:partUpperX="689" publish:partUpperY="728" shape="rect" xmi:id="_A.k.x-.gC4.oE.d2R9.fB.yI3-6D.w"/><publish:partInfo name="OperationSetResult" publish:ismodellink="false" publish:partLowerX="1028" publish:partLowerY="781" publish:partUpperX="683" publish:partUpperY="676" shape="rect" xmi:id="_A.k.x-.gC4.oE.d2R9.fB.yI3-6D.w"/><publish:partInfo name="ROLL_BACK" publish:ismodellink="false" publish:partLowerX="244" publish:partLowerY="488" publish:partUpperX="64" publish:partUpperY="472" shape="rect" xmi:id="_.x.z.xI4C2FE.d2.b.v.e.w_.s.v.oXHA"/><publish:partInfo name="HALT" publish:ismodellink="false" publish:partLowerX="244" publish:partLowerY="472" publish:partUpperX="64" publish:partUpperY="456" shape="rect" xmi:id="_.w.l.h0IC2FE.d2.b.v.e.w_.s.v.oXHA"/><publish:partInfo name="BEST_EFFORT" publish:ismodellink="false" publish:partLowerX="244" publish:partLowerY="456" publish:partUpperX="64" publish:partUpperY="440" shape="rect" xmi:id="_.u.aNMEC2FE.d2.b.v.e.w_.s.v.oXHA"/><publish:partInfo name="FailPolicy" publish:ismodellink="false" publish:partLowerX="253" publish:partLowerY="493" publish:partUpperX="57" publish:partUpperY="388" shape="rect" xmi:id="_.sD2Y.sC2FE.d2.b.v.e.w_.s.v.oXHA"/><publish:partInfo anchor="#_RO.m_UOJVE.d2.qHN.w.d.lV5.t3Q" name="additionalInfo" publish:ismodellink="false" publish:partLowerX="605" publish:partLowerY="677" publish:partUpperX="273" publish:partUpperY="661" shape="rect" xmi:id="_NIIHIC4.kE.d2R9.fB.yI3-6D.w"/><publish:partInfo anchor="#_KWA.d.cC4.nE.d2R9.fB.yI3-6D.w" name="operationList" publish:ismodellink="false" publish:partLowerX="605" publish:partLowerY="661" publish:partUpperX="273" publish:partUpperY="645" shape="rect" xmi:id="_NIIHIC4.kE.d2R9.fB.yI3-6D.w"/><publish:partInfo anchor="#_4E.rQ.kC4.lE.d2R9.fB.yI3-6D.w" name="order" publish:ismodellink="false" publish:partLowerX="605" publish:partLowerY="645" publish:partUpperX="273" publish:partUpperY="629" shape="rect" xmi:id="_NIIHIC4.kE.d2R9.fB.yI3-6D.w"/><publish:partInfo anchor="#_NIIHJS4.kE.d2R9.fB.yI3-6D.w" name="failPolicy" publish:ismodellink="false" publish:partLowerX="605" publish:partLowerY="629" publish:partUpperX="273" publish:partUpperY="613" shape="rect" xmi:id="_NIIHIC4.kE.d2R9.fB.yI3-6D.w"/><publish:partInfo anchor="#_NIIHI.i4.kE.d2R9.fB.yI3-6D.w" name="operationSetLabel" publish:ismodellink="false" publish:partLowerX="605" publish:partLowerY="613" publish:partUpperX="273" publish:partUpperY="597" shape="rect" xmi:id="_NIIHIC4.kE.d2R9.fB.yI3-6D.w"/><publish:partInfo name="OperationSet" publish:ismodellink="false" publish:partLowerX="615" publish:partLowerY="682" publish:partUpperX="266" publish:partUpperY="545" shape="rect" xmi:id="_NIIHIC4.kE.d2R9.fB.yI3-6D.w"/><publish:partInfo name="ANY" publish:ismodellink="false" publish:partLowerX="214" publish:partLowerY="629" publish:partUpperX="34" publish:partUpperY="613" shape="rect" xmi:id="_G.wRYAC2GE.d2.b.v.e.w_.s.v.oXHA"/><publish:partInfo name="SEQUENTIAL" publish:ismodellink="false" publish:partLowerX="214" publish:partLowerY="613" publish:partUpperX="34" publish:partUpperY="597" shape="rect" xmi:id="_F.b.o.gUC2GE.d2.b.v.e.w_.s.v.oXHA"/><publish:partInfo name="Order" publish:ismodellink="false" publish:partLowerX="224" publish:partLowerY="634" publish:partUpperX="28" publish:partUpperY="545" shape="rect" xmi:id="_A.h0R.sC2GE.d2.b.v.e.w_.s.v.oXHA"/><publish:partInfo anchor="#_7P.v.e.oC2GE.d2.b.v.e.w_.s.v.oXHA" name="definition" publish:ismodellink="false" publish:partLowerX="516" publish:partLowerY="470" publish:partUpperX="332" publish:partUpperY="454" shape="rect" xmi:id="_.t.jP5.cC2GE.d2.b.v.e.w_.s.v.oXHA"/><publish:partInfo anchor="#_2.aP.vUC2GE.d2.b.v.e.w_.s.v.oXHA" name="name" publish:ismodellink="false" publish:partLowerX="516" publish:partLowerY="454" publish:partUpperX="332" publish:partUpperY="438" shape="rect" xmi:id="_.t.jP5.cC2GE.d2.b.v.e.w_.s.v.oXHA"/><publish:partInfo name="Template" publish:ismodellink="false" publish:partLowerX="525" publish:partLowerY="475" publish:partUpperX="326" publish:partUpperY="386" shape="rect" xmi:id="_.t.jP5.cC2GE.d2.b.v.e.w_.s.v.oXHA"/><publish:partInfo anchor="#_1.jMP.oC5DE.d26CM.lL.p.yBM3Q" name="reason" publish:ismodellink="false" publish:partLowerX="776" publish:partLowerY="252" publish:partUpperX="530" publish:partUpperY="236" shape="rect" xmi:id="_2.ySV.cC5CE.d26CM.lL.p.yBM3Q"/><publish:partInfo anchor="#_4.g4.v0C5DE.d26CM.lL.p.yBM3Q" name="state" publish:ismodellink="false" publish:partLowerX="776" publish:partLowerY="236" publish:partUpperX="530" publish:partUpperY="220" shape="rect" xmi:id="_2.ySV.cC5CE.d26CM.lL.p.yBM3Q"/><publish:partInfo name="SingleTerminateProcessResponseData" publish:ismodellink="false" publish:partLowerX="786" publish:partLowerY="257" publish:partUpperX="524" publish:partUpperY="168" shape="rect" xmi:id="_2.ySV.cC5CE.d26CM.lL.p.yBM3Q"/><publish:partInfo anchor="#_A.tI.hIOJBE.d2.qHN.w.d.lV5.t3Q" name="additionalInfo" publish:ismodellink="false" publish:partLowerX="1030" publish:partLowerY="625" publish:partUpperX="677" publish:partUpperY="609" shape="rect" xmi:id="_Y16WYC5EE.d26CM.lL.p.yBM3Q"/><publish:partInfo anchor="#__-MZ.cC5EE.d26CM.lL.p.yBM3Q" name="operationSetResultList" publish:ismodellink="false" publish:partLowerX="1030" publish:partLowerY="609" publish:partUpperX="677" publish:partUpperY="593" shape="rect" xmi:id="_Y16WYC5EE.d26CM.lL.p.yBM3Q"/><publish:partInfo anchor="#_Y16WZS5EE.d26CM.lL.p.yBM3Q" name="errorReason" publish:ismodellink="false" publish:partLowerX="1030" publish:partLowerY="593" publish:partUpperX="677" publish:partUpperY="577" shape="rect" xmi:id="_Y16WYC5EE.d26CM.lL.p.yBM3Q"/><publish:partInfo anchor="#_Y16WY.i5EE.d26CM.lL.p.yBM3Q" name="templateList" publish:ismodellink="false" publish:partLowerX="1030" publish:partLowerY="577" publish:partUpperX="677" publish:partUpperY="561" shape="rect" xmi:id="_Y16WYC5EE.d26CM.lL.p.yBM3Q"/><publish:partInfo name="SingleDoProcessResponseData" publish:ismodellink="false" publish:partLowerX="1040" publish:partLowerY="630" publish:partUpperX="671" publish:partUpperY="510" shape="rect" xmi:id="_Y16WYC5EE.d26CM.lL.p.yBM3Q"/><publish:partInfo anchor="#_6.eLTQOI6E.d2.qHN.w.d.lV5.t3Q" name="additionalInfo" publish:ismodellink="false" publish:partLowerX="443" publish:partLowerY="316" publish:partUpperX="110" publish:partUpperY="300" shape="rect" xmi:id="_.iV.m.u.gC5FE.d26CM.lL.p.yBM3Q"/><publish:partInfo anchor="#_OB2P.gC5HE.d26CM.lL.p.yBM3Q" name="operationSet" publish:ismodellink="false" publish:partLowerX="443" publish:partLowerY="300" publish:partUpperX="110" publish:partUpperY="284" shape="rect" xmi:id="_.iV.m.u.gC5FE.d26CM.lL.p.yBM3Q"/><publish:partInfo anchor="#_.iV.m.u.g.i5FE.d26CM.lL.p.yBM3Q" name="templateList" publish:ismodellink="false" publish:partLowerX="443" publish:partLowerY="284" publish:partUpperX="110" publish:partUpperY="268" shape="rect" xmi:id="_.iV.m.u.gC5FE.d26CM.lL.p.yBM3Q"/><publish:partInfo anchor="#_N.tR.t.sC5HE.d26CM.lL.p.yBM3Q" name="order" publish:ismodellink="false" publish:partLowerX="443" publish:partLowerY="268" publish:partUpperX="110" publish:partUpperY="252" shape="rect" xmi:id="_.iV.m.u.gC5FE.d26CM.lL.p.yBM3Q"/><publish:partInfo anchor="#_.iV.m.u.i.i5FE.d26CM.lL.p.yBM3Q" name="failPolicy" publish:ismodellink="false" publish:partLowerX="443" publish:partLowerY="252" publish:partUpperX="110" publish:partUpperY="236" shape="rect" xmi:id="_.iV.m.u.gC5FE.d26CM.lL.p.yBM3Q"/><publish:partInfo anchor="#_.iV.m.u.h.y5FE.d26CM.lL.p.yBM3Q" name="requestId" publish:ismodellink="false" publish:partLowerX="443" publish:partLowerY="236" publish:partUpperX="110" publish:partUpperY="220" shape="rect" xmi:id="_.iV.m.u.gC5FE.d26CM.lL.p.yBM3Q"/><publish:partInfo name="SingleDoProcessRequestData" publish:ismodellink="false" publish:partLowerX="452" publish:partLowerY="321" publish:partUpperX="103" publish:partUpperY="168" shape="rect" xmi:id="_.iV.m.u.gC5FE.d26CM.lL.p.yBM3Q"/><publish:partInfo anchor="#_P.p.y.qQ.i4.yE.d26CM.lL.p.yBM3Q" name="operationList" publish:ismodellink="false" publish:partLowerX="1186" publish:partLowerY="268" publish:partUpperX="862" publish:partUpperY="252" shape="rect" xmi:id="_EL.nW.wC4.yE.d26CM.lL.p.yBM3Q"/><publish:partInfo anchor="#_P.p.p.gU.y4.yE.d26CM.lL.p.yBM3Q" name="state" publish:ismodellink="false" publish:partLowerX="1186" publish:partLowerY="252" publish:partUpperX="862" publish:partUpperY="236" shape="rect" xmi:id="_EL.nW.wC4.yE.d26CM.lL.p.yBM3Q"/><publish:partInfo anchor="#_P.p.p.gUC4.yE.d26CM.lL.p.yBM3Q" name="operationSetStateLabel" publish:ismodellink="false" publish:partLowerX="1186" publish:partLowerY="236" publish:partUpperX="862" publish:partUpperY="220" shape="rect" xmi:id="_EL.nW.wC4.yE.d26CM.lL.p.yBM3Q"/><publish:partInfo name="OperationSetState" publish:ismodellink="false" publish:partLowerX="1195" publish:partLowerY="273" publish:partUpperX="855" publish:partUpperY="168" shape="rect" xmi:id="_EL.nW.wC4.yE.d26CM.lL.p.yBM3Q"/><publish:partInfo anchor="#_P5.a.qAN-3E.d.yF.k.aOT6BXR.g.g" name="terminateProcess" publish:ismodellink="false" publish:partLowerX="873" publish:partLowerY="121" publish:partUpperX="177" publish:partUpperY="105" shape="rect" xmi:id="__X4KU.d-2E.d.yF.k.aOT6BXR.g.g"/><publish:partInfo anchor="#_OOIM4N-3E.d.yF.k.aOT6BXR.g.g" name="getProcessState" publish:ismodellink="false" publish:partLowerX="873" publish:partLowerY="105" publish:partUpperX="177" publish:partUpperY="89" shape="rect" xmi:id="__X4KU.d-2E.d.yF.k.aOT6BXR.g.g"/><publish:partInfo anchor="#_M.iZD0N-3E.d.yF.k.aOT6BXR.g.g" name="doProcess" publish:ismodellink="false" publish:partLowerX="873" publish:partLowerY="89" publish:partUpperX="177" publish:partUpperY="73" shape="rect" xmi:id="__X4KU.d-2E.d.yF.k.aOT6BXR.g.g"/><publish:partInfo name="MartService" publish:ismodellink="false" publish:partLowerX="883" publish:partLowerY="126" publish:partUpperX="171" publish:partUpperY="9" shape="rect" xmi:id="__X4KU.d-2E.d.yF.k.aOT6BXR.g.g"/></contents><contents Type="Class" isDefault="false" name="FMW Notification Handling Class Diagram" publish:icon="-1677387246_icon.png" publish:imageType="PNG" publish:qualifiedname="Framework::Class Diagrams::FMW Notification Handling Class Diagram" xmi:id="_K.d.n.bAH.oVE.eCBW5.cXQ.g0.v1Q" xsi:type="notation:Diagram"><publish:properties><publish:property canonicalName="description" name="Description" publish:category="View"/><publish:property canonicalName="graphLayout" name="Graph Layout" publish:category="View" publish:value="VerticalOrthogonalHierarchical"/><publish:property canonicalName="labelLayout" name="Label Layout" publish:category="View" publish:value="None"/><publish:property canonicalName="linkLayout" name="Link Layout" publish:category="View" publish:value="None"/><publish:property canonicalName="measurementUnit" name="Measurement Unit" publish:category="View" publish:value="Himetric"/><publish:property canonicalName="name" name="Name" publish:category="View" publish:value="FMW Notification Handling Class Diagram"/><publish:property canonicalName="pageHeight" name="Page Height" publish:category="View" publish:value="100"/><publish:property canonicalName="pageWidth" name="Page Width" publish:category="View" publish:value="100"/><publish:property canonicalName="pageX" name="Page X" publish:category="View" publish:value="0"/><publish:property canonicalName="pageY" name="Page Y" publish:category="View" publish:value="0"/><publish:property canonicalName="styles" name="Styles" publish:category="View"/><publish:property canonicalName="useAliasName" name="Use Alias Name" publish:category="View" publish:value="false"/></publish:properties><publish:partInfo anchor="#_.eT5WO3.pHE.eCBW5.cXQ.g0.v1Q" name="unsubscribe" publish:ismodellink="false" publish:partLowerX="552" publish:partLowerY="363" publish:partUpperX="16" publish:partUpperY="347" shape="rect" xmi:id="_G.a.pC.cN-3E.d.yF.k.aOT6BXR.g.g"/><publish:partInfo anchor="#_.eT5WMH.pHE.eCBW5.cXQ.g0.v1Q" name="subscribe" publish:ismodellink="false" publish:partLowerX="552" publish:partLowerY="347" publish:partUpperX="16" publish:partUpperY="331" shape="rect" xmi:id="_G.a.pC.cN-3E.d.yF.k.aOT6BXR.g.g"/><publish:partInfo name="NotificationProducerService" publish:ismodellink="false" publish:partLowerX="561" publish:partLowerY="368" publish:partUpperX="9" publish:partUpperY="269" shape="rect" xmi:id="_G.a.pC.cN-3E.d.yF.k.aOT6BXR.g.g"/><publish:partInfo anchor="#_X.a.h.q.oH.pHE.eCBW5.cXQ.g0.v1Q" name="notify" publish:ismodellink="false" publish:partLowerX="417" publish:partLowerY="232" publish:partUpperX="151" publish:partUpperY="216" shape="rect" xmi:id="_D-U.xAN-3E.d.yF.k.aOT6BXR.g.g"/><publish:partInfo name="NotificationConsumerService" publish:ismodellink="false" publish:partLowerX="426" publish:partLowerY="237" publish:partUpperX="144" publish:partUpperY="154" shape="rect" xmi:id="_D-U.xAN-3E.d.yF.k.aOT6BXR.g.g"/><publish:partInfo anchor="#_XL.h.l.sN-3E.d.yF.k.aOT6BXR.g.g" name="unsubscribe" publish:ismodellink="false" publish:partLowerX="552" publish:partLowerY="119" publish:partUpperX="16" publish:partUpperY="103" shape="rect" xmi:id="_B.pUB.cN-3E.d.yF.k.aOT6BXR.g.g"/><publish:partInfo anchor="#_V_Y.i.sN-3E.d.yF.k.aOT6BXR.g.g" name="subscribe" publish:ismodellink="false" publish:partLowerX="552" publish:partLowerY="103" publish:partUpperX="16" publish:partUpperY="87" shape="rect" xmi:id="_B.pUB.cN-3E.d.yF.k.aOT6BXR.g.g"/><publish:partInfo anchor="#_U.vNUQN-3E.d.yF.k.aOT6BXR.g.g" name="notify" publish:ismodellink="false" publish:partLowerX="552" publish:partLowerY="87" publish:partUpperX="16" publish:partUpperY="71" shape="rect" xmi:id="_B.pUB.cN-3E.d.yF.k.aOT6BXR.g.g"/><publish:partInfo name="NotificationBrokerService" publish:ismodellink="false" publish:partLowerX="561" publish:partLowerY="124" publish:partUpperX="9" publish:partUpperY="9" shape="rect" xmi:id="_B.pUB.cN-3E.d.yF.k.aOT6BXR.g.g"/></contents></packagedElement>