<?xml version="1.0" encoding="UTF-8"?><packagedElement name="Data Object Classes" xmlns:publish="http://www.ibm.com/Rational/XTools/Publish" publish:diagramFormat="PNG" publish:icon="-1325065473_icon.png" publish:modelname="Framework" publish:qualifiedname="Framework::Data Object Classes" publish:sortOrder="storage" publish:toplevelguid="_.v.t.w3.wO2IE.d.uD1.d0J9.j2.p4.g" xmlns:xmi="http://www.omg.org/XMI" xmi:id="_.iT.iR0O2JE.d.uD1.d0J9.j2.p4.g" xmi:version="2.0" xmlns:com.ibm.xtools.notation="http:///com/ibm/xtools/notation.ecore" xmlns:uml="http://www.eclipse.org/uml2/1.0.0/UML" xmlns:xsi="http://www.w3.org/2001/XMLSchema-instance" xsi:type="uml:Package"><publish:properties><publish:property canonicalName="Alias" name="Alias" publish:category="UML"/><publish:property canonicalName="Keywords" name="Keywords" publish:category="UML"/><publish:property canonicalName="name" name="Name" publish:category="UML" publish:value="Data Object Classes"/><publish:property canonicalName="nameExpression" name="Name Expression" publish:category="UML"/><publish:property canonicalName="namespace" name="Namespace" publish:category="UML" publish:ismodellink="true" publish:value="Framework" xmi:id="_.v.t.w3.wO2IE.d.uD1.d0J9.j2.p4.g"/><publish:property canonicalName="nestingPackage" name="Nesting Package" publish:category="UML" publish:ismodellink="true" publish:value="Framework" xmi:id="_.v.t.w3.wO2IE.d.uD1.d0J9.j2.p4.g"/><publish:property canonicalName="ownedTemplateSignature" name="Owned Template Signature" publish:category="UML"/><publish:property canonicalName="owner" name="Owner" publish:category="UML" publish:ismodellink="true" publish:value="Framework" xmi:id="_.v.t.w3.wO2IE.d.uD1.d0J9.j2.p4.g"/><publish:property canonicalName="owningTemplateParameter" name="Owning Template Parameter" publish:category="UML"/><publish:property canonicalName="qualifiedName" name="Qualified Name" publish:category="UML" publish:value="Framework::Data Object Classes"/><publish:property canonicalName="Stereotype" name="Stereotype" publish:category="UML"/><publish:property canonicalName="templateParameter" name="Template Parameter" publish:category="UML"/><publish:property canonicalName="visibility" name="Visibility" publish:category="UML" publish:value="Public"/></publish:properties><packagedElement name="ManagementDomain" publish:icon="1292180129_icon.png" publish:qualifiedname="Framework::Data Object Classes::ManagementDomain" xmi:id="_3BA.f.cP.x8E.d.u.u.u.oHTW.mKV.yQ" xsi:type="uml:Class"><publish:properties><publish:property canonicalName="Alias" name="Alias" publish:category="UML"/><publish:property canonicalName="classifierBehavior" name="Classifier Behavior" publish:category="UML"/><publish:property canonicalName="isAbstract" name="Is Abstract" publish:category="UML" publish:value="false"/><publish:property canonicalName="isActive" name="Is Active" publish:category="UML" publish:value="false"/><publish:property canonicalName="isLeaf" name="Is Leaf" publish:category="UML" publish:value="false"/><publish:property canonicalName="Keywords" name="Keywords" publish:category="UML"/><publish:property canonicalName="name" name="Name" publish:category="UML" publish:value="ManagementDomain"/><publish:property canonicalName="nameExpression" name="Name Expression" publish:category="UML"/><publish:property canonicalName="namespace" name="Namespace" publish:category="UML" publish:ismodellink="false" publish:value="Data Object Classes" xmi:id="_.iT.iR0O2JE.d.uD1.d0J9.j2.p4.g"/><publish:property canonicalName="objectCreationNotification" name="objectCreationNotification" publish:category="mTOPClass" publish:value="1 - YES"/><publish:property canonicalName="objectDeletionNotification" name="objectDeletionNotification" publish:category="mTOPClass" publish:value="1 - YES"/><publish:property canonicalName="objectDiscoveryNotification" name="objectDiscoveryNotification" publish:category="mTOPClass" publish:value="1 - YES"/><publish:property canonicalName="ownedTemplateSignature" name="Owned Template Signature" publish:category="UML"/><publish:property canonicalName="owner" name="Owner" publish:category="UML" publish:ismodellink="false" publish:value="Data Object Classes" xmi:id="_.iT.iR0O2JE.d.uD1.d0J9.j2.p4.g"/><publish:property canonicalName="owningTemplateParameter" name="Owning Template Parameter" publish:category="UML"/><publish:property canonicalName="package" name="Package" publish:category="UML" publish:ismodellink="false" publish:value="Data Object Classes" xmi:id="_.iT.iR0O2JE.d.uD1.d0J9.j2.p4.g"/><publish:property canonicalName="qualifiedName" name="Qualified Name" publish:category="UML" publish:value="Framework::Data Object Classes::ManagementDomain"/><publish:property canonicalName="representation" name="Representation" publish:category="UML"/><publish:property canonicalName="Stereotype" name="Stereotype" publish:category="UML" publish:value="mTOPClass"/><publish:property canonicalName="templateParameter" name="Template Parameter" publish:category="UML"/><publish:property canonicalName="visibility" name="Visibility" publish:category="UML" publish:value="Public"/></publish:properties><ancestor name="CommonObjectInfo" publish:icon="1292180129_icon.png" publish:qualifiedname="Framework::Data Object Classes::CommonObjectInfo" xmi:id="_.o9.aZ.cA6.yE.d.y.d7PUN.b-IYCQ" xsi:type="uml:Class"><inheritedAttribute anchor="#_.x.d-.pJA6.uE.d.y.d7PUN.b-IYCQ" name="name" publish:icon="-301655413_icon.png" publish:qualifiedname="Framework::Data Object Classes::CommonObjectInfo::name" xmi:id="_.o9.aZ.cA6.yE.d.y.d7PUN.b-IYCQ" xsi:type="uml:Property"/><inheritedAttribute anchor="#_.x.d-.pMA6.uE.d.y.d7PUN.b-IYCQ" name="discoveredName" publish:icon="923081473_icon.png" publish:qualifiedname="Framework::Data Object Classes::CommonObjectInfo::discoveredName" xmi:id="_.o9.aZ.cA6.yE.d.y.d7PUN.b-IYCQ" xsi:type="uml:Property"/><inheritedAttribute anchor="#_.x.d-.pM.w6.uE.d.y.d7PUN.b-IYCQ" name="namingOsRef" publish:icon="923081473_icon.png" publish:qualifiedname="Framework::Data Object Classes::CommonObjectInfo::namingOsRef" xmi:id="_.o9.aZ.cA6.yE.d.y.d7PUN.b-IYCQ" xsi:type="uml:Property"/><inheritedAttribute anchor="#_.h.wRYUB.t3E.d29JJ.r_.hKM.p.fA" name="nativeEmsName" publish:icon="923081473_icon.png" publish:qualifiedname="Framework::Data Object Classes::CommonObjectInfo::nativeEmsName" xmi:id="_.o9.aZ.cA6.yE.d.y.d7PUN.b-IYCQ" xsi:type="uml:Property"/><inheritedAttribute anchor="#_.x.d-.pOQ6.uE.d.y.d7PUN.b-IYCQ" name="aliasNameList" publish:icon="923081473_icon.png" publish:qualifiedname="Framework::Data Object Classes::CommonObjectInfo::aliasNameList" xmi:id="_.o9.aZ.cA6.yE.d.y.d7PUN.b-IYCQ" xsi:type="uml:Property"/><inheritedAttribute anchor="#_4.z.dIQA62E.d.y.d7PUN.b-IYCQ" name="userLabel" publish:icon="923081473_icon.png" publish:qualifiedname="Framework::Data Object Classes::CommonObjectInfo::userLabel" xmi:id="_.o9.aZ.cA6.yE.d.y.d7PUN.b-IYCQ" xsi:type="uml:Property"/><inheritedAttribute anchor="#_.x.d-.pK.g6.uE.d.y.d7PUN.b-IYCQ" name="owner" publish:icon="923081473_icon.png" publish:qualifiedname="Framework::Data Object Classes::CommonObjectInfo::owner" xmi:id="_.o9.aZ.cA6.yE.d.y.d7PUN.b-IYCQ" xsi:type="uml:Property"/><inheritedAttribute anchor="#_.x.d-.pQQ6.uE.d.y.d7PUN.b-IYCQ" name="additionalInfo" publish:icon="923081473_icon.png" publish:qualifiedname="Framework::Data Object Classes::CommonObjectInfo::additionalInfo" xmi:id="_.o9.aZ.cA6.yE.d.y.d7PUN.b-IYCQ" xsi:type="uml:Property"/></ancestor><ownedComment annotatedElement="_3BA.f.cP.x8E.d.u.u.u.oHTW.mKV.yQ" body="One or more ManagementDomains are used to represent the managed network of a service provider (i.e., a portion of a network) in the context of a given CCV. Each network resource is contained under exactly one ManagementDomain. Each OS on the CCV may store part or whole inventory associated with one or more ManagementDomains.&#13;&#10;A top-level OS may manage part or all of one or more ManagementDomains.&#13;&#10;Traceability: R_TMF518_FMW_I_0004 and R_TMF518_FMW_I_0006." isDocumentation="true" isURL="false" name="&lt;Unnamed Comment&gt;" publish:icon="1023744610_icon.png" publish:qualifiedname="Framework::Data Object Classes::ManagementDomain::&lt;Comment&gt;" xmi:id="_9.b.x.j.cP.x8E.d.u.u.u.oHTW.mKV.yQ" xsi:type="uml:Comment"><publish:properties><publish:property canonicalName="body" name="Body" publish:category="UML" publish:value="One or more ManagementDomains are used to represent the managed network of a service provider (i.e., a portion of a network) in the context of a given CCV. Each network resource is contained under exactly one ManagementDomain. Each OS on the CCV may store part or whole inventory associated with one or more ManagementDomains...."/><publish:property canonicalName="Keywords" name="Keywords" publish:category="UML"/><publish:property canonicalName="owner" name="Owner" publish:category="UML" publish:ismodellink="false" publish:value="«mTOPClass» ManagementDomain" xmi:id="_3BA.f.cP.x8E.d.u.u.u.oHTW.mKV.yQ"/><publish:property canonicalName="Stereotype" name="Stereotype" publish:category="UML" publish:value="documentation"/></publish:properties></ownedComment><generalization name="&lt;Unnamed Generalization&gt;" publish:icon="-452650376_icon.png" publish:qualifiedname="Framework::Data Object Classes::ManagementDomain::&lt;Generalization&gt;" xmi:id="__9.bW.k.dV.yE.d.y.o2J7V.mO8KV.g" xsi:type="uml:Generalization"><publish:properties><publish:property canonicalName="general" name="General" publish:category="UML" publish:ismodellink="false" publish:value="«mTOPClass» CommonObjectInfo" xmi:id="_.o9.aZ.cA6.yE.d.y.d7PUN.b-IYCQ"/><publish:property canonicalName="isSubstitutable" name="Is Substitutable" publish:category="UML" publish:value="true"/><publish:property canonicalName="Keywords" name="Keywords" publish:category="UML"/><publish:property canonicalName="owner" name="Owner" publish:category="UML" publish:ismodellink="false" publish:value="«mTOPClass» ManagementDomain" xmi:id="_3BA.f.cP.x8E.d.u.u.u.oHTW.mKV.yQ"/><publish:property canonicalName="specific" name="Specific" publish:category="UML" publish:ismodellink="false" publish:value="«mTOPClass» ManagementDomain" xmi:id="_3BA.f.cP.x8E.d.u.u.u.oHTW.mKV.yQ"/><publish:property canonicalName="Stereotype" name="Stereotype" publish:category="UML"/></publish:properties></generalization></packagedElement><packagedElement name="CommonObjectInfo" publish:icon="1292180129_icon.png" publish:qualifiedname="Framework::Data Object Classes::CommonObjectInfo" xmi:id="_.o9.aZ.cA6.yE.d.y.d7PUN.b-IYCQ" xsi:type="uml:Class"><publish:properties><publish:property canonicalName="Alias" name="Alias" publish:category="UML"/><publish:property canonicalName="classifierBehavior" name="Classifier Behavior" publish:category="UML"/><publish:property canonicalName="isAbstract" name="Is Abstract" publish:category="UML" publish:value="true"/><publish:property canonicalName="isActive" name="Is Active" publish:category="UML" publish:value="false"/><publish:property canonicalName="isLeaf" name="Is Leaf" publish:category="UML" publish:value="false"/><publish:property canonicalName="Keywords" name="Keywords" publish:category="UML"/><publish:property canonicalName="name" name="Name" publish:category="UML" publish:value="CommonObjectInfo"/><publish:property canonicalName="nameExpression" name="Name Expression" publish:category="UML"/><publish:property canonicalName="namespace" name="Namespace" publish:category="UML" publish:ismodellink="false" publish:value="Data Object Classes" xmi:id="_.iT.iR0O2JE.d.uD1.d0J9.j2.p4.g"/><publish:property canonicalName="objectCreationNotification" name="objectCreationNotification" publish:category="mTOPClass" publish:value="0 - NOT_APPLICABLE"/><publish:property canonicalName="objectDeletionNotification" name="objectDeletionNotification" publish:category="mTOPClass" publish:value="0 - NOT_APPLICABLE"/><publish:property canonicalName="objectDiscoveryNotification" name="objectDiscoveryNotification" publish:category="mTOPClass" publish:value="0 - NOT_APPLICABLE"/><publish:property canonicalName="ownedTemplateSignature" name="Owned Template Signature" publish:category="UML"/><publish:property canonicalName="owner" name="Owner" publish:category="UML" publish:ismodellink="false" publish:value="Data Object Classes" xmi:id="_.iT.iR0O2JE.d.uD1.d0J9.j2.p4.g"/><publish:property canonicalName="owningTemplateParameter" name="Owning Template Parameter" publish:category="UML"/><publish:property canonicalName="package" name="Package" publish:category="UML" publish:ismodellink="false" publish:value="Data Object Classes" xmi:id="_.iT.iR0O2JE.d.uD1.d0J9.j2.p4.g"/><publish:property canonicalName="qualifiedName" name="Qualified Name" publish:category="UML" publish:value="Framework::Data Object Classes::CommonObjectInfo"/><publish:property canonicalName="representation" name="Representation" publish:category="UML"/><publish:property canonicalName="Stereotype" name="Stereotype" publish:category="UML" publish:value="mTOPClass"/><publish:property canonicalName="templateParameter" name="Template Parameter" publish:category="UML"/><publish:property canonicalName="visibility" name="Visibility" publish:category="UML" publish:value="Public"/></publish:properties><ownedComment annotatedElement="_.o9.aZ.cA6.yE.d.y.d7PUN.b-IYCQ" body="This object class defines the common attributes for all addressable object classes.&#13;&#10;Traceability: R_TMF518_FMW_I_0001." isDocumentation="true" isURL="false" name="&lt;Unnamed Comment&gt;" publish:icon="1023744610_icon.png" publish:qualifiedname="Framework::Data Object Classes::CommonObjectInfo::&lt;Comment&gt;" xmi:id="_F.u1SMA66E.d.y1D.qAHM.bUTO.w" xsi:type="uml:Comment"><publish:properties><publish:property canonicalName="body" name="Body" publish:category="UML" publish:value="This object class defines the common attributes for all addressable object classes...."/><publish:property canonicalName="Keywords" name="Keywords" publish:category="UML"/><publish:property canonicalName="owner" name="Owner" publish:category="UML" publish:ismodellink="false" publish:value="«mTOPClass» CommonObjectInfo" xmi:id="_.o9.aZ.cA6.yE.d.y.d7PUN.b-IYCQ"/><publish:property canonicalName="Stereotype" name="Stereotype" publish:category="UML" publish:value="documentation"/></publish:properties></ownedComment><ownedAttribute name="name" publish:icon="-301655413_icon.png" publish:is_association="false" publish:qualifiedname="Framework::Data Object Classes::CommonObjectInfo::name" publish:type="ObjectName" publish:typeid="_P.t7.d.cP.oSE.d.uS.g.t.mT.zBJ.nV.w" xmi:id="_.x.d-.pJA6.uE.d.y.d7PUN.b-IYCQ" xsi:type="uml:Property"><publish:properties><publish:property canonicalName="aggregation" name="Aggregation" publish:category="UML" publish:value="None"/><publish:property canonicalName="Alias" name="Alias" publish:category="UML"/><publish:property canonicalName="association" name="Association" publish:category="UML"/><publish:property canonicalName="associationEnd" name="Association End" publish:category="UML"/><publish:property canonicalName="class" name="Class" publish:category="UML" publish:ismodellink="false" publish:value="«mTOPClass» CommonObjectInfo" xmi:id="_.o9.aZ.cA6.yE.d.y.d7PUN.b-IYCQ"/><publish:property canonicalName="datatype" name="Datatype" publish:category="UML"/><publish:property canonicalName="default" name="Default" publish:category="UML" publish:value="NA"/><publish:property canonicalName="defaultValue" name="Default Value" publish:category="UML" publish:nohref="true" publish:value="()"/><publish:property canonicalName="isComposite" name="Is Composite" publish:category="UML" publish:value="false"/><publish:property canonicalName="isDerived" name="Is Derived" publish:category="UML" publish:value="false"/><publish:property canonicalName="isDerivedUnion" name="Is Derived Union" publish:category="UML" publish:value="false"/><publish:property canonicalName="isLeaf" name="Is Leaf" publish:category="UML" publish:value="false"/><publish:property canonicalName="isOrdered" name="Is Ordered" publish:category="UML" publish:value="false"/><publish:property canonicalName="isReadOnly" name="Is Read Only" publish:category="UML" publish:value="true"/><publish:property canonicalName="isStatic" name="Is Static" publish:category="UML" publish:value="false"/><publish:property canonicalName="isUnique" name="Is Unique" publish:category="UML" publish:value="true"/><publish:property canonicalName="isInvariant" name="isInvariant" publish:category="mTOPAttribute" publish:value="True"/><publish:property canonicalName="Keywords" name="Keywords" publish:category="UML" publish:value="objectRefKey"/><publish:property canonicalName="lower" name="Lower" publish:category="UML" publish:value="1"/><publish:property canonicalName="lowerValue" name="Lower Value" publish:category="UML"/><publish:property canonicalName="Multiplicity" name="Multiplicity" publish:category="UML" publish:value="1"/><publish:property canonicalName="name" name="Name" publish:category="UML" publish:value="name"/><publish:property canonicalName="nameExpression" name="Name Expression" publish:category="UML"/><publish:property canonicalName="namespace" name="Namespace" publish:category="UML" publish:ismodellink="false" publish:value="«mTOPClass» CommonObjectInfo" xmi:id="_.o9.aZ.cA6.yE.d.y.d7PUN.b-IYCQ"/><publish:property canonicalName="notificationType" name="notificationType" publish:category="mTOPAttribute" publish:value="0 - NOT_APPLICABLE"/><publish:property canonicalName="opposite" name="Opposite" publish:category="UML"/><publish:property canonicalName="owner" name="Owner" publish:category="UML" publish:ismodellink="false" publish:value="«mTOPClass» CommonObjectInfo" xmi:id="_.o9.aZ.cA6.yE.d.y.d7PUN.b-IYCQ"/><publish:property canonicalName="owningAssociation" name="Owning Association" publish:category="UML"/><publish:property canonicalName="owningTemplateParameter" name="Owning Template Parameter" publish:category="UML"/><publish:property canonicalName="qualifiedName" name="Qualified Name" publish:category="UML" publish:value="Framework::Data Object Classes::CommonObjectInfo::name"/><publish:property canonicalName="Stereotype" name="Stereotype" publish:category="UML" publish:value="mTOPAttribute"/><publish:property canonicalName="templateParameter" name="Template Parameter" publish:category="UML"/><publish:property canonicalName="type" name="Type" publish:category="UML" publish:ismodellink="false" publish:value="ObjectName" xmi:id="_P.t7.d.cP.oSE.d.uS.g.t.mT.zBJ.nV.w"/><publish:property canonicalName="upper" name="Upper" publish:category="UML" publish:value="1"/><publish:property canonicalName="upperValue" name="Upper Value" publish:category="UML"/><publish:property canonicalName="visibility" name="Visibility" publish:category="UML" publish:value="Public"/><publish:property canonicalName="writeable" name="writeable" publish:category="mTOPAttribute" publish:value="2 - TARGET_OS_ONLY"/></publish:properties><ownedComment annotatedElement="_.x.d-.pJA6.uE.d.y.d7PUN.b-IYCQ" body="This attribute represents a unique identifier for the object on the CCV within the context of the OS that creates the object.&#13;&#10;Traceability: R_TMF518_FMW_I_0001, R_TMF518_FMW_I_0002, R_TMF518_FMW_I_0003 and R_TMF518_FMW_I_0006." isDocumentation="false" isURL="false" name="&lt;Unnamed Comment&gt;" publish:icon="1023744610_icon.png" publish:qualifiedname="Framework::Data Object Classes::CommonObjectInfo::name::&lt;Comment&gt;" xmi:id="_.x.d-.pJQ6.uE.d.y.d7PUN.b-IYCQ" xsi:type="uml:Comment"><publish:properties><publish:property canonicalName="body" name="Body" publish:category="UML" publish:value="This attribute represents a unique identifier for the object on the CCV within the context of the OS that creates the object...."/><publish:property canonicalName="Keywords" name="Keywords" publish:category="UML"/><publish:property anchor="#_.x.d-.pJA6.uE.d.y.d7PUN.b-IYCQ" canonicalName="owner" name="Owner" publish:category="UML" publish:ismodellink="false" publish:value="«objectRefKey, mTOPAttribute» name" xmi:id="_.o9.aZ.cA6.yE.d.y.d7PUN.b-IYCQ"/><publish:property canonicalName="Stereotype" name="Stereotype" publish:category="UML"/></publish:properties></ownedComment><ownedComment annotatedElement="_.x.d-.pJA6.uE.d.y.d7PUN.b-IYCQ" body="This attribute represents a unique identifier of the object on the CCV within the context of the OS that creates the object.&#13;&#10;For object naming see also attached supporting document SD2-7_ObjectNaming.&#13;&#10;&#13;&#10;Traceability: R_TMF518_FMW_I_0002, R_TMF518_FMW_I_0003." isDocumentation="true" isURL="false" name="&lt;Unnamed Comment&gt;" publish:icon="1023744610_icon.png" publish:qualifiedname="Framework::Data Object Classes::CommonObjectInfo::name::&lt;Comment&gt;" xmi:id="_.iY9G.sCM.mE.d.y7G.r.fA.i1CT.wQ" xsi:type="uml:Comment"><publish:properties><publish:property canonicalName="body" name="Body" publish:category="UML" publish:value="This attribute represents a unique identifier of the object on the CCV within the context of the OS that creates the object...."/><publish:property canonicalName="Keywords" name="Keywords" publish:category="UML"/><publish:property anchor="#_.x.d-.pJA6.uE.d.y.d7PUN.b-IYCQ" canonicalName="owner" name="Owner" publish:category="UML" publish:ismodellink="false" publish:value="«objectRefKey, mTOPAttribute» name" xmi:id="_.o9.aZ.cA6.yE.d.y.d7PUN.b-IYCQ"/><publish:property canonicalName="Stereotype" name="Stereotype" publish:category="UML" publish:value="documentation"/></publish:properties></ownedComment><ownedComment annotatedElement="_.x.d-.pJA6.uE.d.y.d7PUN.b-IYCQ" body="..\SD\SD2-7_ObjectNaming.pdf" isDocumentation="false" isURL="true" name="&lt;Unnamed Comment&gt;" publish:icon="100998000_icon.png" publish:qualifiedname="Framework::Data Object Classes::CommonObjectInfo::name::&lt;Comment&gt;" xmi:id="_0WS.zADJGE.d2.l.bKB.qL.n3K0A" xsi:type="uml:Comment"><publish:properties><publish:property canonicalName="body" name="Body" publish:category="UML" publish:value="..\SD\SD2-7_ObjectNaming.pdf"/><publish:property canonicalName="Display Name" name="Display Name" publish:category="URL"/><publish:property canonicalName="Icon" name="Icon" publish:category="URL"/><publish:property canonicalName="Keywords" name="Keywords" publish:category="UML"/><publish:property anchor="#_.x.d-.pJA6.uE.d.y.d7PUN.b-IYCQ" canonicalName="owner" name="Owner" publish:category="UML" publish:ismodellink="false" publish:value="«objectRefKey, mTOPAttribute» name" xmi:id="_.o9.aZ.cA6.yE.d.y.d7PUN.b-IYCQ"/><publish:property canonicalName="Stereotype" name="Stereotype" publish:category="UML" publish:value="URL"/><publish:property canonicalName="Type" name="Type" publish:category="URL"/></publish:properties></ownedComment><defaultValue name="&lt;Unnamed OpaqueExpression&gt;" publish:icon="-419095724_icon.png" publish:qualifiedname="Framework::Data Object Classes::CommonObjectInfo::name::&lt;OpaqueExpression&gt;" xmi:id="_.x.d-.pJ.g6.uE.d.y.d7PUN.b-IYCQ" xsi:type="uml:OpaqueExpression"><publish:properties><publish:property canonicalName="Alias" name="Alias" publish:category="UML"/><publish:property canonicalName="behavior" name="Behavior" publish:category="UML"/><publish:property canonicalName="body" name="Body" publish:category="UML" publish:value="NA"/><publish:property canonicalName="Keywords" name="Keywords" publish:category="UML"/><publish:property canonicalName="language" name="Language" publish:category="UML"/><publish:property canonicalName="name" name="Name" publish:category="UML"/><publish:property canonicalName="nameExpression" name="Name Expression" publish:category="UML"/><publish:property canonicalName="namespace" name="Namespace" publish:category="UML"/><publish:property anchor="#_.x.d-.pJA6.uE.d.y.d7PUN.b-IYCQ" canonicalName="owner" name="Owner" publish:category="UML" publish:ismodellink="false" publish:value="«objectRefKey, mTOPAttribute» name" xmi:id="_.o9.aZ.cA6.yE.d.y.d7PUN.b-IYCQ"/><publish:property canonicalName="owningTemplateParameter" name="Owning Template Parameter" publish:category="UML"/><publish:property canonicalName="qualifiedName" name="Qualified Name" publish:category="UML"/><publish:property canonicalName="result" name="Result" publish:category="UML"/><publish:property canonicalName="Stereotype" name="Stereotype" publish:category="UML"/><publish:property canonicalName="templateParameter" name="Template Parameter" publish:category="UML"/><publish:property canonicalName="type" name="Type" publish:category="UML" publish:ismodellink="false" publish:value="ObjectName" xmi:id="_P.t7.d.cP.oSE.d.uS.g.t.mT.zBJ.nV.w"/><publish:property canonicalName="visibility" name="Visibility" publish:category="UML" publish:value="Public"/></publish:properties></defaultValue></ownedAttribute><ownedAttribute name="discoveredName" publish:icon="923081473_icon.png" publish:qualifiedname="Framework::Data Object Classes::CommonObjectInfo::discoveredName" publish:type="String" xmi:id="_.x.d-.pMA6.uE.d.y.d7PUN.b-IYCQ" xsi:type="uml:Property"><publish:properties><publish:property canonicalName="aggregation" name="Aggregation" publish:category="UML" publish:value="None"/><publish:property canonicalName="Alias" name="Alias" publish:category="UML"/><publish:property canonicalName="association" name="Association" publish:category="UML"/><publish:property canonicalName="associationEnd" name="Association End" publish:category="UML"/><publish:property canonicalName="class" name="Class" publish:category="UML" publish:ismodellink="false" publish:value="«mTOPClass» CommonObjectInfo" xmi:id="_.o9.aZ.cA6.yE.d.y.d7PUN.b-IYCQ"/><publish:property canonicalName="datatype" name="Datatype" publish:category="UML"/><publish:property canonicalName="default" name="Default" publish:category="UML" publish:value="empty string"/><publish:property canonicalName="defaultValue" name="Default Value" publish:category="UML" publish:nohref="true" publish:value="()"/><publish:property canonicalName="isComposite" name="Is Composite" publish:category="UML" publish:value="false"/><publish:property canonicalName="isDerived" name="Is Derived" publish:category="UML" publish:value="false"/><publish:property canonicalName="isDerivedUnion" name="Is Derived Union" publish:category="UML" publish:value="false"/><publish:property canonicalName="isLeaf" name="Is Leaf" publish:category="UML" publish:value="false"/><publish:property canonicalName="isOrdered" name="Is Ordered" publish:category="UML" publish:value="false"/><publish:property canonicalName="isReadOnly" name="Is Read Only" publish:category="UML" publish:value="true"/><publish:property canonicalName="isStatic" name="Is Static" publish:category="UML" publish:value="false"/><publish:property canonicalName="isUnique" name="Is Unique" publish:category="UML" publish:value="true"/><publish:property canonicalName="isInvariant" name="isInvariant" publish:category="mTOPAttribute" publish:value="True"/><publish:property canonicalName="Keywords" name="Keywords" publish:category="UML" publish:value="profile=xml"/><publish:property canonicalName="lower" name="Lower" publish:category="UML" publish:value="1"/><publish:property canonicalName="lowerValue" name="Lower Value" publish:category="UML"/><publish:property canonicalName="Multiplicity" name="Multiplicity" publish:category="UML" publish:value="1"/><publish:property canonicalName="name" name="Name" publish:category="UML" publish:value="discoveredName"/><publish:property canonicalName="nameExpression" name="Name Expression" publish:category="UML"/><publish:property canonicalName="namespace" name="Namespace" publish:category="UML" publish:ismodellink="false" publish:value="«mTOPClass» CommonObjectInfo" xmi:id="_.o9.aZ.cA6.yE.d.y.d7PUN.b-IYCQ"/><publish:property canonicalName="notificationType" name="notificationType" publish:category="mTOPAttribute" publish:value="0 - NOT_APPLICABLE"/><publish:property canonicalName="opposite" name="Opposite" publish:category="UML"/><publish:property canonicalName="owner" name="Owner" publish:category="UML" publish:ismodellink="false" publish:value="«mTOPClass» CommonObjectInfo" xmi:id="_.o9.aZ.cA6.yE.d.y.d7PUN.b-IYCQ"/><publish:property canonicalName="owningAssociation" name="Owning Association" publish:category="UML"/><publish:property canonicalName="owningTemplateParameter" name="Owning Template Parameter" publish:category="UML"/><publish:property canonicalName="qualifiedName" name="Qualified Name" publish:category="UML" publish:value="Framework::Data Object Classes::CommonObjectInfo::discoveredName"/><publish:property canonicalName="Stereotype" name="Stereotype" publish:category="UML" publish:value="mTOPAttribute"/><publish:property canonicalName="templateParameter" name="Template Parameter" publish:category="UML"/><publish:property canonicalName="type" name="Type" publish:category="UML" publish:value="String"/><publish:property canonicalName="upper" name="Upper" publish:category="UML" publish:value="1"/><publish:property canonicalName="upperValue" name="Upper Value" publish:category="UML"/><publish:property canonicalName="visibility" name="Visibility" publish:category="UML" publish:value="Public"/><publish:property canonicalName="writeable" name="writeable" publish:category="mTOPAttribute" publish:value="2 - TARGET_OS_ONLY"/></publish:properties><ownedComment annotatedElement="_.x.d-.pMA6.uE.d.y.d7PUN.b-IYCQ" body="This attribute contains the name of the object when its existence is first published on the CCV.&#13;&#10;Traceability: R_TMF518_FMW_I_0001 and R_TMF518_FMW_I_0003." isDocumentation="false" isURL="false" name="&lt;Unnamed Comment&gt;" publish:icon="1023744610_icon.png" publish:qualifiedname="Framework::Data Object Classes::CommonObjectInfo::discoveredName::&lt;Comment&gt;" xmi:id="_.x.d-.pMQ6.uE.d.y.d7PUN.b-IYCQ" xsi:type="uml:Comment"><publish:properties><publish:property canonicalName="body" name="Body" publish:category="UML" publish:value="This attribute contains the name of the object when its existence is first published on the CCV...."/><publish:property canonicalName="Keywords" name="Keywords" publish:category="UML"/><publish:property anchor="#_.x.d-.pMA6.uE.d.y.d7PUN.b-IYCQ" canonicalName="owner" name="Owner" publish:category="UML" publish:ismodellink="false" publish:value="«profile=xml, mTOPAttribute» discoveredName" xmi:id="_.o9.aZ.cA6.yE.d.y.d7PUN.b-IYCQ"/><publish:property canonicalName="Stereotype" name="Stereotype" publish:category="UML"/></publish:properties></ownedComment><ownedComment annotatedElement="_.x.d-.pMA6.uE.d.y.d7PUN.b-IYCQ" body="This attribute contains the name of the object when its existence is first published on the CCV but only in the case where the OS that publishes the object on the CCV is not the naming OS." isDocumentation="true" isURL="false" name="&lt;Unnamed Comment&gt;" publish:icon="1023744610_icon.png" publish:qualifiedname="Framework::Data Object Classes::CommonObjectInfo::discoveredName::&lt;Comment&gt;" xmi:id="_.uQL98CM.nE.d.y7G.r.fA.i1CT.wQ" xsi:type="uml:Comment"><publish:properties><publish:property canonicalName="body" name="Body" publish:category="UML" publish:value="This attribute contains the name of the object when its existence is first published on the CCV but only in the case where the OS that publishes the object on the CCV is not the naming OS."/><publish:property canonicalName="Keywords" name="Keywords" publish:category="UML"/><publish:property anchor="#_.x.d-.pMA6.uE.d.y.d7PUN.b-IYCQ" canonicalName="owner" name="Owner" publish:category="UML" publish:ismodellink="false" publish:value="«profile=xml, mTOPAttribute» discoveredName" xmi:id="_.o9.aZ.cA6.yE.d.y.d7PUN.b-IYCQ"/><publish:property canonicalName="Stereotype" name="Stereotype" publish:category="UML" publish:value="documentation"/></publish:properties></ownedComment><defaultValue name="&lt;Unnamed OpaqueExpression&gt;" publish:icon="-419095724_icon.png" publish:qualifiedname="Framework::Data Object Classes::CommonObjectInfo::discoveredName::&lt;OpaqueExpression&gt;" xmi:id="_.x.d-.pM.g6.uE.d.y.d7PUN.b-IYCQ" xsi:type="uml:OpaqueExpression"><publish:properties><publish:property canonicalName="Alias" name="Alias" publish:category="UML"/><publish:property canonicalName="behavior" name="Behavior" publish:category="UML"/><publish:property canonicalName="body" name="Body" publish:category="UML" publish:value="empty string"/><publish:property canonicalName="Keywords" name="Keywords" publish:category="UML"/><publish:property canonicalName="language" name="Language" publish:category="UML"/><publish:property canonicalName="name" name="Name" publish:category="UML"/><publish:property canonicalName="nameExpression" name="Name Expression" publish:category="UML"/><publish:property canonicalName="namespace" name="Namespace" publish:category="UML"/><publish:property anchor="#_.x.d-.pMA6.uE.d.y.d7PUN.b-IYCQ" canonicalName="owner" name="Owner" publish:category="UML" publish:ismodellink="false" publish:value="«profile=xml, mTOPAttribute» discoveredName" xmi:id="_.o9.aZ.cA6.yE.d.y.d7PUN.b-IYCQ"/><publish:property canonicalName="owningTemplateParameter" name="Owning Template Parameter" publish:category="UML"/><publish:property canonicalName="qualifiedName" name="Qualified Name" publish:category="UML"/><publish:property canonicalName="result" name="Result" publish:category="UML"/><publish:property canonicalName="Stereotype" name="Stereotype" publish:category="UML"/><publish:property canonicalName="templateParameter" name="Template Parameter" publish:category="UML"/><publish:property canonicalName="type" name="Type" publish:category="UML" publish:value="String"/><publish:property canonicalName="visibility" name="Visibility" publish:category="UML" publish:value="Public"/></publish:properties></defaultValue></ownedAttribute><ownedAttribute name="namingOsRef" publish:icon="923081473_icon.png" publish:is_association="false" publish:qualifiedname="Framework::Data Object Classes::CommonObjectInfo::namingOsRef" publish:type="ObjectName" publish:typeid="_P.t7.d.cP.oSE.d.uS.g.t.mT.zBJ.nV.w" xmi:id="_.x.d-.pM.w6.uE.d.y.d7PUN.b-IYCQ" xsi:type="uml:Property"><publish:properties><publish:property canonicalName="aggregation" name="Aggregation" publish:category="UML" publish:value="None"/><publish:property canonicalName="Alias" name="Alias" publish:category="UML"/><publish:property canonicalName="association" name="Association" publish:category="UML"/><publish:property canonicalName="associationEnd" name="Association End" publish:category="UML"/><publish:property canonicalName="class" name="Class" publish:category="UML" publish:ismodellink="false" publish:value="«mTOPClass» CommonObjectInfo" xmi:id="_.o9.aZ.cA6.yE.d.y.d7PUN.b-IYCQ"/><publish:property canonicalName="datatype" name="Datatype" publish:category="UML"/><publish:property canonicalName="default" name="Default" publish:category="UML"/><publish:property canonicalName="defaultValue" name="Default Value" publish:category="UML" publish:nohref="true" publish:value="()"/><publish:property canonicalName="isComposite" name="Is Composite" publish:category="UML" publish:value="false"/><publish:property canonicalName="isDerived" name="Is Derived" publish:category="UML" publish:value="false"/><publish:property canonicalName="isDerivedUnion" name="Is Derived Union" publish:category="UML" publish:value="false"/><publish:property canonicalName="isLeaf" name="Is Leaf" publish:category="UML" publish:value="false"/><publish:property canonicalName="isOrdered" name="Is Ordered" publish:category="UML" publish:value="false"/><publish:property canonicalName="isReadOnly" name="Is Read Only" publish:category="UML" publish:value="true"/><publish:property canonicalName="isStatic" name="Is Static" publish:category="UML" publish:value="false"/><publish:property canonicalName="isUnique" name="Is Unique" publish:category="UML" publish:value="true"/><publish:property canonicalName="isInvariant" name="isInvariant" publish:category="mTOPAttribute" publish:value="True"/><publish:property canonicalName="Keywords" name="Keywords" publish:category="UML" publish:value="profile=xml"/><publish:property canonicalName="lower" name="Lower" publish:category="UML" publish:value="1"/><publish:property canonicalName="lowerValue" name="Lower Value" publish:category="UML"/><publish:property canonicalName="Multiplicity" name="Multiplicity" publish:category="UML" publish:value="1"/><publish:property canonicalName="name" name="Name" publish:category="UML" publish:value="namingOsRef"/><publish:property canonicalName="nameExpression" name="Name Expression" publish:category="UML"/><publish:property canonicalName="namespace" name="Namespace" publish:category="UML" publish:ismodellink="false" publish:value="«mTOPClass» CommonObjectInfo" xmi:id="_.o9.aZ.cA6.yE.d.y.d7PUN.b-IYCQ"/><publish:property canonicalName="notificationType" name="notificationType" publish:category="mTOPAttribute" publish:value="0 - NOT_APPLICABLE"/><publish:property canonicalName="opposite" name="Opposite" publish:category="UML"/><publish:property canonicalName="owner" name="Owner" publish:category="UML" publish:ismodellink="false" publish:value="«mTOPClass» CommonObjectInfo" xmi:id="_.o9.aZ.cA6.yE.d.y.d7PUN.b-IYCQ"/><publish:property canonicalName="owningAssociation" name="Owning Association" publish:category="UML"/><publish:property canonicalName="owningTemplateParameter" name="Owning Template Parameter" publish:category="UML"/><publish:property canonicalName="qualifiedName" name="Qualified Name" publish:category="UML" publish:value="Framework::Data Object Classes::CommonObjectInfo::namingOsRef"/><publish:property canonicalName="Stereotype" name="Stereotype" publish:category="UML" publish:value="mTOPAttribute"/><publish:property canonicalName="templateParameter" name="Template Parameter" publish:category="UML"/><publish:property canonicalName="type" name="Type" publish:category="UML" publish:ismodellink="false" publish:value="ObjectName" xmi:id="_P.t7.d.cP.oSE.d.uS.g.t.mT.zBJ.nV.w"/><publish:property canonicalName="upper" name="Upper" publish:category="UML" publish:value="1"/><publish:property canonicalName="upperValue" name="Upper Value" publish:category="UML"/><publish:property canonicalName="visibility" name="Visibility" publish:category="UML" publish:value="Public"/><publish:property canonicalName="writeable" name="writeable" publish:category="mTOPAttribute" publish:value="2 - TARGET_OS_ONLY"/></publish:properties><ownedComment annotatedElement="_.x.d-.pM.w6.uE.d.y.d7PUN.b-IYCQ" body="This attribute represents an identifier for the steward of the object.&#13;&#10;Traceability: R_TMF518_FMW_I_0001." isDocumentation="false" isURL="false" name="&lt;Unnamed Comment&gt;" publish:icon="1023744610_icon.png" publish:qualifiedname="Framework::Data Object Classes::CommonObjectInfo::namingOsRef::&lt;Comment&gt;" xmi:id="_.x.d-.pNA6.uE.d.y.d7PUN.b-IYCQ" xsi:type="uml:Comment"><publish:properties><publish:property canonicalName="body" name="Body" publish:category="UML" publish:value="This attribute represents an identifier for the steward of the object...."/><publish:property canonicalName="Keywords" name="Keywords" publish:category="UML"/><publish:property anchor="#_.x.d-.pM.w6.uE.d.y.d7PUN.b-IYCQ" canonicalName="owner" name="Owner" publish:category="UML" publish:ismodellink="false" publish:value="«profile=xml, mTOPAttribute» namingOsRef" xmi:id="_.o9.aZ.cA6.yE.d.y.d7PUN.b-IYCQ"/><publish:property canonicalName="Stereotype" name="Stereotype" publish:category="UML"/></publish:properties></ownedComment><ownedComment annotatedElement="_.x.d-.pM.w6.uE.d.y.d7PUN.b-IYCQ" body="This attribute represents an identifier for the steward of the object, intended as the OS that sets the name of the object. The namingOS attribute is set by the OS that is responsible for setting the &quot;name&quot; of the object." isDocumentation="true" isURL="false" name="&lt;Unnamed Comment&gt;" publish:icon="1023744610_icon.png" publish:qualifiedname="Framework::Data Object Classes::CommonObjectInfo::namingOsRef::&lt;Comment&gt;" xmi:id="_G.w.rRMCM.oE.d.y7G.r.fA.i1CT.wQ" xsi:type="uml:Comment"><publish:properties><publish:property canonicalName="body" name="Body" publish:category="UML" publish:value="This attribute represents an identifier for the steward of the object, intended as the OS that sets the name of the object. The namingOS attribute is set by the OS that is responsible for setting the &quot;name&quot; of the object."/><publish:property canonicalName="Keywords" name="Keywords" publish:category="UML"/><publish:property anchor="#_.x.d-.pM.w6.uE.d.y.d7PUN.b-IYCQ" canonicalName="owner" name="Owner" publish:category="UML" publish:ismodellink="false" publish:value="«profile=xml, mTOPAttribute» namingOsRef" xmi:id="_.o9.aZ.cA6.yE.d.y.d7PUN.b-IYCQ"/><publish:property canonicalName="Stereotype" name="Stereotype" publish:category="UML" publish:value="documentation"/></publish:properties></ownedComment><defaultValue name="&lt;Unnamed LiteralNull&gt;" publish:icon="168106845_icon.png" publish:qualifiedname="Framework::Data Object Classes::CommonObjectInfo::namingOsRef::&lt;LiteralNull&gt;" xmi:id="_.x.d-.pNQ6.uE.d.y.d7PUN.b-IYCQ" xsi:type="uml:LiteralNull"><publish:properties><publish:property canonicalName="Alias" name="Alias" publish:category="UML"/><publish:property canonicalName="Keywords" name="Keywords" publish:category="UML"/><publish:property canonicalName="name" name="Name" publish:category="UML"/><publish:property canonicalName="nameExpression" name="Name Expression" publish:category="UML"/><publish:property canonicalName="namespace" name="Namespace" publish:category="UML"/><publish:property anchor="#_.x.d-.pM.w6.uE.d.y.d7PUN.b-IYCQ" canonicalName="owner" name="Owner" publish:category="UML" publish:ismodellink="false" publish:value="«profile=xml, mTOPAttribute» namingOsRef" xmi:id="_.o9.aZ.cA6.yE.d.y.d7PUN.b-IYCQ"/><publish:property canonicalName="owningTemplateParameter" name="Owning Template Parameter" publish:category="UML"/><publish:property canonicalName="qualifiedName" name="Qualified Name" publish:category="UML"/><publish:property canonicalName="Stereotype" name="Stereotype" publish:category="UML"/><publish:property canonicalName="templateParameter" name="Template Parameter" publish:category="UML"/><publish:property canonicalName="type" name="Type" publish:category="UML"/><publish:property canonicalName="visibility" name="Visibility" publish:category="UML" publish:value="Public"/></publish:properties></defaultValue></ownedAttribute><ownedAttribute name="nativeEmsName" publish:icon="923081473_icon.png" publish:qualifiedname="Framework::Data Object Classes::CommonObjectInfo::nativeEmsName" publish:type="String" xmi:id="_.h.wRYUB.t3E.d29JJ.r_.hKM.p.fA" xsi:type="uml:Property"><publish:properties><publish:property canonicalName="aggregation" name="Aggregation" publish:category="UML" publish:value="None"/><publish:property canonicalName="Alias" name="Alias" publish:category="UML"/><publish:property canonicalName="association" name="Association" publish:category="UML"/><publish:property canonicalName="associationEnd" name="Association End" publish:category="UML"/><publish:property canonicalName="class" name="Class" publish:category="UML" publish:ismodellink="false" publish:value="«mTOPClass» CommonObjectInfo" xmi:id="_.o9.aZ.cA6.yE.d.y.d7PUN.b-IYCQ"/><publish:property canonicalName="datatype" name="Datatype" publish:category="UML"/><publish:property canonicalName="default" name="Default" publish:category="UML" publish:value="empty string"/><publish:property canonicalName="defaultValue" name="Default Value" publish:category="UML" publish:nohref="true" publish:value="()"/><publish:property canonicalName="isComposite" name="Is Composite" publish:category="UML" publish:value="false"/><publish:property canonicalName="isDerived" name="Is Derived" publish:category="UML" publish:value="false"/><publish:property canonicalName="isDerivedUnion" name="Is Derived Union" publish:category="UML" publish:value="false"/><publish:property canonicalName="isLeaf" name="Is Leaf" publish:category="UML" publish:value="false"/><publish:property canonicalName="isOrdered" name="Is Ordered" publish:category="UML" publish:value="false"/><publish:property canonicalName="isReadOnly" name="Is Read Only" publish:category="UML" publish:value="false"/><publish:property canonicalName="isStatic" name="Is Static" publish:category="UML" publish:value="false"/><publish:property canonicalName="isUnique" name="Is Unique" publish:category="UML" publish:value="true"/><publish:property canonicalName="isInvariant" name="isInvariant" publish:category="mTOPAttribute" publish:value="False"/><publish:property canonicalName="Keywords" name="Keywords" publish:category="UML" publish:value="profile=corba"/><publish:property canonicalName="lower" name="Lower" publish:category="UML" publish:value="1"/><publish:property canonicalName="lowerValue" name="Lower Value" publish:category="UML" publish:nohref="true" publish:value="(1)"/><publish:property canonicalName="Multiplicity" name="Multiplicity" publish:category="UML" publish:value="1"/><publish:property canonicalName="name" name="Name" publish:category="UML" publish:value="nativeEmsName"/><publish:property canonicalName="nameExpression" name="Name Expression" publish:category="UML"/><publish:property canonicalName="namespace" name="Namespace" publish:category="UML" publish:ismodellink="false" publish:value="«mTOPClass» CommonObjectInfo" xmi:id="_.o9.aZ.cA6.yE.d.y.d7PUN.b-IYCQ"/><publish:property canonicalName="notificationType" name="notificationType" publish:category="mTOPAttribute" publish:value="2 - ATTRIBUTE_VALUE_CHANGE"/><publish:property canonicalName="opposite" name="Opposite" publish:category="UML"/><publish:property canonicalName="owner" name="Owner" publish:category="UML" publish:ismodellink="false" publish:value="«mTOPClass» CommonObjectInfo" xmi:id="_.o9.aZ.cA6.yE.d.y.d7PUN.b-IYCQ"/><publish:property canonicalName="owningAssociation" name="Owning Association" publish:category="UML"/><publish:property canonicalName="owningTemplateParameter" name="Owning Template Parameter" publish:category="UML"/><publish:property canonicalName="qualifiedName" name="Qualified Name" publish:category="UML" publish:value="Framework::Data Object Classes::CommonObjectInfo::nativeEmsName"/><publish:property canonicalName="Stereotype" name="Stereotype" publish:category="UML" publish:value="mTOPAttribute"/><publish:property canonicalName="templateParameter" name="Template Parameter" publish:category="UML"/><publish:property canonicalName="type" name="Type" publish:category="UML" publish:value="String"/><publish:property canonicalName="upper" name="Upper" publish:category="UML" publish:value="1"/><publish:property canonicalName="upperValue" name="Upper Value" publish:category="UML" publish:nohref="true" publish:value="(1)"/><publish:property canonicalName="visibility" name="Visibility" publish:category="UML" publish:value="Public"/><publish:property canonicalName="writeable" name="writeable" publish:category="mTOPAttribute" publish:value="0 - TARGET_AND_REQUESTING_OS"/></publish:properties><ownedComment annotatedElement="_.h.wRYUB.t3E.d29JJ.r_.hKM.p.fA" body="This attribute contains the native EMS Name of the object. It represents how an EMS user addresses an object on the EMS GUI. Its aim is to provide a &quot;nomenclature bridge&quot; for relating information presented on NMS displays and EMS displays (via GUI cut through).&#13;&#10;The EMS may or may not support changing this value." isDocumentation="true" isURL="false" name="&lt;Unnamed Comment&gt;" publish:icon="1023744610_icon.png" publish:qualifiedname="Framework::Data Object Classes::CommonObjectInfo::nativeEmsName::&lt;Comment&gt;" xmi:id="_.h.wRYU.x.t3E.d29JJ.r_.hKM.p.fA" xsi:type="uml:Comment"><publish:properties><publish:property canonicalName="body" name="Body" publish:category="UML" publish:value="This attribute contains the native EMS Name of the object. It represents how an EMS user addresses an object on the EMS GUI. Its aim is to provide a &quot;nomenclature bridge&quot; for relating information presented on NMS displays and EMS displays (via GUI cut through)...."/><publish:property canonicalName="Keywords" name="Keywords" publish:category="UML"/><publish:property anchor="#_.h.wRYUB.t3E.d29JJ.r_.hKM.p.fA" canonicalName="owner" name="Owner" publish:category="UML" publish:ismodellink="false" publish:value="«profile=corba, mTOPAttribute» nativeEmsName" xmi:id="_.o9.aZ.cA6.yE.d.y.d7PUN.b-IYCQ"/><publish:property canonicalName="Stereotype" name="Stereotype" publish:category="UML" publish:value="documentation"/></publish:properties></ownedComment><ownedComment annotatedElement="_.h.wRYUB.t3E.d29JJ.r_.hKM.p.fA" body="This attribute contains a list of aliases for the entity." isDocumentation="true" isURL="false" name="&lt;Unnamed Comment&gt;" publish:icon="1023744610_icon.png" publish:qualifiedname="Framework::Data Object Classes::CommonObjectInfo::nativeEmsName::&lt;Comment&gt;" xmi:id="_.h.wRYVB.t3E.d29JJ.r_.hKM.p.fA" xsi:type="uml:Comment"><publish:properties><publish:property canonicalName="body" name="Body" publish:category="UML" publish:value="This attribute contains a list of aliases for the entity."/><publish:property canonicalName="Keywords" name="Keywords" publish:category="UML"/><publish:property anchor="#_.h.wRYUB.t3E.d29JJ.r_.hKM.p.fA" canonicalName="owner" name="Owner" publish:category="UML" publish:ismodellink="false" publish:value="«profile=corba, mTOPAttribute» nativeEmsName" xmi:id="_.o9.aZ.cA6.yE.d.y.d7PUN.b-IYCQ"/><publish:property canonicalName="Stereotype" name="Stereotype" publish:category="UML" publish:value="documentation"/></publish:properties></ownedComment><upperValue name="&lt;Unnamed LiteralUnlimitedNatural&gt;" publish:icon="-419095995_icon.png" publish:qualifiedname="Framework::Data Object Classes::CommonObjectInfo::nativeEmsName::&lt;LiteralUnlimitedNatural&gt;" xmi:id="_.h.wRYVR.t3E.d29JJ.r_.hKM.p.fA" xsi:type="uml:LiteralUnlimitedNatural"><publish:properties><publish:property canonicalName="Alias" name="Alias" publish:category="UML"/><publish:property canonicalName="Keywords" name="Keywords" publish:category="UML"/><publish:property canonicalName="name" name="Name" publish:category="UML"/><publish:property canonicalName="nameExpression" name="Name Expression" publish:category="UML"/><publish:property canonicalName="namespace" name="Namespace" publish:category="UML"/><publish:property anchor="#_.h.wRYUB.t3E.d29JJ.r_.hKM.p.fA" canonicalName="owner" name="Owner" publish:category="UML" publish:ismodellink="false" publish:value="«profile=corba, mTOPAttribute» nativeEmsName" xmi:id="_.o9.aZ.cA6.yE.d.y.d7PUN.b-IYCQ"/><publish:property canonicalName="owningTemplateParameter" name="Owning Template Parameter" publish:category="UML"/><publish:property canonicalName="qualifiedName" name="Qualified Name" publish:category="UML"/><publish:property canonicalName="Stereotype" name="Stereotype" publish:category="UML"/><publish:property canonicalName="templateParameter" name="Template Parameter" publish:category="UML"/><publish:property canonicalName="type" name="Type" publish:category="UML"/><publish:property canonicalName="value" name="Value" publish:category="UML" publish:value="1"/><publish:property canonicalName="visibility" name="Visibility" publish:category="UML" publish:value="Public"/></publish:properties></upperValue><lowerValue name="&lt;Unnamed LiteralInteger&gt;" publish:icon="1711610710_icon.png" publish:qualifiedname="Framework::Data Object Classes::CommonObjectInfo::nativeEmsName::&lt;LiteralInteger&gt;" xmi:id="_.h.wRYV.h.t3E.d29JJ.r_.hKM.p.fA" xsi:type="uml:LiteralInteger"><publish:properties><publish:property canonicalName="Alias" name="Alias" publish:category="UML"/><publish:property canonicalName="Keywords" name="Keywords" publish:category="UML"/><publish:property canonicalName="name" name="Name" publish:category="UML"/><publish:property canonicalName="nameExpression" name="Name Expression" publish:category="UML"/><publish:property canonicalName="namespace" name="Namespace" publish:category="UML"/><publish:property anchor="#_.h.wRYUB.t3E.d29JJ.r_.hKM.p.fA" canonicalName="owner" name="Owner" publish:category="UML" publish:ismodellink="false" publish:value="«profile=corba, mTOPAttribute» nativeEmsName" xmi:id="_.o9.aZ.cA6.yE.d.y.d7PUN.b-IYCQ"/><publish:property canonicalName="owningTemplateParameter" name="Owning Template Parameter" publish:category="UML"/><publish:property canonicalName="qualifiedName" name="Qualified Name" publish:category="UML"/><publish:property canonicalName="Stereotype" name="Stereotype" publish:category="UML"/><publish:property canonicalName="templateParameter" name="Template Parameter" publish:category="UML"/><publish:property canonicalName="type" name="Type" publish:category="UML"/><publish:property canonicalName="value" name="Value" publish:category="UML" publish:value="1"/><publish:property canonicalName="visibility" name="Visibility" publish:category="UML" publish:value="Public"/></publish:properties></lowerValue><defaultValue name="&lt;Unnamed OpaqueExpression&gt;" publish:icon="-419095724_icon.png" publish:qualifiedname="Framework::Data Object Classes::CommonObjectInfo::nativeEmsName::&lt;OpaqueExpression&gt;" xmi:id="_.h.wRYV.x.t3E.d29JJ.r_.hKM.p.fA" xsi:type="uml:OpaqueExpression"><publish:properties><publish:property canonicalName="Alias" name="Alias" publish:category="UML"/><publish:property canonicalName="behavior" name="Behavior" publish:category="UML"/><publish:property canonicalName="body" name="Body" publish:category="UML" publish:value="empty string"/><publish:property canonicalName="Keywords" name="Keywords" publish:category="UML"/><publish:property canonicalName="language" name="Language" publish:category="UML"/><publish:property canonicalName="name" name="Name" publish:category="UML"/><publish:property canonicalName="nameExpression" name="Name Expression" publish:category="UML"/><publish:property canonicalName="namespace" name="Namespace" publish:category="UML"/><publish:property anchor="#_.h.wRYUB.t3E.d29JJ.r_.hKM.p.fA" canonicalName="owner" name="Owner" publish:category="UML" publish:ismodellink="false" publish:value="«profile=corba, mTOPAttribute» nativeEmsName" xmi:id="_.o9.aZ.cA6.yE.d.y.d7PUN.b-IYCQ"/><publish:property canonicalName="owningTemplateParameter" name="Owning Template Parameter" publish:category="UML"/><publish:property canonicalName="qualifiedName" name="Qualified Name" publish:category="UML"/><publish:property canonicalName="result" name="Result" publish:category="UML"/><publish:property canonicalName="Stereotype" name="Stereotype" publish:category="UML"/><publish:property canonicalName="templateParameter" name="Template Parameter" publish:category="UML"/><publish:property canonicalName="type" name="Type" publish:category="UML" publish:value="String"/><publish:property canonicalName="visibility" name="Visibility" publish:category="UML" publish:value="Public"/></publish:properties></defaultValue></ownedAttribute><ownedAttribute name="aliasNameList" publish:icon="923081473_icon.png" publish:is_association="false" publish:qualifiedname="Framework::Data Object Classes::CommonObjectInfo::aliasNameList" publish:type="AttributeValuePair" publish:typeid="_8_P-.sP.o7E.d.uV.sYI7.m.fNDXQ" xmi:id="_.x.d-.pOQ6.uE.d.y.d7PUN.b-IYCQ" xsi:type="uml:Property"><publish:properties><publish:property canonicalName="aggregation" name="Aggregation" publish:category="UML" publish:value="None"/><publish:property canonicalName="Alias" name="Alias" publish:category="UML"/><publish:property canonicalName="association" name="Association" publish:category="UML"/><publish:property canonicalName="associationEnd" name="Association End" publish:category="UML"/><publish:property canonicalName="class" name="Class" publish:category="UML" publish:ismodellink="false" publish:value="«mTOPClass» CommonObjectInfo" xmi:id="_.o9.aZ.cA6.yE.d.y.d7PUN.b-IYCQ"/><publish:property canonicalName="datatype" name="Datatype" publish:category="UML"/><publish:property canonicalName="default" name="Default" publish:category="UML" publish:value="empty list"/><publish:property canonicalName="defaultValue" name="Default Value" publish:category="UML" publish:nohref="true" publish:value="()"/><publish:property canonicalName="isComposite" name="Is Composite" publish:category="UML" publish:value="false"/><publish:property canonicalName="isDerived" name="Is Derived" publish:category="UML" publish:value="false"/><publish:property canonicalName="isDerivedUnion" name="Is Derived Union" publish:category="UML" publish:value="false"/><publish:property canonicalName="isLeaf" name="Is Leaf" publish:category="UML" publish:value="false"/><publish:property canonicalName="isOrdered" name="Is Ordered" publish:category="UML" publish:value="false"/><publish:property canonicalName="isReadOnly" name="Is Read Only" publish:category="UML" publish:value="true"/><publish:property canonicalName="isStatic" name="Is Static" publish:category="UML" publish:value="false"/><publish:property canonicalName="isUnique" name="Is Unique" publish:category="UML" publish:value="true"/><publish:property canonicalName="isInvariant" name="isInvariant" publish:category="mTOPAttribute" publish:value="False"/><publish:property canonicalName="Keywords" name="Keywords" publish:category="UML" publish:value="profile=xml"/><publish:property canonicalName="lower" name="Lower" publish:category="UML" publish:value="0"/><publish:property canonicalName="lowerValue" name="Lower Value" publish:category="UML" publish:nohref="true" publish:value="(0)"/><publish:property canonicalName="Multiplicity" name="Multiplicity" publish:category="UML" publish:value="*"/><publish:property canonicalName="name" name="Name" publish:category="UML" publish:value="aliasNameList"/><publish:property canonicalName="nameExpression" name="Name Expression" publish:category="UML"/><publish:property canonicalName="namespace" name="Namespace" publish:category="UML" publish:ismodellink="false" publish:value="«mTOPClass» CommonObjectInfo" xmi:id="_.o9.aZ.cA6.yE.d.y.d7PUN.b-IYCQ"/><publish:property canonicalName="notificationType" name="notificationType" publish:category="mTOPAttribute" publish:value="2 - ATTRIBUTE_VALUE_CHANGE"/><publish:property canonicalName="opposite" name="Opposite" publish:category="UML"/><publish:property canonicalName="owner" name="Owner" publish:category="UML" publish:ismodellink="false" publish:value="«mTOPClass» CommonObjectInfo" xmi:id="_.o9.aZ.cA6.yE.d.y.d7PUN.b-IYCQ"/><publish:property canonicalName="owningAssociation" name="Owning Association" publish:category="UML"/><publish:property canonicalName="owningTemplateParameter" name="Owning Template Parameter" publish:category="UML"/><publish:property canonicalName="qualifiedName" name="Qualified Name" publish:category="UML" publish:value="Framework::Data Object Classes::CommonObjectInfo::aliasNameList"/><publish:property canonicalName="Stereotype" name="Stereotype" publish:category="UML" publish:value="mTOPAttribute"/><publish:property canonicalName="templateParameter" name="Template Parameter" publish:category="UML"/><publish:property canonicalName="type" name="Type" publish:category="UML" publish:ismodellink="false" publish:value="AttributeValuePair" xmi:id="_8_P-.sP.o7E.d.uV.sYI7.m.fNDXQ"/><publish:property canonicalName="upper" name="Upper" publish:category="UML" publish:value="*"/><publish:property canonicalName="upperValue" name="Upper Value" publish:category="UML" publish:nohref="true" publish:value="(*)"/><publish:property canonicalName="visibility" name="Visibility" publish:category="UML" publish:value="Public"/><publish:property canonicalName="writeable" name="writeable" publish:category="mTOPAttribute" publish:value="2 - TARGET_OS_ONLY"/></publish:properties><ownedComment annotatedElement="_.x.d-.pOQ6.uE.d.y.d7PUN.b-IYCQ" body="This attribute contains a list of aliases for the network entity.&#13;&#10;Traceability: R_TMF518_FMW_I_0001." isDocumentation="false" isURL="false" name="&lt;Unnamed Comment&gt;" publish:icon="1023744610_icon.png" publish:qualifiedname="Framework::Data Object Classes::CommonObjectInfo::aliasNameList::&lt;Comment&gt;" xmi:id="_.x.d-.pO.g6.uE.d.y.d7PUN.b-IYCQ" xsi:type="uml:Comment"><publish:properties><publish:property canonicalName="body" name="Body" publish:category="UML" publish:value="This attribute contains a list of aliases for the network entity...."/><publish:property canonicalName="Keywords" name="Keywords" publish:category="UML"/><publish:property anchor="#_.x.d-.pOQ6.uE.d.y.d7PUN.b-IYCQ" canonicalName="owner" name="Owner" publish:category="UML" publish:ismodellink="false" publish:value="«profile=xml, mTOPAttribute» aliasNameList" xmi:id="_.o9.aZ.cA6.yE.d.y.d7PUN.b-IYCQ"/><publish:property canonicalName="Stereotype" name="Stereotype" publish:category="UML"/></publish:properties></ownedComment><ownedComment annotatedElement="_.x.d-.pOQ6.uE.d.y.d7PUN.b-IYCQ" body="This attribute contains a list of aliases for the entity." isDocumentation="true" isURL="false" name="&lt;Unnamed Comment&gt;" publish:icon="1023744610_icon.png" publish:qualifiedname="Framework::Data Object Classes::CommonObjectInfo::aliasNameList::&lt;Comment&gt;" xmi:id="_.cRC.q0J.j.mE.d.y.uNMSCX.kX.oC.g" xsi:type="uml:Comment"><publish:properties><publish:property canonicalName="body" name="Body" publish:category="UML" publish:value="This attribute contains a list of aliases for the entity."/><publish:property canonicalName="Keywords" name="Keywords" publish:category="UML"/><publish:property anchor="#_.x.d-.pOQ6.uE.d.y.d7PUN.b-IYCQ" canonicalName="owner" name="Owner" publish:category="UML" publish:ismodellink="false" publish:value="«profile=xml, mTOPAttribute» aliasNameList" xmi:id="_.o9.aZ.cA6.yE.d.y.d7PUN.b-IYCQ"/><publish:property canonicalName="Stereotype" name="Stereotype" publish:category="UML" publish:value="documentation"/></publish:properties></ownedComment><upperValue name="&lt;Unnamed LiteralUnlimitedNatural&gt;" publish:icon="-419095995_icon.png" publish:qualifiedname="Framework::Data Object Classes::CommonObjectInfo::aliasNameList::&lt;LiteralUnlimitedNatural&gt;" xmi:id="_.x.d-.pO.w6.uE.d.y.d7PUN.b-IYCQ" xsi:type="uml:LiteralUnlimitedNatural"><publish:properties><publish:property canonicalName="Alias" name="Alias" publish:category="UML"/><publish:property canonicalName="Keywords" name="Keywords" publish:category="UML"/><publish:property canonicalName="name" name="Name" publish:category="UML"/><publish:property canonicalName="nameExpression" name="Name Expression" publish:category="UML"/><publish:property canonicalName="namespace" name="Namespace" publish:category="UML"/><publish:property anchor="#_.x.d-.pOQ6.uE.d.y.d7PUN.b-IYCQ" canonicalName="owner" name="Owner" publish:category="UML" publish:ismodellink="false" publish:value="«profile=xml, mTOPAttribute» aliasNameList" xmi:id="_.o9.aZ.cA6.yE.d.y.d7PUN.b-IYCQ"/><publish:property canonicalName="owningTemplateParameter" name="Owning Template Parameter" publish:category="UML"/><publish:property canonicalName="qualifiedName" name="Qualified Name" publish:category="UML"/><publish:property canonicalName="Stereotype" name="Stereotype" publish:category="UML"/><publish:property canonicalName="templateParameter" name="Template Parameter" publish:category="UML"/><publish:property canonicalName="type" name="Type" publish:category="UML"/><publish:property canonicalName="value" name="Value" publish:category="UML" publish:value="*"/><publish:property canonicalName="visibility" name="Visibility" publish:category="UML" publish:value="Public"/></publish:properties></upperValue><lowerValue name="&lt;Unnamed LiteralInteger&gt;" publish:icon="1711610710_icon.png" publish:qualifiedname="Framework::Data Object Classes::CommonObjectInfo::aliasNameList::&lt;LiteralInteger&gt;" xmi:id="_.x.d-.pPA6.uE.d.y.d7PUN.b-IYCQ" xsi:type="uml:LiteralInteger"><publish:properties><publish:property canonicalName="Alias" name="Alias" publish:category="UML"/><publish:property canonicalName="Keywords" name="Keywords" publish:category="UML"/><publish:property canonicalName="name" name="Name" publish:category="UML"/><publish:property canonicalName="nameExpression" name="Name Expression" publish:category="UML"/><publish:property canonicalName="namespace" name="Namespace" publish:category="UML"/><publish:property anchor="#_.x.d-.pOQ6.uE.d.y.d7PUN.b-IYCQ" canonicalName="owner" name="Owner" publish:category="UML" publish:ismodellink="false" publish:value="«profile=xml, mTOPAttribute» aliasNameList" xmi:id="_.o9.aZ.cA6.yE.d.y.d7PUN.b-IYCQ"/><publish:property canonicalName="owningTemplateParameter" name="Owning Template Parameter" publish:category="UML"/><publish:property canonicalName="qualifiedName" name="Qualified Name" publish:category="UML"/><publish:property canonicalName="Stereotype" name="Stereotype" publish:category="UML"/><publish:property canonicalName="templateParameter" name="Template Parameter" publish:category="UML"/><publish:property canonicalName="type" name="Type" publish:category="UML"/><publish:property canonicalName="value" name="Value" publish:category="UML" publish:value="0"/><publish:property canonicalName="visibility" name="Visibility" publish:category="UML" publish:value="Public"/></publish:properties></lowerValue><defaultValue name="&lt;Unnamed OpaqueExpression&gt;" publish:icon="-419095724_icon.png" publish:qualifiedname="Framework::Data Object Classes::CommonObjectInfo::aliasNameList::&lt;OpaqueExpression&gt;" xmi:id="_.x.d-.pPQ6.uE.d.y.d7PUN.b-IYCQ" xsi:type="uml:OpaqueExpression"><publish:properties><publish:property canonicalName="Alias" name="Alias" publish:category="UML"/><publish:property canonicalName="behavior" name="Behavior" publish:category="UML"/><publish:property canonicalName="body" name="Body" publish:category="UML" publish:value="empty list"/><publish:property canonicalName="Keywords" name="Keywords" publish:category="UML"/><publish:property canonicalName="language" name="Language" publish:category="UML"/><publish:property canonicalName="name" name="Name" publish:category="UML"/><publish:property canonicalName="nameExpression" name="Name Expression" publish:category="UML"/><publish:property canonicalName="namespace" name="Namespace" publish:category="UML"/><publish:property anchor="#_.x.d-.pOQ6.uE.d.y.d7PUN.b-IYCQ" canonicalName="owner" name="Owner" publish:category="UML" publish:ismodellink="false" publish:value="«profile=xml, mTOPAttribute» aliasNameList" xmi:id="_.o9.aZ.cA6.yE.d.y.d7PUN.b-IYCQ"/><publish:property canonicalName="owningTemplateParameter" name="Owning Template Parameter" publish:category="UML"/><publish:property canonicalName="qualifiedName" name="Qualified Name" publish:category="UML"/><publish:property canonicalName="result" name="Result" publish:category="UML"/><publish:property canonicalName="Stereotype" name="Stereotype" publish:category="UML"/><publish:property canonicalName="templateParameter" name="Template Parameter" publish:category="UML"/><publish:property canonicalName="type" name="Type" publish:category="UML" publish:ismodellink="false" publish:value="AttributeValuePair" xmi:id="_8_P-.sP.o7E.d.uV.sYI7.m.fNDXQ"/><publish:property canonicalName="visibility" name="Visibility" publish:category="UML" publish:value="Public"/></publish:properties></defaultValue></ownedAttribute><ownedAttribute name="userLabel" publish:icon="923081473_icon.png" publish:qualifiedname="Framework::Data Object Classes::CommonObjectInfo::userLabel" publish:type="String" xmi:id="_4.z.dIQA62E.d.y.d7PUN.b-IYCQ" xsi:type="uml:Property"><publish:properties><publish:property canonicalName="aggregation" name="Aggregation" publish:category="UML" publish:value="None"/><publish:property canonicalName="Alias" name="Alias" publish:category="UML"/><publish:property canonicalName="association" name="Association" publish:category="UML"/><publish:property canonicalName="associationEnd" name="Association End" publish:category="UML"/><publish:property canonicalName="class" name="Class" publish:category="UML" publish:ismodellink="false" publish:value="«mTOPClass» CommonObjectInfo" xmi:id="_.o9.aZ.cA6.yE.d.y.d7PUN.b-IYCQ"/><publish:property canonicalName="datatype" name="Datatype" publish:category="UML"/><publish:property canonicalName="default" name="Default" publish:category="UML" publish:value="nativeEmsName"/><publish:property canonicalName="defaultValue" name="Default Value" publish:category="UML" publish:nohref="true" publish:value="()"/><publish:property canonicalName="isComposite" name="Is Composite" publish:category="UML" publish:value="false"/><publish:property canonicalName="isDerived" name="Is Derived" publish:category="UML" publish:value="false"/><publish:property canonicalName="isDerivedUnion" name="Is Derived Union" publish:category="UML" publish:value="false"/><publish:property canonicalName="isLeaf" name="Is Leaf" publish:category="UML" publish:value="false"/><publish:property canonicalName="isOrdered" name="Is Ordered" publish:category="UML" publish:value="false"/><publish:property canonicalName="isReadOnly" name="Is Read Only" publish:category="UML" publish:value="false"/><publish:property canonicalName="isStatic" name="Is Static" publish:category="UML" publish:value="false"/><publish:property canonicalName="isUnique" name="Is Unique" publish:category="UML" publish:value="true"/><publish:property canonicalName="isInvariant" name="isInvariant" publish:category="mTOPAttribute" publish:value="False"/><publish:property canonicalName="Keywords" name="Keywords" publish:category="UML"/><publish:property canonicalName="lower" name="Lower" publish:category="UML" publish:value="1"/><publish:property canonicalName="lowerValue" name="Lower Value" publish:category="UML"/><publish:property canonicalName="Multiplicity" name="Multiplicity" publish:category="UML" publish:value="1"/><publish:property canonicalName="name" name="Name" publish:category="UML" publish:value="userLabel"/><publish:property canonicalName="nameExpression" name="Name Expression" publish:category="UML"/><publish:property canonicalName="namespace" name="Namespace" publish:category="UML" publish:ismodellink="false" publish:value="«mTOPClass» CommonObjectInfo" xmi:id="_.o9.aZ.cA6.yE.d.y.d7PUN.b-IYCQ"/><publish:property canonicalName="notificationType" name="notificationType" publish:category="mTOPAttribute" publish:value="2 - ATTRIBUTE_VALUE_CHANGE"/><publish:property canonicalName="opposite" name="Opposite" publish:category="UML"/><publish:property canonicalName="owner" name="Owner" publish:category="UML" publish:ismodellink="false" publish:value="«mTOPClass» CommonObjectInfo" xmi:id="_.o9.aZ.cA6.yE.d.y.d7PUN.b-IYCQ"/><publish:property canonicalName="owningAssociation" name="Owning Association" publish:category="UML"/><publish:property canonicalName="owningTemplateParameter" name="Owning Template Parameter" publish:category="UML"/><publish:property canonicalName="qualifiedName" name="Qualified Name" publish:category="UML" publish:value="Framework::Data Object Classes::CommonObjectInfo::userLabel"/><publish:property canonicalName="Stereotype" name="Stereotype" publish:category="UML" publish:value="mTOPAttribute"/><publish:property canonicalName="templateParameter" name="Template Parameter" publish:category="UML"/><publish:property canonicalName="type" name="Type" publish:category="UML" publish:value="String"/><publish:property canonicalName="upper" name="Upper" publish:category="UML" publish:value="1"/><publish:property canonicalName="upperValue" name="Upper Value" publish:category="UML"/><publish:property canonicalName="visibility" name="Visibility" publish:category="UML" publish:value="Public"/><publish:property canonicalName="writeable" name="writeable" publish:category="mTOPAttribute" publish:value="0 - TARGET_AND_REQUESTING_OS"/></publish:properties><ownedComment annotatedElement="_4.z.dIQA62E.d.y.d7PUN.b-IYCQ" body="This attribute represents a provisionable, user friendly name for the object. The userLabel attribute is owned and may be set by the requesting OS or the naming OS.&#13;&#10;The difference between the userLabel and the name is that the userLabel is an attribute of the object that may be &quot;set&quot; by the requesting OS or the naming OS.&#13;&#10;This attribute may be unique amongst all instances of this object in the target OS." isDocumentation="true" isURL="false" name="&lt;Unnamed Comment&gt;" publish:icon="1023744610_icon.png" publish:qualifiedname="Framework::Data Object Classes::CommonObjectInfo::userLabel::&lt;Comment&gt;" xmi:id="_4.z.dIQQ62E.d.y.d7PUN.b-IYCQ" xsi:type="uml:Comment"><publish:properties><publish:property canonicalName="body" name="Body" publish:category="UML" publish:value="This attribute represents a provisionable, user friendly name for the object. The userLabel attribute is owned and may be set by the requesting OS or the naming OS...."/><publish:property canonicalName="Keywords" name="Keywords" publish:category="UML"/><publish:property anchor="#_4.z.dIQA62E.d.y.d7PUN.b-IYCQ" canonicalName="owner" name="Owner" publish:category="UML" publish:ismodellink="false" publish:value="«mTOPAttribute» userLabel" xmi:id="_.o9.aZ.cA6.yE.d.y.d7PUN.b-IYCQ"/><publish:property canonicalName="Stereotype" name="Stereotype" publish:category="UML" publish:value="documentation"/></publish:properties></ownedComment><defaultValue name="&lt;Unnamed OpaqueExpression&gt;" publish:icon="-419095724_icon.png" publish:qualifiedname="Framework::Data Object Classes::CommonObjectInfo::userLabel::&lt;OpaqueExpression&gt;" xmi:id="_4.z.dIQ.g62E.d.y.d7PUN.b-IYCQ" xsi:type="uml:OpaqueExpression"><publish:properties><publish:property canonicalName="Alias" name="Alias" publish:category="UML"/><publish:property canonicalName="behavior" name="Behavior" publish:category="UML"/><publish:property canonicalName="body" name="Body" publish:category="UML" publish:value="nativeEmsName"/><publish:property canonicalName="Keywords" name="Keywords" publish:category="UML"/><publish:property canonicalName="language" name="Language" publish:category="UML"/><publish:property canonicalName="name" name="Name" publish:category="UML"/><publish:property canonicalName="nameExpression" name="Name Expression" publish:category="UML"/><publish:property canonicalName="namespace" name="Namespace" publish:category="UML"/><publish:property anchor="#_4.z.dIQA62E.d.y.d7PUN.b-IYCQ" canonicalName="owner" name="Owner" publish:category="UML" publish:ismodellink="false" publish:value="«mTOPAttribute» userLabel" xmi:id="_.o9.aZ.cA6.yE.d.y.d7PUN.b-IYCQ"/><publish:property canonicalName="owningTemplateParameter" name="Owning Template Parameter" publish:category="UML"/><publish:property canonicalName="qualifiedName" name="Qualified Name" publish:category="UML"/><publish:property canonicalName="result" name="Result" publish:category="UML"/><publish:property canonicalName="Stereotype" name="Stereotype" publish:category="UML"/><publish:property canonicalName="templateParameter" name="Template Parameter" publish:category="UML"/><publish:property canonicalName="type" name="Type" publish:category="UML" publish:value="String"/><publish:property canonicalName="visibility" name="Visibility" publish:category="UML" publish:value="Public"/></publish:properties></defaultValue></ownedAttribute><ownedAttribute name="owner" publish:icon="923081473_icon.png" publish:qualifiedname="Framework::Data Object Classes::CommonObjectInfo::owner" publish:type="String" xmi:id="_.x.d-.pK.g6.uE.d.y.d7PUN.b-IYCQ" xsi:type="uml:Property"><publish:properties><publish:property canonicalName="aggregation" name="Aggregation" publish:category="UML" publish:value="None"/><publish:property canonicalName="Alias" name="Alias" publish:category="UML"/><publish:property canonicalName="association" name="Association" publish:category="UML"/><publish:property canonicalName="associationEnd" name="Association End" publish:category="UML"/><publish:property canonicalName="class" name="Class" publish:category="UML" publish:ismodellink="false" publish:value="«mTOPClass» CommonObjectInfo" xmi:id="_.o9.aZ.cA6.yE.d.y.d7PUN.b-IYCQ"/><publish:property canonicalName="datatype" name="Datatype" publish:category="UML"/><publish:property canonicalName="default" name="Default" publish:category="UML" publish:value="empty string"/><publish:property canonicalName="defaultValue" name="Default Value" publish:category="UML" publish:nohref="true" publish:value="()"/><publish:property canonicalName="isComposite" name="Is Composite" publish:category="UML" publish:value="false"/><publish:property canonicalName="isDerived" name="Is Derived" publish:category="UML" publish:value="false"/><publish:property canonicalName="isDerivedUnion" name="Is Derived Union" publish:category="UML" publish:value="false"/><publish:property canonicalName="isLeaf" name="Is Leaf" publish:category="UML" publish:value="false"/><publish:property canonicalName="isOrdered" name="Is Ordered" publish:category="UML" publish:value="false"/><publish:property canonicalName="isReadOnly" name="Is Read Only" publish:category="UML" publish:value="false"/><publish:property canonicalName="isStatic" name="Is Static" publish:category="UML" publish:value="false"/><publish:property canonicalName="isUnique" name="Is Unique" publish:category="UML" publish:value="true"/><publish:property canonicalName="isInvariant" name="isInvariant" publish:category="mTOPAttribute" publish:value="False"/><publish:property canonicalName="Keywords" name="Keywords" publish:category="UML"/><publish:property canonicalName="lower" name="Lower" publish:category="UML" publish:value="1"/><publish:property canonicalName="lowerValue" name="Lower Value" publish:category="UML"/><publish:property canonicalName="Multiplicity" name="Multiplicity" publish:category="UML" publish:value="1"/><publish:property canonicalName="name" name="Name" publish:category="UML" publish:value="owner"/><publish:property canonicalName="nameExpression" name="Name Expression" publish:category="UML"/><publish:property canonicalName="namespace" name="Namespace" publish:category="UML" publish:ismodellink="false" publish:value="«mTOPClass» CommonObjectInfo" xmi:id="_.o9.aZ.cA6.yE.d.y.d7PUN.b-IYCQ"/><publish:property canonicalName="notificationType" name="notificationType" publish:category="mTOPAttribute" publish:value="2 - ATTRIBUTE_VALUE_CHANGE"/><publish:property canonicalName="opposite" name="Opposite" publish:category="UML"/><publish:property canonicalName="owner" name="Owner" publish:category="UML" publish:ismodellink="false" publish:value="«mTOPClass» CommonObjectInfo" xmi:id="_.o9.aZ.cA6.yE.d.y.d7PUN.b-IYCQ"/><publish:property canonicalName="owningAssociation" name="Owning Association" publish:category="UML"/><publish:property canonicalName="owningTemplateParameter" name="Owning Template Parameter" publish:category="UML"/><publish:property canonicalName="qualifiedName" name="Qualified Name" publish:category="UML" publish:value="Framework::Data Object Classes::CommonObjectInfo::owner"/><publish:property canonicalName="Stereotype" name="Stereotype" publish:category="UML" publish:value="mTOPAttribute"/><publish:property canonicalName="templateParameter" name="Template Parameter" publish:category="UML"/><publish:property canonicalName="type" name="Type" publish:category="UML" publish:value="String"/><publish:property canonicalName="upper" name="Upper" publish:category="UML" publish:value="1"/><publish:property canonicalName="upperValue" name="Upper Value" publish:category="UML"/><publish:property canonicalName="visibility" name="Visibility" publish:category="UML" publish:value="Public"/><publish:property canonicalName="writeable" name="writeable" publish:category="mTOPAttribute" publish:value="1 - REQUESTING_OS_ONLY"/></publish:properties><ownedComment annotatedElement="_.x.d-.pK.g6.uE.d.y.d7PUN.b-IYCQ" body="This attribute represents an identifier for the owner of the object.&#13;&#10;Used and controlled (write-access) by the requesting OS only.&#13;&#10;Traceability: R_TMF518_FMW_I_0001." isDocumentation="false" isURL="false" name="&lt;Unnamed Comment&gt;" publish:icon="1023744610_icon.png" publish:qualifiedname="Framework::Data Object Classes::CommonObjectInfo::owner::&lt;Comment&gt;" xmi:id="_.x.d-.pK.w6.uE.d.y.d7PUN.b-IYCQ" xsi:type="uml:Comment"><publish:properties><publish:property canonicalName="body" name="Body" publish:category="UML" publish:value="This attribute represents an identifier for the owner of the object...."/><publish:property canonicalName="Keywords" name="Keywords" publish:category="UML"/><publish:property anchor="#_.x.d-.pK.g6.uE.d.y.d7PUN.b-IYCQ" canonicalName="owner" name="Owner" publish:category="UML" publish:ismodellink="false" publish:value="«mTOPAttribute» owner" xmi:id="_.o9.aZ.cA6.yE.d.y.d7PUN.b-IYCQ"/><publish:property canonicalName="Stereotype" name="Stereotype" publish:category="UML"/></publish:properties></ownedComment><ownedComment annotatedElement="_.x.d-.pK.g6.uE.d.y.d7PUN.b-IYCQ" body="This attribute represents an identifier for the owner of the object." isDocumentation="true" isURL="false" name="&lt;Unnamed Comment&gt;" publish:icon="1023744610_icon.png" publish:qualifiedname="Framework::Data Object Classes::CommonObjectInfo::owner::&lt;Comment&gt;" xmi:id="_.y.e.cR.oCM.oE.d.y7G.r.fA.i1CT.wQ" xsi:type="uml:Comment"><publish:properties><publish:property canonicalName="body" name="Body" publish:category="UML" publish:value="This attribute represents an identifier for the owner of the object."/><publish:property canonicalName="Keywords" name="Keywords" publish:category="UML"/><publish:property anchor="#_.x.d-.pK.g6.uE.d.y.d7PUN.b-IYCQ" canonicalName="owner" name="Owner" publish:category="UML" publish:ismodellink="false" publish:value="«mTOPAttribute» owner" xmi:id="_.o9.aZ.cA6.yE.d.y.d7PUN.b-IYCQ"/><publish:property canonicalName="Stereotype" name="Stereotype" publish:category="UML" publish:value="documentation"/></publish:properties></ownedComment><defaultValue name="&lt;Unnamed OpaqueExpression&gt;" publish:icon="-419095724_icon.png" publish:qualifiedname="Framework::Data Object Classes::CommonObjectInfo::owner::&lt;OpaqueExpression&gt;" xmi:id="_.x.d-.pLA6.uE.d.y.d7PUN.b-IYCQ" xsi:type="uml:OpaqueExpression"><publish:properties><publish:property canonicalName="Alias" name="Alias" publish:category="UML"/><publish:property canonicalName="behavior" name="Behavior" publish:category="UML"/><publish:property canonicalName="body" name="Body" publish:category="UML" publish:value="empty string"/><publish:property canonicalName="Keywords" name="Keywords" publish:category="UML"/><publish:property canonicalName="language" name="Language" publish:category="UML"/><publish:property canonicalName="name" name="Name" publish:category="UML"/><publish:property canonicalName="nameExpression" name="Name Expression" publish:category="UML"/><publish:property canonicalName="namespace" name="Namespace" publish:category="UML"/><publish:property anchor="#_.x.d-.pK.g6.uE.d.y.d7PUN.b-IYCQ" canonicalName="owner" name="Owner" publish:category="UML" publish:ismodellink="false" publish:value="«mTOPAttribute» owner" xmi:id="_.o9.aZ.cA6.yE.d.y.d7PUN.b-IYCQ"/><publish:property canonicalName="owningTemplateParameter" name="Owning Template Parameter" publish:category="UML"/><publish:property canonicalName="qualifiedName" name="Qualified Name" publish:category="UML"/><publish:property canonicalName="result" name="Result" publish:category="UML"/><publish:property canonicalName="Stereotype" name="Stereotype" publish:category="UML"/><publish:property canonicalName="templateParameter" name="Template Parameter" publish:category="UML"/><publish:property canonicalName="type" name="Type" publish:category="UML" publish:value="String"/><publish:property canonicalName="visibility" name="Visibility" publish:category="UML" publish:value="Public"/></publish:properties></defaultValue></ownedAttribute><ownedAttribute name="additionalInfo" publish:icon="923081473_icon.png" publish:is_association="false" publish:qualifiedname="Framework::Data Object Classes::CommonObjectInfo::additionalInfo" publish:type="AttributeValuePair" publish:typeid="_8_P-.sP.o7E.d.uV.sYI7.m.fNDXQ" xmi:id="_.x.d-.pQQ6.uE.d.y.d7PUN.b-IYCQ" xsi:type="uml:Property"><publish:properties><publish:property canonicalName="aggregation" name="Aggregation" publish:category="UML" publish:value="None"/><publish:property canonicalName="Alias" name="Alias" publish:category="UML"/><publish:property canonicalName="association" name="Association" publish:category="UML"/><publish:property canonicalName="associationEnd" name="Association End" publish:category="UML"/><publish:property canonicalName="class" name="Class" publish:category="UML" publish:ismodellink="false" publish:value="«mTOPClass» CommonObjectInfo" xmi:id="_.o9.aZ.cA6.yE.d.y.d7PUN.b-IYCQ"/><publish:property canonicalName="datatype" name="Datatype" publish:category="UML"/><publish:property canonicalName="default" name="Default" publish:category="UML" publish:value="empty list"/><publish:property canonicalName="defaultValue" name="Default Value" publish:category="UML" publish:nohref="true" publish:value="()"/><publish:property canonicalName="isComposite" name="Is Composite" publish:category="UML" publish:value="false"/><publish:property canonicalName="isDerived" name="Is Derived" publish:category="UML" publish:value="false"/><publish:property canonicalName="isDerivedUnion" name="Is Derived Union" publish:category="UML" publish:value="false"/><publish:property canonicalName="isLeaf" name="Is Leaf" publish:category="UML" publish:value="false"/><publish:property canonicalName="isOrdered" name="Is Ordered" publish:category="UML" publish:value="false"/><publish:property canonicalName="isReadOnly" name="Is Read Only" publish:category="UML" publish:value="false"/><publish:property canonicalName="isStatic" name="Is Static" publish:category="UML" publish:value="false"/><publish:property canonicalName="isUnique" name="Is Unique" publish:category="UML" publish:value="true"/><publish:property canonicalName="isInvariant" name="isInvariant" publish:category="mTOPAttribute" publish:value="False"/><publish:property canonicalName="Keywords" name="Keywords" publish:category="UML"/><publish:property canonicalName="lower" name="Lower" publish:category="UML" publish:value="0"/><publish:property canonicalName="lowerValue" name="Lower Value" publish:category="UML" publish:nohref="true" publish:value="(0)"/><publish:property canonicalName="Multiplicity" name="Multiplicity" publish:category="UML" publish:value="*"/><publish:property canonicalName="name" name="Name" publish:category="UML" publish:value="additionalInfo"/><publish:property canonicalName="nameExpression" name="Name Expression" publish:category="UML"/><publish:property canonicalName="namespace" name="Namespace" publish:category="UML" publish:ismodellink="false" publish:value="«mTOPClass» CommonObjectInfo" xmi:id="_.o9.aZ.cA6.yE.d.y.d7PUN.b-IYCQ"/><publish:property canonicalName="notificationType" name="notificationType" publish:category="mTOPAttribute" publish:value="2 - ATTRIBUTE_VALUE_CHANGE"/><publish:property canonicalName="opposite" name="Opposite" publish:category="UML"/><publish:property canonicalName="owner" name="Owner" publish:category="UML" publish:ismodellink="false" publish:value="«mTOPClass» CommonObjectInfo" xmi:id="_.o9.aZ.cA6.yE.d.y.d7PUN.b-IYCQ"/><publish:property canonicalName="owningAssociation" name="Owning Association" publish:category="UML"/><publish:property canonicalName="owningTemplateParameter" name="Owning Template Parameter" publish:category="UML"/><publish:property canonicalName="qualifiedName" name="Qualified Name" publish:category="UML" publish:value="Framework::Data Object Classes::CommonObjectInfo::additionalInfo"/><publish:property canonicalName="Stereotype" name="Stereotype" publish:category="UML" publish:value="mTOPAttribute"/><publish:property canonicalName="templateParameter" name="Template Parameter" publish:category="UML"/><publish:property canonicalName="type" name="Type" publish:category="UML" publish:ismodellink="false" publish:value="AttributeValuePair" xmi:id="_8_P-.sP.o7E.d.uV.sYI7.m.fNDXQ"/><publish:property canonicalName="upper" name="Upper" publish:category="UML" publish:value="*"/><publish:property canonicalName="upperValue" name="Upper Value" publish:category="UML" publish:nohref="true" publish:value="(*)"/><publish:property canonicalName="visibility" name="Visibility" publish:category="UML" publish:value="Public"/><publish:property canonicalName="writeable" name="writeable" publish:category="mTOPAttribute" publish:value="0 - TARGET_AND_REQUESTING_OS"/></publish:properties><ownedComment annotatedElement="_.x.d-.pQQ6.uE.d.y.d7PUN.b-IYCQ" body="This attribute is a vendor specific attribute that contains additional specific information about the object. This list can be empty.&#13;&#10;The attribute, when present, can be used to convey information from the target OS to the requesting OS, and vice versa, of additional information that isn't explicitly modelled, except that some parameter names and values may be predefined.&#13;&#10;Any information encoded in the additionalInfo is optional: target OS need not fill out this information and the requesting OS need not interpret this information.&#13;&#10;Note: In the IIS this attribute is defined as vendorExtensions.&#13;&#10;Traceability: R_TMF518_FMW_I_0001.&#13;&#10;&#13;&#10;" isDocumentation="false" isURL="false" name="&lt;Unnamed Comment&gt;" publish:icon="1023744610_icon.png" publish:qualifiedname="Framework::Data Object Classes::CommonObjectInfo::additionalInfo::&lt;Comment&gt;" xmi:id="_.x.d-.pQ.g6.uE.d.y.d7PUN.b-IYCQ" xsi:type="uml:Comment"><publish:properties><publish:property canonicalName="body" name="Body" publish:category="UML" publish:value="This attribute is a vendor specific attribute that contains additional specific information about the object. This list can be empty...."/><publish:property canonicalName="Keywords" name="Keywords" publish:category="UML"/><publish:property anchor="#_.x.d-.pQQ6.uE.d.y.d7PUN.b-IYCQ" canonicalName="owner" name="Owner" publish:category="UML" publish:ismodellink="false" publish:value="«mTOPAttribute» additionalInfo" xmi:id="_.o9.aZ.cA6.yE.d.y.d7PUN.b-IYCQ"/><publish:property canonicalName="Stereotype" name="Stereotype" publish:category="UML"/></publish:properties></ownedComment><upperValue name="&lt;Unnamed LiteralUnlimitedNatural&gt;" publish:icon="-419095995_icon.png" publish:qualifiedname="Framework::Data Object Classes::CommonObjectInfo::additionalInfo::&lt;LiteralUnlimitedNatural&gt;" xmi:id="_.x.d-.pQ.w6.uE.d.y.d7PUN.b-IYCQ" xsi:type="uml:LiteralUnlimitedNatural"><publish:properties><publish:property canonicalName="Alias" name="Alias" publish:category="UML"/><publish:property canonicalName="Keywords" name="Keywords" publish:category="UML"/><publish:property canonicalName="name" name="Name" publish:category="UML"/><publish:property canonicalName="nameExpression" name="Name Expression" publish:category="UML"/><publish:property canonicalName="namespace" name="Namespace" publish:category="UML"/><publish:property anchor="#_.x.d-.pQQ6.uE.d.y.d7PUN.b-IYCQ" canonicalName="owner" name="Owner" publish:category="UML" publish:ismodellink="false" publish:value="«mTOPAttribute» additionalInfo" xmi:id="_.o9.aZ.cA6.yE.d.y.d7PUN.b-IYCQ"/><publish:property canonicalName="owningTemplateParameter" name="Owning Template Parameter" publish:category="UML"/><publish:property canonicalName="qualifiedName" name="Qualified Name" publish:category="UML"/><publish:property canonicalName="Stereotype" name="Stereotype" publish:category="UML"/><publish:property canonicalName="templateParameter" name="Template Parameter" publish:category="UML"/><publish:property canonicalName="type" name="Type" publish:category="UML"/><publish:property canonicalName="value" name="Value" publish:category="UML" publish:value="*"/><publish:property canonicalName="visibility" name="Visibility" publish:category="UML" publish:value="Public"/></publish:properties></upperValue><lowerValue name="&lt;Unnamed LiteralInteger&gt;" publish:icon="1711610710_icon.png" publish:qualifiedname="Framework::Data Object Classes::CommonObjectInfo::additionalInfo::&lt;LiteralInteger&gt;" xmi:id="_.x.d-.pRA6.uE.d.y.d7PUN.b-IYCQ" xsi:type="uml:LiteralInteger"><publish:properties><publish:property canonicalName="Alias" name="Alias" publish:category="UML"/><publish:property canonicalName="Keywords" name="Keywords" publish:category="UML"/><publish:property canonicalName="name" name="Name" publish:category="UML"/><publish:property canonicalName="nameExpression" name="Name Expression" publish:category="UML"/><publish:property canonicalName="namespace" name="Namespace" publish:category="UML"/><publish:property anchor="#_.x.d-.pQQ6.uE.d.y.d7PUN.b-IYCQ" canonicalName="owner" name="Owner" publish:category="UML" publish:ismodellink="false" publish:value="«mTOPAttribute» additionalInfo" xmi:id="_.o9.aZ.cA6.yE.d.y.d7PUN.b-IYCQ"/><publish:property canonicalName="owningTemplateParameter" name="Owning Template Parameter" publish:category="UML"/><publish:property canonicalName="qualifiedName" name="Qualified Name" publish:category="UML"/><publish:property canonicalName="Stereotype" name="Stereotype" publish:category="UML"/><publish:property canonicalName="templateParameter" name="Template Parameter" publish:category="UML"/><publish:property canonicalName="type" name="Type" publish:category="UML"/><publish:property canonicalName="value" name="Value" publish:category="UML" publish:value="0"/><publish:property canonicalName="visibility" name="Visibility" publish:category="UML" publish:value="Public"/></publish:properties></lowerValue><defaultValue name="&lt;Unnamed OpaqueExpression&gt;" publish:icon="-419095724_icon.png" publish:qualifiedname="Framework::Data Object Classes::CommonObjectInfo::additionalInfo::&lt;OpaqueExpression&gt;" xmi:id="_.x.d-.pRQ6.uE.d.y.d7PUN.b-IYCQ" xsi:type="uml:OpaqueExpression"><publish:properties><publish:property canonicalName="Alias" name="Alias" publish:category="UML"/><publish:property canonicalName="behavior" name="Behavior" publish:category="UML"/><publish:property canonicalName="body" name="Body" publish:category="UML" publish:value="empty list"/><publish:property canonicalName="Keywords" name="Keywords" publish:category="UML"/><publish:property canonicalName="language" name="Language" publish:category="UML"/><publish:property canonicalName="name" name="Name" publish:category="UML"/><publish:property canonicalName="nameExpression" name="Name Expression" publish:category="UML"/><publish:property canonicalName="namespace" name="Namespace" publish:category="UML"/><publish:property anchor="#_.x.d-.pQQ6.uE.d.y.d7PUN.b-IYCQ" canonicalName="owner" name="Owner" publish:category="UML" publish:ismodellink="false" publish:value="«mTOPAttribute» additionalInfo" xmi:id="_.o9.aZ.cA6.yE.d.y.d7PUN.b-IYCQ"/><publish:property canonicalName="owningTemplateParameter" name="Owning Template Parameter" publish:category="UML"/><publish:property canonicalName="qualifiedName" name="Qualified Name" publish:category="UML"/><publish:property canonicalName="result" name="Result" publish:category="UML"/><publish:property canonicalName="Stereotype" name="Stereotype" publish:category="UML"/><publish:property canonicalName="templateParameter" name="Template Parameter" publish:category="UML"/><publish:property canonicalName="type" name="Type" publish:category="UML" publish:ismodellink="false" publish:value="AttributeValuePair" xmi:id="_8_P-.sP.o7E.d.uV.sYI7.m.fNDXQ"/><publish:property canonicalName="visibility" name="Visibility" publish:category="UML" publish:value="Public"/></publish:properties></defaultValue></ownedAttribute></packagedElement></packagedElement>