<?xml version="1.0" encoding="UTF-8"?><publish:diagrams xmlns:publish="http://www.ibm.com/Rational/XTools/Publish" xmlns:xmi="http://www.omg.org/XMI"><publish:diagram name="FMW Common Object Class Diagram" publish:icon="-1677387246_icon.png" publish:qualifiedname="Framework::Class Diagrams::FMW Common Object Class Diagram" xmi:id="__2.w.fIO2JE.d.uD1.d0J9.j2.p4.g"/><publish:diagram name="FMW Notifications Diagram" publish:icon="-1677387246_icon.png" publish:qualifiedname="Framework::Class Diagrams::FMW Notifications Diagram" xmi:id="_.c.nCQIP.x-E.d.u.u.u.oHTW.mKV.yQ"/><publish:diagram name="FMW Data Types Class Diagram" publish:icon="-1677387246_icon.png" publish:qualifiedname="Framework::Class Diagrams::FMW Data Types Class Diagram" xmi:id="_.u.pNBACPOE.d.y.p.g.fGA_0P3-.g"/><publish:diagram name="FMW Common Object Provisioning Interface Diagram" publish:icon="-1677387246_icon.png" publish:qualifiedname="Framework::Class Diagrams::FMW Common Object Provisioning Interface Diagram" xmi:id="_.iGO.cACS.nE.d.y.q.c.o.mT-DT.tQQ"/><publish:diagram name="Operation Exceptions Class Diagram" publish:icon="-1677387246_icon.png" publish:qualifiedname="Framework::Class Diagrams::Operation Exceptions Class Diagram" xmi:id="_.i.kI6QCV.bE.d.y.i.v86.a.e.j.kL.cA"/><publish:diagram name="MTOSI naming tree Class Diagram" publish:icon="-1677387246_icon.png" publish:qualifiedname="Framework::Class Diagrams::MTOSI naming tree Class Diagram" xmi:id="_IN7MEKXHE.d2597.xQ-.kI.hBQ"/><publish:diagram name="FMW MART Service Interface Diagram" publish:icon="-1677387246_icon.png" publish:qualifiedname="Framework::Class Diagrams::FMW MART Service Interface Diagram" xmi:id="_.z583.cOI.dE.d2.qHN.w.d.lV5.t3Q"/><publish:diagram name="FMW Notification Handling Class Diagram" publish:icon="-1677387246_icon.png" publish:qualifiedname="Framework::Class Diagrams::FMW Notification Handling Class Diagram" xmi:id="_K.d.n.bAH.oVE.eCBW5.cXQ.g0.v1Q"/></publish:diagrams>