<?xml version="1.0" encoding="UTF-8"?><uml:Model xmlns:uml="http://www.eclipse.org/uml2/1.0.0/UML" name="Framework" xmlns:publish="http://www.ibm.com/Rational/XTools/Publish" publish:diagramFormat="PNG" publish:icon="1292180043_icon.png" publish:modelname="Framework" publish:profiles="Standard, Default, Deployment, mTOP UML Profile" publish:qualifiedname="Framework" publish:sortOrder="storage" publish:toplevelguid="_.v.t.w3.wO2IE.d.uD1.d0J9.j2.p4.g" xmlns:xmi="http://www.omg.org/XMI" xmi:id="_.v.t.w3.wO2IE.d.uD1.d0J9.j2.p4.g" xmi:version="2.0" xmlns:com.ibm.xtools.notation="http:///com/ibm/xtools/notation.ecore" xmlns:xsi="http://www.w3.org/2001/XMLSchema-instance" xsi:type="uml:Model"><publish:properties><publish:property canonicalName="Alias" name="Alias" publish:category="UML"/><publish:property canonicalName="Keywords" name="Keywords" publish:category="UML"/><publish:property canonicalName="name" name="Name" publish:category="UML" publish:value="Framework"/><publish:property canonicalName="nameExpression" name="Name Expression" publish:category="UML"/><publish:property canonicalName="namespace" name="Namespace" publish:category="UML"/><publish:property canonicalName="nestingPackage" name="Nesting Package" publish:category="UML"/><publish:property canonicalName="ownedTemplateSignature" name="Owned Template Signature" publish:category="UML"/><publish:property canonicalName="owner" name="Owner" publish:category="UML"/><publish:property canonicalName="owningTemplateParameter" name="Owning Template Parameter" publish:category="UML"/><publish:property canonicalName="qualifiedName" name="Qualified Name" publish:category="UML" publish:value="Framework"/><publish:property canonicalName="Stereotype" name="Stereotype" publish:category="UML"/><publish:property canonicalName="templateParameter" name="Template Parameter" publish:category="UML"/><publish:property canonicalName="viewpoint" name="Viewpoint" publish:category="UML"/><publish:property canonicalName="visibility" name="Visibility" publish:category="UML" publish:value="Public"/></publish:properties><appliedProfiles><profile name="Standard" visibility="public"/><profile name="Default" visibility="public"/><profile name="Deployment" visibility="public"/><profile name="mTOP UML Profile" visibility="public"/></appliedProfiles><ownedComment annotatedElement="_.v.t.w3.wO2IE.d.uD1.d0J9.j2.p4.g" body="Changes done between Release 2.1 and 3.0:&#13;&#10;&#13;&#10;- MTOSI naming tree Class Diagram enhanced with Control Plane object classes" isDocumentation="true" isURL="false" name="&lt;Unnamed Comment&gt;" publish:icon="1023744610_icon.png" publish:qualifiedname="Framework::&lt;Comment&gt;" xmi:id="_.n.w2.kEJCOE.d2PV.o.nQ.iIO6.r.g" xsi:type="uml:Comment"><publish:properties><publish:property canonicalName="body" name="Body" publish:category="UML" publish:value="Changes done between Release 2.1 and 3.0:..."/><publish:property canonicalName="Keywords" name="Keywords" publish:category="UML"/><publish:property canonicalName="owner" name="Owner" publish:category="UML" publish:ismodellink="true" publish:value="Framework" xmi:id="_.v.t.w3.wO2IE.d.uD1.d0J9.j2.p4.g"/><publish:property canonicalName="Stereotype" name="Stereotype" publish:category="UML" publish:value="documentation"/></publish:properties></ownedComment><packageImport name="&lt;Unnamed PackageImport&gt;" publish:icon="1275402941_icon.png" publish:qualifiedname="Framework::&lt;PackageImport&gt;" xmi:id="_.v.t.w3.xO2IE.d.uD1.d0J9.j2.p4.g" xsi:type="uml:PackageImport"><publish:properties><publish:property canonicalName="importedPackage" name="Imported Package" publish:category="UML" publish:value="«modelLibrary» UMLPrimitiveTypes"/><publish:property canonicalName="importingNamespace" name="Importing Namespace" publish:category="UML" publish:ismodellink="true" publish:value="Framework" xmi:id="_.v.t.w3.wO2IE.d.uD1.d0J9.j2.p4.g"/><publish:property canonicalName="Keywords" name="Keywords" publish:category="UML"/><publish:property canonicalName="owner" name="Owner" publish:category="UML" publish:ismodellink="true" publish:value="Framework" xmi:id="_.v.t.w3.wO2IE.d.uD1.d0J9.j2.p4.g"/><publish:property canonicalName="Stereotype" name="Stereotype" publish:category="UML"/><publish:property canonicalName="visibility" name="Visibility" publish:category="UML" publish:value="Public"/></publish:properties></packageImport></uml:Model>