<?xml version="1.0" encoding="UTF-8"?>
<tigerstripe version="1.1">
	<project name="NetworkResourceBasic">
		<outputDirectory>target/tigerstripe.gen</outputDirectory>
		<nature>ts.nature.ossj</nature>
		<property name="defaultArtifactPackage">com.mycompany</property>
		<property name="ossj.common.schemaLocation">http://ossj.org/xml/Common/v1-3/OSSJ-Common-v1-3.xsd</property>
		<property name="ossj.common.namespacePrefix">co-v1-3</property>
		<property name="ossj.common.targetNamespace">http://ossj.org/xml/Common/v1-3</property>
	</project>
	<repositories>
		<repository baseDir=".">
			<includes>src/**/*.java</includes>
		</repository>
	</repositories>
	<plugins>
		<plugin enabled="false" groupId="ts" pluginId="ossj-jvt-spec" version="dev">
			<property name="defaultInterfacePackage">com.mycompany</property>
		</plugin>
		<plugin enabled="false" groupId="ts" pluginId="ossj-xml-spec" version="dev">
			<packageMapping defaultLocation="http://ossj.org/xml/${name}/v${ver}/OSSJ-${name}-v${ver}.xsd" defaultName="xml/${name}/v${ver}/OSSJ-${name}-v${ver}.xsd" targetNamespace="http://ossj.org/xml/${name}/v${ver}"  defaultUserPrefix="ossj-${name}-v${ver}" useDefaultMapping="true"/>
		</plugin>
		<plugin enabled="false" groupId="ts" pluginId="ossj-wsdl-spec" version="dev">
			<property name="targetNamespace">tns</property>
			<property name="includeWSNotifications">true</property>
			<property name="WSNotificationsLocation">http://www-128.ibm.com/developerworks/library/specification/ws-notification/WS-BaseN.wsdl</property>
		</plugin>
		<plugin enabled="true" groupId="ts" pluginId="publisher" version="1.0">
			<property name="copyrightFooter">2006, Tigerstripe, Inc.</property>
			<property name="clearBeforePublish">true</property>
			<property name="publishDirectory">publish</property>
			<property name="useDefaultLogoImage">true</property>
			<property name="generateBeforePublish">true</property>
		</plugin>
		<plugin enabled="true" groupId="ts" pluginId="csv-spec" version="">
			<property name="levelOfDetail">max</property>
			<property name="includeInherited">true</property>
			<property name="csvDirectory">csv</property>
		</plugin>
	</plugins>
	<dependencies>
	    </dependencies>
    <advanced>
	  <advancedProperty name="modelImport.useTargetProjectAsGuide">true</advancedProperty>
	  <advancedProperty name="modelImport.db.importViews">true</advancedProperty>
	  <advancedProperty name="modelImport.db.importTables">true</advancedProperty>
      <advancedProperty name="generation.messagePayloadSampleDefaultlocation">schemas</advancedProperty>
      <advancedProperty name="generation.messagePayloadSampleAllowNetwork">false</advancedProperty>
	  <advancedProperty name="generation.generateReport">true</advancedProperty>
	  <advancedProperty name="generation.logMessages">false</advancedProperty>
	  <advancedProperty name="misc.ignoreArtifactElementsWithoutTag">true</advancedProperty>
    </advanced>
</tigerstripe>
