<?xml version="1.0" encoding="UTF-8"?><publish:diagrams xmlns:publish="http://www.ibm.com/Rational/XTools/Publish" xmlns:xmi="http://www.omg.org/XMI"><publish:diagram name="RP DDP Relationship Diagram" publish:icon="-1677387246_icon.png" publish:qualifiedname="ResourceProvisioning::Class Diagrams::RP DDP Relationship Diagram" xmi:id="_K.w.p7AM.p.vE.d.yA6N.p.z6T0T-A"/><publish:diagram name="RP Interface Diagram" publish:icon="-1677387246_icon.png" publish:qualifiedname="ResourceProvisioning::Class Diagrams::RP Interface Diagram" xmi:id="_.l3.g.c.wN.y.oE.d.yY2.qUBC6.uX.a.g"/><publish:diagram name="RP Common Resource Provisioning Service Interface Diagram" publish:icon="-1677387246_icon.png" publish:qualifiedname="ResourceProvisioning::Class Diagrams::RP Common Resource Provisioning Service Interface Diagram" xmi:id="_.dSE.l.cP.y8E.d.y9.q.u6.lRY.t.p2.g"/><publish:diagram name="RP Connection Control Service Interface Diagram" publish:icon="-1677387246_icon.png" publish:qualifiedname="ResourceProvisioning::Class Diagrams::RP Connection Control Service Interface Diagram" xmi:id="_UP.rT.sP.zDE.d.y9.q.u6.lRY.t.p2.g"/><publish:diagram name="RP Flow Domain Control Service Interface Diagram" publish:icon="-1677387246_icon.png" publish:qualifiedname="ResourceProvisioning::Class Diagrams::RP Flow Domain Control Service Interface Diagram" xmi:id="_.kY.uN.wAO8E.d2M.q.p.i.pL0DP.fA"/><publish:diagram name="RP Equipment Provisioning Service Interface Diagram" publish:icon="-1677387246_icon.png" publish:qualifiedname="ResourceProvisioning::Class Diagrams::RP Equipment Provisioning Service Interface Diagram" xmi:id="_A.sYE4A.r1E.d2.g7O.a.h.yJL.k5A"/><publish:diagram name="RP Gui Cut Through Control Service Interface Diagram" publish:icon="-1677387246_icon.png" publish:qualifiedname="ResourceProvisioning::Class Diagrams::RP Gui Cut Through Control Service Interface Diagram" xmi:id="_LW.bXUA.r2E.d2.g7O.a.h.yJL.k5A"/><publish:diagram name="RP Termination Point Control Service Interface Diagram" publish:icon="-1677387246_icon.png" publish:qualifiedname="ResourceProvisioning::Class Diagrams::RP Termination Point Control Service Interface Diagram" xmi:id="_.aFZ3.wA.r3E.d2.g7O.a.h.yJL.k5A"/><publish:diagram name="RP Topological Link Control Service Interface Diagram" publish:icon="-1677387246_icon.png" publish:qualifiedname="ResourceProvisioning::Class Diagrams::RP Topological Link Control Service Interface Diagram" xmi:id="_IXK.e8A.r4E.d2.g7O.a.h.yJL.k5A"/><publish:diagram name="RP Traffic Conditioning Profile Control Service Interface Diagram" publish:icon="-1677387246_icon.png" publish:qualifiedname="ResourceProvisioning::Class Diagrams::RP Traffic Conditioning Profile Control Service Interface Diagram" xmi:id="_2TKR.gA.r4E.d2.g7O.a.h.yJL.k5A"/><publish:diagram name="RP Transmission Descriptor Control Service Interface Diagram" publish:icon="-1677387246_icon.png" publish:qualifiedname="ResourceProvisioning::Class Diagrams::RP Transmission Descriptor Control Service Interface Diagram" xmi:id="_229F.oA.r5E.d2.g7O.a.h.yJL.k5A"/><publish:diagram name="RP Call Control Service Interface Diagram" publish:icon="-1677387246_icon.png" publish:qualifiedname="ResourceProvisioning::Class Diagrams::RP Call Control Service Interface Diagram" xmi:id="_1AZ.nUHM.hE.eG.x.p.fXVVYQRF.w"/><publish:diagram name="RP Multi Layer SNPP Link Control Service Interface Diagram" publish:icon="-1677387246_icon.png" publish:qualifiedname="ResourceProvisioning::Class Diagrams::RP Multi Layer SNPP Link Control Service Interface Diagram" xmi:id="_.xCDLQHRSE.eK.j1.f.i.d.rDTM.i.g"/><publish:diagram name="RP Remote Unit Control Service Interface Diagram" publish:icon="-1677387246_icon.png" publish:qualifiedname="ResourceProvisioning::Class Diagrams::RP Remote Unit Control Service Interface Diagram" xmi:id="_.bN.z.a.wHU.hE.eKD3LF.z9.cO.g.fQ"/><publish:diagram name="RP Multi Layer SNPP Control Service Interface Diagram" publish:icon="-1677387246_icon.png" publish:qualifiedname="ResourceProvisioning::Class Diagrams::RP Multi Layer SNPP Control Service Interface Diagram" xmi:id="_4.p.gL.oH.s.zE.eK.r.h9S.gMRU.c6.w"/></publish:diagrams>