<?xml version="1.0" encoding="UTF-8"?><packagedElement xmlns:publish="http://www.ibm.com/Rational/XTools/Publish" xmlns:xmi="http://www.omg.org/XMI" xmlns:com.ibm.xtools.notation="http:///com/ibm/xtools/notation.ecore" xmlns:uml="http://www.eclipse.org/uml2/1.0.0/UML" xmlns:xsi="http://www.w3.org/2001/XMLSchema-instance" name="Class Diagrams" publish:diagramFormat="GIF" publish:icon="_fFjvYB5cEdyjX65vzeWaBA_icon.jpeg" publish:modelname="NetworkResourceAssurance" publish:qualifiedname="NetworkResourceAssurance::Class Diagrams" publish:toplevelguid="_TIGMoA6qEdyd7PUNb-IYCQ" xmi:id="_fFjvYB5cEdyjX65vzeWaBA" xmi:version="2.0" xsi:type="uml:Package"><publish:properties><publish:property name="Alias" publish:category="UML" publish:description="Alias property of the UML element"/><publish:property name="Keywords" publish:category="UML" publish:description="Keywords property of the UML element"/><publish:property name="Name" publish:category="UML" publish:description="The Name of the Named Element" publish:value="Class Diagrams"/><publish:property name="Name Expression" publish:category="UML" publish:description="The Name Expression of the Named Element"/><publish:property name="Namespace" publish:category="UML" publish:description="The Namespace of the Named Element" publish:value="&lt;Model&gt; NetworkResourceAssurance"/><publish:property name="Nesting Package" publish:category="UML" publish:description="The Nesting Package of the Package" publish:value="&lt;Model&gt; NetworkResourceAssurance"/><publish:property name="Owned Template Signature" publish:category="UML" publish:description="The Owned Template Signature of the Templateable Element"/><publish:property name="Owner" publish:category="UML" publish:description="The Owner of the Element" publish:value="&lt;Model&gt; NetworkResourceAssurance"/><publish:property name="Owning Template Parameter" publish:category="UML" publish:description="The Owning Template Parameter of the Parameterable Element"/><publish:property name="Qualified Name" publish:category="UML" publish:description="The Qualified Name of the Named Element" publish:value="NetworkResourceAssurance::Class Diagrams"/><publish:property name="Stereotype" publish:category="UML"/><publish:property name="Template Parameter" publish:category="UML" publish:description="The Template Parameter of the Parameterable Element"/><publish:property name="Visibility" publish:category="UML" publish:description="The Visibility of the Named Element" publish:value="Public"/></publish:properties><contents Type="Class" name="NRA Class Diagram" publish:icon="_pf9NAFVXEdya2sE_yD1PfQ_icon.jpeg" publish:imageType="GIF" publish:qualifiedname="NetworkResourceAssurance::Class Diagrams::NRA Class Diagram" xmi:id="_pf9NAFVXEdya2sE_yD1PfQ" xsi:type="notation:Diagram"><publish:properties><publish:property name="Measurement Unit" publish:category="View" publish:description="The Measurement Unit of the Diagram" publish:value="Himetric"/><publish:property name="Name" publish:category="View" publish:description="The Name of the Diagram" publish:value="NRA Class Diagram"/><publish:property name="Styles" publish:category="View" publish:description="The Styles of the View"/></publish:properties><publish:partInfo coords="960,709,960,776,950,776,950,709,960,709" name="Dependency" publish:ismodellink="false" shape="poly" xmi:id="_PFyckMT7EdyC6_0TtuYPCQ"/><publish:partInfo coords="1099,56,1472,56,1482,66,1482,350,1472,350,1472,66,1472,66,1099,66,1099,56" name="Association" publish:ismodellink="false" shape="poly" xmi:id="_9SP3cFFUEdyZhYPB67lKRA"/><publish:partInfo coords="451,873,451,939,441,939,441,873,451,873" name="Dependency" publish:ismodellink="false" shape="poly" xmi:id="_H6094MRPEdyoEOATfpD7og"/><publish:partInfo coords="449,717,449,786,439,786,439,717,449,717" name="Dependency" publish:ismodellink="false" shape="poly" xmi:id="_pOkE4MROEdyoEOATfpD7og"/><publish:partInfo coords="806,78,375,78,385,68,385,339,375,339,375,68,375,68,806,68,806,78" name="Association" publish:ismodellink="false" shape="poly" xmi:id="_xZ98sFFmEdyZhYPB67lKRA"/><publish:partInfo coords="1486,681,1486,760,1476,760,1476,681,1486,681" name="Association" publish:ismodellink="false" shape="poly" xmi:id="_X19ksFFrEdyZhYPB67lKRA"/><publish:partInfo coords="1476,847,1476,927,1466,927,1466,847,1476,847" name="Dependency" publish:ismodellink="false" shape="poly" xmi:id="_2JMRQFYOEdys97lG39tcpw"/><publish:partInfo name="EquipmentProtectionGroup" publish:ismodellink="false" publish:partLowerX="1703" publish:partLowerY="534" publish:partUpperX="1231" publish:partUpperY="351" shape="rect" xmi:id="_jovjIFFTEdyZhYPB67lKRA"/><publish:partInfo name="TcaParameterProfile" publish:ismodellink="false" publish:partLowerX="1201" publish:partLowerY="709" publish:partUpperX="704" publish:partUpperY="606" shape="rect" xmi:id="_rbGJUFYuEdys97lG39tcpw"/><publish:partInfo name="ProtectionGroup" publish:ismodellink="false" publish:partLowerX="596" publish:partLowerY="538" publish:partUpperX="9" publish:partUpperY="340" shape="rect" xmi:id="_Q8_tUFFhEdyZhYPB67lKRA"/><publish:partInfo name="PerformanceMonitoringThreshold" publish:ismodellink="false" publish:partLowerX="672" publish:partLowerY="1058" publish:partUpperX="220" publish:partUpperY="939" shape="rect" xmi:id="_Wk5toFYaEdys97lG39tcpw"/><publish:partInfo name="PerformanceMonitoringParameter" publish:ismodellink="false" publish:partLowerX="654" publish:partLowerY="874" publish:partUpperX="227" publish:partUpperY="787" shape="rect" xmi:id="_r3PUwFYYEdys97lG39tcpw"/><publish:partInfo name="PerformanceMonitoringPoint" publish:ismodellink="false" publish:partLowerX="662" publish:partLowerY="717" publish:partUpperX="218" publish:partUpperY="566" shape="rect" xmi:id="_lrQs8FYTEdys97lG39tcpw"/><publish:partInfo name="AlarmSeverityAssignment" publish:ismodellink="false" publish:partLowerX="1706" publish:partLowerY="1078" publish:partUpperX="1228" publish:partUpperY="927" shape="rect" xmi:id="_obM3QFYOEdys97lG39tcpw"/><publish:partInfo name="AlarmSeverityAssignmentProfile" publish:ismodellink="false" publish:partLowerX="1717" publish:partLowerY="847" publish:partUpperX="1217" publish:partUpperY="760" shape="rect" xmi:id="_rCh4AP-tEduKKLvC_EB00A"/><publish:partInfo name="ThresholdCrossingAlertParameter" publish:ismodellink="false" publish:partLowerX="1178" publish:partLowerY="944" publish:partUpperX="726" publish:partUpperY="777" shape="rect" xmi:id="_sIpEcFYxEdys97lG39tcpw"/></contents><contents Type="Class" name="NRA DDP Relationship Diagram" publish:icon="_W8VekFYMEdys97lG39tcpw_icon.jpeg" publish:imageType="GIF" publish:qualifiedname="NetworkResourceAssurance::Class Diagrams::NRA DDP Relationship Diagram" xmi:id="_W8VekFYMEdys97lG39tcpw" xsi:type="notation:Diagram"><publish:properties><publish:property name="Measurement Unit" publish:category="View" publish:description="The Measurement Unit of the Diagram" publish:value="Himetric"/><publish:property name="Name" publish:category="View" publish:description="The Name of the Diagram" publish:value="NRA DDP Relationship Diagram"/><publish:property name="Styles" publish:category="View" publish:description="The Styles of the View"/></publish:properties><publish:partInfo name="NetworkResourceAssurance" publish:ismodellink="true" publish:partLowerX="205" publish:partLowerY="267" publish:partUpperX="19" publish:partUpperY="256" shape="rect" xmi:id="_TIGMoA6qEdyd7PUNb-IYCQ"/><publish:partInfo name="NetworkResourceAssurance" publish:ismodellink="true" publish:partLowerX="215" publish:partLowerY="269" publish:partUpperX="9" publish:partUpperY="216" shape="rect" xmi:id="_TIGMoA6qEdyd7PUNb-IYCQ"/></contents><contents Type="Class" name="NRA Notifications Diagram" publish:icon="_4LCtEFY2Edys97lG39tcpw_icon.jpeg" publish:imageType="GIF" publish:qualifiedname="NetworkResourceAssurance::Class Diagrams::NRA Notifications Diagram" xmi:id="_4LCtEFY2Edys97lG39tcpw" xsi:type="notation:Diagram"><publish:properties><publish:property name="Measurement Unit" publish:category="View" publish:description="The Measurement Unit of the Diagram" publish:value="Himetric"/><publish:property name="Name" publish:category="View" publish:description="The Name of the Diagram" publish:value="NRA Notifications Diagram"/><publish:property name="Styles" publish:category="View" publish:description="The Styles of the View"/></publish:properties><publish:partInfo name="ProtectionSwitchNotification" publish:ismodellink="false" publish:partLowerX="427" publish:partLowerY="348" publish:partUpperX="69" publish:partUpperY="165" shape="rect" xmi:id="_ihteIFCZEdynybgludW5Lg"/><publish:partInfo name="EquipmentProtectionSwitchNotification" publish:ismodellink="false" publish:partLowerX="1159" publish:partLowerY="333" publish:partUpperX="755" publish:partUpperY="166" shape="rect" xmi:id="_ObSF8FCaEdynybgludW5Lg"/><publish:partInfo name="PmpStateChangeNotification" publish:ismodellink="false" publish:partLowerX="1220" publish:partLowerY="150" publish:partUpperX="845" publish:partUpperY="47" shape="rect" xmi:id="_yddiIFbZEdyH-M5VerQWsw"/><publish:partInfo name="AlarmNotification" publish:ismodellink="false" publish:partLowerX="594" publish:partLowerY="789" publish:partUpperX="9" publish:partUpperY="383" shape="rect" xmi:id="_mAqRMFY_Edys97lG39tcpw"/><publish:partInfo name="TCANotification" publish:ismodellink="false" publish:partLowerX="1113" publish:partLowerY="630" publish:partUpperX="609" publish:partUpperY="384" shape="rect" xmi:id="_H_Hp0FY3Edys97lG39tcpw"/></contents><contents Type="Class" name="Data Types Class Diagram" publish:icon="_poXnIPskEdybz6jVd6YVeQ_icon.jpeg" publish:imageType="GIF" publish:qualifiedname="NetworkResourceAssurance::Class Diagrams::Data Types Class Diagram" xmi:id="_poXnIPskEdybz6jVd6YVeQ" xsi:type="notation:Diagram"><publish:properties><publish:property name="Measurement Unit" publish:category="View" publish:description="The Measurement Unit of the Diagram" publish:value="Himetric"/><publish:property name="Name" publish:category="View" publish:description="The Name of the Diagram" publish:value="Data Types Class Diagram"/><publish:property name="Styles" publish:category="View" publish:description="The Styles of the View"/></publish:properties><publish:partInfo name="ItuArcStateOrStatus" publish:ismodellink="false" publish:partLowerX="624" publish:partLowerY="142" publish:partUpperX="242" publish:partUpperY="22" shape="rect" xmi:id="_e4-sQPskEdybz6jVd6YVeQ"/><publish:partInfo name="NalmTIInterval" publish:ismodellink="false" publish:partLowerX="751" publish:partLowerY="428" publish:partUpperX="478" publish:partUpperY="343" shape="rect" xmi:id="_i_PKMHMgEdyMGrC9Msb2bA"/><publish:partInfo name="NalmQIInterval" publish:ismodellink="false" publish:partLowerX="446" publish:partLowerY="428" publish:partUpperX="173" publish:partUpperY="343" shape="rect" xmi:id="_G1QAsHMgEdyMGrC9Msb2bA"/><publish:partInfo name="ArcState" publish:ismodellink="false" publish:partLowerX="863" publish:partLowerY="279" publish:partUpperX="590" publish:partUpperY="162" shape="rect" xmi:id="_uvL_oHMfEdyMGrC9Msb2bA"/><publish:partInfo name="ArcQIStatus" publish:ismodellink="false" publish:partLowerX="577" publish:partLowerY="262" publish:partUpperX="304" publish:partUpperY="161" shape="rect" xmi:id="_qMFLYHMgEdyMGrC9Msb2bA"/><publish:partInfo name="AlarmStatus" publish:ismodellink="false" publish:partLowerX="289" publish:partLowerY="327" publish:partUpperX="16" publish:partUpperY="162" shape="rect" xmi:id="_f1zJgHMfEdyMGrC9Msb2bA"/></contents><contents Type="Class" name="NRA Equipment Protection Class Diagram" publish:icon="_R04CwBguEd2kdP--T2z0Zg_icon.jpeg" publish:imageType="GIF" publish:qualifiedname="NetworkResourceAssurance::Class Diagrams::NRA Equipment Protection Class Diagram" xmi:id="_R04CwBguEd2kdP--T2z0Zg" xsi:type="notation:Diagram"><publish:properties><publish:property name="Measurement Unit" publish:category="View" publish:description="The Measurement Unit of the Diagram" publish:value="Himetric"/><publish:property name="Name" publish:category="View" publish:description="The Name of the Diagram" publish:value="NRA Equipment Protection Class Diagram"/><publish:property name="Styles" publish:category="View" publish:description="The Styles of the View"/></publish:properties><publish:partInfo coords="254,208,254,284,244,284,244,208,254,208" name="Association" publish:ismodellink="false" shape="poly" xmi:id="_9SP3cFFUEdyZhYPB67lKRA"/><publish:partInfo name="EquipmentProtectionGroup" publish:ismodellink="false" publish:partLowerX="481" publish:partLowerY="468" publish:partUpperX="9" publish:partUpperY="285" shape="rect" xmi:id="_jovjIFFTEdyZhYPB67lKRA"/></contents></packagedElement>