<?xml version="1.0" encoding="UTF-8"?>
<!--Sample XML file generated by XMLSpy v2006 rel. 3 sp1 (http://www.altova.com)-->
<tns:tP_setTerminationPointData_OI>
	<id>String</id>
	<notes>String</notes>
	<quantity>-0</quantity>
	<priority>String</priority>
	<ord:resource>
		<identifier>
			<context>
				<valuePairs>
					<nameValuePairs>
						<item>
							<name>String</name>
							<value>String</value>
						</item>
						<item>
							<name>String</name>
							<value>String</value>
						</item>
					</nameValuePairs>
				</valuePairs>
				<scheme>String</scheme>
			</context>
			<dn>
				<valuePairs>
					<nameValuePairs>
						<item>
							<name>String</name>
							<value>String</value>
						</item>
						<item>
							<name>String</name>
							<value>String</value>
						</item>
					</nameValuePairs>
				</valuePairs>
				<scheme>String</scheme>
			</dn>
			<entityType>String</entityType>
		</identifier>
		<aliasNames>
			<valuePairs>
				<nameValuePairs>
					<item>
						<name>String</name>
						<value>String</value>
					</item>
					<item>
						<name>String</name>
						<value>String</value>
					</item>
				</nameValuePairs>
			</valuePairs>
			<scheme>String</scheme>
		</aliasNames>
		</ord:resource>
	<ord:action>"TP_setTerminationPointData"</ord:action>
	<actionData>
		<tpc:tpData>
			<tpdata:tpRef>
				<nam:rdn>
					<nam:type>String</nam:type>
					<nam:value>String</nam:value>
				</nam:rdn>
			</tpdata:tpRef>
			<tpdata:tpMappingMode>TM_NA</tpdata:tpMappingMode>
			<lp:transmissionParametersList>
				<lp:transmissionParameters>
					<lp:layerRate extension="String">VENDOR_EXT</lp:layerRate>
					<lp:parameterList>
						<gen:nvs>
							<gen:name>String</gen:name>
							<gen:value>String</gen:value>
						</gen:nvs>
						<gen:nvs>
							<gen:name>String</gen:name>
							<gen:value>String</gen:value>
						</gen:nvs>
					</lp:parameterList>
					<lp:vendorExtensions/>
				</lp:transmissionParameters>
				<lp:transmissionParameters>
					<lp:layerRate extension="String">VENDOR_EXT</lp:layerRate>
					<lp:parameterList>
						<gen:nvs>
							<gen:name>String</gen:name>
							<gen:value>String</gen:value>
						</gen:nvs>
						<gen:nvs>
							<gen:name>String</gen:name>
							<gen:value>String</gen:value>
						</gen:nvs>
					</lp:parameterList>
					<lp:vendorExtensions/>
				</lp:transmissionParameters>
			</lp:transmissionParametersList>
			<tpdata:ingressTmdRef>
				<nam:rdn>
					<nam:type>String</nam:type>
					<nam:value>String</nam:value>
				</nam:rdn>
			</tpdata:ingressTmdRef>
			<tpdata:egressTmdRef>
				<nam:rdn>
					<nam:type>String</nam:type>
					<nam:value>String</nam:value>
				</nam:rdn>
			</tpdata:egressTmdRef>
		</tpc:tpData>
	</actionData>
</tns:tP_setTerminationPointData_OI>
