<?xml version="1.0" encoding="UTF-8"?><publish:elements xmlns:publish="http://www.ibm.com/Rational/XTools/Publish" xmlns:xmi="http://www.omg.org/XMI" xmlns:xsi="http://www.w3.org/2001/XMLSchema-instance"><publish:element name="PerformanceMonitoringObjectSelect" publish:icon="_zT2JAPDTEdyd4aLNEJLXRg_icon.jpeg" publish:qualifiedname="ResourcePerformanceManagement::Type Definitions::PerformanceMonitoringObjectSelect" xmi:id="_zT2JAPDTEdyd4aLNEJLXRg" xsi:type="uml:DataType"/><publish:element name="PerformanceMonitoringData" publish:icon="_ZlD0oPDpEdyd4aLNEJLXRg_icon.jpeg" publish:qualifiedname="ResourcePerformanceManagement::Type Definitions::PerformanceMonitoringData" xmi:id="_ZlD0oPDpEdyd4aLNEJLXRg" xsi:type="uml:DataType"/><publish:element name="PerformanceMonitoringMeasurement" publish:icon="_yIoJsPDsEdyd4aLNEJLXRg_icon.jpeg" publish:qualifiedname="ResourcePerformanceManagement::Type Definitions::PerformanceMonitoringMeasurement" xmi:id="_yIoJsPDsEdyd4aLNEJLXRg" xsi:type="uml:DataType"/><publish:element name="PerformamceMonitoringIntervalStatus" publish:icon="_PCpaQPDzEdyd4aLNEJLXRg_icon.jpeg" publish:qualifiedname="ResourcePerformanceManagement::Type Definitions::PerformamceMonitoringIntervalStatus" xmi:id="_PCpaQPDzEdyd4aLNEJLXRg" xsi:type="uml:Enumeration"/><publish:element name="VALID" publish:icon="_TwiswPDzEdyd4aLNEJLXRg_icon.jpeg" publish:qualifiedname="ResourcePerformanceManagement::Type Definitions::PerformamceMonitoringIntervalStatus::VALID" xmi:id="_TwiswPDzEdyd4aLNEJLXRg" xsi:type="uml:EnumerationLiteral"/><publish:element name="INCOMPLETE" publish:icon="_UoRmAPDzEdyd4aLNEJLXRg_icon.jpeg" publish:qualifiedname="ResourcePerformanceManagement::Type Definitions::PerformamceMonitoringIntervalStatus::INCOMPLETE" xmi:id="_UoRmAPDzEdyd4aLNEJLXRg" xsi:type="uml:EnumerationLiteral"/><publish:element name="INVALID" publish:icon="_VsOWUPDzEdyd4aLNEJLXRg_icon.jpeg" publish:qualifiedname="ResourcePerformanceManagement::Type Definitions::PerformamceMonitoringIntervalStatus::INVALID" xmi:id="_VsOWUPDzEdyd4aLNEJLXRg" xsi:type="uml:EnumerationLiteral"/><publish:element name="UNAVAILABLE" publish:icon="_XWUgoPDzEdyd4aLNEJLXRg_icon.jpeg" publish:qualifiedname="ResourcePerformanceManagement::Type Definitions::PerformamceMonitoringIntervalStatus::UNAVAILABLE" xmi:id="_XWUgoPDzEdyd4aLNEJLXRg" xsi:type="uml:EnumerationLiteral"/><publish:element name="ZERO_SUPPRESSED" publish:icon="_Z8USgPDzEdyd4aLNEJLXRg_icon.jpeg" publish:qualifiedname="ResourcePerformanceManagement::Type Definitions::PerformamceMonitoringIntervalStatus::ZERO_SUPPRESSED" xmi:id="_Z8USgPDzEdyd4aLNEJLXRg" xsi:type="uml:EnumerationLiteral"/><publish:element name="HoldingTime" publish:icon="_2GueQPQeEdyrko3rRKowkg_icon.jpeg" publish:qualifiedname="ResourcePerformanceManagement::Type Definitions::HoldingTime" xmi:id="_2GueQPQeEdyrko3rRKowkg" xsi:type="uml:DataType"/><publish:element name="TcaParameterProfileCreateData" publish:icon="_E1KmoPQ1Edyrko3rRKowkg_icon.jpeg" publish:qualifiedname="ResourcePerformanceManagement::Type Definitions::TcaParameterProfileCreateData" xmi:id="_E1KmoPQ1Edyrko3rRKowkg" xsi:type="uml:DataType"/><publish:element name="TcaParameterProfileModifyData" publish:icon="_KCzwMPQ1Edyrko3rRKowkg_icon.jpeg" publish:qualifiedname="ResourcePerformanceManagement::Type Definitions::TcaParameterProfileModifyData" xmi:id="_KCzwMPQ1Edyrko3rRKowkg" xsi:type="uml:DataType"/><publish:element name="PerformanceManagementControlService" publish:icon="_1HrNYN1nEdyrKNXnBMy96w_icon.jpeg" publish:qualifiedname="ResourcePerformanceManagement::Interfaces::PerformanceManagementControlService" xmi:id="_1HrNYN1nEdyrKNXnBMy96w" xsi:type="uml:Interface"/><publish:element name="clearPerformanceMonitoringData" publish:icon="_GAKNjN1oEdyrKNXnBMy96w_icon.jpeg" publish:qualifiedname="ResourcePerformanceManagement::Interfaces::PerformanceManagementControlService::clearPerformanceMonitoringData" xmi:id="_GAKNjN1oEdyrKNXnBMy96w" xsi:type="uml:Operation"/><publish:element name="disablePerformanceMonitoringData" publish:icon="_GAKNft1oEdyrKNXnBMy96w_icon.jpeg" publish:qualifiedname="ResourcePerformanceManagement::Interfaces::PerformanceManagementControlService::disablePerformanceMonitoringData" xmi:id="_GAKNft1oEdyrKNXnBMy96w" xsi:type="uml:Operation"/><publish:element name="enablePerformanceMonitoringData" publish:icon="_GAKNcN1oEdyrKNXnBMy96w_icon.jpeg" publish:qualifiedname="ResourcePerformanceManagement::Interfaces::PerformanceManagementControlService::enablePerformanceMonitoringData" xmi:id="_GAKNcN1oEdyrKNXnBMy96w" xsi:type="uml:Operation"/><publish:element name="PerformanceManagementRetrievalService" publish:icon="_4GHUcN1nEdyrKNXnBMy96w_icon.jpeg" publish:qualifiedname="ResourcePerformanceManagement::Interfaces::PerformanceManagementRetrievalService" xmi:id="_4GHUcN1nEdyrKNXnBMy96w" xsi:type="uml:Interface"/><publish:element name="getAllCurrentPerformanceMonitoringData" publish:icon="_siAioN1oEdyrKNXnBMy96w_icon.jpeg" publish:qualifiedname="ResourcePerformanceManagement::Interfaces::PerformanceManagementRetrievalService::getAllCurrentPerformanceMonitoringData" xmi:id="_siAioN1oEdyrKNXnBMy96w" xsi:type="uml:Operation"/><publish:element name="getAllPerformanceMonitoringPointNames??" publish:icon="_siAi_N1oEdyrKNXnBMy96w_icon.jpeg" publish:qualifiedname="ResourcePerformanceManagement::Interfaces::PerformanceManagementRetrievalService::getAllPerformanceMonitoringPointNames??" xmi:id="_siAi_N1oEdyrKNXnBMy96w" xsi:type="uml:Operation"/><publish:element name="getAllPerformanceMonitoringPoints" publish:icon="_siAi7t1oEdyrKNXnBMy96w_icon.jpeg" publish:qualifiedname="ResourcePerformanceManagement::Interfaces::PerformanceManagementRetrievalService::getAllPerformanceMonitoringPoints" xmi:id="_siAi7t1oEdyrKNXnBMy96w" xsi:type="uml:Operation"/><publish:element name="getHistoryPerformanceMonitoringData" publish:icon="_siAisd1oEdyrKNXnBMy96w_icon.jpeg" publish:qualifiedname="ResourcePerformanceManagement::Interfaces::PerformanceManagementRetrievalService::getHistoryPerformanceMonitoringData" xmi:id="_siAisd1oEdyrKNXnBMy96w" xsi:type="uml:Operation"/><publish:element name="getHoldingTime" publish:icon="_siAi0t1oEdyrKNXnBMy96w_icon.jpeg" publish:qualifiedname="ResourcePerformanceManagement::Interfaces::PerformanceManagementRetrievalService::getHoldingTime" xmi:id="_siAi0t1oEdyrKNXnBMy96w" xsi:type="uml:Operation"/><publish:element name="getMePerformanceMonitoringCapabilities" publish:icon="_siAi3d1oEdyrKNXnBMy96w_icon.jpeg" publish:qualifiedname="ResourcePerformanceManagement::Interfaces::PerformanceManagementRetrievalService::getMePerformanceMonitoringCapabilities" xmi:id="_siAi3d1oEdyrKNXnBMy96w" xsi:type="uml:Operation"/><publish:element name="getProfileAssociatedTerminationPoints" publish:icon="_siAjCt1oEdyrKNXnBMy96w_icon.jpeg" publish:qualifiedname="ResourcePerformanceManagement::Interfaces::PerformanceManagementRetrievalService::getProfileAssociatedTerminationPoints" xmi:id="_siAjCt1oEdyrKNXnBMy96w" xsi:type="uml:Operation"/><publish:element name="ThresholdCrossingAlertControlService" publish:icon="_6npdEN1nEdyrKNXnBMy96w_icon.jpeg" publish:qualifiedname="ResourcePerformanceManagement::Interfaces::ThresholdCrossingAlertControlService" xmi:id="_6npdEN1nEdyrKNXnBMy96w" xsi:type="uml:Interface"/><publish:element name="createTcaParameterProfile" publish:icon="_weFPXN1rEdyrKNXnBMy96w_icon.jpeg" publish:qualifiedname="ResourcePerformanceManagement::Interfaces::ThresholdCrossingAlertControlService::createTcaParameterProfile" xmi:id="_weFPXN1rEdyrKNXnBMy96w" xsi:type="uml:Operation"/><publish:element name="deleteTcaParameterProfile" publish:icon="_weOZMN1rEdyrKNXnBMy96w_icon.jpeg" publish:qualifiedname="ResourcePerformanceManagement::Interfaces::ThresholdCrossingAlertControlService::deleteTcaParameterProfile" xmi:id="_weOZMN1rEdyrKNXnBMy96w" xsi:type="uml:Operation"/><publish:element name="disableThresholdCrossingAlert" publish:icon="_weFPTt1rEdyrKNXnBMy96w_icon.jpeg" publish:qualifiedname="ResourcePerformanceManagement::Interfaces::ThresholdCrossingAlertControlService::disableThresholdCrossingAlert" xmi:id="_weFPTt1rEdyrKNXnBMy96w" xsi:type="uml:Operation"/><publish:element name="getAllTcaParameterProfileNames??" publish:icon="_weOZa91rEdyrKNXnBMy96w_icon.jpeg" publish:qualifiedname="ResourcePerformanceManagement::Interfaces::ThresholdCrossingAlertControlService::getAllTcaParameterProfileNames??" xmi:id="_weOZa91rEdyrKNXnBMy96w" xsi:type="uml:Operation"/><publish:element name="getAllTcaParameterProfiles" publish:icon="_weOZXd1rEdyrKNXnBMy96w_icon.jpeg" publish:qualifiedname="ResourcePerformanceManagement::Interfaces::ThresholdCrossingAlertControlService::getAllTcaParameterProfiles" xmi:id="_weOZXd1rEdyrKNXnBMy96w" xsi:type="uml:Operation"/><publish:element name="getTcaTpParameter" publish:icon="_Viy4EN1sEdyrKNXnBMy96w_icon.jpeg" publish:qualifiedname="ResourcePerformanceManagement::Interfaces::ThresholdCrossingAlertControlService::getTcaTpParameter" xmi:id="_Viy4EN1sEdyrKNXnBMy96w" xsi:type="uml:Operation"/><publish:element name="getTcaParameterProfile" publish:icon="_weOZO91rEdyrKNXnBMy96w_icon.jpeg" publish:qualifiedname="ResourcePerformanceManagement::Interfaces::ThresholdCrossingAlertControlService::getTcaParameterProfile" xmi:id="_weOZO91rEdyrKNXnBMy96w" xsi:type="uml:Operation"/><publish:element name="enableThresholdCrossingAlert" publish:icon="_weFPQN1rEdyrKNXnBMy96w_icon.jpeg" publish:qualifiedname="ResourcePerformanceManagement::Interfaces::ThresholdCrossingAlertControlService::enableThresholdCrossingAlert" xmi:id="_weFPQN1rEdyrKNXnBMy96w" xsi:type="uml:Operation"/><publish:element name="setTcaParameterProfile" publish:icon="_weOZSd1rEdyrKNXnBMy96w_icon.jpeg" publish:qualifiedname="ResourcePerformanceManagement::Interfaces::ThresholdCrossingAlertControlService::setTcaParameterProfile" xmi:id="_weOZSd1rEdyrKNXnBMy96w" xsi:type="uml:Operation"/><publish:element name="setTcaParameterProfilePointer" publish:icon="_weYKMN1rEdyrKNXnBMy96w_icon.jpeg" publish:qualifiedname="ResourcePerformanceManagement::Interfaces::ThresholdCrossingAlertControlService::setTcaParameterProfilePointer" xmi:id="_weYKMN1rEdyrKNXnBMy96w" xsi:type="uml:Operation"/><publish:element name="setTcaTpParameter" publish:icon="_weOZed1rEdyrKNXnBMy96w_icon.jpeg" publish:qualifiedname="ResourcePerformanceManagement::Interfaces::ThresholdCrossingAlertControlService::setTcaTpParameter" xmi:id="_weOZed1rEdyrKNXnBMy96w" xsi:type="uml:Operation"/><publish:element name="creates TCA Parameter Profile using" publish:icon="_q7HfcPQ0Edyrko3rRKowkg_icon.jpeg" publish:qualifiedname="ResourcePerformanceManagement::Interfaces::creates TCA Parameter Profile using" xmi:id="_q7HfcPQ0Edyrko3rRKowkg" xsi:type="uml:Dependency"/><publish:element name="modifies TCA Parameter Profile using??" publish:icon="_ye9EUPQ0Edyrko3rRKowkg_icon.jpeg" publish:qualifiedname="ResourcePerformanceManagement::Interfaces::modifies TCA Parameter Profile using??" xmi:id="_ye9EUPQ0Edyrko3rRKowkg" xsi:type="uml:Dependency"/></publish:elements>