<?xml version="1.0" encoding="UTF-8"?><packagedElement xmlns:publish="http://www.ibm.com/Rational/XTools/Publish" xmlns:xmi="http://www.omg.org/XMI" xmlns:com.ibm.xtools.notation="http:///com/ibm/xtools/notation.ecore" xmlns:uml="http://www.eclipse.org/uml2/1.0.0/UML" xmlns:xsi="http://www.w3.org/2001/XMLSchema-instance" name="Class Diagrams" publish:diagramFormat="GIF" publish:icon="_pUclQB5cEdyjX65vzeWaBA_icon.jpeg" publish:modelname="ResourcePerformanceManagement" publish:qualifiedname="ResourcePerformanceManagement::Class Diagrams" publish:toplevelguid="_e98ZQA6qEdyd7PUNb-IYCQ" xmi:id="_pUclQB5cEdyjX65vzeWaBA" xmi:version="2.0" xsi:type="uml:Package"><publish:properties><publish:property name="Alias" publish:category="UML" publish:description="Alias property of the UML element"/><publish:property name="Keywords" publish:category="UML" publish:description="Keywords property of the UML element"/><publish:property name="Name" publish:category="UML" publish:description="The Name of the Named Element" publish:value="Class Diagrams"/><publish:property name="Name Expression" publish:category="UML" publish:description="The Name Expression of the Named Element"/><publish:property name="Namespace" publish:category="UML" publish:description="The Namespace of the Named Element" publish:value="&lt;Model&gt; ResourcePerformanceManagement"/><publish:property name="Nesting Package" publish:category="UML" publish:description="The Nesting Package of the Package" publish:value="&lt;Model&gt; ResourcePerformanceManagement"/><publish:property name="Owned Template Signature" publish:category="UML" publish:description="The Owned Template Signature of the Templateable Element"/><publish:property name="Owner" publish:category="UML" publish:description="The Owner of the Element" publish:value="&lt;Model&gt; ResourcePerformanceManagement"/><publish:property name="Owning Template Parameter" publish:category="UML" publish:description="The Owning Template Parameter of the Parameterable Element"/><publish:property name="Qualified Name" publish:category="UML" publish:description="The Qualified Name of the Named Element" publish:value="ResourcePerformanceManagement::Class Diagrams"/><publish:property name="Stereotype" publish:category="UML"/><publish:property name="Template Parameter" publish:category="UML" publish:description="The Template Parameter of the Parameterable Element"/><publish:property name="Visibility" publish:category="UML" publish:description="The Visibility of the Named Element" publish:value="Public"/></publish:properties><contents Type="Class" name="RPM DDP Relationship Diagram" publish:icon="_qMnGoN1qEdyrKNXnBMy96w_icon.jpeg" publish:imageType="GIF" publish:qualifiedname="ResourcePerformanceManagement::Class Diagrams::RPM DDP Relationship Diagram" xmi:id="_qMnGoN1qEdyrKNXnBMy96w" xsi:type="notation:Diagram"><publish:properties><publish:property name="Measurement Unit" publish:category="View" publish:description="The Measurement Unit of the Diagram" publish:value="Himetric"/><publish:property name="Name" publish:category="View" publish:description="The Name of the Diagram" publish:value="RPM DDP Relationship Diagram"/><publish:property name="Styles" publish:category="View" publish:description="The Styles of the View"/></publish:properties><publish:partInfo name="ResourcePerformanceManagement" publish:ismodellink="true" publish:partLowerX="244" publish:partLowerY="366" publish:partUpperX="19" publish:partUpperY="355" shape="rect" xmi:id="_e98ZQA6qEdyd7PUNb-IYCQ"/><publish:partInfo name="ResourcePerformanceManagement" publish:ismodellink="true" publish:partLowerX="254" publish:partLowerY="368" publish:partUpperX="9" publish:partUpperY="315" shape="rect" xmi:id="_e98ZQA6qEdyd7PUNb-IYCQ"/></contents><contents Type="Class" name="RPM Interface Diagram" publish:icon="_xqfNcN1qEdyrKNXnBMy96w_icon.jpeg" publish:imageType="GIF" publish:qualifiedname="ResourcePerformanceManagement::Class Diagrams::RPM Interface Diagram" xmi:id="_xqfNcN1qEdyrKNXnBMy96w" xsi:type="notation:Diagram"><publish:properties><publish:property name="Measurement Unit" publish:category="View" publish:description="The Measurement Unit of the Diagram" publish:value="Himetric"/><publish:property name="Name" publish:category="View" publish:description="The Name of the Diagram" publish:value="RPM Interface Diagram"/><publish:property name="Styles" publish:category="View" publish:description="The Styles of the View"/></publish:properties><publish:partInfo coords="722,970,722,885,732,885,732,970,722,970" name="modifies TCA Parameter Profile using??" publish:ismodellink="false" shape="poly" xmi:id="_ye9EUPQ0Edyrko3rRKowkg"/><publish:partInfo coords="1166,970,1166,906,1176,906,1176,970,1166,970" name="creates TCA Parameter Profile using" publish:ismodellink="false" shape="poly" xmi:id="_q7HfcPQ0Edyrko3rRKowkg"/><publish:partInfo name="TcaParameterProfileModifyData" publish:ismodellink="false" publish:partLowerX="887" publish:partLowerY="885" publish:partUpperX="580" publish:partUpperY="819" shape="rect" xmi:id="_KCzwMPQ1Edyrko3rRKowkg"/><publish:partInfo name="TcaParameterProfileCreateData" publish:ismodellink="false" publish:partLowerX="1410" publish:partLowerY="906" publish:partUpperX="949" publish:partUpperY="803" shape="rect" xmi:id="_E1KmoPQ1Edyrko3rRKowkg"/><publish:partInfo name="ThresholdCrossingAlertControlService" publish:ismodellink="false" publish:partLowerX="1747" publish:partLowerY="1184" publish:partUpperX="160" publish:partUpperY="970" shape="rect" xmi:id="_6npdEN1nEdyrKNXnBMy96w"/><publish:partInfo name="PerformanceManagementRetrievalService" publish:ismodellink="false" publish:partLowerX="1876" publish:partLowerY="323" publish:partUpperX="9" publish:partUpperY="172" shape="rect" xmi:id="_4GHUcN1nEdyrKNXnBMy96w"/><publish:partInfo name="PerformanceManagementControlService" publish:ismodellink="false" publish:partLowerX="1500" publish:partLowerY="112" publish:partUpperX="386" publish:partUpperY="9" shape="rect" xmi:id="_1HrNYN1nEdyrKNXnBMy96w"/></contents></packagedElement>