<?xml version="1.0" encoding="UTF-8"?><packagedElement name="Class Diagrams" xmlns:publish="http://www.ibm.com/Rational/XTools/Publish" publish:diagramFormat="PNG" publish:icon="-1325065473_icon.png" publish:modelname="ManageResourceInventory" publish:qualifiedname="ManageResourceInventory::Class Diagrams" publish:sortOrder="storage" publish:toplevelguid="_Y.cG.c4A6.qE.d.y.d7PUN.b-IYCQ" xmlns:xmi="http://www.omg.org/XMI" xmi:id="_6D.f.l8BA5E.d.yZ.iYIRB9PL.dQ" xmi:version="2.0" xmlns:com.ibm.xtools.notation="http:///com/ibm/xtools/notation.ecore" xmlns:uml="http://www.eclipse.org/uml2/1.0.0/UML" xmlns:xsi="http://www.w3.org/2001/XMLSchema-instance" xsi:type="uml:Package"><publish:properties><publish:property canonicalName="Alias" name="Alias" publish:category="UML"/><publish:property canonicalName="Keywords" name="Keywords" publish:category="UML"/><publish:property canonicalName="name" name="Name" publish:category="UML" publish:value="Class Diagrams"/><publish:property canonicalName="nameExpression" name="Name Expression" publish:category="UML"/><publish:property canonicalName="namespace" name="Namespace" publish:category="UML" publish:ismodellink="true" publish:value="ManageResourceInventory" xmi:id="_Y.cG.c4A6.qE.d.y.d7PUN.b-IYCQ"/><publish:property canonicalName="nestingPackage" name="Nesting Package" publish:category="UML" publish:ismodellink="true" publish:value="ManageResourceInventory" xmi:id="_Y.cG.c4A6.qE.d.y.d7PUN.b-IYCQ"/><publish:property canonicalName="ownedTemplateSignature" name="Owned Template Signature" publish:category="UML"/><publish:property canonicalName="owner" name="Owner" publish:category="UML" publish:ismodellink="true" publish:value="ManageResourceInventory" xmi:id="_Y.cG.c4A6.qE.d.y.d7PUN.b-IYCQ"/><publish:property canonicalName="owningTemplateParameter" name="Owning Template Parameter" publish:category="UML"/><publish:property canonicalName="qualifiedName" name="Qualified Name" publish:category="UML" publish:value="ManageResourceInventory::Class Diagrams"/><publish:property canonicalName="Stereotype" name="Stereotype" publish:category="UML"/><publish:property canonicalName="templateParameter" name="Template Parameter" publish:category="UML"/><publish:property canonicalName="visibility" name="Visibility" publish:category="UML" publish:value="Public"/></publish:properties><contents Type="Class" isDefault="false" name="MRI Interface Diagram" publish:icon="-1677387246_icon.png" publish:imageType="PNG" publish:qualifiedname="ManageResourceInventory::Class Diagrams::MRI Interface Diagram" xmi:id="_8.d7BABA5E.d.yZ.iYIRB9PL.dQ" xsi:type="notation:Diagram"><publish:properties><publish:property canonicalName="description" name="Description" publish:category="View"/><publish:property canonicalName="graphLayout" name="Graph Layout" publish:category="View" publish:value="VerticalOrthogonalHierarchical"/><publish:property canonicalName="labelLayout" name="Label Layout" publish:category="View" publish:value="None"/><publish:property canonicalName="linkLayout" name="Link Layout" publish:category="View" publish:value="None"/><publish:property canonicalName="measurementUnit" name="Measurement Unit" publish:category="View" publish:value="Himetric"/><publish:property canonicalName="name" name="Name" publish:category="View" publish:value="MRI Interface Diagram"/><publish:property canonicalName="pageHeight" name="Page Height" publish:category="View" publish:value="100"/><publish:property canonicalName="pageWidth" name="Page Width" publish:category="View" publish:value="100"/><publish:property canonicalName="pageX" name="Page X" publish:category="View" publish:value="0"/><publish:property canonicalName="pageY" name="Page Y" publish:category="View" publish:value="0"/><publish:property canonicalName="styles" name="Styles" publish:category="View"/><publish:property canonicalName="useAliasName" name="Use Alias Name" publish:category="View" publish:value="false"/></publish:properties><publish:partInfo name="uses" publish:ismodellink="false" publish:partLowerX="1907" publish:partLowerY="895" publish:partUpperX="1885" publish:partUpperY="882" shape="rect" xmi:id="_484FAHU.cE.eKD3LF.z9.cO.g.fQ"/><publish:partInfo coords="1894,784,1894,993,1884,993,1884,784,1894,784" name="uses" publish:ismodellink="false" shape="poly" xmi:id="_484FAHU.cE.eKD3LF.z9.cO.g.fQ"/><publish:partInfo name="uses" publish:ismodellink="false" publish:partLowerX="1499" publish:partLowerY="882" publish:partUpperX="1477" publish:partUpperY="869" shape="rect" xmi:id="_1.y.p.k.sHU.cE.eKD3LF.z9.cO.g.fQ"/><publish:partInfo coords="1622,784,1622,874,1404,874,1404,993,1394,993,1394,864,1612,864,1612,784,1622,784" name="uses" publish:ismodellink="false" shape="poly" xmi:id="_1.y.p.k.sHU.cE.eKD3LF.z9.cO.g.fQ"/><publish:partInfo name="uses" publish:ismodellink="false" publish:partLowerX="1593" publish:partLowerY="858" publish:partUpperX="1571" publish:partUpperY="845" shape="rect" xmi:id="_.zC.qJUHU.cE.eKD3LF.z9.cO.g.fQ"/><publish:partInfo coords="1621,784,1621,850,1566,850,1566,918,1556,918,1556,840,1612,840,1612,784,1621,784" name="uses" publish:ismodellink="false" shape="poly" xmi:id="_.zC.qJUHU.cE.eKD3LF.z9.cO.g.fQ"/><publish:partInfo name="uses" publish:ismodellink="false" publish:partLowerX="1553" publish:partLowerY="808" publish:partUpperX="1531" publish:partUpperY="795" shape="rect" xmi:id="_.w.v.b.i.cHU.cE.eKD3LF.z9.cO.g.fQ"/><publish:partInfo coords="1540,784,1540,819,1530,819,1530,784,1540,784" name="uses" publish:ismodellink="false" shape="poly" xmi:id="_.w.v.b.i.cHU.cE.eKD3LF.z9.cO.g.fQ"/><publish:partInfo name="uses" publish:ismodellink="false" publish:partLowerX="1302" publish:partLowerY="1307" publish:partUpperX="1277" publish:partUpperY="1293" shape="rect" xmi:id="_VG-9.sBUCE.d2.iK4.k.bH.b.yS2.g"/><publish:partInfo coords="1073,1303,1506,1303,1506,1312,1073,1312,1073,1303" name="uses" publish:ismodellink="false" shape="poly" xmi:id="_VG-9.sBUCE.d2.iK4.k.bH.b.yS2.g"/><publish:partInfo anchor="#_.wG.m.bQRUBE.d2.iK4.k.bH.b.yS2.g" name="ftp" publish:ismodellink="false" publish:partLowerX="0" publish:partLowerY="0" publish:partUpperX="0" publish:partUpperY="0" shape="rect" xmi:id="_E.g.zEABUBE.d2.iK4.k.bH.b.yS2.g"/><publish:partInfo anchor="#_.wG.m.bRRUBE.d2.iK4.k.bH.b.yS2.g" name="Property" publish:ismodellink="false" publish:partLowerX="0" publish:partLowerY="0" publish:partUpperX="0" publish:partUpperY="0" shape="rect" xmi:id="_.wG.m.bQBUBE.d2.iK4.k.bH.b.yS2.g"/><publish:partInfo anchor="#_.wG.m.bQRUBE.d2.iK4.k.bH.b.yS2.g" name="ftp" publish:ismodellink="false" publish:partLowerX="0" publish:partLowerY="0" publish:partUpperX="0" publish:partUpperY="0" shape="rect" xmi:id="_E.g.zEABUBE.d2.iK4.k.bH.b.yS2.g"/><publish:partInfo anchor="#_.wG.m.bRRUBE.d2.iK4.k.bH.b.yS2.g" name="Property" publish:ismodellink="false" publish:partLowerX="0" publish:partLowerY="0" publish:partUpperX="0" publish:partUpperY="0" shape="rect" xmi:id="_.wG.m.bQBUBE.d2.iK4.k.bH.b.yS2.g"/><publish:partInfo anchor="#_.wG.m.bQRUBE.d2.iK4.k.bH.b.yS2.g" name="ftp" publish:ismodellink="false" publish:partLowerX="1788" publish:partLowerY="1392" publish:partUpperX="1760" publish:partUpperY="1378" shape="rect" xmi:id="_E.g.zEABUBE.d2.iK4.k.bH.b.yS2.g"/><publish:partInfo anchor="#_.wG.m.bQRUBE.d2.iK4.k.bH.b.yS2.g" name="ftp" publish:ismodellink="false" publish:partLowerX="1723" publish:partLowerY="1381" publish:partUpperX="1716" publish:partUpperY="1367" shape="rect" xmi:id="_E.g.zEABUBE.d2.iK4.k.bH.b.yS2.g"/><publish:partInfo anchor="#_.wG.m.bRRUBE.d2.iK4.k.bH.b.yS2.g" name="Property" publish:ismodellink="false" publish:partLowerX="0" publish:partLowerY="0" publish:partUpperX="0" publish:partUpperY="0" shape="rect" xmi:id="_.wG.m.bQBUBE.d2.iK4.k.bH.b.yS2.g"/><publish:partInfo anchor="#_.wG.m.bRRUBE.d2.iK4.k.bH.b.yS2.g" name="Property" publish:ismodellink="false" publish:partLowerX="1696" publish:partLowerY="1353" publish:partUpperX="1689" publish:partUpperY="1339" shape="rect" xmi:id="_.wG.m.bQBUBE.d2.iK4.k.bH.b.yS2.g"/><publish:partInfo name="Association" publish:ismodellink="false" publish:partLowerX="0" publish:partLowerY="0" publish:partUpperX="0" publish:partUpperY="0" shape="rect" xmi:id="_.wG.m.bQBUBE.d2.iK4.k.bH.b.yS2.g"/><publish:partInfo coords="1707,1331,1757,1389,1750,1395,1700,1338,1707,1331" name="Association" publish:ismodellink="false" shape="poly" xmi:id="_.wG.m.bQBUBE.d2.iK4.k.bH.b.yS2.g"/><publish:partInfo anchor="#_.t.n5.kMBUBE.d2.iK4.k.bH.b.yS2.g" name="ptp" publish:ismodellink="false" publish:partLowerX="0" publish:partLowerY="0" publish:partUpperX="0" publish:partUpperY="0" shape="rect" xmi:id="_E.g.zEABUBE.d2.iK4.k.bH.b.yS2.g"/><publish:partInfo anchor="#_.t.n5.kNBUBE.d2.iK4.k.bH.b.yS2.g" name="Property" publish:ismodellink="false" publish:partLowerX="0" publish:partLowerY="0" publish:partUpperX="0" publish:partUpperY="0" shape="rect" xmi:id="_.t.n.v.zMBUBE.d2.iK4.k.bH.b.yS2.g"/><publish:partInfo anchor="#_.t.n5.kMBUBE.d2.iK4.k.bH.b.yS2.g" name="ptp" publish:ismodellink="false" publish:partLowerX="0" publish:partLowerY="0" publish:partUpperX="0" publish:partUpperY="0" shape="rect" xmi:id="_E.g.zEABUBE.d2.iK4.k.bH.b.yS2.g"/><publish:partInfo anchor="#_.t.n5.kNBUBE.d2.iK4.k.bH.b.yS2.g" name="Property" publish:ismodellink="false" publish:partLowerX="0" publish:partLowerY="0" publish:partUpperX="0" publish:partUpperY="0" shape="rect" xmi:id="_.t.n.v.zMBUBE.d2.iK4.k.bH.b.yS2.g"/><publish:partInfo anchor="#_.t.n5.kMBUBE.d2.iK4.k.bH.b.yS2.g" name="ptp" publish:ismodellink="false" publish:partLowerX="1481" publish:partLowerY="1380" publish:partUpperX="1450" publish:partUpperY="1366" shape="rect" xmi:id="_E.g.zEABUBE.d2.iK4.k.bH.b.yS2.g"/><publish:partInfo anchor="#_.t.n5.kMBUBE.d2.iK4.k.bH.b.yS2.g" name="ptp" publish:ismodellink="false" publish:partLowerX="1521" publish:partLowerY="1394" publish:partUpperX="1514" publish:partUpperY="1380" shape="rect" xmi:id="_E.g.zEABUBE.d2.iK4.k.bH.b.yS2.g"/><publish:partInfo anchor="#_.t.n5.kNBUBE.d2.iK4.k.bH.b.yS2.g" name="Property" publish:ismodellink="false" publish:partLowerX="0" publish:partLowerY="0" publish:partUpperX="0" publish:partUpperY="0" shape="rect" xmi:id="_.t.n.v.zMBUBE.d2.iK4.k.bH.b.yS2.g"/><publish:partInfo anchor="#_.t.n5.kNBUBE.d2.iK4.k.bH.b.yS2.g" name="Property" publish:ismodellink="false" publish:partLowerX="1603" publish:partLowerY="1358" publish:partUpperX="1596" publish:partUpperY="1344" shape="rect" xmi:id="_.t.n.v.zMBUBE.d2.iK4.k.bH.b.yS2.g"/><publish:partInfo name="Association" publish:ismodellink="false" publish:partLowerX="0" publish:partLowerY="0" publish:partUpperX="0" publish:partUpperY="0" shape="rect" xmi:id="_.t.n.v.zMBUBE.d2.iK4.k.bH.b.yS2.g"/><publish:partInfo coords="1609,1339,1481,1396,1477,1386,1605,1330,1609,1339" name="Association" publish:ismodellink="false" shape="poly" xmi:id="_.t.n.v.zMBUBE.d2.iK4.k.bH.b.yS2.g"/><publish:partInfo name="uses" publish:ismodellink="false" publish:partLowerX="609" publish:partLowerY="809" publish:partUpperX="587" publish:partUpperY="796" shape="rect" xmi:id="_E.a.nJUBEYE.d22C4.fN.v.k.cGXQ"/><publish:partInfo coords="589,784,604,822,595,826,580,788,589,784" name="uses" publish:ismodellink="false" shape="poly" xmi:id="_E.a.nJUBEYE.d22C4.fN.v.k.cGXQ"/><publish:partInfo name="uses" publish:ismodellink="false" publish:partLowerX="641" publish:partLowerY="468" publish:partUpperX="619" publish:partUpperY="455" shape="rect" xmi:id="_.d25.u0BB.aE.d20R6.sC.aT.b.lK.g"/><publish:partInfo coords="628,449,628,474,618,474,618,449,628,449" name="uses" publish:ismodellink="false" shape="poly" xmi:id="_.d25.u0BB.aE.d20R6.sC.aT.b.lK.g"/><publish:partInfo anchor="#_W-H5IRB.aE.d20R6.sC.aT.b.lK.g" name="eh" publish:ismodellink="false" publish:partLowerX="0" publish:partLowerY="0" publish:partUpperX="0" publish:partUpperY="0" shape="rect" xmi:id="_569.zUBBWE.d20R6.sC.aT.b.lK.g"/><publish:partInfo anchor="#_W-H5JRB.aE.d20R6.sC.aT.b.lK.g" name="Property" publish:ismodellink="false" publish:partLowerX="0" publish:partLowerY="0" publish:partUpperX="0" publish:partUpperY="0" shape="rect" xmi:id="_W-H5IBB.aE.d20R6.sC.aT.b.lK.g"/><publish:partInfo anchor="#_W-H5IRB.aE.d20R6.sC.aT.b.lK.g" name="eh" publish:ismodellink="false" publish:partLowerX="0" publish:partLowerY="0" publish:partUpperX="0" publish:partUpperY="0" shape="rect" xmi:id="_569.zUBBWE.d20R6.sC.aT.b.lK.g"/><publish:partInfo anchor="#_W-H5JRB.aE.d20R6.sC.aT.b.lK.g" name="Property" publish:ismodellink="false" publish:partLowerX="0" publish:partLowerY="0" publish:partUpperX="0" publish:partUpperY="0" shape="rect" xmi:id="_W-H5IBB.aE.d20R6.sC.aT.b.lK.g"/><publish:partInfo anchor="#_W-H5IRB.aE.d20R6.sC.aT.b.lK.g" name="eh" publish:ismodellink="false" publish:partLowerX="718" publish:partLowerY="597" publish:partUpperX="694" publish:partUpperY="584" shape="rect" xmi:id="_569.zUBBWE.d20R6.sC.aT.b.lK.g"/><publish:partInfo anchor="#_W-H5IRB.aE.d20R6.sC.aT.b.lK.g" name="eh" publish:ismodellink="false" publish:partLowerX="663" publish:partLowerY="577" publish:partUpperX="656" publish:partUpperY="564" shape="rect" xmi:id="_569.zUBBWE.d20R6.sC.aT.b.lK.g"/><publish:partInfo anchor="#_W-H5JRB.aE.d20R6.sC.aT.b.lK.g" name="Property" publish:ismodellink="false" publish:partLowerX="0" publish:partLowerY="0" publish:partUpperX="0" publish:partUpperY="0" shape="rect" xmi:id="_W-H5IBB.aE.d20R6.sC.aT.b.lK.g"/><publish:partInfo anchor="#_W-H5JRB.aE.d20R6.sC.aT.b.lK.g" name="Property" publish:ismodellink="false" publish:partLowerX="649" publish:partLowerY="549" publish:partUpperX="642" publish:partUpperY="536" shape="rect" xmi:id="_W-H5IBB.aE.d20R6.sC.aT.b.lK.g"/><publish:partInfo name="Association" publish:ismodellink="false" publish:partLowerX="0" publish:partLowerY="0" publish:partUpperX="0" publish:partUpperY="0" shape="rect" xmi:id="_W-H5IBB.aE.d20R6.sC.aT.b.lK.g"/><publish:partInfo coords="660,534,687,587,679,591,651,539,660,534" name="Association" publish:ismodellink="false" shape="poly" xmi:id="_W-H5IBB.aE.d20R6.sC.aT.b.lK.g"/><publish:partInfo anchor="#_Q6P.rIRB.aE.d20R6.sC.aT.b.lK.g" name="equipment" publish:ismodellink="false" publish:partLowerX="0" publish:partLowerY="0" publish:partUpperX="0" publish:partUpperY="0" shape="rect" xmi:id="_569.zUBBWE.d20R6.sC.aT.b.lK.g"/><publish:partInfo anchor="#_Q6Z.cI.hB.aE.d20R6.sC.aT.b.lK.g" name="Property" publish:ismodellink="false" publish:partLowerX="0" publish:partLowerY="0" publish:partUpperX="0" publish:partUpperY="0" shape="rect" xmi:id="_Q6P.rIBB.aE.d20R6.sC.aT.b.lK.g"/><publish:partInfo anchor="#_Q6P.rIRB.aE.d20R6.sC.aT.b.lK.g" name="equipment" publish:ismodellink="false" publish:partLowerX="0" publish:partLowerY="0" publish:partUpperX="0" publish:partUpperY="0" shape="rect" xmi:id="_569.zUBBWE.d20R6.sC.aT.b.lK.g"/><publish:partInfo anchor="#_Q6Z.cI.hB.aE.d20R6.sC.aT.b.lK.g" name="Property" publish:ismodellink="false" publish:partLowerX="0" publish:partLowerY="0" publish:partUpperX="0" publish:partUpperY="0" shape="rect" xmi:id="_Q6P.rIBB.aE.d20R6.sC.aT.b.lK.g"/><publish:partInfo anchor="#_Q6P.rIRB.aE.d20R6.sC.aT.b.lK.g" name="equipment" publish:ismodellink="false" publish:partLowerX="406" publish:partLowerY="568" publish:partUpperX="345" publish:partUpperY="555" shape="rect" xmi:id="_569.zUBBWE.d20R6.sC.aT.b.lK.g"/><publish:partInfo anchor="#_Q6P.rIRB.aE.d20R6.sC.aT.b.lK.g" name="equipment" publish:ismodellink="false" publish:partLowerX="457" publish:partLowerY="594" publish:partUpperX="450" publish:partUpperY="581" shape="rect" xmi:id="_569.zUBBWE.d20R6.sC.aT.b.lK.g"/><publish:partInfo anchor="#_Q6Z.cI.hB.aE.d20R6.sC.aT.b.lK.g" name="Property" publish:ismodellink="false" publish:partLowerX="0" publish:partLowerY="0" publish:partUpperX="0" publish:partUpperY="0" shape="rect" xmi:id="_Q6P.rIBB.aE.d20R6.sC.aT.b.lK.g"/><publish:partInfo anchor="#_Q6Z.cI.hB.aE.d20R6.sC.aT.b.lK.g" name="Property" publish:ismodellink="false" publish:partLowerX="549" publish:partLowerY="556" publish:partUpperX="542" publish:partUpperY="543" shape="rect" xmi:id="_Q6P.rIBB.aE.d20R6.sC.aT.b.lK.g"/><publish:partInfo name="Association" publish:ismodellink="false" publish:partLowerX="0" publish:partLowerY="0" publish:partUpperX="0" publish:partUpperY="0" shape="rect" xmi:id="_Q6P.rIBB.aE.d20R6.sC.aT.b.lK.g"/><publish:partInfo coords="555,541,407,594,404,585,552,532,555,541" name="Association" publish:ismodellink="false" shape="poly" xmi:id="_Q6P.rIBB.aE.d20R6.sC.aT.b.lK.g"/><publish:partInfo anchor="#_Q14GUBK8E.d2.nA.d4V.x.qP70.w" name="includedObjectTypeList" publish:ismodellink="false" publish:partLowerX="1641" publish:partLowerY="901" publish:partUpperX="1273" publish:partUpperY="885" shape="rect" xmi:id="_7P7.q4BK2E.d2.nA.d4V.x.qP70.w"/><publish:partInfo anchor="#_H.kN.f8BK3E.d2.nA.d4V.x.qP70.w" name="baseInstanceList" publish:ismodellink="false" publish:partLowerX="1641" publish:partLowerY="885" publish:partUpperX="1273" publish:partUpperY="869" shape="rect" xmi:id="_7P7.q4BK2E.d2.nA.d4V.x.qP70.w"/><publish:partInfo name="InventoryFilter" publish:ismodellink="false" publish:partLowerX="1651" publish:partLowerY="906" publish:partUpperX="1267" publish:partUpperY="819" shape="rect" xmi:id="_7P7.q4BK2E.d2.nA.d4V.x.qP70.w"/><publish:partInfo anchor="#_.v.yLF.cHU.bE.eKD3LF.z9.cO.g.fQ" name="profileRefList" publish:ismodellink="false" publish:partLowerX="2041" publish:partLowerY="1075" publish:partUpperX="1782" publish:partUpperY="1059" shape="rect" xmi:id="_.h.mKP.gHUXE.eKD3LF.z9.cO.g.fQ"/><publish:partInfo anchor="#_6.t.k4.gHU.aE.eKD3LF.z9.cO.g.fQ" name="targetObjectRef" publish:ismodellink="false" publish:partLowerX="2041" publish:partLowerY="1059" publish:partUpperX="1782" publish:partUpperY="1043" shape="rect" xmi:id="_.h.mKP.gHUXE.eKD3LF.z9.cO.g.fQ"/><publish:partInfo name="RemoteUnitProfile" publish:ismodellink="false" publish:partLowerX="2050" publish:partLowerY="1080" publish:partUpperX="1776" publish:partUpperY="993" shape="rect" xmi:id="_.h.mKP.gHUXE.eKD3LF.z9.cO.g.fQ"/><publish:partInfo name="PhysicalTerminationPointOrFloatingTerminationPoint" publish:ismodellink="false" publish:partLowerX="1850" publish:partLowerY="1339" publish:partUpperX="1506" publish:partUpperY="1273" shape="rect" xmi:id="_E.g.zEABUBE.d2.iK4.k.bH.b.yS2.g"/><publish:partInfo anchor="#_RJ.aXMBEYE.d22C4.fN.v.k.cGXQ" name="resourceState" publish:ismodellink="false" publish:partLowerX="763" publish:partLowerY="938" publish:partUpperX="480" publish:partUpperY="922" shape="rect" xmi:id="__O.n.l.kBEXE.d22C4.fN.v.k.cGXQ"/><publish:partInfo anchor="#_MOGT.x.hEYE.d22C4.fN.v.k.cGXQ" name="manufacturer" publish:ismodellink="false" publish:partLowerX="763" publish:partLowerY="922" publish:partUpperX="480" publish:partUpperY="906" shape="rect" xmi:id="__O.n.l.kBEXE.d22C4.fN.v.k.cGXQ"/><publish:partInfo anchor="#_MOGT.w.xEYE.d22C4.fN.v.k.cGXQ" name="productName" publish:ismodellink="false" publish:partLowerX="763" publish:partLowerY="906" publish:partUpperX="480" publish:partUpperY="890" shape="rect" xmi:id="__O.n.l.kBEXE.d22C4.fN.v.k.cGXQ"/><publish:partInfo anchor="#_MOGT.wBEYE.d22C4.fN.v.k.cGXQ" name="location" publish:ismodellink="false" publish:partLowerX="763" publish:partLowerY="890" publish:partUpperX="480" publish:partUpperY="874" shape="rect" xmi:id="__O.n.l.kBEXE.d22C4.fN.v.k.cGXQ"/><publish:partInfo name="ManagedElementFilter" publish:ismodellink="false" publish:partLowerX="772" publish:partLowerY="943" publish:partUpperX="473" publish:partUpperY="824" shape="rect" xmi:id="__O.n.l.kBEXE.d22C4.fN.v.k.cGXQ"/><publish:partInfo name="EquipmentOrEquipmentHolderType" publish:ismodellink="false" publish:partLowerX="779" publish:partLowerY="540" publish:partUpperX="504" publish:partUpperY="474" shape="rect" xmi:id="_569.zUBBWE.d20R6.sC.aT.b.lK.g"/><publish:partInfo anchor="#_.j.qAMAB.aTE.d2_1K.b.i.rMAL.rA" name="getTransmissionParameters" publish:ismodellink="false" publish:partLowerX="999" publish:partLowerY="1508" publish:partUpperX="16" publish:partUpperY="1492" shape="rect" xmi:id="_W.jW.j.wN.yIE.d.yY2.qUBC6.uX.a.g"/><publish:partInfo anchor="#_I.e5EUN.y.lE.d.yY2.qUBC6.uX.a.g" name="getTransmissionDescriptor" publish:ismodellink="false" publish:partLowerX="999" publish:partLowerY="1492" publish:partUpperX="16" publish:partUpperY="1476" shape="rect" xmi:id="_W.jW.j.wN.yIE.d.yY2.qUBC6.uX.a.g"/><publish:partInfo anchor="#_I.e.vTUN.y.lE.d.yY2.qUBC6.uX.a.g" name="getAllTransmissionDescriptorsWrtOs" publish:ismodellink="false" publish:partLowerX="999" publish:partLowerY="1476" publish:partUpperX="16" publish:partUpperY="1460" shape="rect" xmi:id="_W.jW.j.wN.yIE.d.yY2.qUBC6.uX.a.g"/><publish:partInfo anchor="#_I.e.vT.b.t.y.lE.d.yY2.qUBC6.uX.a.g" name="getAllTransmissionDescriptors" publish:ismodellink="false" publish:partLowerX="999" publish:partLowerY="1460" publish:partUpperX="16" publish:partUpperY="1444" shape="rect" xmi:id="_W.jW.j.wN.yIE.d.yY2.qUBC6.uX.a.g"/><publish:partInfo name="TransmissionDescriptorRetrievalService" publish:ismodellink="false" publish:partLowerX="1008" publish:partLowerY="1513" publish:partUpperX="9" publish:partUpperY="1392" shape="rect" xmi:id="_W.jW.j.wN.yIE.d.yY2.qUBC6.uX.a.g"/><publish:partInfo anchor="#_.u.fK.y8N.y.kE.d.yY2.qUBC6.uX.a.g" name="getTrafficConditioningProfile" publish:ismodellink="false" publish:partLowerX="1813" publish:partLowerY="1555" publish:partUpperX="1344" publish:partUpperY="1539" shape="rect" xmi:id="_T.n5.fQN.yIE.d.yY2.qUBC6.uX.a.g"/><publish:partInfo anchor="#_.u.fB.pAN.y.kE.d.yY2.qUBC6.uX.a.g" name="getAllTrafficConditioningProfiles" publish:ismodellink="false" publish:partLowerX="1813" publish:partLowerY="1539" publish:partUpperX="1344" publish:partUpperY="1523" shape="rect" xmi:id="_T.n5.fQN.yIE.d.yY2.qUBC6.uX.a.g"/><publish:partInfo name="TrafficConditioningProfileRetrievalService" publish:ismodellink="false" publish:partLowerX="1823" publish:partLowerY="1560" publish:partUpperX="1338" publish:partUpperY="1471" shape="rect" xmi:id="_T.n5.fQN.yIE.d.yY2.qUBC6.uX.a.g"/><publish:partInfo anchor="#_9.bM.i0N.y.jE.d.yY2.qUBC6.uX.a.g" name="getTopologicalLink" publish:ismodellink="false" publish:partLowerX="1815" publish:partLowerY="1758" publish:partUpperX="1328" publish:partUpperY="1742" shape="rect" xmi:id="_O7.yV.cN.yIE.d.yY2.qUBC6.uX.a.g"/><publish:partInfo anchor="#_2.wQKQ.d.y.iE.d.yY2.qUBC6.uX.a.g" name="getTopLevelTopologicalLink" publish:ismodellink="false" publish:partLowerX="1815" publish:partLowerY="1742" publish:partUpperX="1328" publish:partUpperY="1726" shape="rect" xmi:id="_O7.yV.cN.yIE.d.yY2.qUBC6.uX.a.g"/><publish:partInfo anchor="#_2.xS.sEN.y.iE.d.yY2.qUBC6.uX.a.g" name="getRouteAndTopologicalLinks" publish:ismodellink="false" publish:partLowerX="1815" publish:partLowerY="1726" publish:partUpperX="1328" publish:partUpperY="1710" shape="rect" xmi:id="_O7.yV.cN.yIE.d.yY2.qUBC6.uX.a.g"/><publish:partInfo anchor="#_2.wQK.aN.y.iE.d.yY2.qUBC6.uX.a.g" name="getAllTopologicalLinksWrtOs" publish:ismodellink="false" publish:partLowerX="1815" publish:partLowerY="1710" publish:partUpperX="1328" publish:partUpperY="1694" shape="rect" xmi:id="_O7.yV.cN.yIE.d.yY2.qUBC6.uX.a.g"/><publish:partInfo anchor="#_GBB.l.oN.y.jE.d.yY2.qUBC6.uX.a.g" name="getAllTopologicalLinksOfFd" publish:ismodellink="false" publish:partLowerX="1815" publish:partLowerY="1694" publish:partUpperX="1328" publish:partUpperY="1678" shape="rect" xmi:id="_O7.yV.cN.yIE.d.yY2.qUBC6.uX.a.g"/><publish:partInfo anchor="#_2.wQKUN.y.iE.d.yY2.qUBC6.uX.a.g" name="getAllTopologicalLinksBetweenMds" publish:ismodellink="false" publish:partLowerX="1815" publish:partLowerY="1678" publish:partUpperX="1328" publish:partUpperY="1662" shape="rect" xmi:id="_O7.yV.cN.yIE.d.yY2.qUBC6.uX.a.g"/><publish:partInfo anchor="#_.r.xF4.kN.y.jE.d.yY2.qUBC6.uX.a.g" name="getAllTopologicalLinks" publish:ismodellink="false" publish:partLowerX="1815" publish:partLowerY="1662" publish:partUpperX="1328" publish:partUpperY="1646" shape="rect" xmi:id="_O7.yV.cN.yIE.d.yY2.qUBC6.uX.a.g"/><publish:partInfo anchor="#_2.wGZQN.y.iE.d.yY2.qUBC6.uX.a.g" name="getAllTopLevelTopologicalLinks" publish:ismodellink="false" publish:partLowerX="1815" publish:partLowerY="1646" publish:partUpperX="1328" publish:partUpperY="1630" shape="rect" xmi:id="_O7.yV.cN.yIE.d.yY2.qUBC6.uX.a.g"/><publish:partInfo name="TopologicalLinkRetrievalService" publish:ismodellink="false" publish:partLowerX="1824" publish:partLowerY="1763" publish:partUpperX="1321" publish:partUpperY="1578" shape="rect" xmi:id="_O7.yV.cN.yIE.d.yY2.qUBC6.uX.a.g"/><publish:partInfo anchor="#_.v-OW.cN.y.aE.d.yY2.qUBC6.uX.a.g" name="getTrafficConditioningProfileAssociatedTps" publish:ismodellink="false" publish:partLowerX="1067" publish:partLowerY="1360" publish:partUpperX="28" publish:partUpperY="1344" shape="rect" xmi:id="_MF.jIIN.yIE.d.yY2.qUBC6.uX.a.g"/><publish:partInfo anchor="#_.v_3VSN.y.aE.d.yY2.qUBC6.uX.a.g" name="getTerminationPointPool" publish:ismodellink="false" publish:partLowerX="1067" publish:partLowerY="1344" publish:partUpperX="28" publish:partUpperY="1328" shape="rect" xmi:id="_MF.jIIN.yIE.d.yY2.qUBC6.uX.a.g"/><publish:partInfo anchor="#_.v_.k.a.rN.y.aE.d.yY2.qUBC6.uX.a.g" name="getTerminationPointGroupingRelationships" publish:ismodellink="false" publish:partLowerX="1067" publish:partLowerY="1328" publish:partUpperX="28" publish:partUpperY="1312" shape="rect" xmi:id="_MF.jIIN.yIE.d.yY2.qUBC6.uX.a.g"/><publish:partInfo anchor="#_.v_.uLQN.y.aE.d.yY2.qUBC6.uX.a.g" name="getTerminationPoint" publish:ismodellink="false" publish:partLowerX="1067" publish:partLowerY="1312" publish:partUpperX="28" publish:partUpperY="1296" shape="rect" xmi:id="_MF.jIIN.yIE.d.yY2.qUBC6.uX.a.g"/><publish:partInfo anchor="#_.v_.uL.u.d.y.aE.d.yY2.qUBC6.uX.a.g" name="getGroupTerminationPoint" publish:ismodellink="false" publish:partLowerX="1067" publish:partLowerY="1296" publish:partUpperX="28" publish:partUpperY="1280" shape="rect" xmi:id="_MF.jIIN.yIE.d.yY2.qUBC6.uX.a.g"/><publish:partInfo anchor="#_.v_.k.a.u.d.y.aE.d.yY2.qUBC6.uX.a.g" name="getContainingTerminationPoints" publish:ismodellink="false" publish:partLowerX="1067" publish:partLowerY="1280" publish:partUpperX="28" publish:partUpperY="1264" shape="rect" xmi:id="_MF.jIIN.yIE.d.yY2.qUBC6.uX.a.g"/><publish:partInfo anchor="#_.v_.k.a.z9.y.aE.d.yY2.qUBC6.uX.a.g" name="getAssociatedGroupTerminationPoint" publish:ismodellink="false" publish:partLowerX="1067" publish:partLowerY="1264" publish:partUpperX="28" publish:partUpperY="1248" shape="rect" xmi:id="_MF.jIIN.yIE.d.yY2.qUBC6.uX.a.g"/><publish:partInfo anchor="#_.v_.k.aTN.y.aE.d.yY2.qUBC6.uX.a.g" name="getContainedPotentialConnectionTerminationPoints" publish:ismodellink="false" publish:partLowerX="1067" publish:partLowerY="1248" publish:partUpperX="28" publish:partUpperY="1232" shape="rect" xmi:id="_MF.jIIN.yIE.d.yY2.qUBC6.uX.a.g"/><publish:partInfo anchor="#_.v_.k.a.bN.y.aE.d.yY2.qUBC6.uX.a.g" name="getContainedInUseConnectionTerminationPoints" publish:ismodellink="false" publish:partLowerX="1067" publish:partLowerY="1232" publish:partUpperX="28" publish:partUpperY="1216" shape="rect" xmi:id="_MF.jIIN.yIE.d.yY2.qUBC6.uX.a.g"/><publish:partInfo anchor="#_.v_.k.a.jN.y.aE.d.yY2.qUBC6.uX.a.g" name="getContainedCurrentConnectionTerminationPoints" publish:ismodellink="false" publish:partLowerX="1067" publish:partLowerY="1216" publish:partUpperX="28" publish:partUpperY="1200" shape="rect" xmi:id="_MF.jIIN.yIE.d.yY2.qUBC6.uX.a.g"/><publish:partInfo anchor="#_.s.f.lI.gN.y.eE.d.yY2.qUBC6.uX.a.g" name="getAssociatedTerminationPointsWrtTmd" publish:ismodellink="false" publish:partLowerX="1067" publish:partLowerY="1200" publish:partUpperX="28" publish:partUpperY="1184" shape="rect" xmi:id="_MF.jIIN.yIE.d.yY2.qUBC6.uX.a.g"/><publish:partInfo anchor="#_.v_.k.aQN.y.aE.d.yY2.qUBC6.uX.a.g" name="getAssociatedTerminationPoints" publish:ismodellink="false" publish:partLowerX="1067" publish:partLowerY="1184" publish:partUpperX="28" publish:partUpperY="1168" shape="rect" xmi:id="_MF.jIIN.yIE.d.yY2.qUBC6.uX.a.g"/><publish:partInfo anchor="#_.v_3VMN.y.aE.d.yY2.qUBC6.uX.a.g" name="getAllTerminationPointPools" publish:ismodellink="false" publish:partLowerX="1067" publish:partLowerY="1168" publish:partUpperX="28" publish:partUpperY="1152" shape="rect" xmi:id="_MF.jIIN.yIE.d.yY2.qUBC6.uX.a.g"/><publish:partInfo anchor="#_.v_.uL5.t.y.aE.d.yY2.qUBC6.uX.a.g" name="getAllSupportedPhysicalTerminationPoints" publish:ismodellink="false" publish:partLowerX="1067" publish:partLowerY="1152" publish:partUpperX="28" publish:partUpperY="1136" shape="rect" xmi:id="_MF.jIIN.yIE.d.yY2.qUBC6.uX.a.g"/><publish:partInfo anchor="#_.v_.uL.c.d.y.aE.d.yY2.qUBC6.uX.a.g" name="getAllPhysicalTerminationPointsWithoutFtps" publish:ismodellink="false" publish:partLowerX="1067" publish:partLowerY="1136" publish:partUpperX="28" publish:partUpperY="1120" shape="rect" xmi:id="_MF.jIIN.yIE.d.yY2.qUBC6.uX.a.g"/><publish:partInfo anchor="#_.v_.uLT.d.y.aE.d.yY2.qUBC6.uX.a.g" name="getAllPhysicalTerminationPoints" publish:ismodellink="false" publish:partLowerX="1067" publish:partLowerY="1120" publish:partUpperX="28" publish:partUpperY="1104" shape="rect" xmi:id="_MF.jIIN.yIE.d.yY2.qUBC6.uX.a.g"/><publish:partInfo anchor="#_.v_.uL.yN.y.aE.d.yY2.qUBC6.uX.a.g" name="getAllGroupTerminationPoints" publish:ismodellink="false" publish:partLowerX="1067" publish:partLowerY="1104" publish:partUpperX="28" publish:partUpperY="1088" shape="rect" xmi:id="_MF.jIIN.yIE.d.yY2.qUBC6.uX.a.g"/><publish:partInfo anchor="#_.v_.uL.l.d.y.aE.d.yY2.qUBC6.uX.a.g" name="getAllFloatingTerminationPoints" publish:ismodellink="false" publish:partLowerX="1067" publish:partLowerY="1088" publish:partUpperX="28" publish:partUpperY="1072" shape="rect" xmi:id="_MF.jIIN.yIE.d.yY2.qUBC6.uX.a.g"/><publish:partInfo anchor="#_.v_.uL_N.y.aE.d.yY2.qUBC6.uX.a.g" name="getAllEdgePoints" publish:ismodellink="false" publish:partLowerX="1067" publish:partLowerY="1072" publish:partUpperX="28" publish:partUpperY="1056" shape="rect" xmi:id="_MF.jIIN.yIE.d.yY2.qUBC6.uX.a.g"/><publish:partInfo anchor="#_.v-OW.lN.y.aE.d.yY2.qUBC6.uX.a.g" name="getAllConnectionlessPortTerminationPoints" publish:ismodellink="false" publish:partLowerX="1067" publish:partLowerY="1056" publish:partUpperX="28" publish:partUpperY="1040" shape="rect" xmi:id="_MF.jIIN.yIE.d.yY2.qUBC6.uX.a.g"/><publish:partInfo anchor="#_.v-OW.fN.y.aE.d.yY2.qUBC6.uX.a.g" name="getAllAssignedConnectionlessPortTerminationPoints" publish:ismodellink="false" publish:partLowerX="1067" publish:partLowerY="1040" publish:partUpperX="28" publish:partUpperY="1024" shape="rect" xmi:id="_MF.jIIN.yIE.d.yY2.qUBC6.uX.a.g"/><publish:partInfo anchor="#_.v-OW.iN.y.aE.d.yY2.qUBC6.uX.a.g" name="getAllAssignableConnectionlessPortTerminationPoints" publish:ismodellink="false" publish:partLowerX="1067" publish:partLowerY="1024" publish:partUpperX="28" publish:partUpperY="1008" shape="rect" xmi:id="_MF.jIIN.yIE.d.yY2.qUBC6.uX.a.g"/><publish:partInfo name="TerminationPointRetrievalService" publish:ismodellink="false" publish:partLowerX="1076" publish:partLowerY="1365" publish:partUpperX="21" publish:partUpperY="958" shape="rect" xmi:id="_MF.jIIN.yIE.d.yY2.qUBC6.uX.a.g"/><publish:partInfo anchor="#_.hH.cP.wN.yXE.d.yY2.qUBC6.uX.a.g" name="updateInventory" publish:ismodellink="false" publish:partLowerX="1970" publish:partLowerY="1226" publish:partUpperX="1318" publish:partUpperY="1210" shape="rect" xmi:id="_IC.t.k0N.yIE.d.yY2.qUBC6.uX.a.g"/><publish:partInfo name="ResourceInventoryUpdateService" publish:ismodellink="false" publish:partLowerX="1979" publish:partLowerY="1231" publish:partUpperX="1312" publish:partUpperY="1158" shape="rect" xmi:id="_IC.t.k0N.yIE.d.yY2.qUBC6.uX.a.g"/><publish:partInfo anchor="#_P.n.hK.kHUVE.eKD3LF.z9.cO.g.fQ" name="getRemoteUnitProfiles" publish:ismodellink="false" publish:partLowerX="1959" publish:partLowerY="783" publish:partUpperX="1273" publish:partUpperY="767" shape="rect" xmi:id="_E.y_.g.gN.yIE.d.yY2.qUBC6.uX.a.g"/><publish:partInfo anchor="#_V2.rGIN.yXE.d.yY2.qUBC6.uX.a.g" name="getInventory" publish:ismodellink="false" publish:partLowerX="1959" publish:partLowerY="767" publish:partUpperX="1273" publish:partUpperY="751" shape="rect" xmi:id="_E.y_.g.gN.yIE.d.yY2.qUBC6.uX.a.g"/><publish:partInfo name="ResourceInventoryRetrievalService" publish:ismodellink="false" publish:partLowerX="1969" publish:partLowerY="788" publish:partUpperX="1267" publish:partUpperY="699" shape="rect" xmi:id="_E.y_.g.gN.yIE.d.yY2.qUBC6.uX.a.g"/><publish:partInfo anchor="#_.z.t.kS0N.yWE.d.yY2.qUBC6.uX.a.g" name="getSubordinateOperationsSystem" publish:ismodellink="false" publish:partLowerX="1787" publish:partLowerY="659" publish:partUpperX="1398" publish:partUpperY="643" shape="rect" xmi:id="_B.o.o.dUN.yIE.d.yY2.qUBC6.uX.a.g"/><publish:partInfo anchor="#_.z.t.a.h0N.yWE.d.yY2.qUBC6.uX.a.g" name="getOperationsSystem" publish:ismodellink="false" publish:partLowerX="1787" publish:partLowerY="643" publish:partUpperX="1398" publish:partUpperY="627" shape="rect" xmi:id="_B.o.o.dUN.yIE.d.yY2.qUBC6.uX.a.g"/><publish:partInfo anchor="#_.z.t.kS39.yWE.d.yY2.qUBC6.uX.a.g" name="getAllOperationsSystems" publish:ismodellink="false" publish:partLowerX="1787" publish:partLowerY="627" publish:partUpperX="1398" publish:partUpperY="611" shape="rect" xmi:id="_B.o.o.dUN.yIE.d.yY2.qUBC6.uX.a.g"/><publish:partInfo name="OperationsSystemRetrievalService" publish:ismodellink="false" publish:partLowerX="1796" publish:partLowerY="664" publish:partUpperX="1391" publish:partUpperY="559" shape="rect" xmi:id="_B.o.o.dUN.yIE.d.yY2.qUBC6.uX.a.g"/><publish:partInfo anchor="#_00K.kCN.yVE.d.yY2.qUBC6.uX.a.g" name="getMultiLayerSubnetwork" publish:ismodellink="false" publish:partLowerX="1819" publish:partLowerY="543" publish:partUpperX="1285" publish:partUpperY="527" shape="rect" xmi:id="_9.y.w_AN.yHE.d.yY2.qUBC6.uX.a.g"/><publish:partInfo anchor="#_IY.d.qAN.yWE.d.yY2.qUBC6.uX.a.g" name="getContainingMultiLayerSubnetworkNames" publish:ismodellink="false" publish:partLowerX="1819" publish:partLowerY="527" publish:partUpperX="1285" publish:partUpperY="511" shape="rect" xmi:id="_9.y.w_AN.yHE.d.yY2.qUBC6.uX.a.g"/><publish:partInfo anchor="#_00K.j8N.yVE.d.yY2.qUBC6.uX.a.g" name="getAllTopLevelMultiLayerSubnetworks" publish:ismodellink="false" publish:partLowerX="1819" publish:partLowerY="511" publish:partUpperX="1285" publish:partUpperY="495" shape="rect" xmi:id="_9.y.w_AN.yHE.d.yY2.qUBC6.uX.a.g"/><publish:partInfo anchor="#_00K.kF9.yVE.d.yY2.qUBC6.uX.a.g" name="getAllMultiLayerSubnetworksWrtOs" publish:ismodellink="false" publish:partLowerX="1819" publish:partLowerY="495" publish:partUpperX="1285" publish:partUpperY="479" shape="rect" xmi:id="_9.y.w_AN.yHE.d.yY2.qUBC6.uX.a.g"/><publish:partInfo name="MultiLayerSubnetworkRetrievalService" publish:ismodellink="false" publish:partLowerX="1829" publish:partLowerY="548" publish:partUpperX="1279" publish:partUpperY="427" shape="rect" xmi:id="_9.y.w_AN.yHE.d.yY2.qUBC6.uX.a.g"/><publish:partInfo anchor="#_N26FIN.yVE.d.yY2.qUBC6.uX.a.g" name="getManagementDomain" publish:ismodellink="false" publish:partLowerX="1777" publish:partLowerY="396" publish:partUpperX="1421" publish:partUpperY="380" shape="rect" xmi:id="_6.mLHMN.yHE.d.yY2.qUBC6.uX.a.g"/><publish:partInfo anchor="#_N26FL9.yVE.d.yY2.qUBC6.uX.a.g" name="getAllManagementDomains" publish:ismodellink="false" publish:partLowerX="1777" publish:partLowerY="380" publish:partUpperX="1421" publish:partUpperY="364" shape="rect" xmi:id="_6.mLHMN.yHE.d.yY2.qUBC6.uX.a.g"/><publish:partInfo name="ManagementDomainRetrievalService" publish:ismodellink="false" publish:partLowerX="1786" publish:partLowerY="401" publish:partUpperX="1414" publish:partUpperY="312" shape="rect" xmi:id="_6.mLHMN.yHE.d.yY2.qUBC6.uX.a.g"/><publish:partInfo anchor="#_SBJ.m0K.y.wE.d2M54_OO.i.t.iD.w" name="getConnectivityAwareness" publish:ismodellink="false" publish:partLowerX="1859" publish:partLowerY="286" publish:partUpperX="1258" publish:partUpperY="270" shape="rect" xmi:id="_2Z.gS.cN.yHE.d.yY2.qUBC6.uX.a.g"/><publish:partInfo anchor="#_JKE.f.bN.yRE.d.yY2.qUBC6.uX.a.g" name="getMatrixFlowDomain" publish:ismodellink="false" publish:partLowerX="1859" publish:partLowerY="270" publish:partUpperX="1258" publish:partUpperY="254" shape="rect" xmi:id="_2Z.gS.cN.yHE.d.yY2.qUBC6.uX.a.g"/><publish:partInfo anchor="#_.r08OB9.yPE.d.yY2.qUBC6.uX.a.g" name="getFlowDomainsByUserLabel" publish:ismodellink="false" publish:partLowerX="1859" publish:partLowerY="254" publish:partUpperX="1258" publish:partUpperY="238" shape="rect" xmi:id="_2Z.gS.cN.yHE.d.yY2.qUBC6.uX.a.g"/><publish:partInfo anchor="#_.r1F-_N.yPE.d.yY2.qUBC6.uX.a.g" name="getFlowDomainFragmentsWithTp" publish:ismodellink="false" publish:partLowerX="1859" publish:partLowerY="238" publish:partUpperX="1258" publish:partUpperY="222" shape="rect" xmi:id="_2Z.gS.cN.yHE.d.yY2.qUBC6.uX.a.g"/><publish:partInfo anchor="#_.r1F_G.t.yPE.d.yY2.qUBC6.uX.a.g" name="getFlowDomainFragmentsByUserLabel" publish:ismodellink="false" publish:partLowerX="1859" publish:partLowerY="222" publish:partUpperX="1258" publish:partUpperY="206" shape="rect" xmi:id="_2Z.gS.cN.yHE.d.yY2.qUBC6.uX.a.g"/><publish:partInfo anchor="#_.r1PI0N.yPE.d.yY2.qUBC6.uX.a.g" name="getFlowDomainFragmentRoute" publish:ismodellink="false" publish:partLowerX="1859" publish:partLowerY="206" publish:partUpperX="1258" publish:partUpperY="190" shape="rect" xmi:id="_2Z.gS.cN.yHE.d.yY2.qUBC6.uX.a.g"/><publish:partInfo anchor="#_.r1F_C9.yPE.d.yY2.qUBC6.uX.a.g" name="getFlowDomainFragment" publish:ismodellink="false" publish:partLowerX="1859" publish:partLowerY="190" publish:partUpperX="1258" publish:partUpperY="174" shape="rect" xmi:id="_2Z.gS.cN.yHE.d.yY2.qUBC6.uX.a.g"/><publish:partInfo anchor="#_.r08OF.t.yPE.d.yY2.qUBC6.uX.a.g" name="getFlowDomain" publish:ismodellink="false" publish:partLowerX="1859" publish:partLowerY="174" publish:partUpperX="1258" publish:partUpperY="158" shape="rect" xmi:id="_2Z.gS.cN.yHE.d.yY2.qUBC6.uX.a.g"/><publish:partInfo anchor="#_.r08N4N.yPE.d.yY2.qUBC6.uX.a.g" name="getAssociatingFlowDomain" publish:ismodellink="false" publish:partLowerX="1859" publish:partLowerY="158" publish:partUpperX="1258" publish:partUpperY="142" shape="rect" xmi:id="_2Z.gS.cN.yHE.d.yY2.qUBC6.uX.a.g"/><publish:partInfo anchor="#_.r08N7N.yPE.d.yY2.qUBC6.uX.a.g" name="getAssigningMatrixFlowDomain" publish:ismodellink="false" publish:partLowerX="1859" publish:partLowerY="142" publish:partUpperX="1258" publish:partUpperY="126" shape="rect" xmi:id="_2Z.gS.cN.yHE.d.yY2.qUBC6.uX.a.g"/><publish:partInfo anchor="#_JKE.fYN.yRE.d.yY2.qUBC6.uX.a.g" name="getAllSupportedMatrixFlowDomains" publish:ismodellink="false" publish:partLowerX="1859" publish:partLowerY="126" publish:partUpperX="1258" publish:partUpperY="110" shape="rect" xmi:id="_2Z.gS.cN.yHE.d.yY2.qUBC6.uX.a.g"/><publish:partInfo anchor="#_.r08N-9.yPE.d.yY2.qUBC6.uX.a.g" name="getAllFlowDomains" publish:ismodellink="false" publish:partLowerX="1859" publish:partLowerY="110" publish:partUpperX="1258" publish:partUpperY="94" shape="rect" xmi:id="_2Z.gS.cN.yHE.d.yY2.qUBC6.uX.a.g"/><publish:partInfo anchor="#_.r1F-7.d.yPE.d.yY2.qUBC6.uX.a.g" name="getAllFlowDomainFragments" publish:ismodellink="false" publish:partLowerX="1859" publish:partLowerY="94" publish:partUpperX="1258" publish:partUpperY="78" shape="rect" xmi:id="_2Z.gS.cN.yHE.d.yY2.qUBC6.uX.a.g"/><publish:partInfo anchor="#_.r1F-4.d.yPE.d.yY2.qUBC6.uX.a.g" name="getAllAssociatedMatrixFlowDomains" publish:ismodellink="false" publish:partLowerX="1859" publish:partLowerY="78" publish:partUpperX="1258" publish:partUpperY="62" shape="rect" xmi:id="_2Z.gS.cN.yHE.d.yY2.qUBC6.uX.a.g"/><publish:partInfo name="FlowDomainRetrievalService" publish:ismodellink="false" publish:partLowerX="1869" publish:partLowerY="291" publish:partUpperX="1252" publish:partUpperY="10" shape="rect" xmi:id="_2Z.gS.cN.yHE.d.yY2.qUBC6.uX.a.g"/><publish:partInfo anchor="#_FD.k.r.cN.yOE.d.yY2.qUBC6.uX.a.g" name="getSupportingEquipment" publish:ismodellink="false" publish:partLowerX="930" publish:partLowerY="448" publish:partUpperX="283" publish:partUpperY="432" shape="rect" xmi:id="_.y.d-RAN.yHE.d.yY2.qUBC6.uX.a.g"/><publish:partInfo anchor="#_FD.t1YN.yOE.d.yY2.qUBC6.uX.a.g" name="getSupportedEquipment" publish:ismodellink="false" publish:partLowerX="930" publish:partLowerY="432" publish:partUpperX="283" publish:partUpperY="416" shape="rect" xmi:id="_.y.d-RAN.yHE.d.yY2.qUBC6.uX.a.g"/><publish:partInfo anchor="#_-ON9MN.yNE.d.yY2.qUBC6.uX.a.g" name="getEquipment" publish:ismodellink="false" publish:partLowerX="930" publish:partLowerY="416" publish:partUpperX="283" publish:partUpperY="400" shape="rect" xmi:id="_.y.d-RAN.yHE.d.yY2.qUBC6.uX.a.g"/><publish:partInfo anchor="#_45R40N.yNE.d.yY2.qUBC6.uX.a.g" name="getContainedEquipment" publish:ismodellink="false" publish:partLowerX="930" publish:partLowerY="400" publish:partUpperX="283" publish:partUpperY="384" shape="rect" xmi:id="_.y.d-RAN.yHE.d.yY2.qUBC6.uX.a.g"/><publish:partInfo anchor="#_.z5.zHEN.yNE.d.yY2.qUBC6.uX.a.g" name="getAllSupportingEquipment" publish:ismodellink="false" publish:partLowerX="930" publish:partLowerY="384" publish:partUpperX="283" publish:partUpperY="368" shape="rect" xmi:id="_.y.d-RAN.yHE.d.yY2.qUBC6.uX.a.g"/><publish:partInfo anchor="#_.u8.aAAN.yNE.d.yY2.qUBC6.uX.a.g" name="getAllEquipment" publish:ismodellink="false" publish:partLowerX="930" publish:partLowerY="368" publish:partUpperX="283" publish:partUpperY="352" shape="rect" xmi:id="_.y.d-RAN.yHE.d.yY2.qUBC6.uX.a.g"/><publish:partInfo name="EquipmentInventoryRetrievalService" publish:ismodellink="false" publish:partLowerX="939" publish:partLowerY="453" publish:partUpperX="276" publish:partUpperY="300" shape="rect" xmi:id="_.y.d-RAN.yHE.d.yY2.qUBC6.uX.a.g"/><publish:partInfo anchor="#__L.i.sYK.y.nE.d2M54_OO.i.t.iD.w" name="getSubnetworkConnectionModeOfOperation" publish:ismodellink="false" publish:partLowerX="993" publish:partLowerY="269" publish:partUpperX="87" publish:partUpperY="253" shape="rect" xmi:id="_.tR.iBUN.yHE.d.yY2.qUBC6.uX.a.g"/><publish:partInfo anchor="#_4NFB.gN.yKE.d.yY2.qUBC6.uX.a.g" name="getSubnetworkConnectionsByUserLabel" publish:ismodellink="false" publish:partLowerX="993" publish:partLowerY="253" publish:partUpperX="87" publish:partUpperY="237" shape="rect" xmi:id="_.tR.iBUN.yHE.d.yY2.qUBC6.uX.a.g"/><publish:partInfo anchor="#_4M73.xN.yKE.d.yY2.qUBC6.uX.a.g" name="getSubnetworkConnection" publish:ismodellink="false" publish:partLowerX="993" publish:partLowerY="237" publish:partUpperX="87" publish:partUpperY="221" shape="rect" xmi:id="_.tR.iBUN.yHE.d.yY2.qUBC6.uX.a.g"/><publish:partInfo anchor="#_K6_SRN.yLE.d.yY2.qUBC6.uX.a.g" name="getRoute" publish:ismodellink="false" publish:partLowerX="993" publish:partLowerY="221" publish:partUpperX="87" publish:partUpperY="205" shape="rect" xmi:id="_.tR.iBUN.yHE.d.yY2.qUBC6.uX.a.g"/><publish:partInfo anchor="#_UN_H.gN.yLE.d.yY2.qUBC6.uX.a.g" name="getPotentialFixedCrossConnections" publish:ismodellink="false" publish:partLowerX="993" publish:partLowerY="205" publish:partUpperX="87" publish:partUpperY="189" shape="rect" xmi:id="_.tR.iBUN.yHE.d.yY2.qUBC6.uX.a.g"/><publish:partInfo anchor="#_K6_SIN.yLE.d.yY2.qUBC6.uX.a.g" name="getIntendedRoute" publish:ismodellink="false" publish:partLowerX="993" publish:partLowerY="189" publish:partUpperX="87" publish:partUpperY="173" shape="rect" xmi:id="_.tR.iBUN.yHE.d.yY2.qUBC6.uX.a.g"/><publish:partInfo anchor="#_K6_SL9.yLE.d.yY2.qUBC6.uX.a.g" name="getBackupRoutes" publish:ismodellink="false" publish:partLowerX="993" publish:partLowerY="173" publish:partUpperX="87" publish:partUpperY="157" shape="rect" xmi:id="_.tR.iBUN.yHE.d.yY2.qUBC6.uX.a.g"/><publish:partInfo anchor="#_4M73.oN.yKE.d.yY2.qUBC6.uX.a.g" name="getAllSubnetworkConnectionsWithTp" publish:ismodellink="false" publish:partLowerX="993" publish:partLowerY="157" publish:partUpperX="87" publish:partUpperY="141" shape="rect" xmi:id="_.tR.iBUN.yHE.d.yY2.qUBC6.uX.a.g"/><publish:partInfo anchor="#_4M.yG.kN.yKE.d.yY2.qUBC6.uX.a.g" name="getAllSubnetworkConnections" publish:ismodellink="false" publish:partLowerX="993" publish:partLowerY="141" publish:partUpperX="87" publish:partUpperY="125" shape="rect" xmi:id="_.tR.iBUN.yHE.d.yY2.qUBC6.uX.a.g"/><publish:partInfo anchor="#_4NFB.j9.yKE.d.yY2.qUBC6.uX.a.g" name="getAllFixedSubnetworkConnections" publish:ismodellink="false" publish:partLowerX="993" publish:partLowerY="125" publish:partUpperX="87" publish:partUpperY="109" shape="rect" xmi:id="_.tR.iBUN.yHE.d.yY2.qUBC6.uX.a.g"/><publish:partInfo anchor="#_4NFB.r.d.yKE.d.yY2.qUBC6.uX.a.g" name="getAllFixedSubnetworkConnectionsWithTp" publish:ismodellink="false" publish:partLowerX="993" publish:partLowerY="109" publish:partUpperX="87" publish:partUpperY="93" shape="rect" xmi:id="_.tR.iBUN.yHE.d.yY2.qUBC6.uX.a.g"/><publish:partInfo anchor="#_.d.f.eW.f9.yKE.d.yY2.qUBC6.uX.a.g" name="getAllFixedCrossConnections" publish:ismodellink="false" publish:partLowerX="993" publish:partLowerY="93" publish:partUpperX="87" publish:partUpperY="77" shape="rect" xmi:id="_.tR.iBUN.yHE.d.yY2.qUBC6.uX.a.g"/><publish:partInfo anchor="#_.d.f.eW.cN.yKE.d.yY2.qUBC6.uX.a.g" name="getAllCrossConnections" publish:ismodellink="false" publish:partLowerX="993" publish:partLowerY="77" publish:partUpperX="87" publish:partUpperY="61" shape="rect" xmi:id="_.tR.iBUN.yHE.d.yY2.qUBC6.uX.a.g"/><publish:partInfo name="ConnectionRetrievalService" publish:ismodellink="false" publish:partLowerX="1002" publish:partLowerY="274" publish:partUpperX="80" publish:partUpperY="9" shape="rect" xmi:id="_.tR.iBUN.yHE.d.yY2.qUBC6.uX.a.g"/><publish:partInfo anchor="#_ZIW2IN.yTE.d.yY2.qUBC6.uX.a.g" name="getManagedElement" publish:ismodellink="false" publish:partLowerX="878" publish:partLowerY="785" publish:partUpperX="245" publish:partUpperY="769" shape="rect" xmi:id="_FYXM.cBA6E.d.yZ.iYIRB9PL.dQ"/><publish:partInfo anchor="#_GH.r.a.gN.yTE.d.yY2.qUBC6.uX.a.g" name="getAllManagedElemetsWrtOs" publish:ismodellink="false" publish:partLowerX="878" publish:partLowerY="769" publish:partUpperX="245" publish:partUpperY="753" shape="rect" xmi:id="_FYXM.cBA6E.d.yZ.iYIRB9PL.dQ"/><publish:partInfo anchor="#_GH.r.a.pN.yTE.d.yY2.qUBC6.uX.a.g" name="getAllManagedElementsPassingFilter" publish:ismodellink="false" publish:partLowerX="878" publish:partLowerY="753" publish:partUpperX="245" publish:partUpperY="737" shape="rect" xmi:id="_FYXM.cBA6E.d.yZ.iYIRB9PL.dQ"/><publish:partInfo anchor="#_ZINFIN.yTE.d.yY2.qUBC6.uX.a.g" name="getAllManagedElements" publish:ismodellink="false" publish:partLowerX="878" publish:partLowerY="737" publish:partUpperX="245" publish:partUpperY="721" shape="rect" xmi:id="_FYXM.cBA6E.d.yZ.iYIRB9PL.dQ"/><publish:partInfo name="ManagedElementRetrievalService" publish:ismodellink="false" publish:partLowerX="888" publish:partLowerY="790" publish:partUpperX="239" publish:partUpperY="669" shape="rect" xmi:id="_FYXM.cBA6E.d.yZ.iYIRB9PL.dQ"/></contents><contents Type="Class" isDefault="false" name="MRI DDP Relationship Diagram" publish:icon="-1677387246_icon.png" publish:imageType="PNG" publish:qualifiedname="ManageResourceInventory::Class Diagrams::MRI DDP Relationship Diagram" xmi:id="_.f.sMNA.d.yHE.d.yY2.qUBC6.uX.a.g" xsi:type="notation:Diagram"><publish:properties><publish:property canonicalName="description" name="Description" publish:category="View"/><publish:property canonicalName="graphLayout" name="Graph Layout" publish:category="View" publish:value="VerticalOrthogonalHierarchical"/><publish:property canonicalName="labelLayout" name="Label Layout" publish:category="View" publish:value="None"/><publish:property canonicalName="linkLayout" name="Link Layout" publish:category="View" publish:value="None"/><publish:property canonicalName="measurementUnit" name="Measurement Unit" publish:category="View" publish:value="Himetric"/><publish:property canonicalName="name" name="Name" publish:category="View" publish:value="MRI DDP Relationship Diagram"/><publish:property canonicalName="pageHeight" name="Page Height" publish:category="View" publish:value="100"/><publish:property canonicalName="pageWidth" name="Page Width" publish:category="View" publish:value="100"/><publish:property canonicalName="pageX" name="Page X" publish:category="View" publish:value="0"/><publish:property canonicalName="pageY" name="Page Y" publish:category="View" publish:value="0"/><publish:property canonicalName="styles" name="Styles" publish:category="View"/><publish:property canonicalName="useAliasName" name="Use Alias Name" publish:category="View" publish:value="false"/></publish:properties><publish:partInfo name="PackageImport" publish:ismodellink="false" publish:partLowerX="116" publish:partLowerY="326" publish:partUpperX="67" publish:partUpperY="312" shape="rect" xmi:id="_L.x.q.bYBA7E.d.yZ.iYIRB9PL.dQ"/><publish:partInfo coords="98,353,88,285,98,283,108,352,98,353" name="PackageImport" publish:ismodellink="false" shape="poly" xmi:id="_L.x.q.bYBA7E.d.yZ.iYIRB9PL.dQ"/><publish:partInfo name="ManageResourceInventory" publish:ismodellink="true" publish:partLowerX="189" publish:partLowerY="391" publish:partUpperX="21" publish:partUpperY="379" shape="rect" xmi:id="_Y.cG.c4A6.qE.d.y.d7PUN.b-IYCQ"/><publish:partInfo name="ManageResourceInventory" publish:ismodellink="true" publish:partLowerX="196" publish:partLowerY="399" publish:partUpperX="17" publish:partUpperY="341" shape="rect" xmi:id="_Y.cG.c4A6.qE.d.y.d7PUN.b-IYCQ"/></contents><contents Type="Class" isDefault="false" name="MRI Control Plane Interface Diagram" publish:icon="-1677387246_icon.png" publish:imageType="PNG" publish:qualifiedname="ManageResourceInventory::Class Diagrams::MRI Control Plane Interface Diagram" xmi:id="_.a.j.uI.oF0.yE.eG.s.w.f.cC.xRZ.m4Q" xsi:type="notation:Diagram"><publish:properties><publish:property canonicalName="description" name="Description" publish:category="View"/><publish:property canonicalName="graphLayout" name="Graph Layout" publish:category="View" publish:value="VerticalOrthogonalHierarchical"/><publish:property canonicalName="labelLayout" name="Label Layout" publish:category="View" publish:value="None"/><publish:property canonicalName="linkLayout" name="Link Layout" publish:category="View" publish:value="None"/><publish:property canonicalName="measurementUnit" name="Measurement Unit" publish:category="View" publish:value="Himetric"/><publish:property canonicalName="name" name="Name" publish:category="View" publish:value="MRI Control Plane Interface Diagram"/><publish:property canonicalName="pageHeight" name="Page Height" publish:category="View" publish:value="100"/><publish:property canonicalName="pageWidth" name="Page Width" publish:category="View" publish:value="100"/><publish:property canonicalName="pageX" name="Page X" publish:category="View" publish:value="0"/><publish:property canonicalName="pageY" name="Page Y" publish:category="View" publish:value="0"/><publish:property canonicalName="styles" name="Styles" publish:category="View"/><publish:property canonicalName="useAliasName" name="Use Alias Name" publish:category="View" publish:value="false"/></publish:properties><publish:partInfo name="uses" publish:ismodellink="false" publish:partLowerX="604" publish:partLowerY="1304" publish:partUpperX="582" publish:partUpperY="1291" shape="rect" xmi:id="_JI110HHGE.eK3.e.cN5OC.h5.h.w"/><publish:partInfo coords="591,1268,591,1327,581,1327,581,1268,591,1268" name="uses" publish:ismodellink="false" shape="poly" xmi:id="_JI110HHGE.eK3.e.cN5OC.h5.h.w"/><publish:partInfo name="uses" publish:ismodellink="false" publish:partLowerX="663" publish:partLowerY="922" publish:partUpperX="638" publish:partUpperY="908" shape="rect" xmi:id="_.wQA.w.cH.mCE.eG.kC.r.hS32IC1.g"/><publish:partInfo coords="648,892,648,937,638,937,638,892,648,892" name="uses" publish:ismodellink="false" shape="poly" xmi:id="_.wQA.w.cH.mCE.eG.kC.r.hS32IC1.g"/><publish:partInfo name="uses" publish:ismodellink="false" publish:partLowerX="1050" publish:partLowerY="712" publish:partUpperX="1025" publish:partUpperY="698" shape="rect" xmi:id="_.uUTHIH.mBE.eG.kC.r.hS32IC1.g"/><publish:partInfo coords="1040,733,1040,677,1050,677,1050,733,1040,733" name="uses" publish:ismodellink="false" shape="poly" xmi:id="_.uUTHIH.mBE.eG.kC.r.hS32IC1.g"/><publish:partInfo name="uses" publish:ismodellink="false" publish:partLowerX="987" publish:partLowerY="468" publish:partUpperX="962" publish:partUpperY="454" shape="rect" xmi:id="_A.dN.o8F7WE.eG-.j5.n9Z.q.k2A.g"/><publish:partInfo coords="972,344,972,578,962,578,962,344,972,344" name="uses" publish:ismodellink="false" shape="poly" xmi:id="_A.dN.o8F7WE.eG-.j5.n9Z.q.k2A.g"/><publish:partInfo name="uses" publish:ismodellink="false" publish:partLowerX="1133" publish:partLowerY="561" publish:partUpperX="1108" publish:partUpperY="547" shape="rect" xmi:id="__L.j.z0F7VE.eG-.j5.n9Z.q.k2A.g"/><publish:partInfo coords="1118,529,1118,578,1108,578,1108,529,1118,529" name="uses" publish:ismodellink="false" shape="poly" xmi:id="__L.j.z0F7VE.eG-.j5.n9Z.q.k2A.g"/><publish:partInfo name="uses" publish:ismodellink="false" publish:partLowerX="1191" publish:partLowerY="378" publish:partUpperX="1166" publish:partUpperY="364" shape="rect" xmi:id="_75.wE0F7VE.eG-.j5.n9Z.q.k2A.g"/><publish:partInfo coords="1177,344,1177,399,1167,399,1167,344,1177,344" name="uses" publish:ismodellink="false" shape="poly" xmi:id="_75.wE0F7VE.eG-.j5.n9Z.q.k2A.g"/><publish:partInfo name="uses" publish:ismodellink="false" publish:partLowerX="657" publish:partLowerY="549" publish:partUpperX="632" publish:partUpperY="535" shape="rect" xmi:id="_.e59F0F3.yE.eG.tX978T.g.gU8Q"/><publish:partInfo coords="643,506,643,578,633,578,633,506,643,506" name="uses" publish:ismodellink="false" shape="poly" xmi:id="_.e59F0F3.yE.eG.tX978T.g.gU8Q"/><publish:partInfo name="uses" publish:ismodellink="false" publish:partLowerX="670" publish:partLowerY="391" publish:partUpperX="645" publish:partUpperY="377" shape="rect" xmi:id="_ZDMG.wF3.yE.eG.tX978T.g.gU8Q"/><publish:partInfo coords="656,344,656,424,646,424,646,344,656,344" name="uses" publish:ismodellink="false" shape="poly" xmi:id="_ZDMG.wF3.yE.eG.tX978T.g.gU8Q"/><publish:partInfo name="uses" publish:ismodellink="false" publish:partLowerX="205" publish:partLowerY="468" publish:partUpperX="180" publish:partUpperY="454" shape="rect" xmi:id="_T.h.b.uYF3.yE.eG.tX978T.g.gU8Q"/><publish:partInfo coords="191,344,191,578,181,578,181,344,191,344" name="uses" publish:ismodellink="false" shape="poly" xmi:id="_T.h.b.uYF3.yE.eG.tX978T.g.gU8Q"/><publish:partInfo anchor="#_V.sZ.kYHHDE.eK3.e.cN5OC.h5.h.w" name="capacity" publish:ismodellink="false" publish:partLowerX="805" publish:partLowerY="1408" publish:partUpperX="546" publish:partUpperY="1392" shape="rect" xmi:id="_.hEE.k.gHFFE.eK.uRNS.tR-.hBZA"/><publish:partInfo anchor="#_FV.u38HHDE.eK3.e.cN5OC.h5.h.w" name="layerRates" publish:ismodellink="false" publish:partLowerX="805" publish:partLowerY="1392" publish:partUpperX="546" publish:partUpperY="1376" shape="rect" xmi:id="_.hEE.k.gHFFE.eK.uRNS.tR-.hBZA"/><publish:partInfo name="LayeredCapacity" publish:ismodellink="false" publish:partLowerX="815" publish:partLowerY="1413" publish:partUpperX="540" publish:partUpperY="1327" shape="rect" xmi:id="_.hEE.k.gHFFE.eK.uRNS.tR-.hBZA"/><publish:partInfo anchor="#_2.mW.v.wH.o4E.eGV-4.k-0X86UA" name="getAllMlsnpps" publish:ismodellink="false" publish:partLowerX="792" publish:partLowerY="1567" publish:partUpperX="211" publish:partUpperY="1551" shape="rect" xmi:id="_ELEI0H.m.zE.eG.kC.r.hS32IC1.g"/><publish:partInfo anchor="#_-A.q.lMH.o4E.eGV-4.k-0X86UA" name="getAllMlsnppsWithTna" publish:ismodellink="false" publish:partLowerX="792" publish:partLowerY="1551" publish:partUpperX="211" publish:partUpperY="1535" shape="rect" xmi:id="_ELEI0H.m.zE.eG.kC.r.hS32IC1.g"/><publish:partInfo anchor="#_-V.rL4H.o4E.eGV-4.k-0X86UA" name="getAllMlsnppsWithTp" publish:ismodellink="false" publish:partLowerX="792" publish:partLowerY="1535" publish:partUpperX="211" publish:partUpperY="1519" shape="rect" xmi:id="_ELEI0H.m.zE.eG.kC.r.hS32IC1.g"/><publish:partInfo anchor="#_ZD.s_.kH.tUE.eKA.a-.j2RR.vYP.g" name="getMlsnpp" publish:ismodellink="false" publish:partLowerX="792" publish:partLowerY="1519" publish:partUpperX="211" publish:partUpperY="1503" shape="rect" xmi:id="_ELEI0H.m.zE.eG.kC.r.hS32IC1.g"/><publish:partInfo name="MultiLayerSubNetworkPointPoolRetrievalService" publish:ismodellink="false" publish:partLowerX="802" publish:partLowerY="1572" publish:partUpperX="205" publish:partUpperY="1441" shape="rect" xmi:id="_ELEI0H.m.zE.eG.kC.r.hS32IC1.g"/><publish:partInfo anchor="#_Z5.c.j.p.kD8E.eGCA.o9-ZY7.z8A" name="getAvailableCapacity" publish:ismodellink="false" publish:partLowerX="845" publish:partLowerY="1267" publish:partUpperX="146" publish:partUpperY="1251" shape="rect" xmi:id="_.oA.qZUH.mWE.eG.kC.r.hS32IC1.g"/><publish:partInfo anchor="#_.y.gA3.oH.mXE.eG.kC.r.hS32IC1.g" name="getAllEdgeMlsnppLinks" publish:ismodellink="false" publish:partLowerX="845" publish:partLowerY="1251" publish:partUpperX="146" publish:partUpperY="1235" shape="rect" xmi:id="_.oA.qZUH.mWE.eG.kC.r.hS32IC1.g"/><publish:partInfo anchor="#_.y8L2QH.mXE.eG.kC.r.hS32IC1.g" name="getAllInternalMlsnppLinks" publish:ismodellink="false" publish:partLowerX="845" publish:partLowerY="1235" publish:partUpperX="146" publish:partUpperY="1219" shape="rect" xmi:id="_.oA.qZUH.mWE.eG.kC.r.hS32IC1.g"/><publish:partInfo anchor="#_.zSY.v.wH.mXE.eG.kC.r.hS32IC1.g" name="getAllMlsnppLinks" publish:ismodellink="false" publish:partLowerX="845" publish:partLowerY="1219" publish:partUpperX="146" publish:partUpperY="1203" shape="rect" xmi:id="_.oA.qZUH.mWE.eG.kC.r.hS32IC1.g"/><publish:partInfo anchor="#_.nKB20H.mXE.eG.kC.r.hS32IC1.g" name="getMlsnppLink" publish:ismodellink="false" publish:partLowerX="845" publish:partLowerY="1203" publish:partUpperX="146" publish:partUpperY="1187" shape="rect" xmi:id="_.oA.qZUH.mWE.eG.kC.r.hS32IC1.g"/><publish:partInfo anchor="#_.z79RMH.mXE.eG.kC.r.hS32IC1.g" name="getAllMlsnppLinksWithTna" publish:ismodellink="false" publish:partLowerX="845" publish:partLowerY="1187" publish:partUpperX="146" publish:partUpperY="1171" shape="rect" xmi:id="_.oA.qZUH.mWE.eG.kC.r.hS32IC1.g"/><publish:partInfo anchor="#_.z.o4.kMH.mXE.eG.kC.r.hS32IC1.g" name="getAllMlsnppLinksWithMlras" publish:ismodellink="false" publish:partLowerX="845" publish:partLowerY="1171" publish:partUpperX="146" publish:partUpperY="1155" shape="rect" xmi:id="_.oA.qZUH.mWE.eG.kC.r.hS32IC1.g"/><publish:partInfo anchor="#_0O.cIUH.mXE.eG.kC.r.hS32IC1.g" name="getAllMlsnppLinksWithTp" publish:ismodellink="false" publish:partLowerX="845" publish:partLowerY="1155" publish:partUpperX="146" publish:partUpperY="1139" shape="rect" xmi:id="_.oA.qZUH.mWE.eG.kC.r.hS32IC1.g"/><publish:partInfo name="MultiLayerSubNetworkPointPoolLinkRetrievalService" publish:ismodellink="false" publish:partLowerX="854" publish:partLowerY="1272" publish:partUpperX="139" publish:partUpperY="1077" shape="rect" xmi:id="_.oA.qZUH.mWE.eG.kC.r.hS32IC1.g"/><publish:partInfo anchor="#_.uU.eQ2H.mCE.eG.kC.r.hS32IC1.g" name="routeDescription" publish:ismodellink="false" publish:partLowerX="824" publish:partLowerY="1035" publish:partUpperX="527" publish:partUpperY="1019" shape="rect" xmi:id="_.n.qT.e4H.mCE.eG.kC.r.hS32IC1.g"/><publish:partInfo anchor="#_.uU.eQ1X.mCE.eG.kC.r.hS32IC1.g" name="routeType" publish:ismodellink="false" publish:partLowerX="824" publish:partLowerY="1019" publish:partUpperX="527" publish:partUpperY="1003" shape="rect" xmi:id="_.n.qT.e4H.mCE.eG.kC.r.hS32IC1.g"/><publish:partInfo anchor="#_.uU.eQ0X.mCE.eG.kC.r.hS32IC1.g" name="raIdList" publish:ismodellink="false" publish:partLowerX="824" publish:partLowerY="1003" publish:partUpperX="527" publish:partUpperY="987" shape="rect" xmi:id="_.n.qT.e4H.mCE.eG.kC.r.hS32IC1.g"/><publish:partInfo name="RouteAndRouteType" publish:ismodellink="false" publish:partLowerX="834" publish:partLowerY="1040" publish:partUpperX="521" publish:partUpperY="937" shape="rect" xmi:id="_.n.qT.e4H.mCE.eG.kC.r.hS32IC1.g"/><publish:partInfo anchor="#_.u.g11.sH.l-E.eG.kC.r.hS32IC1.g" name="getAllSubordinateRoutingAreaIdsWithConnection" publish:ismodellink="false" publish:partLowerX="1107" publish:partLowerY="891" publish:partUpperX="107" publish:partUpperY="875" shape="rect" xmi:id="_.tLBX.cH.l.sE.eG.kC.r.hS32IC1.g"/><publish:partInfo anchor="#_.s.zSF.sH.mUE.eG.kC.r.hS32IC1.g" name="getAllSubordinateMultiLayerRoutingAreas" publish:ismodellink="false" publish:partLowerX="1107" publish:partLowerY="875" publish:partUpperX="107" publish:partUpperY="859" shape="rect" xmi:id="_.tLBX.cH.l.sE.eG.kC.r.hS32IC1.g"/><publish:partInfo anchor="#_.tLBX.oX.l.sE.eG.kC.r.hS32IC1.g" name="getMultiLayerRoutingArea" publish:ismodellink="false" publish:partLowerX="1107" publish:partLowerY="859" publish:partUpperX="107" publish:partUpperY="843" shape="rect" xmi:id="_.tLBX.cH.l.sE.eG.kC.r.hS32IC1.g"/><publish:partInfo anchor="#_.tLBX.g3.l.sE.eG.kC.r.hS32IC1.g" name="getAllTopLevelMultiLayerRoutingAreas" publish:ismodellink="false" publish:partLowerX="1107" publish:partLowerY="843" publish:partUpperX="107" publish:partUpperY="827" shape="rect" xmi:id="_.tLBX.cH.l.sE.eG.kC.r.hS32IC1.g"/><publish:partInfo anchor="#_.j_.q.k.sH.l4E.eG.kC.r.hS32IC1.g" name="getAllMultiLayerRoutingAreas" publish:ismodellink="false" publish:partLowerX="1107" publish:partLowerY="827" publish:partUpperX="107" publish:partUpperY="811" shape="rect" xmi:id="_.tLBX.cH.l.sE.eG.kC.r.hS32IC1.g"/><publish:partInfo anchor="#_.tLBX.cX.l.sE.eG.kC.r.hS32IC1.g" name="getAllMultiLayerRoutingAreasWrtOs" publish:ismodellink="false" publish:partLowerX="1107" publish:partLowerY="811" publish:partUpperX="107" publish:partUpperY="795" shape="rect" xmi:id="_.tLBX.cH.l.sE.eG.kC.r.hS32IC1.g"/><publish:partInfo name="MultiLayerRoutingAreaRetrievalService" publish:ismodellink="false" publish:partLowerX="1116" publish:partLowerY="896" publish:partUpperX="100" publish:partUpperY="733" shape="rect" xmi:id="_.tLBX.cH.l.sE.eG.kC.r.hS32IC1.g"/><publish:partInfo anchor="#_.kHLMEV7LE.eG-.j5.n9Z.q.k2A.g" name="routeType" publish:ismodellink="false" publish:partLowerX="1284" publish:partLowerY="528" publish:partUpperX="1025" publish:partUpperY="512" shape="rect" xmi:id="_.h.b.q.oAF7LE.eG-.j5.n9Z.q.k2A.g"/><publish:partInfo anchor="#_.kHLMDV7LE.eG-.j5.n9Z.q.k2A.g" name="internalMlsnppLinkList" publish:ismodellink="false" publish:partLowerX="1284" publish:partLowerY="512" publish:partUpperX="1025" publish:partUpperY="496" shape="rect" xmi:id="_.h.b.q.oAF7LE.eG-.j5.n9Z.q.k2A.g"/><publish:partInfo anchor="#_.kHLMCV7LE.eG-.j5.n9Z.q.k2A.g" name="edgeMlsnppLinkList" publish:ismodellink="false" publish:partLowerX="1284" publish:partLowerY="496" publish:partUpperX="1025" publish:partUpperY="480" shape="rect" xmi:id="_.h.b.q.oAF7LE.eG-.j5.n9Z.q.k2A.g"/><publish:partInfo anchor="#_.kHLMBV7LE.eG-.j5.n9Z.q.k2A.g" name="connectionRouteList" publish:ismodellink="false" publish:partLowerX="1284" publish:partLowerY="480" publish:partUpperX="1025" publish:partUpperY="464" shape="rect" xmi:id="_.h.b.q.oAF7LE.eG-.j5.n9Z.q.k2A.g"/><publish:partInfo anchor="#_.kHLMAV7LE.eG-.j5.n9Z.q.k2A.g" name="connection" publish:ismodellink="false" publish:partLowerX="1284" publish:partLowerY="464" publish:partUpperX="1025" publish:partUpperY="449" shape="rect" xmi:id="_.h.b.q.oAF7LE.eG-.j5.n9Z.q.k2A.g"/><publish:partInfo name="ConnectionAndRoute" publish:ismodellink="false" publish:partLowerX="1293" publish:partLowerY="533" publish:partUpperX="1018" publish:partUpperY="399" shape="rect" xmi:id="_.h.b.q.oAF7LE.eG-.j5.n9Z.q.k2A.g"/><publish:partInfo name="BOTH" publish:ismodellink="false" publish:partLowerX="1199" publish:partLowerY="676" publish:partUpperX="940" publish:partUpperY="660" shape="rect" xmi:id="_.eTKUEF7NE.eG-.j5.n9Z.q.k2A.g"/><publish:partInfo name="HOME_INTENDED" publish:ismodellink="false" publish:partLowerX="1199" publish:partLowerY="660" publish:partUpperX="940" publish:partUpperY="644" shape="rect" xmi:id="_.cG7.tEF7NE.eG-.j5.n9Z.q.k2A.g"/><publish:partInfo name="ACTUAL_CURRENT" publish:ismodellink="false" publish:partLowerX="1199" publish:partLowerY="644" publish:partUpperX="940" publish:partUpperY="628" shape="rect" xmi:id="_.aUWVIF7NE.eG-.j5.n9Z.q.k2A.g"/><publish:partInfo name="RouteType" publish:ismodellink="false" publish:partLowerX="1208" publish:partLowerY="681" publish:partUpperX="933" publish:partUpperY="578" shape="rect" xmi:id="_V1.pVMF7NE.eG-.j5.n9Z.q.k2A.g"/><publish:partInfo anchor="#_.aN.cO.cF1.lE.eG.s.w.f.cC.xRZ.m4Q" name="subnetworkConnectionList" publish:ismodellink="false" publish:partLowerX="769" publish:partLowerY="660" publish:partUpperX="461" publish:partUpperY="644" shape="rect" xmi:id="_2QW8EF1.kE.eG.s.w.f.cC.xRZ.m4Q"/><publish:partInfo anchor="#_U.mUN4F1.lE.eG.s.w.f.cC.xRZ.m4Q" name="call" publish:ismodellink="false" publish:partLowerX="769" publish:partLowerY="644" publish:partUpperX="461" publish:partUpperY="628" shape="rect" xmi:id="_2QW8EF1.kE.eG.s.w.f.cC.xRZ.m4Q"/><publish:partInfo name="ConnectionAndSupportingSNCsList" publish:ismodellink="false" publish:partLowerX="778" publish:partLowerY="665" publish:partUpperX="454" publish:partUpperY="578" shape="rect" xmi:id="_2QW8EF1.kE.eG.s.w.f.cC.xRZ.m4Q"/><publish:partInfo anchor="#_.tTG.tNF1.kE.eG.s.w.f.cC.xRZ.m4Q" name="topLevelConnectionAndSNCsList" publish:ismodellink="false" publish:partLowerX="932" publish:partLowerY="505" publish:partUpperX="419" publish:partUpperY="489" shape="rect" xmi:id="_U.kR.b8F1.kE.eG.s.w.f.cC.xRZ.m4Q"/><publish:partInfo anchor="#_.tTG.tMF1.kE.eG.s.w.f.cC.xRZ.m4Q" name="call" publish:ismodellink="false" publish:partLowerX="932" publish:partLowerY="489" publish:partUpperX="419" publish:partUpperY="473" shape="rect" xmi:id="_U.kR.b8F1.kE.eG.s.w.f.cC.xRZ.m4Q"/><publish:partInfo name="CallAndTopLevelConnectionsAndSNCs" publish:ismodellink="false" publish:partLowerX="942" publish:partLowerY="510" publish:partUpperX="413" publish:partUpperY="424" shape="rect" xmi:id="_U.kR.b8F1.kE.eG.s.w.f.cC.xRZ.m4Q"/><publish:partInfo anchor="#_.n.e_O.wF0-E.eG.s.w.f.cC.xRZ.m4Q" name="topLevelConnectionList" publish:ismodellink="false" publish:partLowerX="330" publish:partLowerY="660" publish:partUpperX="37" publish:partUpperY="644" shape="rect" xmi:id="_I.m0S.oF08E.eG.s.w.f.cC.xRZ.m4Q"/><publish:partInfo anchor="#_.nF.qI.wF0-E.eG.s.w.f.cC.xRZ.m4Q" name="call" publish:ismodellink="false" publish:partLowerX="330" publish:partLowerY="644" publish:partUpperX="37" publish:partUpperY="628" shape="rect" xmi:id="_I.m0S.oF08E.eG.s.w.f.cC.xRZ.m4Q"/><publish:partInfo name="CallAndTopLevelConnections" publish:ismodellink="false" publish:partLowerX="339" publish:partLowerY="665" publish:partUpperX="30" publish:partUpperY="578" shape="rect" xmi:id="_I.m0S.oF08E.eG.s.w.f.cC.xRZ.m4Q"/><publish:partInfo anchor="#_.vD_.uQ0D_E.eGCA.o9-ZY7.z8A" name="getAllConnectionsWithMlsnppLinks??" publish:ismodellink="false" publish:partLowerX="1277" publish:partLowerY="343" publish:partUpperX="16" publish:partUpperY="327" shape="rect" xmi:id="_5N.o.e.cEE.pE.eGVA.v7.b.u.eWJU.g"/><publish:partInfo anchor="#_18.eCDUD_E.eGCA.o9-ZY7.z8A" name="getRouteAndMlsnppLinks" publish:ismodellink="false" publish:partLowerX="1277" publish:partLowerY="327" publish:partUpperX="16" publish:partUpperY="311" shape="rect" xmi:id="_5N.o.e.cEE.pE.eGVA.v7.b.u.eWJU.g"/><publish:partInfo anchor="#_IP1V4F7EE.eG-.j5.n9Z.q.k2A.g" name="getConnectionsAndRouteDetails??" publish:ismodellink="false" publish:partLowerX="1277" publish:partLowerY="311" publish:partUpperX="16" publish:partUpperY="295" shape="rect" xmi:id="_5N.o.e.cEE.pE.eGVA.v7.b.u.eWJU.g"/><publish:partInfo anchor="#_18.eCJUD_E.eGCA.o9-ZY7.z8A" name="getRoute" publish:ismodellink="false" publish:partLowerX="1277" publish:partLowerY="295" publish:partUpperX="16" publish:partUpperY="279" shape="rect" xmi:id="_5N.o.e.cEE.pE.eGVA.v7.b.u.eWJU.g"/><publish:partInfo anchor="#_18.eC.lED_E.eGCA.o9-ZY7.z8A" name="getIntendedRoute" publish:ismodellink="false" publish:partLowerX="1277" publish:partLowerY="279" publish:partUpperX="16" publish:partUpperY="263" shape="rect" xmi:id="_5N.o.e.cEE.pE.eGVA.v7.b.u.eWJU.g"/><publish:partInfo anchor="#_18.eCM.kD_E.eGCA.o9-ZY7.z8A" name="getBackupRoutes" publish:ismodellink="false" publish:partLowerX="1277" publish:partLowerY="263" publish:partUpperX="16" publish:partUpperY="247" shape="rect" xmi:id="_5N.o.e.cEE.pE.eGVA.v7.b.u.eWJU.g"/><publish:partInfo anchor="#_.vD_.uN.kD_E.eGCA.o9-ZY7.z8A" name="getConnection" publish:ismodellink="false" publish:partLowerX="1277" publish:partLowerY="247" publish:partUpperX="16" publish:partUpperY="231" shape="rect" xmi:id="_5N.o.e.cEE.pE.eGVA.v7.b.u.eWJU.g"/><publish:partInfo anchor="#_3.rL.cF.kD-E.eGCA.o9-ZY7.z8A" name="getCall" publish:ismodellink="false" publish:partLowerX="1277" publish:partLowerY="231" publish:partUpperX="16" publish:partUpperY="215" shape="rect" xmi:id="_5N.o.e.cEE.pE.eGVA.v7.b.u.eWJU.g"/><publish:partInfo anchor="#_3.rL.c.bED-E.eGCA.o9-ZY7.z8A" name="getCallAndTopLevelConnections" publish:ismodellink="false" publish:partLowerX="1277" publish:partLowerY="215" publish:partUpperX="16" publish:partUpperY="199" shape="rect" xmi:id="_5N.o.e.cEE.pE.eGVA.v7.b.u.eWJU.g"/><publish:partInfo anchor="#_3.rL.c10D-E.eGCA.o9-ZY7.z8A" name="getCallAndTopLevelConnectionsAndSNCs" publish:ismodellink="false" publish:partLowerX="1277" publish:partLowerY="199" publish:partUpperX="16" publish:partUpperY="183" shape="rect" xmi:id="_5N.o.e.cEE.pE.eGVA.v7.b.u.eWJU.g"/><publish:partInfo anchor="#_3.rL.c.jED-E.eGCA.o9-ZY7.z8A" name="getAllCallIdsWithSNPPOrTNAName" publish:ismodellink="false" publish:partLowerX="1277" publish:partLowerY="183" publish:partUpperX="16" publish:partUpperY="167" shape="rect" xmi:id="_5N.o.e.cEE.pE.eGVA.v7.b.u.eWJU.g"/><publish:partInfo anchor="#_3.rL.c.mUD-E.eGCA.o9-ZY7.z8A" name="getAllCallIdsWithTP" publish:ismodellink="false" publish:partLowerX="1277" publish:partLowerY="167" publish:partUpperX="16" publish:partUpperY="151" shape="rect" xmi:id="_5N.o.e.cEE.pE.eGVA.v7.b.u.eWJU.g"/><publish:partInfo anchor="#_3.rL.c.y.kD-E.eGCA.o9-ZY7.z8A" name="getAllCallsAndTopLevelConnectionsAndSNCsWithTP" publish:ismodellink="false" publish:partLowerX="1277" publish:partLowerY="151" publish:partUpperX="16" publish:partUpperY="135" shape="rect" xmi:id="_5N.o.e.cEE.pE.eGVA.v7.b.u.eWJU.g"/><publish:partInfo anchor="#_3.rL.c.vUD-E.eGCA.o9-ZY7.z8A" name="getAllCallsAndTopLevelConnectionsAndSNCsWithME" publish:ismodellink="false" publish:partLowerX="1277" publish:partLowerY="135" publish:partUpperX="16" publish:partUpperY="119" shape="rect" xmi:id="_5N.o.e.cEE.pE.eGVA.v7.b.u.eWJU.g"/><publish:partInfo anchor="#_3.rL.c.p.kD-E.eGCA.o9-ZY7.z8A" name="getAllCallsAndTopLevelConnectionsWithME" publish:ismodellink="false" publish:partLowerX="1277" publish:partLowerY="119" publish:partUpperX="16" publish:partUpperY="103" shape="rect" xmi:id="_5N.o.e.cEE.pE.eGVA.v7.b.u.eWJU.g"/><publish:partInfo anchor="#_3.rL.c.s0D-E.eGCA.o9-ZY7.z8A" name="getAllCallsAndTopLevelConnectionsAndSNCs" publish:ismodellink="false" publish:partLowerX="1277" publish:partLowerY="103" publish:partUpperX="16" publish:partUpperY="87" shape="rect" xmi:id="_5N.o.e.cEE.pE.eGVA.v7.b.u.eWJU.g"/><publish:partInfo anchor="#_3.rL.cY.kD-E.eGCA.o9-ZY7.z8A" name="getAllCallsAndTopLevelConnections" publish:ismodellink="false" publish:partLowerX="1277" publish:partLowerY="87" publish:partUpperX="16" publish:partUpperY="71" shape="rect" xmi:id="_5N.o.e.cEE.pE.eGVA.v7.b.u.eWJU.g"/><publish:partInfo name="CallConnectionRetrievalService" publish:ismodellink="false" publish:partLowerX="1286" publish:partLowerY="348" publish:partUpperX="9" publish:partUpperY="9" shape="rect" xmi:id="_5N.o.e.cEE.pE.eGVA.v7.b.u.eWJU.g"/></contents></packagedElement>