<?xml version="1.0" encoding="UTF-8"?><uml:Model xmlns:uml="http://www.eclipse.org/uml2/1.0.0/UML" name="ManageResourceInventory" xmlns:publish="http://www.ibm.com/Rational/XTools/Publish" publish:diagramFormat="PNG" publish:icon="1292180043_icon.png" publish:modelname="ManageResourceInventory" publish:profiles="Standard, Default, Deployment, null, mTOP UML Profile, Business Modeling" publish:qualifiedname="ManageResourceInventory" publish:sortOrder="storage" publish:toplevelguid="_Y.cG.c4A6.qE.d.y.d7PUN.b-IYCQ" xmlns:xmi="http://www.omg.org/XMI" xmi:id="_Y.cG.c4A6.qE.d.y.d7PUN.b-IYCQ" xmi:version="2.0" xmlns:com.ibm.xtools.notation="http:///com/ibm/xtools/notation.ecore" xmlns:xsi="http://www.w3.org/2001/XMLSchema-instance" xsi:type="uml:Model"><publish:properties><publish:property canonicalName="Alias" name="Alias" publish:category="UML"/><publish:property canonicalName="Keywords" name="Keywords" publish:category="UML"/><publish:property canonicalName="name" name="Name" publish:category="UML" publish:value="ManageResourceInventory"/><publish:property canonicalName="nameExpression" name="Name Expression" publish:category="UML"/><publish:property canonicalName="namespace" name="Namespace" publish:category="UML"/><publish:property canonicalName="nestingPackage" name="Nesting Package" publish:category="UML"/><publish:property canonicalName="ownedTemplateSignature" name="Owned Template Signature" publish:category="UML"/><publish:property canonicalName="owner" name="Owner" publish:category="UML"/><publish:property canonicalName="owningTemplateParameter" name="Owning Template Parameter" publish:category="UML"/><publish:property canonicalName="qualifiedName" name="Qualified Name" publish:category="UML" publish:value="ManageResourceInventory"/><publish:property canonicalName="Stereotype" name="Stereotype" publish:category="UML"/><publish:property canonicalName="templateParameter" name="Template Parameter" publish:category="UML"/><publish:property canonicalName="viewpoint" name="Viewpoint" publish:category="UML"/><publish:property canonicalName="visibility" name="Visibility" publish:category="UML" publish:value="Public"/></publish:properties><appliedProfiles><profile name="Standard" visibility="public"/><profile name="Default" visibility="public"/><profile name="Deployment" visibility="public"/><profile visibility="public"/><profile name="mTOP UML Profile" visibility="public"/><profile name="Business Modeling" visibility="public"/></appliedProfiles><ownedComment annotatedElement="_Y.cG.c4A6.qE.d.y.d7PUN.b-IYCQ" body="Changes done between Release 2.1 and 3.0&#13;&#10;&#13;&#10;New specifications:&#13;&#10;- Interfaces::CallConnectionRetrievalService added&#13;&#10;- Interfaces::CallConnectionRetrievalService::getAllCallIdsWithSNPPOrTNAName added&#13;&#10;- Interfaces::CallConnectionRetrievalService::getAllCallIdsWithTP added&#13;&#10;- Interfaces::CallConnectionRetrievalService::getAllCallsAndTopLevelConnections added&#13;&#10;- Interfaces::CallConnectionRetrievalService::getAllCallsAndTopLevelConnectionsAndSNCs added&#13;&#10;- Interfaces::CallConnectionRetrievalService::getAllCallsAndTopLevelConnectionsAndSNCsWithME added&#13;&#10;- Interfaces::CallConnectionRetrievalService::getAllCallsAndTopLevelConnectionsAndSNCsWithTP added&#13;&#10;- Interfaces::CallConnectionRetrievalService::getAllCallsAndTopLevelConnectionsWithME added&#13;&#10;? Interfaces::CallConnectionRetrievalService::getAllConnectionsWithMLSNPPLinks?? added&#13;&#10;? Interfaces::CallConnectionRetrievalService::getBackupRoutes?? added&#13;&#10;- Interfaces::CallConnectionRetrievalService::getCall added&#13;&#10;- Interfaces::CallConnectionRetrievalService::getCallAndTopLevelConnections added&#13;&#10;- Interfaces::CallConnectionRetrievalService::getCallAndTopLevelConnectionsAndSNCs added&#13;&#10;? Interfaces::CallConnectionRetrievalService::getConnection?? added&#13;&#10;- Interfaces::CallConnectionRetrievalService::getConnectionsAndRouteDetails added&#13;&#10;? Interfaces::CallConnectionRetrievalService::getIntendedRoute?? added&#13;&#10;? Interfaces::CallConnectionRetrievalService::getRoute?? added&#13;&#10;? Interfaces::CallConnectionRetrievalService::getRouteAndMLSNPPLinks?? added&#13;&#10;? Interfaces::ControlPlaneRetrievalService added&#13;&#10;- Interfaces::MultiLayerRoutingAreaRetrievalService added&#13;&#10;- Interfaces::MultiLayerRoutingAreaRetrievalService::getAllMultiLayerRoutingAreas added&#13;&#10;- Interfaces::MultiLayerRoutingAreaRetrievalService::getAllMultiLayerRoutingAreasWrtOs added&#13;&#10;- Interfaces::MultiLayerRoutingAreaRetrievalService::getAllSubordinateMultiLayerRoutingAreas added&#13;&#10;- Interfaces::MultiLayerRoutingAreaRetrievalService::getAllSubordinateRoutingAreaIdsWithConnection added&#13;&#10;- Interfaces::MultiLayerRoutingAreaRetrievalService::getAllTopLevelMultiLayerRoutingAreas added&#13;&#10;- Interfaces::MultiLayerRoutingAreaRetrievalService::getMultiLayerRoutingArea added&#13;&#10;- Interfaces::MultiLayerSubNetworkPointPoolLinkRetrievalService added&#13;&#10;- Interfaces::MultiLayerSubNetworkPointPoolLinkRetrievalService::getAllEdgeMultiLayerSubNetworkPointPoolLinks added&#13;&#10;- Interfaces::MultiLayerSubNetworkPointPoolLinkRetrievalService::getAllInternalMultiLayerSubNetworkPointPoolLinks added&#13;&#10;- Interfaces::MultiLayerSubNetworkPointPoolLinkRetrievalService::getAllMultiLayerSubNetworkPointPoolLinks added&#13;&#10;- Interfaces::MultiLayerSubNetworkPointPoolLinkRetrievalService::getAllMultiLayerSubNetworkPointPoolLinksWithMlras added&#13;&#10;- Interfaces::MultiLayerSubNetworkPointPoolLinkRetrievalService::getAllMultiLayerSubNetworkPointPoolLinksWithTna added&#13;&#10;- Interfaces::MultiLayerSubNetworkPointPoolLinkRetrievalService::getAllMultiLayerSubNetworkPointPoolLinksWithTp added&#13;&#10;- Interfaces::MultiLayerSubNetworkPointPoolLinkRetrievalService::getAvailableCapacity added&#13;&#10;- Interfaces::MultiLayerSubNetworkPointPoolLinkRetrievalService::getMultiLayerSubNetworkPointPoolLink added&#13;&#10;- Interfaces::MultiLayerSubNetworkPointPoolRetrievalService added&#13;&#10;- Interfaces::MultiLayerSubNetworkPointPoolRetrievalService::getMultiLayerSubNetworkPointPool added&#13;&#10;- Interfaces::MultiLayerSubNetworkPointPoolRetrievalService::getAllMultiLayerSubNetworkPointPools added&#13;&#10;- Interfaces::MultiLayerSubNetworkPointPoolRetrievalService::getAllMultiLayerSubNetworkPointPoolsWithTna added&#13;&#10;- Interfaces::MultiLayerSubNetworkPointPoolRetrievalService::getAllMultiLayerSubNetworkPointPoolsWithTp added&#13;&#10;- Interfaces::ResourceInventoryRetrievalService::getRemoteUnitProfiles added&#13;&#10;&#13;&#10;- Type Definitions::CallAndTopLevelConnections added&#13;&#10;- Type Definitions::CallAndTopLevelConnectionsAndSNCs added&#13;&#10;- Type Definitions::ConnectionAndSupportingSNCsList added&#13;&#10;- Type Definitions::RouteType added&#13;&#10;- Type Definitions::ConnectionAndRoute added&#13;&#10;- Type Definitions::LayeredCapacity added&#13;&#10;- Type Definitions::RemoteUnitProfile added&#13;&#10;&#13;&#10;Modified specifications:&#13;&#10;- Interfaces::ConnectionRetrievalService::getAllSubnetworkConnections: Documentation enhanced&#13;&#10;- Interfaces::ConnectionRetrievalService::getAllSubnetworkConnectionsWithTp: Documentation enhanced&#13;&#10;- Interfaces::ConnectionRetrievalService::getRoute: Documentation enhanced&#13;&#10;- Interfaces::ConnectionRetrievalService::getSubnetworkConnection: Documentation enhanced&#13;&#10;- Interfaces::ConnectionRetrievalService::getSubnetworkConnectionsByUserLabel: Documentation enhanced&#13;&#10;- Interfaces::ConnectionRetrievalService::getSubnetworkConnectionsByUserLabel: NeCommLoss exception replaced by CommLoss&#13;&#10;- Interfaces::TransmissionDescriptorRetrievalService::getTransmissionParameters: Documentation enhanced to cover additional parameter groupings (artf1670).&#13;&#10;- Interfaces::TransmissionDescriptorRetrievalService::getTransmissionParameters::transmissionParameterGroupFilterList: Documentation enhanced to cover additional parameter groupings (artf1670)." isDocumentation="true" isURL="false" name="&lt;Unnamed Comment&gt;" publish:icon="1023744610_icon.png" publish:qualifiedname="ManageResourceInventory::&lt;Comment&gt;" xmi:id="_A.t.oR.cARSE.eC-.l6U8.aO.qMI.w" xsi:type="uml:Comment"><publish:properties><publish:property canonicalName="body" name="Body" publish:category="UML" publish:value="Changes done between Release 2.1 and 3.0..."/><publish:property canonicalName="Keywords" name="Keywords" publish:category="UML"/><publish:property canonicalName="owner" name="Owner" publish:category="UML" publish:ismodellink="true" publish:value="ManageResourceInventory" xmi:id="_Y.cG.c4A6.qE.d.y.d7PUN.b-IYCQ"/><publish:property canonicalName="Stereotype" name="Stereotype" publish:category="UML" publish:value="documentation"/></publish:properties></ownedComment><packageImport name="&lt;Unnamed PackageImport&gt;" publish:icon="1275402941_icon.png" publish:qualifiedname="ManageResourceInventory::&lt;PackageImport&gt;" xmi:id="_Y.cG.c5A6.qE.d.y.d7PUN.b-IYCQ" xsi:type="uml:PackageImport"><publish:properties><publish:property canonicalName="importedPackage" name="Imported Package" publish:category="UML" publish:value="«modelLibrary» UMLPrimitiveTypes"/><publish:property canonicalName="importingNamespace" name="Importing Namespace" publish:category="UML" publish:ismodellink="true" publish:value="ManageResourceInventory" xmi:id="_Y.cG.c4A6.qE.d.y.d7PUN.b-IYCQ"/><publish:property canonicalName="Keywords" name="Keywords" publish:category="UML"/><publish:property canonicalName="owner" name="Owner" publish:category="UML" publish:ismodellink="true" publish:value="ManageResourceInventory" xmi:id="_Y.cG.c4A6.qE.d.y.d7PUN.b-IYCQ"/><publish:property canonicalName="Stereotype" name="Stereotype" publish:category="UML"/><publish:property canonicalName="visibility" name="Visibility" publish:category="UML" publish:value="Public"/></publish:properties></packageImport><packageImport name="&lt;Unnamed PackageImport&gt;" publish:icon="1275402941_icon.png" publish:qualifiedname="ManageResourceInventory::&lt;PackageImport&gt;" xmi:id="_L.x.q.bYBA7E.d.yZ.iYIRB9PL.dQ" xsi:type="uml:PackageImport"><publish:properties><publish:property canonicalName="importedPackage" name="Imported Package" publish:category="UML"/><publish:property canonicalName="importingNamespace" name="Importing Namespace" publish:category="UML" publish:ismodellink="true" publish:value="ManageResourceInventory" xmi:id="_Y.cG.c4A6.qE.d.y.d7PUN.b-IYCQ"/><publish:property canonicalName="Keywords" name="Keywords" publish:category="UML"/><publish:property canonicalName="owner" name="Owner" publish:category="UML" publish:ismodellink="true" publish:value="ManageResourceInventory" xmi:id="_Y.cG.c4A6.qE.d.y.d7PUN.b-IYCQ"/><publish:property canonicalName="Stereotype" name="Stereotype" publish:category="UML"/><publish:property canonicalName="visibility" name="Visibility" publish:category="UML" publish:value="Public"/></publish:properties></packageImport><packagedElement name="&lt;Unnamed Association&gt;" publish:icon="-1895490947_icon.png" publish:qualifiedname="ManageResourceInventory::&lt;Association&gt;" xmi:id="_Q6P.rIBB.aE.d20R6.sC.aT.b.lK.g" xsi:type="uml:Association"><publish:properties><publish:property canonicalName="Alias" name="Alias" publish:category="UML"/><publish:property canonicalName="isAbstract" name="Is Abstract" publish:category="UML" publish:value="false"/><publish:property canonicalName="isDerived" name="Is Derived" publish:category="UML" publish:value="false"/><publish:property canonicalName="isLeaf" name="Is Leaf" publish:category="UML" publish:value="false"/><publish:property canonicalName="Keywords" name="Keywords" publish:category="UML"/><publish:property canonicalName="Kind" name="Kind" publish:category="UML" publish:value="2 - composition"/><publish:property canonicalName="name" name="Name" publish:category="UML"/><publish:property canonicalName="nameExpression" name="Name Expression" publish:category="UML"/><publish:property canonicalName="namespace" name="Namespace" publish:category="UML" publish:ismodellink="true" publish:value="ManageResourceInventory" xmi:id="_Y.cG.c4A6.qE.d.y.d7PUN.b-IYCQ"/><publish:property canonicalName="ownedTemplateSignature" name="Owned Template Signature" publish:category="UML"/><publish:property canonicalName="owner" name="Owner" publish:category="UML" publish:ismodellink="true" publish:value="ManageResourceInventory" xmi:id="_Y.cG.c4A6.qE.d.y.d7PUN.b-IYCQ"/><publish:property canonicalName="owningTemplateParameter" name="Owning Template Parameter" publish:category="UML"/><publish:property canonicalName="package" name="Package" publish:category="UML" publish:ismodellink="true" publish:value="ManageResourceInventory" xmi:id="_Y.cG.c4A6.qE.d.y.d7PUN.b-IYCQ"/><publish:property canonicalName="qualifiedName" name="Qualified Name" publish:category="UML"/><publish:property canonicalName="representation" name="Representation" publish:category="UML"/><publish:property canonicalName="Stereotype" name="Stereotype" publish:category="UML"/><publish:property canonicalName="templateParameter" name="Template Parameter" publish:category="UML"/><publish:property canonicalName="visibility" name="Visibility" publish:category="UML" publish:value="Public"/></publish:properties><ownedEnd name="&lt;Unnamed Property&gt;" publish:icon="-200991874_icon.png" publish:is_association="true" publish:qualifiedname="ManageResourceInventory::&lt;Association&gt;::&lt;Property&gt;" publish:type="EquipmentOrEquipmentHolderType" publish:typeid="_569.zUBBWE.d20R6.sC.aT.b.lK.g" xmi:id="_Q6Z.cI.hB.aE.d20R6.sC.aT.b.lK.g" xsi:type="uml:Property"><publish:properties><publish:property canonicalName="aggregation" name="Aggregation" publish:category="UML" publish:value="None"/><publish:property canonicalName="Alias" name="Alias" publish:category="UML"/><publish:property canonicalName="association" name="Association" publish:category="UML" publish:ismodellink="false" publish:value="(equipment:Equipment)" xmi:id="_Q6P.rIBB.aE.d20R6.sC.aT.b.lK.g"/><publish:property canonicalName="associationEnd" name="Association End" publish:category="UML"/><publish:property canonicalName="class" name="Class" publish:category="UML"/><publish:property canonicalName="datatype" name="Datatype" publish:category="UML"/><publish:property canonicalName="default" name="Default" publish:category="UML"/><publish:property canonicalName="defaultValue" name="Default Value" publish:category="UML"/><publish:property canonicalName="isComposite" name="Is Composite" publish:category="UML" publish:value="false"/><publish:property canonicalName="isDerived" name="Is Derived" publish:category="UML" publish:value="false"/><publish:property canonicalName="isDerivedUnion" name="Is Derived Union" publish:category="UML" publish:value="false"/><publish:property canonicalName="isLeaf" name="Is Leaf" publish:category="UML" publish:value="false"/><publish:property canonicalName="isOrdered" name="Is Ordered" publish:category="UML" publish:value="false"/><publish:property canonicalName="isReadOnly" name="Is Read Only" publish:category="UML" publish:value="false"/><publish:property canonicalName="isStatic" name="Is Static" publish:category="UML" publish:value="false"/><publish:property canonicalName="isUnique" name="Is Unique" publish:category="UML" publish:value="true"/><publish:property canonicalName="isInvariant" name="isInvariant" publish:category="mTOPAttribute" publish:value="False"/><publish:property canonicalName="Keywords" name="Keywords" publish:category="UML"/><publish:property canonicalName="lower" name="Lower" publish:category="UML" publish:value="1"/><publish:property canonicalName="lowerValue" name="Lower Value" publish:category="UML"/><publish:property canonicalName="Multiplicity" name="Multiplicity" publish:category="UML" publish:value="1"/><publish:property canonicalName="name" name="Name" publish:category="UML"/><publish:property canonicalName="nameExpression" name="Name Expression" publish:category="UML"/><publish:property canonicalName="namespace" name="Namespace" publish:category="UML" publish:ismodellink="false" publish:value="(equipment:Equipment)" xmi:id="_Q6P.rIBB.aE.d20R6.sC.aT.b.lK.g"/><publish:property canonicalName="notificationType" name="notificationType" publish:category="mTOPAttribute" publish:value="0 - NOT_APPLICABLE"/><publish:property canonicalName="opposite" name="Opposite" publish:category="UML"/><publish:property canonicalName="owner" name="Owner" publish:category="UML" publish:ismodellink="false" publish:value="(equipment:Equipment)" xmi:id="_Q6P.rIBB.aE.d20R6.sC.aT.b.lK.g"/><publish:property canonicalName="owningAssociation" name="Owning Association" publish:category="UML" publish:ismodellink="false" publish:value="(equipment:Equipment)" xmi:id="_Q6P.rIBB.aE.d20R6.sC.aT.b.lK.g"/><publish:property canonicalName="owningTemplateParameter" name="Owning Template Parameter" publish:category="UML"/><publish:property canonicalName="qualifiedName" name="Qualified Name" publish:category="UML"/><publish:property canonicalName="Stereotype" name="Stereotype" publish:category="UML" publish:value="mTOPAttribute"/><publish:property canonicalName="templateParameter" name="Template Parameter" publish:category="UML"/><publish:property canonicalName="type" name="Type" publish:category="UML" publish:ismodellink="false" publish:value="«choice» EquipmentOrEquipmentHolderType" xmi:id="_569.zUBBWE.d20R6.sC.aT.b.lK.g"/><publish:property canonicalName="upper" name="Upper" publish:category="UML" publish:value="1"/><publish:property canonicalName="upperValue" name="Upper Value" publish:category="UML"/><publish:property canonicalName="visibility" name="Visibility" publish:category="UML" publish:value="Private"/><publish:property canonicalName="writeable" name="writeable" publish:category="mTOPAttribute" publish:value="1 - REQUESTING_OS_ONLY"/></publish:properties></ownedEnd></packagedElement><packagedElement name="&lt;Unnamed Association&gt;" publish:icon="-1895490947_icon.png" publish:qualifiedname="ManageResourceInventory::&lt;Association&gt;" xmi:id="_W-H5IBB.aE.d20R6.sC.aT.b.lK.g" xsi:type="uml:Association"><publish:properties><publish:property canonicalName="Alias" name="Alias" publish:category="UML"/><publish:property canonicalName="isAbstract" name="Is Abstract" publish:category="UML" publish:value="false"/><publish:property canonicalName="isDerived" name="Is Derived" publish:category="UML" publish:value="false"/><publish:property canonicalName="isLeaf" name="Is Leaf" publish:category="UML" publish:value="false"/><publish:property canonicalName="Keywords" name="Keywords" publish:category="UML"/><publish:property canonicalName="Kind" name="Kind" publish:category="UML" publish:value="2 - composition"/><publish:property canonicalName="name" name="Name" publish:category="UML"/><publish:property canonicalName="nameExpression" name="Name Expression" publish:category="UML"/><publish:property canonicalName="namespace" name="Namespace" publish:category="UML" publish:ismodellink="true" publish:value="ManageResourceInventory" xmi:id="_Y.cG.c4A6.qE.d.y.d7PUN.b-IYCQ"/><publish:property canonicalName="ownedTemplateSignature" name="Owned Template Signature" publish:category="UML"/><publish:property canonicalName="owner" name="Owner" publish:category="UML" publish:ismodellink="true" publish:value="ManageResourceInventory" xmi:id="_Y.cG.c4A6.qE.d.y.d7PUN.b-IYCQ"/><publish:property canonicalName="owningTemplateParameter" name="Owning Template Parameter" publish:category="UML"/><publish:property canonicalName="package" name="Package" publish:category="UML" publish:ismodellink="true" publish:value="ManageResourceInventory" xmi:id="_Y.cG.c4A6.qE.d.y.d7PUN.b-IYCQ"/><publish:property canonicalName="qualifiedName" name="Qualified Name" publish:category="UML"/><publish:property canonicalName="representation" name="Representation" publish:category="UML"/><publish:property canonicalName="Stereotype" name="Stereotype" publish:category="UML"/><publish:property canonicalName="templateParameter" name="Template Parameter" publish:category="UML"/><publish:property canonicalName="visibility" name="Visibility" publish:category="UML" publish:value="Public"/></publish:properties><ownedEnd name="&lt;Unnamed Property&gt;" publish:icon="-200991874_icon.png" publish:is_association="true" publish:qualifiedname="ManageResourceInventory::&lt;Association&gt;::&lt;Property&gt;" publish:type="EquipmentOrEquipmentHolderType" publish:typeid="_569.zUBBWE.d20R6.sC.aT.b.lK.g" xmi:id="_W-H5JRB.aE.d20R6.sC.aT.b.lK.g" xsi:type="uml:Property"><publish:properties><publish:property canonicalName="aggregation" name="Aggregation" publish:category="UML" publish:value="None"/><publish:property canonicalName="Alias" name="Alias" publish:category="UML"/><publish:property canonicalName="association" name="Association" publish:category="UML" publish:ismodellink="false" publish:value="(eh:EquipmentHolder)" xmi:id="_W-H5IBB.aE.d20R6.sC.aT.b.lK.g"/><publish:property canonicalName="associationEnd" name="Association End" publish:category="UML"/><publish:property canonicalName="class" name="Class" publish:category="UML"/><publish:property canonicalName="datatype" name="Datatype" publish:category="UML"/><publish:property canonicalName="default" name="Default" publish:category="UML"/><publish:property canonicalName="defaultValue" name="Default Value" publish:category="UML"/><publish:property canonicalName="isComposite" name="Is Composite" publish:category="UML" publish:value="false"/><publish:property canonicalName="isDerived" name="Is Derived" publish:category="UML" publish:value="false"/><publish:property canonicalName="isDerivedUnion" name="Is Derived Union" publish:category="UML" publish:value="false"/><publish:property canonicalName="isLeaf" name="Is Leaf" publish:category="UML" publish:value="false"/><publish:property canonicalName="isOrdered" name="Is Ordered" publish:category="UML" publish:value="false"/><publish:property canonicalName="isReadOnly" name="Is Read Only" publish:category="UML" publish:value="false"/><publish:property canonicalName="isStatic" name="Is Static" publish:category="UML" publish:value="false"/><publish:property canonicalName="isUnique" name="Is Unique" publish:category="UML" publish:value="true"/><publish:property canonicalName="isInvariant" name="isInvariant" publish:category="mTOPAttribute" publish:value="False"/><publish:property canonicalName="Keywords" name="Keywords" publish:category="UML"/><publish:property canonicalName="lower" name="Lower" publish:category="UML" publish:value="1"/><publish:property canonicalName="lowerValue" name="Lower Value" publish:category="UML"/><publish:property canonicalName="Multiplicity" name="Multiplicity" publish:category="UML" publish:value="1"/><publish:property canonicalName="name" name="Name" publish:category="UML"/><publish:property canonicalName="nameExpression" name="Name Expression" publish:category="UML"/><publish:property canonicalName="namespace" name="Namespace" publish:category="UML" publish:ismodellink="false" publish:value="(eh:EquipmentHolder)" xmi:id="_W-H5IBB.aE.d20R6.sC.aT.b.lK.g"/><publish:property canonicalName="notificationType" name="notificationType" publish:category="mTOPAttribute" publish:value="0 - NOT_APPLICABLE"/><publish:property canonicalName="opposite" name="Opposite" publish:category="UML"/><publish:property canonicalName="owner" name="Owner" publish:category="UML" publish:ismodellink="false" publish:value="(eh:EquipmentHolder)" xmi:id="_W-H5IBB.aE.d20R6.sC.aT.b.lK.g"/><publish:property canonicalName="owningAssociation" name="Owning Association" publish:category="UML" publish:ismodellink="false" publish:value="(eh:EquipmentHolder)" xmi:id="_W-H5IBB.aE.d20R6.sC.aT.b.lK.g"/><publish:property canonicalName="owningTemplateParameter" name="Owning Template Parameter" publish:category="UML"/><publish:property canonicalName="qualifiedName" name="Qualified Name" publish:category="UML"/><publish:property canonicalName="Stereotype" name="Stereotype" publish:category="UML" publish:value="mTOPAttribute"/><publish:property canonicalName="templateParameter" name="Template Parameter" publish:category="UML"/><publish:property canonicalName="type" name="Type" publish:category="UML" publish:ismodellink="false" publish:value="«choice» EquipmentOrEquipmentHolderType" xmi:id="_569.zUBBWE.d20R6.sC.aT.b.lK.g"/><publish:property canonicalName="upper" name="Upper" publish:category="UML" publish:value="1"/><publish:property canonicalName="upperValue" name="Upper Value" publish:category="UML"/><publish:property canonicalName="visibility" name="Visibility" publish:category="UML" publish:value="Private"/><publish:property canonicalName="writeable" name="writeable" publish:category="mTOPAttribute" publish:value="1 - REQUESTING_OS_ONLY"/></publish:properties></ownedEnd></packagedElement><packagedElement name="&lt;Unnamed Association&gt;" publish:icon="-1895490947_icon.png" publish:qualifiedname="ManageResourceInventory::&lt;Association&gt;" xmi:id="_.t.n.v.zMBUBE.d2.iK4.k.bH.b.yS2.g" xsi:type="uml:Association"><publish:properties><publish:property canonicalName="Alias" name="Alias" publish:category="UML"/><publish:property canonicalName="isAbstract" name="Is Abstract" publish:category="UML" publish:value="false"/><publish:property canonicalName="isDerived" name="Is Derived" publish:category="UML" publish:value="false"/><publish:property canonicalName="isLeaf" name="Is Leaf" publish:category="UML" publish:value="false"/><publish:property canonicalName="Keywords" name="Keywords" publish:category="UML"/><publish:property canonicalName="Kind" name="Kind" publish:category="UML" publish:value="2 - composition"/><publish:property canonicalName="name" name="Name" publish:category="UML"/><publish:property canonicalName="nameExpression" name="Name Expression" publish:category="UML"/><publish:property canonicalName="namespace" name="Namespace" publish:category="UML" publish:ismodellink="true" publish:value="ManageResourceInventory" xmi:id="_Y.cG.c4A6.qE.d.y.d7PUN.b-IYCQ"/><publish:property canonicalName="ownedTemplateSignature" name="Owned Template Signature" publish:category="UML"/><publish:property canonicalName="owner" name="Owner" publish:category="UML" publish:ismodellink="true" publish:value="ManageResourceInventory" xmi:id="_Y.cG.c4A6.qE.d.y.d7PUN.b-IYCQ"/><publish:property canonicalName="owningTemplateParameter" name="Owning Template Parameter" publish:category="UML"/><publish:property canonicalName="package" name="Package" publish:category="UML" publish:ismodellink="true" publish:value="ManageResourceInventory" xmi:id="_Y.cG.c4A6.qE.d.y.d7PUN.b-IYCQ"/><publish:property canonicalName="qualifiedName" name="Qualified Name" publish:category="UML"/><publish:property canonicalName="representation" name="Representation" publish:category="UML"/><publish:property canonicalName="Stereotype" name="Stereotype" publish:category="UML"/><publish:property canonicalName="templateParameter" name="Template Parameter" publish:category="UML"/><publish:property canonicalName="visibility" name="Visibility" publish:category="UML" publish:value="Public"/></publish:properties><ownedEnd name="&lt;Unnamed Property&gt;" publish:icon="-200991874_icon.png" publish:is_association="true" publish:qualifiedname="ManageResourceInventory::&lt;Association&gt;::&lt;Property&gt;" publish:type="PhysicalTerminationPointOrFloatingTerminationPoint" publish:typeid="_E.g.zEABUBE.d2.iK4.k.bH.b.yS2.g" xmi:id="_.t.n5.kNBUBE.d2.iK4.k.bH.b.yS2.g" xsi:type="uml:Property"><publish:properties><publish:property canonicalName="aggregation" name="Aggregation" publish:category="UML" publish:value="None"/><publish:property canonicalName="Alias" name="Alias" publish:category="UML"/><publish:property canonicalName="association" name="Association" publish:category="UML" publish:ismodellink="false" publish:value="(ptp:PhysicalTerminationPoint)" xmi:id="_.t.n.v.zMBUBE.d2.iK4.k.bH.b.yS2.g"/><publish:property canonicalName="associationEnd" name="Association End" publish:category="UML"/><publish:property canonicalName="class" name="Class" publish:category="UML"/><publish:property canonicalName="datatype" name="Datatype" publish:category="UML"/><publish:property canonicalName="default" name="Default" publish:category="UML"/><publish:property canonicalName="defaultValue" name="Default Value" publish:category="UML"/><publish:property canonicalName="isComposite" name="Is Composite" publish:category="UML" publish:value="false"/><publish:property canonicalName="isDerived" name="Is Derived" publish:category="UML" publish:value="false"/><publish:property canonicalName="isDerivedUnion" name="Is Derived Union" publish:category="UML" publish:value="false"/><publish:property canonicalName="isLeaf" name="Is Leaf" publish:category="UML" publish:value="false"/><publish:property canonicalName="isOrdered" name="Is Ordered" publish:category="UML" publish:value="false"/><publish:property canonicalName="isReadOnly" name="Is Read Only" publish:category="UML" publish:value="false"/><publish:property canonicalName="isStatic" name="Is Static" publish:category="UML" publish:value="false"/><publish:property canonicalName="isUnique" name="Is Unique" publish:category="UML" publish:value="true"/><publish:property canonicalName="isInvariant" name="isInvariant" publish:category="mTOPAttribute" publish:value="False"/><publish:property canonicalName="Keywords" name="Keywords" publish:category="UML"/><publish:property canonicalName="lower" name="Lower" publish:category="UML" publish:value="1"/><publish:property canonicalName="lowerValue" name="Lower Value" publish:category="UML"/><publish:property canonicalName="Multiplicity" name="Multiplicity" publish:category="UML" publish:value="1"/><publish:property canonicalName="name" name="Name" publish:category="UML"/><publish:property canonicalName="nameExpression" name="Name Expression" publish:category="UML"/><publish:property canonicalName="namespace" name="Namespace" publish:category="UML" publish:ismodellink="false" publish:value="(ptp:PhysicalTerminationPoint)" xmi:id="_.t.n.v.zMBUBE.d2.iK4.k.bH.b.yS2.g"/><publish:property canonicalName="notificationType" name="notificationType" publish:category="mTOPAttribute" publish:value="0 - NOT_APPLICABLE"/><publish:property canonicalName="opposite" name="Opposite" publish:category="UML"/><publish:property canonicalName="owner" name="Owner" publish:category="UML" publish:ismodellink="false" publish:value="(ptp:PhysicalTerminationPoint)" xmi:id="_.t.n.v.zMBUBE.d2.iK4.k.bH.b.yS2.g"/><publish:property canonicalName="owningAssociation" name="Owning Association" publish:category="UML" publish:ismodellink="false" publish:value="(ptp:PhysicalTerminationPoint)" xmi:id="_.t.n.v.zMBUBE.d2.iK4.k.bH.b.yS2.g"/><publish:property canonicalName="owningTemplateParameter" name="Owning Template Parameter" publish:category="UML"/><publish:property canonicalName="qualifiedName" name="Qualified Name" publish:category="UML"/><publish:property canonicalName="Stereotype" name="Stereotype" publish:category="UML" publish:value="mTOPAttribute"/><publish:property canonicalName="templateParameter" name="Template Parameter" publish:category="UML"/><publish:property canonicalName="type" name="Type" publish:category="UML" publish:ismodellink="false" publish:value="«choice» PhysicalTerminationPointOrFloatingTerminationPoint" xmi:id="_E.g.zEABUBE.d2.iK4.k.bH.b.yS2.g"/><publish:property canonicalName="upper" name="Upper" publish:category="UML" publish:value="1"/><publish:property canonicalName="upperValue" name="Upper Value" publish:category="UML"/><publish:property canonicalName="visibility" name="Visibility" publish:category="UML" publish:value="Private"/><publish:property canonicalName="writeable" name="writeable" publish:category="mTOPAttribute" publish:value="1 - REQUESTING_OS_ONLY"/></publish:properties></ownedEnd></packagedElement><packagedElement name="&lt;Unnamed Association&gt;" publish:icon="-1895490947_icon.png" publish:qualifiedname="ManageResourceInventory::&lt;Association&gt;" xmi:id="_.wG.m.bQBUBE.d2.iK4.k.bH.b.yS2.g" xsi:type="uml:Association"><publish:properties><publish:property canonicalName="Alias" name="Alias" publish:category="UML"/><publish:property canonicalName="isAbstract" name="Is Abstract" publish:category="UML" publish:value="false"/><publish:property canonicalName="isDerived" name="Is Derived" publish:category="UML" publish:value="false"/><publish:property canonicalName="isLeaf" name="Is Leaf" publish:category="UML" publish:value="false"/><publish:property canonicalName="Keywords" name="Keywords" publish:category="UML"/><publish:property canonicalName="Kind" name="Kind" publish:category="UML" publish:value="2 - composition"/><publish:property canonicalName="name" name="Name" publish:category="UML"/><publish:property canonicalName="nameExpression" name="Name Expression" publish:category="UML"/><publish:property canonicalName="namespace" name="Namespace" publish:category="UML" publish:ismodellink="true" publish:value="ManageResourceInventory" xmi:id="_Y.cG.c4A6.qE.d.y.d7PUN.b-IYCQ"/><publish:property canonicalName="ownedTemplateSignature" name="Owned Template Signature" publish:category="UML"/><publish:property canonicalName="owner" name="Owner" publish:category="UML" publish:ismodellink="true" publish:value="ManageResourceInventory" xmi:id="_Y.cG.c4A6.qE.d.y.d7PUN.b-IYCQ"/><publish:property canonicalName="owningTemplateParameter" name="Owning Template Parameter" publish:category="UML"/><publish:property canonicalName="package" name="Package" publish:category="UML" publish:ismodellink="true" publish:value="ManageResourceInventory" xmi:id="_Y.cG.c4A6.qE.d.y.d7PUN.b-IYCQ"/><publish:property canonicalName="qualifiedName" name="Qualified Name" publish:category="UML"/><publish:property canonicalName="representation" name="Representation" publish:category="UML"/><publish:property canonicalName="Stereotype" name="Stereotype" publish:category="UML"/><publish:property canonicalName="templateParameter" name="Template Parameter" publish:category="UML"/><publish:property canonicalName="visibility" name="Visibility" publish:category="UML" publish:value="Public"/></publish:properties><ownedEnd name="&lt;Unnamed Property&gt;" publish:icon="-200991874_icon.png" publish:is_association="true" publish:qualifiedname="ManageResourceInventory::&lt;Association&gt;::&lt;Property&gt;" publish:type="PhysicalTerminationPointOrFloatingTerminationPoint" publish:typeid="_E.g.zEABUBE.d2.iK4.k.bH.b.yS2.g" xmi:id="_.wG.m.bRRUBE.d2.iK4.k.bH.b.yS2.g" xsi:type="uml:Property"><publish:properties><publish:property canonicalName="aggregation" name="Aggregation" publish:category="UML" publish:value="None"/><publish:property canonicalName="Alias" name="Alias" publish:category="UML"/><publish:property canonicalName="association" name="Association" publish:category="UML" publish:ismodellink="false" publish:value="(ftp:FloatingTerminationPoint)" xmi:id="_.wG.m.bQBUBE.d2.iK4.k.bH.b.yS2.g"/><publish:property canonicalName="associationEnd" name="Association End" publish:category="UML"/><publish:property canonicalName="class" name="Class" publish:category="UML"/><publish:property canonicalName="datatype" name="Datatype" publish:category="UML"/><publish:property canonicalName="default" name="Default" publish:category="UML"/><publish:property canonicalName="defaultValue" name="Default Value" publish:category="UML"/><publish:property canonicalName="isComposite" name="Is Composite" publish:category="UML" publish:value="false"/><publish:property canonicalName="isDerived" name="Is Derived" publish:category="UML" publish:value="false"/><publish:property canonicalName="isDerivedUnion" name="Is Derived Union" publish:category="UML" publish:value="false"/><publish:property canonicalName="isLeaf" name="Is Leaf" publish:category="UML" publish:value="false"/><publish:property canonicalName="isOrdered" name="Is Ordered" publish:category="UML" publish:value="false"/><publish:property canonicalName="isReadOnly" name="Is Read Only" publish:category="UML" publish:value="false"/><publish:property canonicalName="isStatic" name="Is Static" publish:category="UML" publish:value="false"/><publish:property canonicalName="isUnique" name="Is Unique" publish:category="UML" publish:value="true"/><publish:property canonicalName="isInvariant" name="isInvariant" publish:category="mTOPAttribute" publish:value="False"/><publish:property canonicalName="Keywords" name="Keywords" publish:category="UML"/><publish:property canonicalName="lower" name="Lower" publish:category="UML" publish:value="1"/><publish:property canonicalName="lowerValue" name="Lower Value" publish:category="UML"/><publish:property canonicalName="Multiplicity" name="Multiplicity" publish:category="UML" publish:value="1"/><publish:property canonicalName="name" name="Name" publish:category="UML"/><publish:property canonicalName="nameExpression" name="Name Expression" publish:category="UML"/><publish:property canonicalName="namespace" name="Namespace" publish:category="UML" publish:ismodellink="false" publish:value="(ftp:FloatingTerminationPoint)" xmi:id="_.wG.m.bQBUBE.d2.iK4.k.bH.b.yS2.g"/><publish:property canonicalName="notificationType" name="notificationType" publish:category="mTOPAttribute" publish:value="0 - NOT_APPLICABLE"/><publish:property canonicalName="opposite" name="Opposite" publish:category="UML"/><publish:property canonicalName="owner" name="Owner" publish:category="UML" publish:ismodellink="false" publish:value="(ftp:FloatingTerminationPoint)" xmi:id="_.wG.m.bQBUBE.d2.iK4.k.bH.b.yS2.g"/><publish:property canonicalName="owningAssociation" name="Owning Association" publish:category="UML" publish:ismodellink="false" publish:value="(ftp:FloatingTerminationPoint)" xmi:id="_.wG.m.bQBUBE.d2.iK4.k.bH.b.yS2.g"/><publish:property canonicalName="owningTemplateParameter" name="Owning Template Parameter" publish:category="UML"/><publish:property canonicalName="qualifiedName" name="Qualified Name" publish:category="UML"/><publish:property canonicalName="Stereotype" name="Stereotype" publish:category="UML" publish:value="mTOPAttribute"/><publish:property canonicalName="templateParameter" name="Template Parameter" publish:category="UML"/><publish:property canonicalName="type" name="Type" publish:category="UML" publish:ismodellink="false" publish:value="«choice» PhysicalTerminationPointOrFloatingTerminationPoint" xmi:id="_E.g.zEABUBE.d2.iK4.k.bH.b.yS2.g"/><publish:property canonicalName="upper" name="Upper" publish:category="UML" publish:value="1"/><publish:property canonicalName="upperValue" name="Upper Value" publish:category="UML"/><publish:property canonicalName="visibility" name="Visibility" publish:category="UML" publish:value="Private"/><publish:property canonicalName="writeable" name="writeable" publish:category="mTOPAttribute" publish:value="1 - REQUESTING_OS_ONLY"/></publish:properties></ownedEnd></packagedElement></uml:Model>