<?xml version="1.0" encoding="UTF-8"?><packagedElement name="Class Diagrams" diagramFormat="GIF" xmlns:publish="http://www.ibm.com/Rational/XTools/Publish" publish:icon="-1710941566_icon.png" publish:modelname="ManageResourceInventory" publish:qualifiedname="ManageResourceInventory::Class Diagrams" publish:sortOrder="storage" publish:toplevelguid="_Y.cG.c4A6.qE.d.y.d7PUN.b-IYCQ" xmlns:xmi="http://www.omg.org/XMI" xmi:id="_6D.f.l8BA5E.d.yZ.iYIRB9PL.dQ" xmi:version="2.0" xmlns:com.ibm.xtools.notation="http:///com/ibm/xtools/notation.ecore" xmlns:uml="http://www.eclipse.org/uml2/1.0.0/UML" xmlns:xsi="http://www.w3.org/2001/XMLSchema-instance" xsi:type="uml:Package"><publish:properties><publish:property name="Alias" publish:category="UML" publish:description="Alias property of the UML element"/><publish:property name="Keywords" publish:category="UML" publish:description="Keywords property of the UML element"/><publish:property name="Name" publish:category="UML" publish:description="The Name of the Named Element" publish:value="Class Diagrams"/><publish:property name="Name Expression" publish:category="UML" publish:description="The Name Expression of the Named Element"/><publish:property name="Namespace" publish:category="UML" publish:description="The Namespace of the Named Element" publish:ismodellink="true" publish:value="&lt;Model&gt; ManageResourceInventory" xmi:id="_Y.cG.c4A6.qE.d.y.d7PUN.b-IYCQ"/><publish:property name="Nesting Package" publish:category="UML" publish:description="The Nesting Package of the Package" publish:ismodellink="true" publish:value="&lt;Model&gt; ManageResourceInventory" xmi:id="_Y.cG.c4A6.qE.d.y.d7PUN.b-IYCQ"/><publish:property name="Owned Template Signature" publish:category="UML" publish:description="The Owned Template Signature of the Templateable Element"/><publish:property name="Owner" publish:category="UML" publish:description="The Owner of the Element" publish:ismodellink="true" publish:value="&lt;Model&gt; ManageResourceInventory" xmi:id="_Y.cG.c4A6.qE.d.y.d7PUN.b-IYCQ"/><publish:property name="Owning Template Parameter" publish:category="UML" publish:description="The Owning Template Parameter of the Parameterable Element"/><publish:property name="Qualified Name" publish:category="UML" publish:description="The Qualified Name of the Named Element" publish:value="ManageResourceInventory::Class Diagrams"/><publish:property name="Stereotype" publish:category="UML"/><publish:property name="Template Parameter" publish:category="UML" publish:description="The Template Parameter of the Parameterable Element"/><publish:property name="Visibility" publish:category="UML" publish:description="The Visibility of the Named Element" publish:value="Public"/></publish:properties><contents Type="Class" isDefault="false" name="MRI Interface Diagram" publish:icon="923080899_icon.png" publish:imageType="GIF" publish:qualifiedname="ManageResourceInventory::Class Diagrams::MRI Interface Diagram" xmi:id="_8.d7BABA5E.d.yZ.iYIRB9PL.dQ" xsi:type="notation:Diagram"><publish:properties><publish:property name="Measurement Unit" publish:category="View" publish:description="The Measurement Unit of the Diagram" publish:value="Himetric"/><publish:property name="Name" publish:category="View" publish:description="The Name of the Diagram" publish:value="MRI Interface Diagram"/><publish:property name="Styles" publish:category="View" publish:description="The Styles of the View"/></publish:properties><publish:partInfo coords="1440,994,1712,994,1712,1004,1440,1004,1440,994" name="uses" publish:ismodellink="false" shape="poly" xmi:id="_VG-9.sBUCE.d2.iK4.k.bH.b.yS2.g"/><publish:partInfo coords="1940,1027,2017,1085,2011,1093,1934,1035,1940,1027" name="Association" publish:ismodellink="false" shape="poly" xmi:id="_.wG.m.bQBUBE.d2.iK4.k.bH.b.yS2.g"/><publish:partInfo coords="1856,1043,1773,1100,1768,1092,1850,1035,1856,1043" name="Association" publish:ismodellink="false" shape="poly" xmi:id="_.t.n.v.zMBUBE.d2.iK4.k.bH.b.yS2.g"/><publish:partInfo coords="927,727,990,731,990,741,926,737,927,727" name="uses" publish:ismodellink="false" shape="poly" xmi:id="_E.a.nJUBEYE.d22C4.fN.v.k.cGXQ"/><publish:partInfo coords="850,407,1028,407,1028,417,850,417,850,407" name="uses" publish:ismodellink="false" shape="poly" xmi:id="_.d25.u0BB.aE.d20R6.sC.aT.b.lK.g"/><publish:partInfo coords="1212,439,1288,493,1282,501,1206,447,1212,439" name="Association" publish:ismodellink="false" shape="poly" xmi:id="_W-H5IBB.aE.d20R6.sC.aT.b.lK.g"/><publish:partInfo coords="1128,455,1055,510,1049,501,1122,447,1128,455" name="Association" publish:ismodellink="false" shape="poly" xmi:id="_Q6P.rIBB.aE.d20R6.sC.aT.b.lK.g"/><publish:partInfo name="PhysicalTerminationPointOrFloatingTerminationPoint" publish:ismodellink="false" publish:partLowerX="2078" publish:partLowerY="1036" publish:partUpperX="1711" publish:partUpperY="973" shape="rect" xmi:id="_E.g.zEABUBE.d2.iK4.k.bH.b.yS2.g"/><publish:partInfo name="ManagedElementFilter" publish:ismodellink="false" publish:partLowerX="1330" publish:partLowerY="807" publish:partUpperX="989" publish:partUpperY="691" shape="rect" xmi:id="__O.n.l.kBEXE.d22C4.fN.v.k.cGXQ"/><publish:partInfo name="EquipmentOrEquipmentHolderType" publish:ismodellink="false" publish:partLowerX="1301" publish:partLowerY="448" publish:partUpperX="1027" publish:partUpperY="385" shape="rect" xmi:id="_569.zUBBWE.d20R6.sC.aT.b.lK.g"/><publish:partInfo name="TransmissionDescriptorRetrievalService" publish:ismodellink="false" publish:partLowerX="1476" publish:partLowerY="1456" publish:partUpperX="24" publish:partUpperY="1338" shape="rect" xmi:id="_W.jW.j.wN.yIE.d.yY2.qUBC6.uX.a.g"/><publish:partInfo name="TrafficConditioningProfileRetrievalService" publish:ismodellink="false" publish:partLowerX="2222" publish:partLowerY="1257" publish:partUpperX="1509" publish:partUpperY="1171" shape="rect" xmi:id="_T.n5.fQN.yIE.d.yY2.qUBC6.uX.a.g"/><publish:partInfo name="TopologicalLinkRetrievalService" publish:ismodellink="false" publish:partLowerX="2302" publish:partLowerY="1460" publish:partUpperX="1485" publish:partUpperY="1278" shape="rect" xmi:id="_O7.yV.cN.yIE.d.yY2.qUBC6.uX.a.g"/><publish:partInfo name="TerminationPointRetrievalService" publish:ismodellink="false" publish:partLowerX="1443" publish:partLowerY="1281" publish:partUpperX="20" publish:partUpperY="878" shape="rect" xmi:id="_MF.jIIN.yIE.d.yY2.qUBC6.uX.a.g"/><publish:partInfo name="ResourceInventoryUpdateService" publish:ismodellink="false" publish:partLowerX="2363" publish:partLowerY="948" publish:partUpperX="1540" publish:partUpperY="878" shape="rect" xmi:id="_IC.t.k0N.yIE.d.yY2.qUBC6.uX.a.g"/><publish:partInfo name="ResourceInventoryRetrievalService" publish:ismodellink="false" publish:partLowerX="2415" publish:partLowerY="836" publish:partUpperX="1501" publish:partUpperY="766" shape="rect" xmi:id="_E.y_.g.gN.yIE.d.yY2.qUBC6.uX.a.g"/><publish:partInfo name="OperationsSystemRetrievalService" publish:ismodellink="false" publish:partLowerX="2344" publish:partLowerY="718" publish:partUpperX="1564" publish:partUpperY="616" shape="rect" xmi:id="_B.o.o.dUN.yIE.d.yY2.qUBC6.uX.a.g"/><publish:partInfo name="MultiLayerSubnetworkRetrievalService" publish:ismodellink="false" publish:partLowerX="2400" publish:partLowerY="539" publish:partUpperX="1493" publish:partUpperY="421" shape="rect" xmi:id="_9.y.w_AN.yHE.d.yY2.qUBC6.uX.a.g"/><publish:partInfo name="ManagementDomainRetrievalService" publish:ismodellink="false" publish:partLowerX="2276" publish:partLowerY="392" publish:partUpperX="1659" publish:partUpperY="306" shape="rect" xmi:id="_6.mLHMN.yHE.d.yY2.qUBC6.uX.a.g"/><publish:partInfo name="FlowDomainRetrievalService" publish:ismodellink="false" publish:partLowerX="2411" publish:partLowerY="282" publish:partUpperX="1445" publish:partUpperY="4" shape="rect" xmi:id="_2Z.gS.cN.yHE.d.yY2.qUBC6.uX.a.g"/><publish:partInfo name="EquipmentInventoryRetrievalService" publish:ismodellink="false" publish:partLowerX="853" publish:partLowerY="492" publish:partUpperX="8" publish:partUpperY="342" shape="rect" xmi:id="_.y.d-RAN.yHE.d.yY2.qUBC6.uX.a.g"/><publish:partInfo name="ConnectionRetrievalService" publish:ismodellink="false" publish:partLowerX="1278" publish:partLowerY="262" publish:partUpperX="6" publish:partUpperY="0" shape="rect" xmi:id="_.tR.iBUN.yHE.d.yY2.qUBC6.uX.a.g"/><publish:partInfo name="ManagedElementRetrievalService" publish:ismodellink="false" publish:partLowerX="929" publish:partLowerY="773" publish:partUpperX="0" publish:partUpperY="655" shape="rect" xmi:id="_FYXM.cBA6E.d.yZ.iYIRB9PL.dQ"/></contents><contents Type="Class" isDefault="false" name="MRI DDP Relationship Diagram" publish:icon="923080899_icon.png" publish:imageType="GIF" publish:qualifiedname="ManageResourceInventory::Class Diagrams::MRI DDP Relationship Diagram" xmi:id="_.f.sMNA.d.yHE.d.yY2.qUBC6.uX.a.g" xsi:type="notation:Diagram"><publish:properties><publish:property name="Measurement Unit" publish:category="View" publish:description="The Measurement Unit of the Diagram" publish:value="Himetric"/><publish:property name="Name" publish:category="View" publish:description="The Name of the Diagram" publish:value="MRI DDP Relationship Diagram"/><publish:property name="Styles" publish:category="View" publish:description="The Styles of the View"/></publish:properties><publish:partInfo coords="89,341,89,267,99,267,99,341,89,341" name="PackageImport" publish:ismodellink="false" shape="poly" xmi:id="_L.x.q.bYBA7E.d.yZ.iYIRB9PL.dQ"/><publish:partInfo name="ManageResourceInventory" publish:ismodellink="true" publish:partLowerX="185" publish:partLowerY="377" publish:partUpperX="15" publish:partUpperY="366" shape="rect" xmi:id="_Y.cG.c4A6.qE.d.y.d7PUN.b-IYCQ"/><publish:partInfo name="ManageResourceInventory" publish:ismodellink="true" publish:partLowerX="195" publish:partLowerY="379" publish:partUpperX="5" publish:partUpperY="329" shape="rect" xmi:id="_Y.cG.c4A6.qE.d.y.d7PUN.b-IYCQ"/></contents></packagedElement>