<?xml version="1.0" encoding="UTF-8"?><packagedElement xmlns:publish="http://www.ibm.com/Rational/XTools/Publish" xmlns:xmi="http://www.omg.org/XMI" xmlns:com.ibm.xtools.notation="http:///com/ibm/xtools/notation.ecore" xmlns:uml="http://www.eclipse.org/uml2/1.0.0/UML" xmlns:xsi="http://www.w3.org/2001/XMLSchema-instance" name="Class Diagrams" publish:diagramFormat="GIF" publish:icon="_6Dfl8BA5EdyZiYIRB9PLdQ_icon.jpeg" publish:modelname="ManageResourceInventory" publish:qualifiedname="ManageResourceInventory::Class Diagrams" publish:toplevelguid="_YcGc4A6qEdyd7PUNb-IYCQ" xmi:id="_6Dfl8BA5EdyZiYIRB9PLdQ" xmi:version="2.0" xsi:type="uml:Package"><publish:properties><publish:property name="Alias" publish:category="UML" publish:description="Alias property of the UML element"/><publish:property name="Keywords" publish:category="UML" publish:description="Keywords property of the UML element"/><publish:property name="Name" publish:category="UML" publish:description="The Name of the Named Element" publish:value="Class Diagrams"/><publish:property name="Name Expression" publish:category="UML" publish:description="The Name Expression of the Named Element"/><publish:property name="Namespace" publish:category="UML" publish:description="The Namespace of the Named Element" publish:value="&lt;Model&gt; ManageResourceInventory"/><publish:property name="Nesting Package" publish:category="UML" publish:description="The Nesting Package of the Package" publish:value="&lt;Model&gt; ManageResourceInventory"/><publish:property name="Owned Template Signature" publish:category="UML" publish:description="The Owned Template Signature of the Templateable Element"/><publish:property name="Owner" publish:category="UML" publish:description="The Owner of the Element" publish:value="&lt;Model&gt; ManageResourceInventory"/><publish:property name="Owning Template Parameter" publish:category="UML" publish:description="The Owning Template Parameter of the Parameterable Element"/><publish:property name="Qualified Name" publish:category="UML" publish:description="The Qualified Name of the Named Element" publish:value="ManageResourceInventory::Class Diagrams"/><publish:property name="Stereotype" publish:category="UML"/><publish:property name="Template Parameter" publish:category="UML" publish:description="The Template Parameter of the Parameterable Element"/><publish:property name="Visibility" publish:category="UML" publish:description="The Visibility of the Named Element" publish:value="Public"/></publish:properties><contents Type="Class" name="MRI Interface Diagram" publish:icon="_8d7BABA5EdyZiYIRB9PLdQ_icon.jpeg" publish:imageType="GIF" publish:qualifiedname="ManageResourceInventory::Class Diagrams::MRI Interface Diagram" xmi:id="_8d7BABA5EdyZiYIRB9PLdQ" xsi:type="notation:Diagram"><publish:properties><publish:property name="Measurement Unit" publish:category="View" publish:description="The Measurement Unit of the Diagram" publish:value="Himetric"/><publish:property name="Name" publish:category="View" publish:description="The Name of the Diagram" publish:value="MRI Interface Diagram"/><publish:property name="Styles" publish:category="View" publish:description="The Styles of the View"/></publish:properties><publish:partInfo coords="1448,1004,1720,1004,1720,1014,1448,1014,1448,1004" name="uses" publish:ismodellink="false" shape="poly" xmi:id="_VG-9sBUCEd2iK4kbHbyS2g"/><publish:partInfo coords="1951,1038,2023,1093,2017,1100,1945,1045,1951,1038" name="Association" publish:ismodellink="false" shape="poly" xmi:id="_wGmbQBUBEd2iK4kbHbyS2g"/><publish:partInfo coords="1862,1054,1784,1108,1779,1099,1857,1045,1862,1054" name="Association" publish:ismodellink="false" shape="poly" xmi:id="_tnvzMBUBEd2iK4kbHbyS2g"/><publish:partInfo coords="934,737,997,740,997,750,934,746,934,737" name="uses" publish:ismodellink="false" shape="poly" xmi:id="_EanJUBEYEd22C4fNvkcGXQ"/><publish:partInfo coords="858,416,1036,416,1036,425,858,425,858,416" name="uses" publish:ismodellink="false" shape="poly" xmi:id="_d25u0BBaEd20R6sCaTblKg"/><publish:partInfo coords="1221,449,1294,501,1289,510,1216,458,1221,449" name="Association" publish:ismodellink="false" shape="poly" xmi:id="_W-H5IBBaEd20R6sCaTblKg"/><publish:partInfo coords="1134,466,1064,518,1058,510,1128,458,1134,466" name="Association" publish:ismodellink="false" shape="poly" xmi:id="_Q6PrIBBaEd20R6sCaTblKg"/><publish:partInfo name="PhysicalTerminationPointOrFloatingTerminationPoint" publish:ismodellink="false" publish:partLowerX="2086" publish:partLowerY="1046" publish:partUpperX="1720" publish:partUpperY="982" shape="rect" xmi:id="_EgzEABUBEd2iK4kbHbyS2g"/><publish:partInfo name="ManagedElementFilter" publish:ismodellink="false" publish:partLowerX="1334" publish:partLowerY="817" publish:partUpperX="998" publish:partUpperY="700" shape="rect" xmi:id="__OnlkBEXEd22C4fNvkcGXQ"/><publish:partInfo name="EquipmentOrEquipmentHolderType" publish:ismodellink="false" publish:partLowerX="1306" publish:partLowerY="458" publish:partUpperX="1036" publish:partUpperY="394" shape="rect" xmi:id="_569zUBBWEd20R6sCaTblKg"/><publish:partInfo name="TransmissionDescriptorRetrievalService" publish:ismodellink="false" publish:partLowerX="1480" publish:partLowerY="1466" publish:partUpperX="33" publish:partUpperY="1347" shape="rect" xmi:id="_WjWjwNyIEdyY2qUBC6uXag"/><publish:partInfo name="TrafficConditioningProfileRetrievalService" publish:ismodellink="false" publish:partLowerX="2226" publish:partLowerY="1267" publish:partUpperX="1518" publish:partUpperY="1180" shape="rect" xmi:id="_Tn5fQNyIEdyY2qUBC6uXag"/><publish:partInfo name="TopologicalLinkRetrievalService" publish:ismodellink="false" publish:partLowerX="2306" publish:partLowerY="1470" publish:partUpperX="1494" publish:partUpperY="1287" shape="rect" xmi:id="_O7yVcNyIEdyY2qUBC6uXag"/><publish:partInfo name="TerminationPointRetrievalService" publish:ismodellink="false" publish:partLowerX="1447" publish:partLowerY="1290" publish:partUpperX="29" publish:partUpperY="887" shape="rect" xmi:id="_MFjIINyIEdyY2qUBC6uXag"/><publish:partInfo name="ResourceInventoryUpdateService" publish:ismodellink="false" publish:partLowerX="2367" publish:partLowerY="958" publish:partUpperX="1549" publish:partUpperY="887" shape="rect" xmi:id="_ICtk0NyIEdyY2qUBC6uXag"/><publish:partInfo name="ResourceInventoryRetrievalService" publish:ismodellink="false" publish:partLowerX="2419" publish:partLowerY="846" publish:partUpperX="1510" publish:partUpperY="775" shape="rect" xmi:id="_Ey_ggNyIEdyY2qUBC6uXag"/><publish:partInfo name="OperationsSystemRetrievalService" publish:ismodellink="false" publish:partLowerX="2348" publish:partLowerY="728" publish:partUpperX="1573" publish:partUpperY="625" shape="rect" xmi:id="_BoodUNyIEdyY2qUBC6uXag"/><publish:partInfo name="MultiLayerSubnetworkRetrievalService" publish:ismodellink="false" publish:partLowerX="2404" publish:partLowerY="549" publish:partUpperX="1502" publish:partUpperY="430" shape="rect" xmi:id="_9yw_ANyHEdyY2qUBC6uXag"/><publish:partInfo name="ManagementDomainRetrievalService" publish:ismodellink="false" publish:partLowerX="2280" publish:partLowerY="382" publish:partUpperX="1668" publish:partUpperY="295" shape="rect" xmi:id="_6mLHMNyHEdyY2qUBC6uXag"/><publish:partInfo name="FlowDomainRetrievalService" publish:ismodellink="false" publish:partLowerX="2415" publish:partLowerY="275" publish:partUpperX="1454" publish:partUpperY="13" shape="rect" xmi:id="_2ZgScNyHEdyY2qUBC6uXag"/><publish:partInfo name="EquipmentInventoryRetrievalService" publish:ismodellink="false" publish:partLowerX="857" publish:partLowerY="502" publish:partUpperX="17" publish:partUpperY="351" shape="rect" xmi:id="_yd-RANyHEdyY2qUBC6uXag"/><publish:partInfo name="ConnectionRetrievalService" publish:ismodellink="false" publish:partLowerX="1282" publish:partLowerY="255" publish:partUpperX="15" publish:partUpperY="9" shape="rect" xmi:id="_tRiBUNyHEdyY2qUBC6uXag"/><publish:partInfo name="ManagedElementRetrievalService" publish:ismodellink="false" publish:partLowerX="933" publish:partLowerY="783" publish:partUpperX="9" publish:partUpperY="664" shape="rect" xmi:id="_FYXMcBA6EdyZiYIRB9PLdQ"/></contents><contents Type="Class" name="MRI DDP Relationship Diagram" publish:icon="_fsMNAdyHEdyY2qUBC6uXag_icon.jpeg" publish:imageType="GIF" publish:qualifiedname="ManageResourceInventory::Class Diagrams::MRI DDP Relationship Diagram" xmi:id="_fsMNAdyHEdyY2qUBC6uXag" xsi:type="notation:Diagram"><publish:properties><publish:property name="Measurement Unit" publish:category="View" publish:description="The Measurement Unit of the Diagram" publish:value="Himetric"/><publish:property name="Name" publish:category="View" publish:description="The Name of the Diagram" publish:value="MRI DDP Relationship Diagram"/><publish:property name="Styles" publish:category="View" publish:description="The Styles of the View"/></publish:properties><publish:partInfo name="ManageResourceInventory" publish:ismodellink="true" publish:partLowerX="197" publish:partLowerY="389" publish:partUpperX="24" publish:partUpperY="378" shape="rect" xmi:id="_YcGc4A6qEdyd7PUNb-IYCQ"/><publish:partInfo name="ManageResourceInventory" publish:ismodellink="true" publish:partLowerX="207" publish:partLowerY="391" publish:partUpperX="14" publish:partUpperY="338" shape="rect" xmi:id="_YcGc4A6qEdyd7PUNb-IYCQ"/></contents></packagedElement>