<?xml version="1.0" encoding="UTF-8"?><publish:elements xmlns:publish="http://www.ibm.com/Rational/XTools/Publish" xmlns:xmi="http://www.omg.org/XMI" xmlns:xsi="http://www.w3.org/2001/XMLSchema-instance"><publish:element name="EquipmentOrEquipmentHolderType" publish:icon="_569zUBBWEd20R6sCaTblKg_icon.jpeg" publish:qualifiedname="ManageResourceInventory::Type Definitions::EquipmentOrEquipmentHolderType" xmi:id="_569zUBBWEd20R6sCaTblKg" xsi:type="uml:DataType"/><publish:element name="ManagedElementFilter" publish:icon="__OnlkBEXEd22C4fNvkcGXQ_icon.jpeg" publish:qualifiedname="ManageResourceInventory::Type Definitions::ManagedElementFilter" xmi:id="__OnlkBEXEd22C4fNvkcGXQ" xsi:type="uml:DataType"/><publish:element name="InventoryData" publish:icon="_GKwocBKxEd2nAd4VxqP70w_icon.jpeg" publish:qualifiedname="ManageResourceInventory::Type Definitions::InventoryData" xmi:id="_GKwocBKxEd2nAd4VxqP70w" xsi:type="uml:DataType"/><publish:element name="InventoryFilter" publish:icon="_7P7q4BK2Ed2nAd4VxqP70w_icon.jpeg" publish:qualifiedname="ManageResourceInventory::Type Definitions::InventoryFilter" xmi:id="_7P7q4BK2Ed2nAd4VxqP70w" xsi:type="uml:DataType"/><publish:element name="IncludedObjectType" publish:icon="_hcCAQBK8Ed2nAd4VxqP70w_icon.jpeg" publish:qualifiedname="ManageResourceInventory::Type Definitions::IncludedObjectType" xmi:id="_hcCAQBK8Ed2nAd4VxqP70w" xsi:type="uml:DataType"/><publish:element name="Include" publish:icon="_DYeQkBK9Ed2nAd4VxqP70w_icon.jpeg" publish:qualifiedname="ManageResourceInventory::Type Definitions::Include" xmi:id="_DYeQkBK9Ed2nAd4VxqP70w" xsi:type="uml:Enumeration"/><publish:element name="NAME" publish:icon="_EkxEkBK9Ed2nAd4VxqP70w_icon.jpeg" publish:qualifiedname="ManageResourceInventory::Type Definitions::Include::NAME" xmi:id="_EkxEkBK9Ed2nAd4VxqP70w" xsi:type="uml:EnumerationLiteral"/><publish:element name="ATTRS" publish:icon="_Fp6HsBK9Ed2nAd4VxqP70w_icon.jpeg" publish:qualifiedname="ManageResourceInventory::Type Definitions::Include::ATTRS" xmi:id="_Fp6HsBK9Ed2nAd4VxqP70w" xsi:type="uml:EnumerationLiteral"/><publish:element name="FULL" publish:icon="_HFQEUBK9Ed2nAd4VxqP70w_icon.jpeg" publish:qualifiedname="ManageResourceInventory::Type Definitions::Include::FULL" xmi:id="_HFQEUBK9Ed2nAd4VxqP70w" xsi:type="uml:EnumerationLiteral"/><publish:element name="EffortMode" publish:icon="_qMLvcBT6Ed2iK4kbHbyS2g_icon.jpeg" publish:qualifiedname="ManageResourceInventory::Type Definitions::EffortMode" xmi:id="_qMLvcBT6Ed2iK4kbHbyS2g" xsi:type="uml:Enumeration"/><publish:element name="BEST_EFFORT" publish:icon="_rk2LgBT6Ed2iK4kbHbyS2g_icon.jpeg" publish:qualifiedname="ManageResourceInventory::Type Definitions::EffortMode::BEST_EFFORT" xmi:id="_rk2LgBT6Ed2iK4kbHbyS2g" xsi:type="uml:EnumerationLiteral"/><publish:element name="ATOMIC" publish:icon="_tG50IBT6Ed2iK4kbHbyS2g_icon.jpeg" publish:qualifiedname="ManageResourceInventory::Type Definitions::EffortMode::ATOMIC" xmi:id="_tG50IBT6Ed2iK4kbHbyS2g" xsi:type="uml:EnumerationLiteral"/><publish:element name="IntegrationMode" publish:icon="_a5z8IBT7Ed2iK4kbHbyS2g_icon.jpeg" publish:qualifiedname="ManageResourceInventory::Type Definitions::IntegrationMode" xmi:id="_a5z8IBT7Ed2iK4kbHbyS2g" xsi:type="uml:Enumeration"/><publish:element name="REPLACE" publish:icon="_tSGiEBT7Ed2iK4kbHbyS2g_icon.jpeg" publish:qualifiedname="ManageResourceInventory::Type Definitions::IntegrationMode::REPLACE" xmi:id="_tSGiEBT7Ed2iK4kbHbyS2g" xsi:type="uml:EnumerationLiteral"/><publish:element name="MERGE_WITHOUT_OVERWRITE" publish:icon="_yQZBABT7Ed2iK4kbHbyS2g_icon.jpeg" publish:qualifiedname="ManageResourceInventory::Type Definitions::IntegrationMode::MERGE_WITHOUT_OVERWRITE" xmi:id="_yQZBABT7Ed2iK4kbHbyS2g" xsi:type="uml:EnumerationLiteral"/><publish:element name="MERGE_WITH_OVERWRITE" publish:icon="_3_3FQBT7Ed2iK4kbHbyS2g_icon.jpeg" publish:qualifiedname="ManageResourceInventory::Type Definitions::IntegrationMode::MERGE_WITH_OVERWRITE" xmi:id="_3_3FQBT7Ed2iK4kbHbyS2g" xsi:type="uml:EnumerationLiteral"/><publish:element name="PhysicalTerminationPointOrFloatingTerminationPoint" publish:icon="_EgzEABUBEd2iK4kbHbyS2g_icon.jpeg" publish:qualifiedname="ManageResourceInventory::Type Definitions::PhysicalTerminationPointOrFloatingTerminationPoint" xmi:id="_EgzEABUBEd2iK4kbHbyS2g" xsi:type="uml:DataType"/><publish:element publish:icon="_Q6PrIBBaEd20R6sCaTblKg_icon.jpeg" publish:qualifiedname="ManageResourceInventory::&lt;Association&gt;" xmi:id="_Q6PrIBBaEd20R6sCaTblKg" xsi:type="uml:Association"/><publish:element publish:icon="_W-H5IBBaEd20R6sCaTblKg_icon.jpeg" publish:qualifiedname="ManageResourceInventory::&lt;Association&gt;" xmi:id="_W-H5IBBaEd20R6sCaTblKg" xsi:type="uml:Association"/><publish:element publish:icon="_tnvzMBUBEd2iK4kbHbyS2g_icon.jpeg" publish:qualifiedname="ManageResourceInventory::&lt;Association&gt;" xmi:id="_tnvzMBUBEd2iK4kbHbyS2g" xsi:type="uml:Association"/><publish:element publish:icon="_wGmbQBUBEd2iK4kbHbyS2g_icon.jpeg" publish:qualifiedname="ManageResourceInventory::&lt;Association&gt;" xmi:id="_wGmbQBUBEd2iK4kbHbyS2g" xsi:type="uml:Association"/><publish:element name="ManagedElementRetrievalService" publish:icon="_FYXMcBA6EdyZiYIRB9PLdQ_icon.jpeg" publish:qualifiedname="ManageResourceInventory::Interfaces::ManagedElementRetrievalService" xmi:id="_FYXMcBA6EdyZiYIRB9PLdQ" xsi:type="uml:Interface"/><publish:element name="getAllManagedElements" publish:icon="_ZINFINyTEdyY2qUBC6uXag_icon.jpeg" publish:qualifiedname="ManageResourceInventory::Interfaces::ManagedElementRetrievalService::getAllManagedElements" xmi:id="_ZINFINyTEdyY2qUBC6uXag" xsi:type="uml:Operation"/><publish:element name="getAllManagedElementsPassingFilter" publish:icon="_GHrapNyTEdyY2qUBC6uXag_icon.jpeg" publish:qualifiedname="ManageResourceInventory::Interfaces::ManagedElementRetrievalService::getAllManagedElementsPassingFilter" xmi:id="_GHrapNyTEdyY2qUBC6uXag" xsi:type="uml:Operation"/><publish:element name="getAllManagedElemetsWrtOs" publish:icon="_GHragNyTEdyY2qUBC6uXag_icon.jpeg" publish:qualifiedname="ManageResourceInventory::Interfaces::ManagedElementRetrievalService::getAllManagedElemetsWrtOs" xmi:id="_GHragNyTEdyY2qUBC6uXag" xsi:type="uml:Operation"/><publish:element name="getManagedElement" publish:icon="_ZIW2INyTEdyY2qUBC6uXag_icon.jpeg" publish:qualifiedname="ManageResourceInventory::Interfaces::ManagedElementRetrievalService::getManagedElement" xmi:id="_ZIW2INyTEdyY2qUBC6uXag" xsi:type="uml:Operation"/><publish:element name="ConnectionRetrievalService" publish:icon="_tRiBUNyHEdyY2qUBC6uXag_icon.jpeg" publish:qualifiedname="ManageResourceInventory::Interfaces::ConnectionRetrievalService" xmi:id="_tRiBUNyHEdyY2qUBC6uXag" xsi:type="uml:Interface"/><publish:element name="getAllCrossConnections" publish:icon="_dfeWcNyKEdyY2qUBC6uXag_icon.jpeg" publish:qualifiedname="ManageResourceInventory::Interfaces::ConnectionRetrievalService::getAllCrossConnections" xmi:id="_dfeWcNyKEdyY2qUBC6uXag" xsi:type="uml:Operation"/><publish:element name="getAllFixedCrossConnections" publish:icon="_dfeWf9yKEdyY2qUBC6uXag_icon.jpeg" publish:qualifiedname="ManageResourceInventory::Interfaces::ConnectionRetrievalService::getAllFixedCrossConnections" xmi:id="_dfeWf9yKEdyY2qUBC6uXag" xsi:type="uml:Operation"/><publish:element name="getAllFixedSubnetworkConnectionsWithTp" publish:icon="_4NFBrdyKEdyY2qUBC6uXag_icon.jpeg" publish:qualifiedname="ManageResourceInventory::Interfaces::ConnectionRetrievalService::getAllFixedSubnetworkConnectionsWithTp" xmi:id="_4NFBrdyKEdyY2qUBC6uXag" xsi:type="uml:Operation"/><publish:element name="getAllFixedSubnetworkConnections" publish:icon="_4NFBj9yKEdyY2qUBC6uXag_icon.jpeg" publish:qualifiedname="ManageResourceInventory::Interfaces::ConnectionRetrievalService::getAllFixedSubnetworkConnections" xmi:id="_4NFBj9yKEdyY2qUBC6uXag" xsi:type="uml:Operation"/><publish:element name="getAllSubnetworkConnections" publish:icon="_4MyGkNyKEdyY2qUBC6uXag_icon.jpeg" publish:qualifiedname="ManageResourceInventory::Interfaces::ConnectionRetrievalService::getAllSubnetworkConnections" xmi:id="_4MyGkNyKEdyY2qUBC6uXag" xsi:type="uml:Operation"/><publish:element name="getAllSubnetworkConnectionsWithTp" publish:icon="_4M73oNyKEdyY2qUBC6uXag_icon.jpeg" publish:qualifiedname="ManageResourceInventory::Interfaces::ConnectionRetrievalService::getAllSubnetworkConnectionsWithTp" xmi:id="_4M73oNyKEdyY2qUBC6uXag" xsi:type="uml:Operation"/><publish:element name="getBackupRoutes" publish:icon="_K6_SL9yLEdyY2qUBC6uXag_icon.jpeg" publish:qualifiedname="ManageResourceInventory::Interfaces::ConnectionRetrievalService::getBackupRoutes" xmi:id="_K6_SL9yLEdyY2qUBC6uXag" xsi:type="uml:Operation"/><publish:element name="getIntendedRoute" publish:icon="_K6_SINyLEdyY2qUBC6uXag_icon.jpeg" publish:qualifiedname="ManageResourceInventory::Interfaces::ConnectionRetrievalService::getIntendedRoute" xmi:id="_K6_SINyLEdyY2qUBC6uXag" xsi:type="uml:Operation"/><publish:element name="getPotentialFixedCrossConnections" publish:icon="_UN_HgNyLEdyY2qUBC6uXag_icon.jpeg" publish:qualifiedname="ManageResourceInventory::Interfaces::ConnectionRetrievalService::getPotentialFixedCrossConnections" xmi:id="_UN_HgNyLEdyY2qUBC6uXag" xsi:type="uml:Operation"/><publish:element name="getRoute" publish:icon="_K6_SRNyLEdyY2qUBC6uXag_icon.jpeg" publish:qualifiedname="ManageResourceInventory::Interfaces::ConnectionRetrievalService::getRoute" xmi:id="_K6_SRNyLEdyY2qUBC6uXag" xsi:type="uml:Operation"/><publish:element name="getSubnetworkConnection" publish:icon="_4M73xNyKEdyY2qUBC6uXag_icon.jpeg" publish:qualifiedname="ManageResourceInventory::Interfaces::ConnectionRetrievalService::getSubnetworkConnection" xmi:id="_4M73xNyKEdyY2qUBC6uXag" xsi:type="uml:Operation"/><publish:element name="getSubnetworkConnectionsByUserLabel" publish:icon="_4NFBgNyKEdyY2qUBC6uXag_icon.jpeg" publish:qualifiedname="ManageResourceInventory::Interfaces::ConnectionRetrievalService::getSubnetworkConnectionsByUserLabel" xmi:id="_4NFBgNyKEdyY2qUBC6uXag" xsi:type="uml:Operation"/><publish:element name="EquipmentInventoryRetrievalService" publish:icon="_yd-RANyHEdyY2qUBC6uXag_icon.jpeg" publish:qualifiedname="ManageResourceInventory::Interfaces::EquipmentInventoryRetrievalService" xmi:id="_yd-RANyHEdyY2qUBC6uXag" xsi:type="uml:Interface"/><publish:element name="getAllEquipment" publish:icon="_u8aAANyNEdyY2qUBC6uXag_icon.jpeg" publish:qualifiedname="ManageResourceInventory::Interfaces::EquipmentInventoryRetrievalService::getAllEquipment" xmi:id="_u8aAANyNEdyY2qUBC6uXag" xsi:type="uml:Operation"/><publish:element name="getAllSupportingEquipment" publish:icon="_z5zHENyNEdyY2qUBC6uXag_icon.jpeg" publish:qualifiedname="ManageResourceInventory::Interfaces::EquipmentInventoryRetrievalService::getAllSupportingEquipment" xmi:id="_z5zHENyNEdyY2qUBC6uXag" xsi:type="uml:Operation"/><publish:element name="getContainedEquipment" publish:icon="_45R40NyNEdyY2qUBC6uXag_icon.jpeg" publish:qualifiedname="ManageResourceInventory::Interfaces::EquipmentInventoryRetrievalService::getContainedEquipment" xmi:id="_45R40NyNEdyY2qUBC6uXag" xsi:type="uml:Operation"/><publish:element name="getEquipment" publish:icon="_-ON9MNyNEdyY2qUBC6uXag_icon.jpeg" publish:qualifiedname="ManageResourceInventory::Interfaces::EquipmentInventoryRetrievalService::getEquipment" xmi:id="_-ON9MNyNEdyY2qUBC6uXag" xsi:type="uml:Operation"/><publish:element name="getSupportedEquipment" publish:icon="_FDt1YNyOEdyY2qUBC6uXag_icon.jpeg" publish:qualifiedname="ManageResourceInventory::Interfaces::EquipmentInventoryRetrievalService::getSupportedEquipment" xmi:id="_FDt1YNyOEdyY2qUBC6uXag" xsi:type="uml:Operation"/><publish:element name="getSupportingEquipment" publish:icon="_FDkrcNyOEdyY2qUBC6uXag_icon.jpeg" publish:qualifiedname="ManageResourceInventory::Interfaces::EquipmentInventoryRetrievalService::getSupportingEquipment" xmi:id="_FDkrcNyOEdyY2qUBC6uXag" xsi:type="uml:Operation"/><publish:element name="FlowDomainRetrievalService" publish:icon="_2ZgScNyHEdyY2qUBC6uXag_icon.jpeg" publish:qualifiedname="ManageResourceInventory::Interfaces::FlowDomainRetrievalService" xmi:id="_2ZgScNyHEdyY2qUBC6uXag" xsi:type="uml:Interface"/><publish:element name="getAllAssociatedMatrixFlowDomains" publish:icon="_r1F-4dyPEdyY2qUBC6uXag_icon.jpeg" publish:qualifiedname="ManageResourceInventory::Interfaces::FlowDomainRetrievalService::getAllAssociatedMatrixFlowDomains" xmi:id="_r1F-4dyPEdyY2qUBC6uXag" xsi:type="uml:Operation"/><publish:element name="getAllFlowDomainFragments" publish:icon="_r1F-7dyPEdyY2qUBC6uXag_icon.jpeg" publish:qualifiedname="ManageResourceInventory::Interfaces::FlowDomainRetrievalService::getAllFlowDomainFragments" xmi:id="_r1F-7dyPEdyY2qUBC6uXag" xsi:type="uml:Operation"/><publish:element name="getAllFlowDomains" publish:icon="_r08N-9yPEdyY2qUBC6uXag_icon.jpeg" publish:qualifiedname="ManageResourceInventory::Interfaces::FlowDomainRetrievalService::getAllFlowDomains" xmi:id="_r08N-9yPEdyY2qUBC6uXag" xsi:type="uml:Operation"/><publish:element name="getAllSupportedMatrixFlowDomains" publish:icon="_JKEfYNyREdyY2qUBC6uXag_icon.jpeg" publish:qualifiedname="ManageResourceInventory::Interfaces::FlowDomainRetrievalService::getAllSupportedMatrixFlowDomains" xmi:id="_JKEfYNyREdyY2qUBC6uXag" xsi:type="uml:Operation"/><publish:element name="getAssigningMatrixFlowDomain" publish:icon="_r08N7NyPEdyY2qUBC6uXag_icon.jpeg" publish:qualifiedname="ManageResourceInventory::Interfaces::FlowDomainRetrievalService::getAssigningMatrixFlowDomain" xmi:id="_r08N7NyPEdyY2qUBC6uXag" xsi:type="uml:Operation"/><publish:element name="getAssociatingFlowDomain" publish:icon="_r08N4NyPEdyY2qUBC6uXag_icon.jpeg" publish:qualifiedname="ManageResourceInventory::Interfaces::FlowDomainRetrievalService::getAssociatingFlowDomain" xmi:id="_r08N4NyPEdyY2qUBC6uXag" xsi:type="uml:Operation"/><publish:element name="getFlowDomain" publish:icon="_r08OFtyPEdyY2qUBC6uXag_icon.jpeg" publish:qualifiedname="ManageResourceInventory::Interfaces::FlowDomainRetrievalService::getFlowDomain" xmi:id="_r08OFtyPEdyY2qUBC6uXag" xsi:type="uml:Operation"/><publish:element name="getFlowDomainFragment" publish:icon="_r1F_C9yPEdyY2qUBC6uXag_icon.jpeg" publish:qualifiedname="ManageResourceInventory::Interfaces::FlowDomainRetrievalService::getFlowDomainFragment" xmi:id="_r1F_C9yPEdyY2qUBC6uXag" xsi:type="uml:Operation"/><publish:element name="getFlowDomainFragmentRoute" publish:icon="_r1PI0NyPEdyY2qUBC6uXag_icon.jpeg" publish:qualifiedname="ManageResourceInventory::Interfaces::FlowDomainRetrievalService::getFlowDomainFragmentRoute" xmi:id="_r1PI0NyPEdyY2qUBC6uXag" xsi:type="uml:Operation"/><publish:element name="getFlowDomainFragmentsByUserLabel" publish:icon="_r1F_GtyPEdyY2qUBC6uXag_icon.jpeg" publish:qualifiedname="ManageResourceInventory::Interfaces::FlowDomainRetrievalService::getFlowDomainFragmentsByUserLabel" xmi:id="_r1F_GtyPEdyY2qUBC6uXag" xsi:type="uml:Operation"/><publish:element name="getFlowDomainFragmentsWithTp" publish:icon="_r1F-_NyPEdyY2qUBC6uXag_icon.jpeg" publish:qualifiedname="ManageResourceInventory::Interfaces::FlowDomainRetrievalService::getFlowDomainFragmentsWithTp" xmi:id="_r1F-_NyPEdyY2qUBC6uXag" xsi:type="uml:Operation"/><publish:element name="getFlowDomainsByUserLabel" publish:icon="_r08OB9yPEdyY2qUBC6uXag_icon.jpeg" publish:qualifiedname="ManageResourceInventory::Interfaces::FlowDomainRetrievalService::getFlowDomainsByUserLabel" xmi:id="_r08OB9yPEdyY2qUBC6uXag" xsi:type="uml:Operation"/><publish:element name="getMatrixFlowDomain" publish:icon="_JKEfbNyREdyY2qUBC6uXag_icon.jpeg" publish:qualifiedname="ManageResourceInventory::Interfaces::FlowDomainRetrievalService::getMatrixFlowDomain" xmi:id="_JKEfbNyREdyY2qUBC6uXag" xsi:type="uml:Operation"/><publish:element name="ManagementDomainRetrievalService" publish:icon="_6mLHMNyHEdyY2qUBC6uXag_icon.jpeg" publish:qualifiedname="ManageResourceInventory::Interfaces::ManagementDomainRetrievalService" xmi:id="_6mLHMNyHEdyY2qUBC6uXag" xsi:type="uml:Interface"/><publish:element name="getAllManagementDomains" publish:icon="_N26FL9yVEdyY2qUBC6uXag_icon.jpeg" publish:qualifiedname="ManageResourceInventory::Interfaces::ManagementDomainRetrievalService::getAllManagementDomains" xmi:id="_N26FL9yVEdyY2qUBC6uXag" xsi:type="uml:Operation"/><publish:element name="getManagementDomain" publish:icon="_N26FINyVEdyY2qUBC6uXag_icon.jpeg" publish:qualifiedname="ManageResourceInventory::Interfaces::ManagementDomainRetrievalService::getManagementDomain" xmi:id="_N26FINyVEdyY2qUBC6uXag" xsi:type="uml:Operation"/><publish:element name="MultiLayerSubnetworkRetrievalService" publish:icon="_9yw_ANyHEdyY2qUBC6uXag_icon.jpeg" publish:qualifiedname="ManageResourceInventory::Interfaces::MultiLayerSubnetworkRetrievalService" xmi:id="_9yw_ANyHEdyY2qUBC6uXag" xsi:type="uml:Interface"/><publish:element name="getAllMultiLayerSubnetworksWrtOs" publish:icon="_00KkF9yVEdyY2qUBC6uXag_icon.jpeg" publish:qualifiedname="ManageResourceInventory::Interfaces::MultiLayerSubnetworkRetrievalService::getAllMultiLayerSubnetworksWrtOs" xmi:id="_00KkF9yVEdyY2qUBC6uXag" xsi:type="uml:Operation"/><publish:element name="getAllTopLevelMultiLayerSubnetworks" publish:icon="_00Kj8NyVEdyY2qUBC6uXag_icon.jpeg" publish:qualifiedname="ManageResourceInventory::Interfaces::MultiLayerSubnetworkRetrievalService::getAllTopLevelMultiLayerSubnetworks" xmi:id="_00Kj8NyVEdyY2qUBC6uXag" xsi:type="uml:Operation"/><publish:element name="getContainingMultiLayerSubnetworkNames" publish:icon="_IYdqANyWEdyY2qUBC6uXag_icon.jpeg" publish:qualifiedname="ManageResourceInventory::Interfaces::MultiLayerSubnetworkRetrievalService::getContainingMultiLayerSubnetworkNames" xmi:id="_IYdqANyWEdyY2qUBC6uXag" xsi:type="uml:Operation"/><publish:element name="getMultiLayerSubnetwork" publish:icon="_00KkCNyVEdyY2qUBC6uXag_icon.jpeg" publish:qualifiedname="ManageResourceInventory::Interfaces::MultiLayerSubnetworkRetrievalService::getMultiLayerSubnetwork" xmi:id="_00KkCNyVEdyY2qUBC6uXag" xsi:type="uml:Operation"/><publish:element name="OperationsSystemRetrievalService" publish:icon="_BoodUNyIEdyY2qUBC6uXag_icon.jpeg" publish:qualifiedname="ManageResourceInventory::Interfaces::OperationsSystemRetrievalService" xmi:id="_BoodUNyIEdyY2qUBC6uXag" xsi:type="uml:Interface"/><publish:element name="getAllOperationsSystems" publish:icon="_ztkS39yWEdyY2qUBC6uXag_icon.jpeg" publish:qualifiedname="ManageResourceInventory::Interfaces::OperationsSystemRetrievalService::getAllOperationsSystems" xmi:id="_ztkS39yWEdyY2qUBC6uXag" xsi:type="uml:Operation"/><publish:element name="getOperationsSystem" publish:icon="_ztah0NyWEdyY2qUBC6uXag_icon.jpeg" publish:qualifiedname="ManageResourceInventory::Interfaces::OperationsSystemRetrievalService::getOperationsSystem" xmi:id="_ztah0NyWEdyY2qUBC6uXag" xsi:type="uml:Operation"/><publish:element name="getSubordinateOperationsSystem" publish:icon="_ztkS0NyWEdyY2qUBC6uXag_icon.jpeg" publish:qualifiedname="ManageResourceInventory::Interfaces::OperationsSystemRetrievalService::getSubordinateOperationsSystem" xmi:id="_ztkS0NyWEdyY2qUBC6uXag" xsi:type="uml:Operation"/><publish:element name="ResourceInventoryRetrievalService" publish:icon="_Ey_ggNyIEdyY2qUBC6uXag_icon.jpeg" publish:qualifiedname="ManageResourceInventory::Interfaces::ResourceInventoryRetrievalService" xmi:id="_Ey_ggNyIEdyY2qUBC6uXag" xsi:type="uml:Interface"/><publish:element name="getInventory" publish:icon="_V2rGINyXEdyY2qUBC6uXag_icon.jpeg" publish:qualifiedname="ManageResourceInventory::Interfaces::ResourceInventoryRetrievalService::getInventory" xmi:id="_V2rGINyXEdyY2qUBC6uXag" xsi:type="uml:Operation"/><publish:element name="ResourceInventoryUpdateService" publish:icon="_ICtk0NyIEdyY2qUBC6uXag_icon.jpeg" publish:qualifiedname="ManageResourceInventory::Interfaces::ResourceInventoryUpdateService" xmi:id="_ICtk0NyIEdyY2qUBC6uXag" xsi:type="uml:Interface"/><publish:element name="updateInventory" publish:icon="_hHcPwNyXEdyY2qUBC6uXag_icon.jpeg" publish:qualifiedname="ManageResourceInventory::Interfaces::ResourceInventoryUpdateService::updateInventory" xmi:id="_hHcPwNyXEdyY2qUBC6uXag" xsi:type="uml:Operation"/><publish:element name="TerminationPointRetrievalService" publish:icon="_MFjIINyIEdyY2qUBC6uXag_icon.jpeg" publish:qualifiedname="ManageResourceInventory::Interfaces::TerminationPointRetrievalService" xmi:id="_MFjIINyIEdyY2qUBC6uXag" xsi:type="uml:Interface"/><publish:element name="getAllAssignableConnectionlessPortTerminationPoints" publish:icon="_v-OWiNyaEdyY2qUBC6uXag_icon.jpeg" publish:qualifiedname="ManageResourceInventory::Interfaces::TerminationPointRetrievalService::getAllAssignableConnectionlessPortTerminationPoints" xmi:id="_v-OWiNyaEdyY2qUBC6uXag" xsi:type="uml:Operation"/><publish:element name="getAllAssignedConnectionlessPortTerminationPoints" publish:icon="_v-OWfNyaEdyY2qUBC6uXag_icon.jpeg" publish:qualifiedname="ManageResourceInventory::Interfaces::TerminationPointRetrievalService::getAllAssignedConnectionlessPortTerminationPoints" xmi:id="_v-OWfNyaEdyY2qUBC6uXag" xsi:type="uml:Operation"/><publish:element name="getAllConnectionlessPortTerminationPoints" publish:icon="_v-OWlNyaEdyY2qUBC6uXag_icon.jpeg" publish:qualifiedname="ManageResourceInventory::Interfaces::TerminationPointRetrievalService::getAllConnectionlessPortTerminationPoints" xmi:id="_v-OWlNyaEdyY2qUBC6uXag" xsi:type="uml:Operation"/><publish:element name="getAllEdgePoints" publish:icon="_v_uL_NyaEdyY2qUBC6uXag_icon.jpeg" publish:qualifiedname="ManageResourceInventory::Interfaces::TerminationPointRetrievalService::getAllEdgePoints" xmi:id="_v_uL_NyaEdyY2qUBC6uXag" xsi:type="uml:Operation"/><publish:element name="getAllFloatingTerminationPoints" publish:icon="_v_uLldyaEdyY2qUBC6uXag_icon.jpeg" publish:qualifiedname="ManageResourceInventory::Interfaces::TerminationPointRetrievalService::getAllFloatingTerminationPoints" xmi:id="_v_uLldyaEdyY2qUBC6uXag" xsi:type="uml:Operation"/><publish:element name="getAllGroupTerminationPoints" publish:icon="_v_uLyNyaEdyY2qUBC6uXag_icon.jpeg" publish:qualifiedname="ManageResourceInventory::Interfaces::TerminationPointRetrievalService::getAllGroupTerminationPoints" xmi:id="_v_uLyNyaEdyY2qUBC6uXag" xsi:type="uml:Operation"/><publish:element name="getAllPhysicalTerminationPoints" publish:icon="_v_uLTdyaEdyY2qUBC6uXag_icon.jpeg" publish:qualifiedname="ManageResourceInventory::Interfaces::TerminationPointRetrievalService::getAllPhysicalTerminationPoints" xmi:id="_v_uLTdyaEdyY2qUBC6uXag" xsi:type="uml:Operation"/><publish:element name="getAllPhysicalTerminationPointsWithoutFtps" publish:icon="_v_uLcdyaEdyY2qUBC6uXag_icon.jpeg" publish:qualifiedname="ManageResourceInventory::Interfaces::TerminationPointRetrievalService::getAllPhysicalTerminationPointsWithoutFtps" xmi:id="_v_uLcdyaEdyY2qUBC6uXag" xsi:type="uml:Operation"/><publish:element name="getAllSupportedPhysicalTerminationPoints" publish:icon="_v_uL5tyaEdyY2qUBC6uXag_icon.jpeg" publish:qualifiedname="ManageResourceInventory::Interfaces::TerminationPointRetrievalService::getAllSupportedPhysicalTerminationPoints" xmi:id="_v_uL5tyaEdyY2qUBC6uXag" xsi:type="uml:Operation"/><publish:element name="getAllTerminationPointPools" publish:icon="_v_3VMNyaEdyY2qUBC6uXag_icon.jpeg" publish:qualifiedname="ManageResourceInventory::Interfaces::TerminationPointRetrievalService::getAllTerminationPointPools" xmi:id="_v_3VMNyaEdyY2qUBC6uXag" xsi:type="uml:Operation"/><publish:element name="getAssociatedTerminationPoints" publish:icon="_v_kaQNyaEdyY2qUBC6uXag_icon.jpeg" publish:qualifiedname="ManageResourceInventory::Interfaces::TerminationPointRetrievalService::getAssociatedTerminationPoints" xmi:id="_v_kaQNyaEdyY2qUBC6uXag" xsi:type="uml:Operation"/><publish:element name="getAssociatedTerminationPointsWrtTmd" publish:icon="_sflIgNyeEdyY2qUBC6uXag_icon.jpeg" publish:qualifiedname="ManageResourceInventory::Interfaces::TerminationPointRetrievalService::getAssociatedTerminationPointsWrtTmd" xmi:id="_sflIgNyeEdyY2qUBC6uXag" xsi:type="uml:Operation"/><publish:element name="getContainedCurrentConnectionTerminationPoints" publish:icon="_v_kajNyaEdyY2qUBC6uXag_icon.jpeg" publish:qualifiedname="ManageResourceInventory::Interfaces::TerminationPointRetrievalService::getContainedCurrentConnectionTerminationPoints" xmi:id="_v_kajNyaEdyY2qUBC6uXag" xsi:type="uml:Operation"/><publish:element name="getContainedInUseConnectionTerminationPoints" publish:icon="_v_kabNyaEdyY2qUBC6uXag_icon.jpeg" publish:qualifiedname="ManageResourceInventory::Interfaces::TerminationPointRetrievalService::getContainedInUseConnectionTerminationPoints" xmi:id="_v_kabNyaEdyY2qUBC6uXag" xsi:type="uml:Operation"/><publish:element name="getContainedPotentialConnectionTerminationPoints" publish:icon="_v_kaTNyaEdyY2qUBC6uXag_icon.jpeg" publish:qualifiedname="ManageResourceInventory::Interfaces::TerminationPointRetrievalService::getContainedPotentialConnectionTerminationPoints" xmi:id="_v_kaTNyaEdyY2qUBC6uXag" xsi:type="uml:Operation"/><publish:element name="getAssociatedGroupTerminationPoint" publish:icon="_v_kaz9yaEdyY2qUBC6uXag_icon.jpeg" publish:qualifiedname="ManageResourceInventory::Interfaces::TerminationPointRetrievalService::getAssociatedGroupTerminationPoint" xmi:id="_v_kaz9yaEdyY2qUBC6uXag" xsi:type="uml:Operation"/><publish:element name="getContainingTerminationPoints" publish:icon="_v_kaudyaEdyY2qUBC6uXag_icon.jpeg" publish:qualifiedname="ManageResourceInventory::Interfaces::TerminationPointRetrievalService::getContainingTerminationPoints" xmi:id="_v_kaudyaEdyY2qUBC6uXag" xsi:type="uml:Operation"/><publish:element name="getGroupTerminationPoint" publish:icon="_v_uLudyaEdyY2qUBC6uXag_icon.jpeg" publish:qualifiedname="ManageResourceInventory::Interfaces::TerminationPointRetrievalService::getGroupTerminationPoint" xmi:id="_v_uLudyaEdyY2qUBC6uXag" xsi:type="uml:Operation"/><publish:element name="getTerminationPoint" publish:icon="_v_uLQNyaEdyY2qUBC6uXag_icon.jpeg" publish:qualifiedname="ManageResourceInventory::Interfaces::TerminationPointRetrievalService::getTerminationPoint" xmi:id="_v_uLQNyaEdyY2qUBC6uXag" xsi:type="uml:Operation"/><publish:element name="getTerminationPointGroupingRelationships" publish:icon="_v_karNyaEdyY2qUBC6uXag_icon.jpeg" publish:qualifiedname="ManageResourceInventory::Interfaces::TerminationPointRetrievalService::getTerminationPointGroupingRelationships" xmi:id="_v_karNyaEdyY2qUBC6uXag" xsi:type="uml:Operation"/><publish:element name="getTerminationPointPool" publish:icon="_v_3VSNyaEdyY2qUBC6uXag_icon.jpeg" publish:qualifiedname="ManageResourceInventory::Interfaces::TerminationPointRetrievalService::getTerminationPointPool" xmi:id="_v_3VSNyaEdyY2qUBC6uXag" xsi:type="uml:Operation"/><publish:element name="getTrafficConditioningProfileAssociatedTps" publish:icon="_v-OWcNyaEdyY2qUBC6uXag_icon.jpeg" publish:qualifiedname="ManageResourceInventory::Interfaces::TerminationPointRetrievalService::getTrafficConditioningProfileAssociatedTps" xmi:id="_v-OWcNyaEdyY2qUBC6uXag" xsi:type="uml:Operation"/><publish:element name="TopologicalLinkRetrievalService" publish:icon="_O7yVcNyIEdyY2qUBC6uXag_icon.jpeg" publish:qualifiedname="ManageResourceInventory::Interfaces::TopologicalLinkRetrievalService" xmi:id="_O7yVcNyIEdyY2qUBC6uXag" xsi:type="uml:Interface"/><publish:element name="getAllTopLevelTopologicalLinks" publish:icon="_2wGZQNyiEdyY2qUBC6uXag_icon.jpeg" publish:qualifiedname="ManageResourceInventory::Interfaces::TopologicalLinkRetrievalService::getAllTopLevelTopologicalLinks" xmi:id="_2wGZQNyiEdyY2qUBC6uXag" xsi:type="uml:Operation"/><publish:element name="getAllTopologicalLinks" publish:icon="_rxF4kNyjEdyY2qUBC6uXag_icon.jpeg" publish:qualifiedname="ManageResourceInventory::Interfaces::TopologicalLinkRetrievalService::getAllTopologicalLinks" xmi:id="_rxF4kNyjEdyY2qUBC6uXag" xsi:type="uml:Operation"/><publish:element name="getAllTopologicalLinksBetweenMds" publish:icon="_2wQKUNyiEdyY2qUBC6uXag_icon.jpeg" publish:qualifiedname="ManageResourceInventory::Interfaces::TopologicalLinkRetrievalService::getAllTopologicalLinksBetweenMds" xmi:id="_2wQKUNyiEdyY2qUBC6uXag" xsi:type="uml:Operation"/><publish:element name="getAllTopologicalLinksOfFd" publish:icon="_GBBloNyjEdyY2qUBC6uXag_icon.jpeg" publish:qualifiedname="ManageResourceInventory::Interfaces::TopologicalLinkRetrievalService::getAllTopologicalLinksOfFd" xmi:id="_GBBloNyjEdyY2qUBC6uXag" xsi:type="uml:Operation"/><publish:element name="getAllTopologicalLinksWrtOs" publish:icon="_2wQKaNyiEdyY2qUBC6uXag_icon.jpeg" publish:qualifiedname="ManageResourceInventory::Interfaces::TopologicalLinkRetrievalService::getAllTopologicalLinksWrtOs" xmi:id="_2wQKaNyiEdyY2qUBC6uXag" xsi:type="uml:Operation"/><publish:element name="getRouteAndTopologicalLinks" publish:icon="_2xSsENyiEdyY2qUBC6uXag_icon.jpeg" publish:qualifiedname="ManageResourceInventory::Interfaces::TopologicalLinkRetrievalService::getRouteAndTopologicalLinks" xmi:id="_2xSsENyiEdyY2qUBC6uXag" xsi:type="uml:Operation"/><publish:element name="getTopLevelTopologicalLink" publish:icon="_2wQKQdyiEdyY2qUBC6uXag_icon.jpeg" publish:qualifiedname="ManageResourceInventory::Interfaces::TopologicalLinkRetrievalService::getTopLevelTopologicalLink" xmi:id="_2wQKQdyiEdyY2qUBC6uXag" xsi:type="uml:Operation"/><publish:element name="getTopologicalLink" publish:icon="_9bMi0NyjEdyY2qUBC6uXag_icon.jpeg" publish:qualifiedname="ManageResourceInventory::Interfaces::TopologicalLinkRetrievalService::getTopologicalLink" xmi:id="_9bMi0NyjEdyY2qUBC6uXag" xsi:type="uml:Operation"/><publish:element name="TrafficConditioningProfileRetrievalService" publish:icon="_Tn5fQNyIEdyY2qUBC6uXag_icon.jpeg" publish:qualifiedname="ManageResourceInventory::Interfaces::TrafficConditioningProfileRetrievalService" xmi:id="_Tn5fQNyIEdyY2qUBC6uXag" xsi:type="uml:Interface"/><publish:element name="getAllTrafficConditioningProfiles" publish:icon="_ufBpANykEdyY2qUBC6uXag_icon.jpeg" publish:qualifiedname="ManageResourceInventory::Interfaces::TrafficConditioningProfileRetrievalService::getAllTrafficConditioningProfiles" xmi:id="_ufBpANykEdyY2qUBC6uXag" xsi:type="uml:Operation"/><publish:element name="getTrafficConditioningProfile" publish:icon="_ufKy8NykEdyY2qUBC6uXag_icon.jpeg" publish:qualifiedname="ManageResourceInventory::Interfaces::TrafficConditioningProfileRetrievalService::getTrafficConditioningProfile" xmi:id="_ufKy8NykEdyY2qUBC6uXag" xsi:type="uml:Operation"/><publish:element name="TransmissionDescriptorRetrievalService" publish:icon="_WjWjwNyIEdyY2qUBC6uXag_icon.jpeg" publish:qualifiedname="ManageResourceInventory::Interfaces::TransmissionDescriptorRetrievalService" xmi:id="_WjWjwNyIEdyY2qUBC6uXag" xsi:type="uml:Interface"/><publish:element name="getAllTransmissionDescriptors" publish:icon="_IevTbtylEdyY2qUBC6uXag_icon.jpeg" publish:qualifiedname="ManageResourceInventory::Interfaces::TransmissionDescriptorRetrievalService::getAllTransmissionDescriptors" xmi:id="_IevTbtylEdyY2qUBC6uXag" xsi:type="uml:Operation"/><publish:element name="getAllTransmissionDescriptorsWrtOs" publish:icon="_IevTUNylEdyY2qUBC6uXag_icon.jpeg" publish:qualifiedname="ManageResourceInventory::Interfaces::TransmissionDescriptorRetrievalService::getAllTransmissionDescriptorsWrtOs" xmi:id="_IevTUNylEdyY2qUBC6uXag" xsi:type="uml:Operation"/><publish:element name="getTransmissionDescriptor" publish:icon="_Ie5EUNylEdyY2qUBC6uXag_icon.jpeg" publish:qualifiedname="ManageResourceInventory::Interfaces::TransmissionDescriptorRetrievalService::getTransmissionDescriptor" xmi:id="_Ie5EUNylEdyY2qUBC6uXag" xsi:type="uml:Operation"/><publish:element name="getTransmissionParameters" publish:icon="_jqAMABaTEd2_1KbirMALrA_icon.jpeg" publish:qualifiedname="ManageResourceInventory::Interfaces::TransmissionDescriptorRetrievalService::getTransmissionParameters" xmi:id="_jqAMABaTEd2_1KbirMALrA" xsi:type="uml:Operation"/><publish:element name="uses" publish:icon="_d25u0BBaEd20R6sCaTblKg_icon.jpeg" publish:qualifiedname="ManageResourceInventory::Interfaces::uses" xmi:id="_d25u0BBaEd20R6sCaTblKg" xsi:type="uml:Dependency"/><publish:element name="uses" publish:icon="_EanJUBEYEd22C4fNvkcGXQ_icon.jpeg" publish:qualifiedname="ManageResourceInventory::Interfaces::uses" xmi:id="_EanJUBEYEd22C4fNvkcGXQ" xsi:type="uml:Dependency"/><publish:element name="uses" publish:icon="_VG-9sBUCEd2iK4kbHbyS2g_icon.jpeg" publish:qualifiedname="ManageResourceInventory::Interfaces::uses" xmi:id="_VG-9sBUCEd2iK4kbHbyS2g" xsi:type="uml:Dependency"/></publish:elements>