<?xml version="1.0" encoding="UTF-8"?><packagedElement name="Class Diagrams" xmlns:publish="http://www.ibm.com/Rational/XTools/Publish" publish:diagramFormat="PNG" publish:icon="-1325065473_icon.png" publish:modelname="NetworkResourceAssurance" publish:qualifiedname="NetworkResourceAssurance::Class Diagrams" publish:sortOrder="storage" publish:toplevelguid="_TIGM.oA6.qE.d.y.d7PUN.b-IYCQ" xmlns:xmi="http://www.omg.org/XMI" xmi:id="_.fF.j.vYB5.cE.d.y.jX65.v.z.eW.aBA" xmi:version="2.0" xmlns:com.ibm.xtools.notation="http:///com/ibm/xtools/notation.ecore" xmlns:uml="http://www.eclipse.org/uml2/1.0.0/UML" xmlns:xsi="http://www.w3.org/2001/XMLSchema-instance" xsi:type="uml:Package"><publish:properties><publish:property canonicalName="Alias" name="Alias" publish:category="UML"/><publish:property canonicalName="Keywords" name="Keywords" publish:category="UML"/><publish:property canonicalName="name" name="Name" publish:category="UML" publish:value="Class Diagrams"/><publish:property canonicalName="nameExpression" name="Name Expression" publish:category="UML"/><publish:property canonicalName="namespace" name="Namespace" publish:category="UML" publish:ismodellink="true" publish:value="NetworkResourceAssurance" xmi:id="_TIGM.oA6.qE.d.y.d7PUN.b-IYCQ"/><publish:property canonicalName="nestingPackage" name="Nesting Package" publish:category="UML" publish:ismodellink="true" publish:value="NetworkResourceAssurance" xmi:id="_TIGM.oA6.qE.d.y.d7PUN.b-IYCQ"/><publish:property canonicalName="ownedTemplateSignature" name="Owned Template Signature" publish:category="UML"/><publish:property canonicalName="owner" name="Owner" publish:category="UML" publish:ismodellink="true" publish:value="NetworkResourceAssurance" xmi:id="_TIGM.oA6.qE.d.y.d7PUN.b-IYCQ"/><publish:property canonicalName="owningTemplateParameter" name="Owning Template Parameter" publish:category="UML"/><publish:property canonicalName="qualifiedName" name="Qualified Name" publish:category="UML" publish:value="NetworkResourceAssurance::Class Diagrams"/><publish:property canonicalName="Stereotype" name="Stereotype" publish:category="UML"/><publish:property canonicalName="templateParameter" name="Template Parameter" publish:category="UML"/><publish:property canonicalName="visibility" name="Visibility" publish:category="UML" publish:value="Public"/></publish:properties><contents Type="Class" isDefault="false" name="NRA Class Diagram" publish:icon="-1677387246_icon.png" publish:imageType="PNG" publish:qualifiedname="NetworkResourceAssurance::Class Diagrams::NRA Class Diagram" xmi:id="_.p.f9NAFVXE.d.y.a2.sE_.yD1P.fQ" xsi:type="notation:Diagram"><publish:properties><publish:property canonicalName="description" name="Description" publish:category="View"/><publish:property canonicalName="graphLayout" name="Graph Layout" publish:category="View" publish:value="VerticalOrthogonalHierarchical"/><publish:property canonicalName="labelLayout" name="Label Layout" publish:category="View" publish:value="None"/><publish:property canonicalName="linkLayout" name="Link Layout" publish:category="View" publish:value="None"/><publish:property canonicalName="measurementUnit" name="Measurement Unit" publish:category="View" publish:value="Himetric"/><publish:property canonicalName="name" name="Name" publish:category="View" publish:value="NRA Class Diagram"/><publish:property canonicalName="pageHeight" name="Page Height" publish:category="View" publish:value="100"/><publish:property canonicalName="pageWidth" name="Page Width" publish:category="View" publish:value="100"/><publish:property canonicalName="pageX" name="Page X" publish:category="View" publish:value="0"/><publish:property canonicalName="pageY" name="Page Y" publish:category="View" publish:value="0"/><publish:property canonicalName="styles" name="Styles" publish:category="View"/><publish:property canonicalName="useAliasName" name="Use Alias Name" publish:category="View" publish:value="false"/></publish:properties><publish:partInfo anchor="#_.l.hQIQP.eBE.d2RD.t6.uV.a5.wH.g" name="Property" publish:ismodellink="false" publish:partLowerX="0" publish:partLowerY="0" publish:partUpperX="0" publish:partUpperY="0" shape="rect" xmi:id="_.l.b.mMMP.eBE.d2RD.t6.uV.a5.wH.g"/><publish:partInfo anchor="#_.l.hQIRP.eBE.d2RD.t6.uV.a5.wH.g" name="Property" publish:ismodellink="false" publish:partLowerX="0" publish:partLowerY="0" publish:partUpperX="0" publish:partUpperY="0" shape="rect" xmi:id="_.l.b.mMMP.eBE.d2RD.t6.uV.a5.wH.g"/><publish:partInfo anchor="#_.l.hQIQP.eBE.d2RD.t6.uV.a5.wH.g" name="Property" publish:ismodellink="false" publish:partLowerX="0" publish:partLowerY="0" publish:partUpperX="0" publish:partUpperY="0" shape="rect" xmi:id="_.l.b.mMMP.eBE.d2RD.t6.uV.a5.wH.g"/><publish:partInfo anchor="#_.l.hQIRP.eBE.d2RD.t6.uV.a5.wH.g" name="Property" publish:ismodellink="false" publish:partLowerX="0" publish:partLowerY="0" publish:partUpperX="0" publish:partUpperY="0" shape="rect" xmi:id="_.l.b.mMMP.eBE.d2RD.t6.uV.a5.wH.g"/><publish:partInfo anchor="#_.l.hQIQP.eBE.d2RD.t6.uV.a5.wH.g" name="Property" publish:ismodellink="false" publish:partLowerX="0" publish:partLowerY="0" publish:partUpperX="0" publish:partUpperY="0" shape="rect" xmi:id="_.l.b.mMMP.eBE.d2RD.t6.uV.a5.wH.g"/><publish:partInfo anchor="#_.l.hQIQP.eBE.d2RD.t6.uV.a5.wH.g" name="Property" publish:ismodellink="false" publish:partLowerX="306" publish:partLowerY="476" publish:partUpperX="299" publish:partUpperY="461" shape="rect" xmi:id="_.l.b.mMMP.eBE.d2RD.t6.uV.a5.wH.g"/><publish:partInfo anchor="#_.l.hQIRP.eBE.d2RD.t6.uV.a5.wH.g" name="Property" publish:ismodellink="false" publish:partLowerX="0" publish:partLowerY="0" publish:partUpperX="0" publish:partUpperY="0" shape="rect" xmi:id="_.l.b.mMMP.eBE.d2RD.t6.uV.a5.wH.g"/><publish:partInfo anchor="#_.l.hQIRP.eBE.d2RD.t6.uV.a5.wH.g" name="Property" publish:ismodellink="false" publish:partLowerX="300" publish:partLowerY="578" publish:partUpperX="295" publish:partUpperY="563" shape="rect" xmi:id="_.l.b.mMMP.eBE.d2RD.t6.uV.a5.wH.g"/><publish:partInfo name="TpContainsPmps" publish:ismodellink="false" publish:partLowerX="329" publish:partLowerY="523" publish:partUpperX="232" publish:partUpperY="508" shape="rect" xmi:id="_.l.b.mMMP.eBE.d2RD.t6.uV.a5.wH.g"/><publish:partInfo coords="282,583,282,448,292,448,292,583,282,583" name="TpContainsPmps" publish:ismodellink="false" shape="poly" xmi:id="_.l.b.mMMP.eBE.d2RD.t6.uV.a5.wH.g"/><publish:partInfo anchor="#_.j2.s.s.oKXME.d2597.xQ-.kI.hBQ" name="Property" publish:ismodellink="false" publish:partLowerX="0" publish:partLowerY="0" publish:partUpperX="0" publish:partUpperY="0" shape="rect" xmi:id="_.j2.i7.oKXME.d2597.xQ-.kI.hBQ"/><publish:partInfo anchor="#_.j2.s.s.o.qXME.d2597.xQ-.kI.hBQ" name="tcaparameterprofile" publish:ismodellink="false" publish:partLowerX="0" publish:partLowerY="0" publish:partUpperX="0" publish:partUpperY="0" shape="rect" xmi:id="_.j2.i7.oKXME.d2597.xQ-.kI.hBQ"/><publish:partInfo anchor="#_.j2.s.s.oKXME.d2597.xQ-.kI.hBQ" name="Property" publish:ismodellink="false" publish:partLowerX="0" publish:partLowerY="0" publish:partUpperX="0" publish:partUpperY="0" shape="rect" xmi:id="_.j2.i7.oKXME.d2597.xQ-.kI.hBQ"/><publish:partInfo anchor="#_.j2.s.s.o.qXME.d2597.xQ-.kI.hBQ" name="tcaparameterprofile" publish:ismodellink="false" publish:partLowerX="0" publish:partLowerY="0" publish:partUpperX="0" publish:partUpperY="0" shape="rect" xmi:id="_.j2.i7.oKXME.d2597.xQ-.kI.hBQ"/><publish:partInfo anchor="#_.j2.s.s.oKXME.d2597.xQ-.kI.hBQ" name="Property" publish:ismodellink="false" publish:partLowerX="0" publish:partLowerY="0" publish:partUpperX="0" publish:partUpperY="0" shape="rect" xmi:id="_.j2.i7.oKXME.d2597.xQ-.kI.hBQ"/><publish:partInfo anchor="#_.j2.s.s.oKXME.d2597.xQ-.kI.hBQ" name="Property" publish:ismodellink="false" publish:partLowerX="906" publish:partLowerY="148" publish:partUpperX="899" publish:partUpperY="133" shape="rect" xmi:id="_.j2.i7.oKXME.d2597.xQ-.kI.hBQ"/><publish:partInfo anchor="#_.j2.s.s.o.qXME.d2597.xQ-.kI.hBQ" name="tcaparameterprofile" publish:ismodellink="false" publish:partLowerX="946" publish:partLowerY="630" publish:partUpperX="832" publish:partUpperY="615" shape="rect" xmi:id="_.j2.i7.oKXME.d2597.xQ-.kI.hBQ"/><publish:partInfo anchor="#_.j2.s.s.o.qXME.d2597.xQ-.kI.hBQ" name="tcaparameterprofile" publish:ismodellink="false" publish:partLowerX="820" publish:partLowerY="626" publish:partUpperX="815" publish:partUpperY="611" shape="rect" xmi:id="_.j2.i7.oKXME.d2597.xQ-.kI.hBQ"/><publish:partInfo name="Association" publish:ismodellink="false" publish:partLowerX="856" publish:partLowerY="424" publish:partUpperX="800" publish:partUpperY="409" shape="rect" xmi:id="_.j2.i7.oKXME.d2597.xQ-.kI.hBQ"/><publish:partInfo coords="822,623,822,79,831,79,831,623,822,623" name="Association" publish:ismodellink="false" shape="poly" xmi:id="_.j2.i7.oKXME.d2597.xQ-.kI.hBQ"/><publish:partInfo name="Dependency" publish:ismodellink="false" publish:partLowerX="0" publish:partLowerY="0" publish:partUpperX="0" publish:partUpperY="0" shape="rect" xmi:id="_PF.y.c.kMT7E.d.yC6_0T.t.uYPCQ"/><publish:partInfo coords="855,724,855,793,845,793,845,724,855,724" name="Dependency" publish:ismodellink="false" shape="poly" xmi:id="_PF.y.c.kMT7E.d.yC6_0T.t.uYPCQ"/><publish:partInfo anchor="#_9SP3.cVFUE.d.yZ.hYPB67.lKRA" name="equipmentProtectionGroup" publish:ismodellink="false" publish:partLowerX="0" publish:partLowerY="0" publish:partUpperX="0" publish:partUpperY="0" shape="rect" xmi:id="_9SP3.cFFUE.d.yZ.hYPB67.lKRA"/><publish:partInfo anchor="#_9SV-E.lFUE.d.yZ.hYPB67.lKRA" name="Property" publish:ismodellink="false" publish:partLowerX="0" publish:partLowerY="0" publish:partUpperX="0" publish:partUpperY="0" shape="rect" xmi:id="_9SP3.cFFUE.d.yZ.hYPB67.lKRA"/><publish:partInfo anchor="#_9SP3.cVFUE.d.yZ.hYPB67.lKRA" name="equipmentProtectionGroup" publish:ismodellink="false" publish:partLowerX="0" publish:partLowerY="0" publish:partUpperX="0" publish:partUpperY="0" shape="rect" xmi:id="_9SP3.cFFUE.d.yZ.hYPB67.lKRA"/><publish:partInfo anchor="#_9SV-E.lFUE.d.yZ.hYPB67.lKRA" name="Property" publish:ismodellink="false" publish:partLowerX="0" publish:partLowerY="0" publish:partUpperX="0" publish:partUpperY="0" shape="rect" xmi:id="_9SP3.cFFUE.d.yZ.hYPB67.lKRA"/><publish:partInfo anchor="#_9SP3.cVFUE.d.yZ.hYPB67.lKRA" name="equipmentProtectionGroup" publish:ismodellink="false" publish:partLowerX="1504" publish:partLowerY="341" publish:partUpperX="1349" publish:partUpperY="326" shape="rect" xmi:id="_9SP3.cFFUE.d.yZ.hYPB67.lKRA"/><publish:partInfo anchor="#_9SP3.cVFUE.d.yZ.hYPB67.lKRA" name="equipmentProtectionGroup" publish:ismodellink="false" publish:partLowerX="1333" publish:partLowerY="344" publish:partUpperX="1328" publish:partUpperY="329" shape="rect" xmi:id="_9SP3.cFFUE.d.yZ.hYPB67.lKRA"/><publish:partInfo anchor="#_9SV-E.lFUE.d.yZ.hYPB67.lKRA" name="Property" publish:ismodellink="false" publish:partLowerX="0" publish:partLowerY="0" publish:partUpperX="0" publish:partUpperY="0" shape="rect" xmi:id="_9SP3.cFFUE.d.yZ.hYPB67.lKRA"/><publish:partInfo anchor="#_9SV-E.lFUE.d.yZ.hYPB67.lKRA" name="Property" publish:ismodellink="false" publish:partLowerX="893" publish:partLowerY="67" publish:partUpperX="886" publish:partUpperY="52" shape="rect" xmi:id="_9SP3.cFFUE.d.yZ.hYPB67.lKRA"/><publish:partInfo name="Association" publish:ismodellink="false" publish:partLowerX="1147" publish:partLowerY="76" publish:partUpperX="1091" publish:partUpperY="61" shape="rect" xmi:id="_9SP3.cFFUE.d.yZ.hYPB67.lKRA"/><publish:partInfo coords="854,72,1349,72,1349,367,1339,367,1339,82,854,82,854,72" name="Association" publish:ismodellink="false" shape="poly" xmi:id="_9SP3.cFFUE.d.yZ.hYPB67.lKRA"/><publish:partInfo name="Generalization" publish:ismodellink="false" publish:partLowerX="0" publish:partLowerY="0" publish:partUpperX="0" publish:partUpperY="0" shape="rect" xmi:id="_2W.z.vUFFUE.d.yZ.hYPB67.lKRA"/><publish:partInfo coords="1156,443,1037,443,1037,421,815,421,815,411,1047,411,1047,433,1156,433,1156,443" name="Generalization" publish:ismodellink="false" shape="poly" xmi:id="_2W.z.vUFFUE.d.yZ.hYPB67.lKRA"/><publish:partInfo name="Dependency" publish:ismodellink="false" publish:partLowerX="0" publish:partLowerY="0" publish:partUpperX="0" publish:partUpperY="0" shape="rect" xmi:id="_H6094MRPE.d.y.oEOAT.f.pD7.o.g"/><publish:partInfo coords="348,888,348,956,338,956,338,888,348,888" name="Dependency" publish:ismodellink="false" shape="poly" xmi:id="_H6094MRPE.d.y.oEOAT.f.pD7.o.g"/><publish:partInfo name="Dependency" publish:ismodellink="false" publish:partLowerX="0" publish:partLowerY="0" publish:partUpperX="0" publish:partUpperY="0" shape="rect" xmi:id="_.pO.kE4MROE.d.y.oEOAT.f.pD7.o.g"/><publish:partInfo coords="344,732,344,803,334,803,334,732,344,732" name="Dependency" publish:ismodellink="false" shape="poly" xmi:id="_.pO.kE4MROE.d.y.oEOAT.f.pD7.o.g"/><publish:partInfo name="Generalization" publish:ismodellink="false" publish:partLowerX="0" publish:partLowerY="0" publish:partUpperX="0" publish:partUpperY="0" shape="rect" xmi:id="_K.k.z.zUFY.vE.d.y.s97.lG39.t.c.p.w"/><publish:partInfo coords="787,623,787,427,797,427,797,623,787,623" name="Generalization" publish:ismodellink="false" shape="poly" xmi:id="_K.k.z.zUFY.vE.d.y.s97.lG39.t.c.p.w"/><publish:partInfo anchor="#_.xZ98.sVF.mE.d.yZ.hYPB67.lKRA" name="protectionGroup" publish:ismodellink="false" publish:partLowerX="0" publish:partLowerY="0" publish:partUpperX="0" publish:partUpperY="0" shape="rect" xmi:id="_.xZ98.sFF.mE.d.yZ.hYPB67.lKRA"/><publish:partInfo anchor="#_.xZ98.tVF.mE.d.yZ.hYPB67.lKRA" name="Property" publish:ismodellink="false" publish:partLowerX="0" publish:partLowerY="0" publish:partUpperX="0" publish:partUpperY="0" shape="rect" xmi:id="_.xZ98.sFF.mE.d.yZ.hYPB67.lKRA"/><publish:partInfo anchor="#_.xZ98.sVF.mE.d.yZ.hYPB67.lKRA" name="protectionGroup" publish:ismodellink="false" publish:partLowerX="0" publish:partLowerY="0" publish:partUpperX="0" publish:partUpperY="0" shape="rect" xmi:id="_.xZ98.sFF.mE.d.yZ.hYPB67.lKRA"/><publish:partInfo anchor="#_.xZ98.tVF.mE.d.yZ.hYPB67.lKRA" name="Property" publish:ismodellink="false" publish:partLowerX="0" publish:partLowerY="0" publish:partUpperX="0" publish:partUpperY="0" shape="rect" xmi:id="_.xZ98.sFF.mE.d.yZ.hYPB67.lKRA"/><publish:partInfo anchor="#_.xZ98.sVF.mE.d.yZ.hYPB67.lKRA" name="protectionGroup" publish:ismodellink="false" publish:partLowerX="346" publish:partLowerY="139" publish:partUpperX="251" publish:partUpperY="124" shape="rect" xmi:id="_.xZ98.sFF.mE.d.yZ.hYPB67.lKRA"/><publish:partInfo anchor="#_.xZ98.sVF.mE.d.yZ.hYPB67.lKRA" name="protectionGroup" publish:ismodellink="false" publish:partLowerX="242" publish:partLowerY="136" publish:partUpperX="237" publish:partUpperY="121" shape="rect" xmi:id="_.xZ98.sFF.mE.d.yZ.hYPB67.lKRA"/><publish:partInfo anchor="#_.xZ98.tVF.mE.d.yZ.hYPB67.lKRA" name="Property" publish:ismodellink="false" publish:partLowerX="0" publish:partLowerY="0" publish:partUpperX="0" publish:partUpperY="0" shape="rect" xmi:id="_.xZ98.sFF.mE.d.yZ.hYPB67.lKRA"/><publish:partInfo anchor="#_.xZ98.tVF.mE.d.yZ.hYPB67.lKRA" name="Property" publish:ismodellink="false" publish:partLowerX="714" publish:partLowerY="55" publish:partUpperX="707" publish:partUpperY="40" shape="rect" xmi:id="_.xZ98.sFF.mE.d.yZ.hYPB67.lKRA"/><publish:partInfo name="Association" publish:ismodellink="false" publish:partLowerX="530" publish:partLowerY="61" publish:partUpperX="474" publish:partUpperY="46" shape="rect" xmi:id="_.xZ98.sFF.mE.d.yZ.hYPB67.lKRA"/><publish:partInfo coords="731,68,252,68,252,150,242,150,242,58,731,58,731,68" name="Association" publish:ismodellink="false" shape="poly" xmi:id="_.xZ98.sFF.mE.d.yZ.hYPB67.lKRA"/><publish:partInfo name="Generalization" publish:ismodellink="false" publish:partLowerX="0" publish:partLowerY="0" publish:partUpperX="0" publish:partUpperY="0" shape="rect" xmi:id="_MU.cYYFF.iE.d.yZ.hYPB67.lKRA"/><publish:partInfo coords="443,331,443,399,667,399,667,409,433,409,433,331,443,331" name="Generalization" publish:ismodellink="false" shape="poly" xmi:id="_MU.cYYFF.iE.d.yZ.hYPB67.lKRA"/><publish:partInfo anchor="#_X19.k.sVF.rE.d.yZ.hYPB67.lKRA" name="asap" publish:ismodellink="false" publish:partLowerX="0" publish:partLowerY="0" publish:partUpperX="0" publish:partUpperY="0" shape="rect" xmi:id="_X19.k.sFF.rE.d.yZ.hYPB67.lKRA"/><publish:partInfo anchor="#_X2D.rU.lF.rE.d.yZ.hYPB67.lKRA" name="Property" publish:ismodellink="false" publish:partLowerX="0" publish:partLowerY="0" publish:partUpperX="0" publish:partUpperY="0" shape="rect" xmi:id="_X19.k.sFF.rE.d.yZ.hYPB67.lKRA"/><publish:partInfo anchor="#_X19.k.sVF.rE.d.yZ.hYPB67.lKRA" name="asap" publish:ismodellink="false" publish:partLowerX="0" publish:partLowerY="0" publish:partUpperX="0" publish:partUpperY="0" shape="rect" xmi:id="_X19.k.sFF.rE.d.yZ.hYPB67.lKRA"/><publish:partInfo anchor="#_X2D.rU.lF.rE.d.yZ.hYPB67.lKRA" name="Property" publish:ismodellink="false" publish:partLowerX="0" publish:partLowerY="0" publish:partUpperX="0" publish:partUpperY="0" shape="rect" xmi:id="_X19.k.sFF.rE.d.yZ.hYPB67.lKRA"/><publish:partInfo anchor="#_X19.k.sVF.rE.d.yZ.hYPB67.lKRA" name="asap" publish:ismodellink="false" publish:partLowerX="1394" publish:partLowerY="767" publish:partUpperX="1359" publish:partUpperY="752" shape="rect" xmi:id="_X19.k.sFF.rE.d.yZ.hYPB67.lKRA"/><publish:partInfo anchor="#_X19.k.sVF.rE.d.yZ.hYPB67.lKRA" name="asap" publish:ismodellink="false" publish:partLowerX="1334" publish:partLowerY="768" publish:partUpperX="1329" publish:partUpperY="753" shape="rect" xmi:id="_X19.k.sFF.rE.d.yZ.hYPB67.lKRA"/><publish:partInfo anchor="#_X2D.rU.lF.rE.d.yZ.hYPB67.lKRA" name="Property" publish:ismodellink="false" publish:partLowerX="0" publish:partLowerY="0" publish:partUpperX="0" publish:partUpperY="0" shape="rect" xmi:id="_X19.k.sFF.rE.d.yZ.hYPB67.lKRA"/><publish:partInfo anchor="#_X2D.rU.lF.rE.d.yZ.hYPB67.lKRA" name="Property" publish:ismodellink="false" publish:partLowerX="1335" publish:partLowerY="691" publish:partUpperX="1328" publish:partUpperY="676" shape="rect" xmi:id="_X19.k.sFF.rE.d.yZ.hYPB67.lKRA"/><publish:partInfo name="Association" publish:ismodellink="false" publish:partLowerX="1378" publish:partLowerY="727" publish:partUpperX="1322" publish:partUpperY="712" shape="rect" xmi:id="_X19.k.sFF.rE.d.yZ.hYPB67.lKRA"/><publish:partInfo coords="1352,667,1352,777,1342,777,1342,667,1352,667" name="Association" publish:ismodellink="false" shape="poly" xmi:id="_X19.k.sFF.rE.d.yZ.hYPB67.lKRA"/><publish:partInfo name="Generalization" publish:ismodellink="false" publish:partLowerX="0" publish:partLowerY="0" publish:partUpperX="0" publish:partUpperY="0" shape="rect" xmi:id="_.cY6.iYFYUE.d.y.s97.lG39.t.c.p.w"/><publish:partInfo coords="359,583,359,417,667,417,667,427,369,427,369,583,359,583" name="Generalization" publish:ismodellink="false" shape="poly" xmi:id="_.cY6.iYFYUE.d.y.s97.lG39.t.c.p.w"/><publish:partInfo name="Dependency" publish:ismodellink="false" publish:partLowerX="0" publish:partLowerY="0" publish:partUpperX="0" publish:partUpperY="0" shape="rect" xmi:id="_2JMRQFYOE.d.y.s97.lG39.t.c.p.w"/><publish:partInfo coords="1374,862,1374,944,1364,944,1364,862,1374,862" name="Dependency" publish:ismodellink="false" shape="poly" xmi:id="_2JMRQFYOE.d.y.s97.lG39.t.c.p.w"/><publish:partInfo name="Generalization" publish:ismodellink="false" publish:partLowerX="0" publish:partLowerY="0" publish:partUpperX="0" publish:partUpperY="0" shape="rect" xmi:id="_.w6.oM.kFYME.d.y.s97.lG39.t.c.p.w"/><publish:partInfo coords="1164,777,1164,562,759,562,759,427,769,427,769,552,1174,552,1174,777,1164,777" name="Generalization" publish:ismodellink="false" shape="poly" xmi:id="_.w6.oM.kFYME.d.y.s97.lG39.t.c.p.w"/><publish:partInfo anchor="#_.b.gAB.cP.s.oE.d.y.b.z6.jV.d6YV.eQ" name="ituArcStateAndStatusList" publish:ismodellink="false" publish:partLowerX="1571" publish:partLowerY="547" publish:partUpperX="1162" publish:partUpperY="531" shape="rect" xmi:id="_.j.o.v.jIFFTE.d.yZ.hYPB67.lKRA"/><publish:partInfo anchor="#_.vG.k90MN.hE.d.y.d.iYA.u_Q32IQ" name="asapRef" publish:ismodellink="false" publish:partLowerX="1571" publish:partLowerY="531" publish:partUpperX="1162" publish:partUpperY="515" shape="rect" xmi:id="_.j.o.v.jIFFTE.d.yZ.hYPB67.lKRA"/><publish:partInfo anchor="#_.s2G.q.kVFTE.d.yZ.hYPB67.lKRA" name="parameterList" publish:ismodellink="false" publish:partLowerX="1571" publish:partLowerY="515" publish:partUpperX="1162" publish:partUpperY="499" shape="rect" xmi:id="_.j.o.v.jIFFTE.d.yZ.hYPB67.lKRA"/><publish:partInfo anchor="#_.f.k1P.cMT.bE.d.y.d.wOPP8U.aO.aA" name="protectingEquipmentRefList" publish:ismodellink="false" publish:partLowerX="1571" publish:partLowerY="499" publish:partUpperX="1162" publish:partUpperY="483" shape="rect" xmi:id="_.j.o.v.jIFFTE.d.yZ.hYPB67.lKRA"/><publish:partInfo anchor="#_UIJJ.sMT.bE.d.y.d.wOPP8U.aO.aA" name="protectedEquipmentRefList" publish:ismodellink="false" publish:partLowerX="1571" publish:partLowerY="483" publish:partUpperX="1162" publish:partUpperY="467" shape="rect" xmi:id="_.j.o.v.jIFFTE.d.yZ.hYPB67.lKRA"/><publish:partInfo anchor="#_.s2A.j-.lFTE.d.yZ.hYPB67.lKRA" name="reversionMode" publish:ismodellink="false" publish:partLowerX="1571" publish:partLowerY="467" publish:partUpperX="1162" publish:partUpperY="451" shape="rect" xmi:id="_.j.o.v.jIFFTE.d.yZ.hYPB67.lKRA"/><publish:partInfo anchor="#_.s2A.j9.lFTE.d.yZ.hYPB67.lKRA" name="protectionSchemeState" publish:ismodellink="false" publish:partLowerX="1571" publish:partLowerY="451" publish:partUpperX="1162" publish:partUpperY="435" shape="rect" xmi:id="_.j.o.v.jIFFTE.d.yZ.hYPB67.lKRA"/><publish:partInfo anchor="#_.s2A.j8.lFTE.d.yZ.hYPB67.lKRA" name="type" publish:ismodellink="false" publish:partLowerX="1571" publish:partLowerY="435" publish:partUpperX="1162" publish:partUpperY="419" shape="rect" xmi:id="_.j.o.v.jIFFTE.d.yZ.hYPB67.lKRA"/><publish:partInfo name="EquipmentProtectionGroup" publish:ismodellink="false" publish:partLowerX="1581" publish:partLowerY="552" publish:partUpperX="1156" publish:partUpperY="367" shape="rect" xmi:id="_.j.o.v.jIFFTE.d.yZ.hYPB67.lKRA"/><publish:partInfo anchor="#_9.o.zBQMT6E.d.yC6_0T.t.uYPCQ" name="tcaParameterList" publish:ismodellink="false" publish:partLowerX="1062" publish:partLowerY="723" publish:partUpperX="635" publish:partUpperY="707" shape="rect" xmi:id="_.r.bGJUFY.uE.d.y.s97.lG39.t.c.p.w"/><publish:partInfo anchor="#_3_G.c.dFY.uE.d.y.s97.lG39.t.c.p.w" name="associatedTpRefList" publish:ismodellink="false" publish:partLowerX="1062" publish:partLowerY="707" publish:partUpperX="635" publish:partUpperY="691" shape="rect" xmi:id="_.r.bGJUFY.uE.d.y.s97.lG39.t.c.p.w"/><publish:partInfo anchor="#_3_G.c.cFY.uE.d.y.s97.lG39.t.c.p.w" name="layerRate" publish:ismodellink="false" publish:partLowerX="1062" publish:partLowerY="691" publish:partUpperX="635" publish:partUpperY="675" shape="rect" xmi:id="_.r.bGJUFY.uE.d.y.s97.lG39.t.c.p.w"/><publish:partInfo name="TcaParameterProfile" publish:ismodellink="false" publish:partLowerX="1071" publish:partLowerY="728" publish:partUpperX="628" publish:partUpperY="623" shape="rect" xmi:id="_.r.bGJUFY.uE.d.y.s97.lG39.t.c.p.w"/><publish:partInfo anchor="#_.c.h.tWEP.s.oE.d.y.b.z6.jV.d6YV.eQ" name="ituArcStateAndStatusList" publish:ismodellink="false" publish:partLowerX="522" publish:partLowerY="330" publish:partUpperX="16" publish:partUpperY="314" shape="rect" xmi:id="_Q8_.tUFF.hE.d.yZ.hYPB67.lKRA"/><publish:partInfo anchor="#_.y.eC.o4MN.hE.d.y.d.iYA.u_Q32IQ" name="asapRef" publish:ismodellink="false" publish:partLowerX="522" publish:partLowerY="314" publish:partUpperX="16" publish:partUpperY="298" shape="rect" xmi:id="_Q8_.tUFF.hE.d.yZ.hYPB67.lKRA"/><publish:partInfo anchor="#_.n3BZFFF.hE.d.yZ.hYPB67.lKRA" name="apsProtocolType" publish:ismodellink="false" publish:partLowerX="522" publish:partLowerY="298" publish:partUpperX="16" publish:partUpperY="282" shape="rect" xmi:id="_Q8_.tUFF.hE.d.yZ.hYPB67.lKRA"/><publish:partInfo anchor="#_.n3BZEFF.hE.d.yZ.hYPB67.lKRA" name="parameterList" publish:ismodellink="false" publish:partLowerX="522" publish:partLowerY="282" publish:partUpperX="16" publish:partUpperY="266" shape="rect" xmi:id="_Q8_.tUFF.hE.d.yZ.hYPB67.lKRA"/><publish:partInfo anchor="#_.n27S.f.lF.hE.d.yZ.hYPB67.lKRA" name="layerRate" publish:ismodellink="false" publish:partLowerX="522" publish:partLowerY="266" publish:partUpperX="16" publish:partUpperY="250" shape="rect" xmi:id="_Q8_.tUFF.hE.d.yZ.hYPB67.lKRA"/><publish:partInfo anchor="#_.n27S.e.lF.hE.d.yZ.hYPB67.lKRA" name="reversionMode" publish:ismodellink="false" publish:partLowerX="522" publish:partLowerY="250" publish:partUpperX="16" publish:partUpperY="234" shape="rect" xmi:id="_Q8_.tUFF.hE.d.yZ.hYPB67.lKRA"/><publish:partInfo anchor="#_.n27S.d.lF.hE.d.yZ.hYPB67.lKRA" name="protectionSchemeState" publish:ismodellink="false" publish:partLowerX="522" publish:partLowerY="234" publish:partUpperX="16" publish:partUpperY="218" shape="rect" xmi:id="_Q8_.tUFF.hE.d.yZ.hYPB67.lKRA"/><publish:partInfo anchor="#_.n27S.c.lF.hE.d.yZ.hYPB67.lKRA" name="type" publish:ismodellink="false" publish:partLowerX="522" publish:partLowerY="218" publish:partUpperX="16" publish:partUpperY="202" shape="rect" xmi:id="_Q8_.tUFF.hE.d.yZ.hYPB67.lKRA"/><publish:partInfo name="ProtectionGroup" publish:ismodellink="false" publish:partLowerX="531" publish:partLowerY="335" publish:partUpperX="9" publish:partUpperY="150" shape="rect" xmi:id="_Q8_.tUFF.hE.d.yZ.hYPB67.lKRA"/><publish:partInfo anchor="#_.e.bB8Z1Y.aE.d.y.s97.lG39.t.c.p.w" name="thresholdUnit" publish:ismodellink="false" publish:partLowerX="542" publish:partLowerY="1072" publish:partUpperX="151" publish:partUpperY="1056" shape="rect" xmi:id="_W.k5.t.oFY.aE.d.y.s97.lG39.t.c.p.w"/><publish:partInfo anchor="#_.e.bB8Y1Y.aE.d.y.s97.lG39.t.c.p.w" name="thresholdValue" publish:ismodellink="false" publish:partLowerX="542" publish:partLowerY="1056" publish:partUpperX="151" publish:partUpperY="1040" shape="rect" xmi:id="_W.k5.t.oFY.aE.d.y.s97.lG39.t.c.p.w"/><publish:partInfo anchor="#_1AB2.kMW.oE.d.yH.p.b.nWEB.cCNQ" name="trigger" publish:ismodellink="false" publish:partLowerX="542" publish:partLowerY="1040" publish:partUpperX="151" publish:partUpperY="1024" shape="rect" xmi:id="_W.k5.t.oFY.aE.d.y.s97.lG39.t.c.p.w"/><publish:partInfo anchor="#_.e.a71.wFY.aE.d.y.s97.lG39.t.c.p.w" name="thresholdType" publish:ismodellink="false" publish:partLowerX="542" publish:partLowerY="1024" publish:partUpperX="151" publish:partUpperY="1008" shape="rect" xmi:id="_W.k5.t.oFY.aE.d.y.s97.lG39.t.c.p.w"/><publish:partInfo name="PerformanceMonitoringThreshold" publish:ismodellink="false" publish:partLowerX="551" publish:partLowerY="1077" publish:partUpperX="144" publish:partUpperY="956" shape="rect" xmi:id="_W.k5.t.oFY.aE.d.y.s97.lG39.t.c.p.w"/><publish:partInfo anchor="#_J.q7V0ID.iE.d6_EMV-.kY.y7J.w" name="pmThresholdList" publish:ismodellink="false" publish:partLowerX="522" publish:partLowerY="887" publish:partUpperX="158" publish:partUpperY="871" shape="rect" xmi:id="_.r3PU.wFYYE.d.y.s97.lG39.t.c.p.w"/><publish:partInfo anchor="#_.tJ.jRMVYYE.d.y.s97.lG39.t.c.p.w" name="pmParameterName" publish:ismodellink="false" publish:partLowerX="522" publish:partLowerY="871" publish:partUpperX="158" publish:partUpperY="855" shape="rect" xmi:id="_.r3PU.wFYYE.d.y.s97.lG39.t.c.p.w"/><publish:partInfo name="PerformanceMonitoringParameter" publish:ismodellink="false" publish:partLowerX="531" publish:partLowerY="892" publish:partUpperX="152" publish:partUpperY="803" shape="rect" xmi:id="_.r3PU.wFYYE.d.y.s97.lG39.t.c.p.w"/><publish:partInfo anchor="#_.bR1EQMROE.d.y.oEOAT.f.pD7.o.g" name="pmParameterList" publish:ismodellink="false" publish:partLowerX="527" publish:partLowerY="731" publish:partUpperX="150" publish:partUpperY="715" shape="rect" xmi:id="_.l.rQ.s8FYTE.d.y.s97.lG39.t.c.p.w"/><publish:partInfo anchor="#_.yW-K.mVYTE.d.y.s97.lG39.t.c.p.w" name="monitoringState" publish:ismodellink="false" publish:partLowerX="527" publish:partLowerY="715" publish:partUpperX="150" publish:partUpperY="699" shape="rect" xmi:id="_.l.rQ.s8FYTE.d.y.s97.lG39.t.c.p.w"/><publish:partInfo anchor="#_.yW-K.nVYTE.d.y.s97.lG39.t.c.p.w" name="supervisionState" publish:ismodellink="false" publish:partLowerX="527" publish:partLowerY="699" publish:partUpperX="150" publish:partUpperY="683" shape="rect" xmi:id="_.l.rQ.s8FYTE.d.y.s97.lG39.t.c.p.w"/><publish:partInfo anchor="#_.yW-K.lVYTE.d.y.s97.lG39.t.c.p.w" name="granularity" publish:ismodellink="false" publish:partLowerX="527" publish:partLowerY="683" publish:partUpperX="150" publish:partUpperY="667" shape="rect" xmi:id="_.l.rQ.s8FYTE.d.y.s97.lG39.t.c.p.w"/><publish:partInfo anchor="#_.yW-K.kVYTE.d.y.s97.lG39.t.c.p.w" name="pmLocation" publish:ismodellink="false" publish:partLowerX="527" publish:partLowerY="667" publish:partUpperX="150" publish:partUpperY="651" shape="rect" xmi:id="_.l.rQ.s8FYTE.d.y.s97.lG39.t.c.p.w"/><publish:partInfo anchor="#_.yW4D8VYTE.d.y.s97.lG39.t.c.p.w" name="layerRate" publish:ismodellink="false" publish:partLowerX="527" publish:partLowerY="651" publish:partUpperX="150" publish:partUpperY="635" shape="rect" xmi:id="_.l.rQ.s8FYTE.d.y.s97.lG39.t.c.p.w"/><publish:partInfo name="PerformanceMonitoringPoint" publish:ismodellink="false" publish:partLowerX="537" publish:partLowerY="736" publish:partUpperX="143" publish:partUpperY="583" shape="rect" xmi:id="_.l.rQ.s8FYTE.d.y.s97.lG39.t.c.p.w"/><publish:partInfo anchor="#_.q.y.xL.pVYOE.d.y.s97.lG39.t.c.p.w" name="serviceIndependentSeverity" publish:ismodellink="false" publish:partLowerX="1579" publish:partLowerY="1092" publish:partUpperX="1159" publish:partUpperY="1076" shape="rect" xmi:id="_.o.bM3QFYOE.d.y.s97.lG39.t.c.p.w"/><publish:partInfo anchor="#_.q.y.xL.oVYOE.d.y.s97.lG39.t.c.p.w" name="nonServiceAffectingSeverity" publish:ismodellink="false" publish:partLowerX="1579" publish:partLowerY="1076" publish:partUpperX="1159" publish:partUpperY="1060" shape="rect" xmi:id="_.o.bM3QFYOE.d.y.s97.lG39.t.c.p.w"/><publish:partInfo anchor="#_.q.y.xL.nVYOE.d.y.s97.lG39.t.c.p.w" name="serviceAffectingSeverity" publish:ismodellink="false" publish:partLowerX="1579" publish:partLowerY="1060" publish:partUpperX="1159" publish:partUpperY="1044" shape="rect" xmi:id="_.o.bM3QFYOE.d.y.s97.lG39.t.c.p.w"/><publish:partInfo anchor="#_.q.y.xL.mVYOE.d.y.s97.lG39.t.c.p.w" name="nativeProbableCause" publish:ismodellink="false" publish:partLowerX="1579" publish:partLowerY="1044" publish:partUpperX="1159" publish:partUpperY="1028" shape="rect" xmi:id="_.o.bM3QFYOE.d.y.s97.lG39.t.c.p.w"/><publish:partInfo anchor="#_.q.y.xL.lVYOE.d.y.s97.lG39.t.c.p.w" name="probableCauseQualifier" publish:ismodellink="false" publish:partLowerX="1579" publish:partLowerY="1028" publish:partUpperX="1159" publish:partUpperY="1012" shape="rect" xmi:id="_.o.bM3QFYOE.d.y.s97.lG39.t.c.p.w"/><publish:partInfo anchor="#_.q.y.xL.kVYOE.d.y.s97.lG39.t.c.p.w" name="probableCause" publish:ismodellink="false" publish:partLowerX="1579" publish:partLowerY="1012" publish:partUpperX="1159" publish:partUpperY="996" shape="rect" xmi:id="_.o.bM3QFYOE.d.y.s97.lG39.t.c.p.w"/><publish:partInfo name="AlarmSeverityAssignment" publish:ismodellink="false" publish:partLowerX="1589" publish:partLowerY="1097" publish:partUpperX="1153" publish:partUpperY="944" shape="rect" xmi:id="_.o.bM3QFYOE.d.y.s97.lG39.t.c.p.w"/><publish:partInfo anchor="#_.rC.h4B.v-.tE.d.uKKL.vC_EB00A" name="alarmSeverityAssignmentList" publish:ismodellink="false" publish:partLowerX="1583" publish:partLowerY="861" publish:partUpperX="1148" publish:partUpperY="845" shape="rect" xmi:id="_.rC.h4AP-.tE.d.uKKL.vC_EB00A"/><publish:partInfo anchor="#_.rC.h4A_-.tE.d.uKKL.vC_EB00A" name="isFixed" publish:ismodellink="false" publish:partLowerX="1583" publish:partLowerY="845" publish:partUpperX="1148" publish:partUpperY="829" shape="rect" xmi:id="_.rC.h4AP-.tE.d.uKKL.vC_EB00A"/><publish:partInfo name="AlarmSeverityAssignmentProfile" publish:ismodellink="false" publish:partLowerX="1593" publish:partLowerY="866" publish:partUpperX="1142" publish:partUpperY="777" shape="rect" xmi:id="_.rC.h4AP-.tE.d.uKKL.vC_EB00A"/><publish:partInfo anchor="#_.tZ.p.nO.cT8E.d.yC6_0T.t.uYPCQ" name="thresholdUnit" publish:ismodellink="false" publish:partLowerX="1048" publish:partLowerY="957" publish:partUpperX="657" publish:partUpperY="941" shape="rect" xmi:id="_.sI.pE.cFY.xE.d.y.s97.lG39.t.c.p.w"/><publish:partInfo anchor="#_.tZ.p.nN.sT8E.d.yC6_0T.t.uYPCQ" name="thresholdValue" publish:ismodellink="false" publish:partLowerX="1048" publish:partLowerY="941" publish:partUpperX="657" publish:partUpperY="925" shape="rect" xmi:id="_.sI.pE.cFY.xE.d.y.s97.lG39.t.c.p.w"/><publish:partInfo anchor="#_.tZ.p.nM8T8E.d.yC6_0T.t.uYPCQ" name="trigger" publish:ismodellink="false" publish:partLowerX="1048" publish:partLowerY="925" publish:partUpperX="657" publish:partUpperY="909" shape="rect" xmi:id="_.sI.pE.cFY.xE.d.y.s97.lG39.t.c.p.w"/><publish:partInfo anchor="#_.tZ.p.nMMT8E.d.yC6_0T.t.uYPCQ" name="thresholdType" publish:ismodellink="false" publish:partLowerX="1048" publish:partLowerY="909" publish:partUpperX="657" publish:partUpperY="893" shape="rect" xmi:id="_.sI.pE.cFY.xE.d.y.s97.lG39.t.c.p.w"/><publish:partInfo anchor="#_LWPW.wMT9E.d.yC6_0T.t.uYPCQ" name="pmLocation" publish:ismodellink="false" publish:partLowerX="1048" publish:partLowerY="893" publish:partUpperX="657" publish:partUpperY="877" shape="rect" xmi:id="_.sI.pE.cFY.xE.d.y.s97.lG39.t.c.p.w"/><publish:partInfo anchor="#_LWPW.xMT9E.d.yC6_0T.t.uYPCQ" name="granularity" publish:ismodellink="false" publish:partLowerX="1048" publish:partLowerY="877" publish:partUpperX="657" publish:partUpperY="861" shape="rect" xmi:id="_.sI.pE.cFY.xE.d.y.s97.lG39.t.c.p.w"/><publish:partInfo anchor="#_GF6.s.oMT9E.d.yC6_0T.t.uYPCQ" name="pmParameterName" publish:ismodellink="false" publish:partLowerX="1048" publish:partLowerY="861" publish:partUpperX="657" publish:partUpperY="845" shape="rect" xmi:id="_.sI.pE.cFY.xE.d.y.s97.lG39.t.c.p.w"/><publish:partInfo name="ThresholdCrossingAlertParameter" publish:ismodellink="false" publish:partLowerX="1058" publish:partLowerY="962" publish:partUpperX="651" publish:partUpperY="793" shape="rect" xmi:id="_.sI.pE.cFY.xE.d.y.s97.lG39.t.c.p.w"/></contents><contents Type="Class" isDefault="false" name="NRA DDP Relationship Diagram" publish:icon="-1677387246_icon.png" publish:imageType="PNG" publish:qualifiedname="NetworkResourceAssurance::Class Diagrams::NRA DDP Relationship Diagram" xmi:id="_W8V.e.kFYME.d.y.s97.lG39.t.c.p.w" xsi:type="notation:Diagram"><publish:properties><publish:property canonicalName="description" name="Description" publish:category="View"/><publish:property canonicalName="graphLayout" name="Graph Layout" publish:category="View" publish:value="VerticalOrthogonalHierarchical"/><publish:property canonicalName="labelLayout" name="Label Layout" publish:category="View" publish:value="None"/><publish:property canonicalName="linkLayout" name="Link Layout" publish:category="View" publish:value="None"/><publish:property canonicalName="measurementUnit" name="Measurement Unit" publish:category="View" publish:value="Himetric"/><publish:property canonicalName="name" name="Name" publish:category="View" publish:value="NRA DDP Relationship Diagram"/><publish:property canonicalName="pageHeight" name="Page Height" publish:category="View" publish:value="100"/><publish:property canonicalName="pageWidth" name="Page Width" publish:category="View" publish:value="100"/><publish:property canonicalName="pageX" name="Page X" publish:category="View" publish:value="0"/><publish:property canonicalName="pageY" name="Page Y" publish:category="View" publish:value="0"/><publish:property canonicalName="styles" name="Styles" publish:category="View"/><publish:property canonicalName="useAliasName" name="Use Alias Name" publish:category="View" publish:value="false"/></publish:properties><publish:partInfo name="ElementImport" publish:ismodellink="false" publish:partLowerX="282" publish:partLowerY="244" publish:partUpperX="233" publish:partUpperY="230" shape="rect" xmi:id="_S.gIE0ID2E.d6_EMV-.kY.y7J.w"/><publish:partInfo coords="197,239,318,239,318,249,197,249,197,239" name="ElementImport" publish:ismodellink="false" shape="poly" xmi:id="_S.gIE0ID2E.d6_EMV-.kY.y7J.w"/><publish:partInfo name="PackageImport" publish:ismodellink="false" publish:partLowerX="179" publish:partLowerY="187" publish:partUpperX="130" publish:partUpperY="173" shape="rect" xmi:id="_.c.a2V.sFYME.d.y.s97.lG39.t.c.p.w"/><publish:partInfo coords="101,228,101,187,214,187,214,168,224,168,224,197,111,197,111,228,101,228" name="PackageImport" publish:ismodellink="false" shape="poly" xmi:id="_.c.a2V.sFYME.d.y.s97.lG39.t.c.p.w"/><publish:partInfo name="NetworkResourceAssurance" publish:ismodellink="true" publish:partLowerX="192" publish:partLowerY="267" publish:partUpperX="13" publish:partUpperY="255" shape="rect" xmi:id="_TIGM.oA6.qE.d.y.d7PUN.b-IYCQ"/><publish:partInfo name="NetworkResourceAssurance" publish:ismodellink="true" publish:partLowerX="199" publish:partLowerY="275" publish:partUpperX="9" publish:partUpperY="217" shape="rect" xmi:id="_TIGM.oA6.qE.d.y.d7PUN.b-IYCQ"/></contents><contents Type="Class" isDefault="false" name="NRA Notifications Diagram" publish:icon="-1677387246_icon.png" publish:imageType="PNG" publish:qualifiedname="NetworkResourceAssurance::Class Diagrams::NRA Notifications Diagram" xmi:id="_4LC.tEFY2E.d.y.s97.lG39.t.c.p.w" xsi:type="notation:Diagram"><publish:properties><publish:property canonicalName="description" name="Description" publish:category="View"/><publish:property canonicalName="graphLayout" name="Graph Layout" publish:category="View" publish:value="VerticalOrthogonalHierarchical"/><publish:property canonicalName="labelLayout" name="Label Layout" publish:category="View" publish:value="None"/><publish:property canonicalName="linkLayout" name="Link Layout" publish:category="View" publish:value="None"/><publish:property canonicalName="measurementUnit" name="Measurement Unit" publish:category="View" publish:value="Himetric"/><publish:property canonicalName="name" name="Name" publish:category="View" publish:value="NRA Notifications Diagram"/><publish:property canonicalName="pageHeight" name="Page Height" publish:category="View" publish:value="100"/><publish:property canonicalName="pageWidth" name="Page Width" publish:category="View" publish:value="100"/><publish:property canonicalName="pageX" name="Page X" publish:category="View" publish:value="0"/><publish:property canonicalName="pageY" name="Page Y" publish:category="View" publish:value="0"/><publish:property canonicalName="styles" name="Styles" publish:category="View"/><publish:property canonicalName="useAliasName" name="Use Alias Name" publish:category="View" publish:value="false"/></publish:properties><publish:partInfo name="Generalization" publish:ismodellink="false" publish:partLowerX="0" publish:partLowerY="0" publish:partUpperX="0" publish:partUpperY="0" shape="rect" xmi:id="_.vQAV.sFCZE.d.y.n.y.b.g.l.u.dW5L.g"/><publish:partInfo coords="360,164,360,136,458,136,458,45,468,45,468,146,370,146,370,164,360,164" name="Generalization" publish:ismodellink="false" shape="poly" xmi:id="_.vQAV.sFCZE.d.y.n.y.b.g.l.u.dW5L.g"/><publish:partInfo name="Generalization" publish:ismodellink="false" publish:partLowerX="0" publish:partLowerY="0" publish:partUpperX="0" publish:partUpperY="0" shape="rect" xmi:id="_R47R.gFC.aE.d.y.n.y.b.g.l.u.dW5L.g"/><publish:partInfo coords="749,164,749,126,514,126,514,45,524,45,524,116,759,116,759,164,749,164" name="Generalization" publish:ismodellink="false" shape="poly" xmi:id="_R47R.gFC.aE.d.y.n.y.b.g.l.u.dW5L.g"/><publish:partInfo name="Generalization" publish:ismodellink="false" publish:partLowerX="0" publish:partLowerY="0" publish:partUpperX="0" publish:partUpperY="0" shape="rect" xmi:id="_II.tG.kF.b.aE.d.yH-M5V.e.rQW.s.w"/><publish:partInfo coords="845,68,728,68,728,44,562,44,562,34,738,34,738,58,845,58,845,68" name="Generalization" publish:ismodellink="false" shape="poly" xmi:id="_II.tG.kF.b.aE.d.yH-M5V.e.rQW.s.w"/><publish:partInfo name="Generalization" publish:ismodellink="false" publish:partLowerX="0" publish:partLowerY="0" publish:partUpperX="0" publish:partUpperY="0" shape="rect" xmi:id="_.p.w.xF.wFY_E.d.y.s97.lG39.t.c.p.w"/><publish:partInfo coords="448,383,448,201,458,201,458,383,448,383" name="Generalization" publish:ismodellink="false" shape="poly" xmi:id="_.p.w.xF.wFY_E.d.y.s97.lG39.t.c.p.w"/><publish:partInfo name="Generalization" publish:ismodellink="false" publish:partLowerX="0" publish:partLowerY="0" publish:partUpperX="0" publish:partUpperY="0" shape="rect" xmi:id="_.dC6FUFY6E.d.y.s97.lG39.t.c.p.w"/><publish:partInfo coords="613,384,613,314,514,314,514,201,524,201,524,304,623,304,623,384,613,384" name="Generalization" publish:ismodellink="false" shape="poly" xmi:id="_.dC6FUFY6E.d.y.s97.lG39.t.c.p.w"/><publish:partInfo anchor="#_OVA20M.m.kE.d.yFQ8O5S.bJ.fEQ" name="osTime" publish:ismodellink="false" publish:partLowerX="391" publish:partLowerY="344" publish:partUpperX="108" publish:partUpperY="328" shape="rect" xmi:id="_.i.h.t.eIFCZE.d.y.n.y.b.g.l.u.dW5L.g"/><publish:partInfo anchor="#_8.t6FTVCZE.d.y.n.y.b.g.l.u.dW5L.g" name="switchToTpRef" publish:ismodellink="false" publish:partLowerX="391" publish:partLowerY="328" publish:partUpperX="108" publish:partUpperY="312" shape="rect" xmi:id="_.i.h.t.eIFCZE.d.y.n.y.b.g.l.u.dW5L.g"/><publish:partInfo anchor="#_8.t6FSVCZE.d.y.n.y.b.g.l.u.dW5L.g" name="switchAwayFromTpRef" publish:ismodellink="false" publish:partLowerX="391" publish:partLowerY="312" publish:partUpperX="108" publish:partUpperY="296" shape="rect" xmi:id="_.i.h.t.eIFCZE.d.y.n.y.b.g.l.u.dW5L.g"/><publish:partInfo anchor="#_8.t6FRVCZE.d.y.n.y.b.g.l.u.dW5L.g" name="protectedTpRef" publish:ismodellink="false" publish:partLowerX="391" publish:partLowerY="296" publish:partUpperX="108" publish:partUpperY="280" shape="rect" xmi:id="_.i.h.t.eIFCZE.d.y.n.y.b.g.l.u.dW5L.g"/><publish:partInfo anchor="#_8.t6FQVCZE.d.y.n.y.b.g.l.u.dW5L.g" name="pgRef" publish:ismodellink="false" publish:partLowerX="391" publish:partLowerY="280" publish:partUpperX="108" publish:partUpperY="264" shape="rect" xmi:id="_.i.h.t.eIFCZE.d.y.n.y.b.g.l.u.dW5L.g"/><publish:partInfo anchor="#_8.t.z-.oVCZE.d.y.n.y.b.g.l.u.dW5L.g" name="layerRate" publish:ismodellink="false" publish:partLowerX="391" publish:partLowerY="264" publish:partUpperX="108" publish:partUpperY="248" shape="rect" xmi:id="_.i.h.t.eIFCZE.d.y.n.y.b.g.l.u.dW5L.g"/><publish:partInfo anchor="#_8.t.t4DFCZE.d.y.n.y.b.g.l.u.dW5L.g" name="switchReason" publish:ismodellink="false" publish:partLowerX="391" publish:partLowerY="248" publish:partUpperX="108" publish:partUpperY="232" shape="rect" xmi:id="_.i.h.t.eIFCZE.d.y.n.y.b.g.l.u.dW5L.g"/><publish:partInfo anchor="#_8.t.t4CFCZE.d.y.n.y.b.g.l.u.dW5L.g" name="protectionType" publish:ismodellink="false" publish:partLowerX="391" publish:partLowerY="232" publish:partUpperX="108" publish:partUpperY="216" shape="rect" xmi:id="_.i.h.t.eIFCZE.d.y.n.y.b.g.l.u.dW5L.g"/><publish:partInfo name="ProtectionSwitchNotification" publish:ismodellink="false" publish:partLowerX="400" publish:partLowerY="349" publish:partUpperX="102" publish:partUpperY="164" shape="rect" xmi:id="_.i.h.t.eIFCZE.d.y.n.y.b.g.l.u.dW5L.g"/><publish:partInfo anchor="#_FU.cKUFC.nE.d.y.n.y.b.g.l.u.dW5L.g" name="osTime" publish:ismodellink="false" publish:partLowerX="1064" publish:partLowerY="328" publish:partUpperX="732" publish:partUpperY="312" shape="rect" xmi:id="_O.bSF8FC.aE.d.y.n.y.b.g.l.u.dW5L.g"/><publish:partInfo anchor="#_.cO.ySIVC.aE.d.y.n.y.b.g.l.u.dW5L.g" name="switchToEquipmentRef" publish:ismodellink="false" publish:partLowerX="1064" publish:partLowerY="312" publish:partUpperX="732" publish:partUpperY="296" shape="rect" xmi:id="_O.bSF8FC.aE.d.y.n.y.b.g.l.u.dW5L.g"/><publish:partInfo anchor="#_.cO.ySHVC.aE.d.y.n.y.b.g.l.u.dW5L.g" name="switchAwayFromEquipmentRef" publish:ismodellink="false" publish:partLowerX="1064" publish:partLowerY="296" publish:partUpperX="732" publish:partUpperY="280" shape="rect" xmi:id="_O.bSF8FC.aE.d.y.n.y.b.g.l.u.dW5L.g"/><publish:partInfo anchor="#_.cO.ySGVC.aE.d.y.n.y.b.g.l.u.dW5L.g" name="protectedEquipmentRef" publish:ismodellink="false" publish:partLowerX="1064" publish:partLowerY="280" publish:partUpperX="732" publish:partUpperY="264" shape="rect" xmi:id="_O.bSF8FC.aE.d.y.n.y.b.g.l.u.dW5L.g"/><publish:partInfo anchor="#_.cO.ySFVC.aE.d.y.n.y.b.g.l.u.dW5L.g" name="epgRef" publish:ismodellink="false" publish:partLowerX="1064" publish:partLowerY="264" publish:partUpperX="732" publish:partUpperY="248" shape="rect" xmi:id="_O.bSF8FC.aE.d.y.n.y.b.g.l.u.dW5L.g"/><publish:partInfo anchor="#_.cO.ySEVC.aE.d.y.n.y.b.g.l.u.dW5L.g" name="switchReason" publish:ismodellink="false" publish:partLowerX="1064" publish:partLowerY="248" publish:partUpperX="732" publish:partUpperY="232" shape="rect" xmi:id="_O.bSF8FC.aE.d.y.n.y.b.g.l.u.dW5L.g"/><publish:partInfo anchor="#_.cO.sL.eFC.aE.d.y.n.y.b.g.l.u.dW5L.g" name="protectionType" publish:ismodellink="false" publish:partLowerX="1064" publish:partLowerY="232" publish:partUpperX="732" publish:partUpperY="216" shape="rect" xmi:id="_O.bSF8FC.aE.d.y.n.y.b.g.l.u.dW5L.g"/><publish:partInfo name="EquipmentProtectionSwitchNotification" publish:ismodellink="false" publish:partLowerX="1073" publish:partLowerY="333" publish:partUpperX="725" publish:partUpperY="164" shape="rect" xmi:id="_O.bSF8FC.aE.d.y.n.y.b.g.l.u.dW5L.g"/><publish:partInfo anchor="#__.i.b.eMM.m.hE.d.yFQ8O5S.bJ.fEQ" name="osTime" publish:ismodellink="false" publish:partLowerX="1101" publish:partLowerY="147" publish:partUpperX="852" publish:partUpperY="131" shape="rect" xmi:id="_.y.d.d.iIF.bZE.d.yH-M5V.e.rQW.s.w"/><publish:partInfo anchor="#_BTYN.hF.b.aE.d.yH-M5V.e.rQW.s.w" name="attributeList" publish:ismodellink="false" publish:partLowerX="1101" publish:partLowerY="131" publish:partUpperX="852" publish:partUpperY="115" shape="rect" xmi:id="_.y.d.d.iIF.bZE.d.yH-M5V.e.rQW.s.w"/><publish:partInfo anchor="#_BTSG4V.b.aE.d.yH-M5V.e.rQW.s.w" name="pmpRefList" publish:ismodellink="false" publish:partLowerX="1101" publish:partLowerY="115" publish:partUpperX="852" publish:partUpperY="99" shape="rect" xmi:id="_.y.d.d.iIF.bZE.d.yH-M5V.e.rQW.s.w"/><publish:partInfo name="PmpStateChangeNotification" publish:ismodellink="false" publish:partLowerX="1110" publish:partLowerY="152" publish:partUpperX="845" publish:partUpperY="47" shape="rect" xmi:id="_.y.d.d.iIF.bZE.d.yH-M5V.e.rQW.s.w"/><publish:partInfo anchor="#_38.dI.aFY_E.d.y.s97.lG39.t.c.p.w" name="x733_AdditionalInformation" publish:ismodellink="false" publish:partLowerX="528" publish:partLowerY="787" publish:partUpperX="16" publish:partUpperY="771" shape="rect" xmi:id="_.mA.qRMFY_E.d.y.s97.lG39.t.c.p.w"/><publish:partInfo anchor="#_38.dIZFY_E.d.y.s97.lG39.t.c.p.w" name="x733_ProposedRepairActionList" publish:ismodellink="false" publish:partLowerX="528" publish:partLowerY="771" publish:partUpperX="16" publish:partUpperY="755" shape="rect" xmi:id="_.mA.qRMFY_E.d.y.s97.lG39.t.c.p.w"/><publish:partInfo anchor="#_38.dIYFY_E.d.y.s97.lG39.t.c.p.w" name="x733_MonitoredAttributeList" publish:ismodellink="false" publish:partLowerX="528" publish:partLowerY="755" publish:partUpperX="16" publish:partUpperY="739" shape="rect" xmi:id="_.mA.qRMFY_E.d.y.s97.lG39.t.c.p.w"/><publish:partInfo anchor="#_38XB0VY_E.d.y.s97.lG39.t.c.p.w" name="x733_CorrelatedNotificationList" publish:ismodellink="false" publish:partLowerX="528" publish:partLowerY="739" publish:partUpperX="16" publish:partUpperY="723" shape="rect" xmi:id="_.mA.qRMFY_E.d.y.s97.lG39.t.c.p.w"/><publish:partInfo anchor="#_38XB.zVY_E.d.y.s97.lG39.t.c.p.w" name="x733_TrendIndication" publish:ismodellink="false" publish:partLowerX="528" publish:partLowerY="723" publish:partUpperX="16" publish:partUpperY="707" shape="rect" xmi:id="_.mA.qRMFY_E.d.y.s97.lG39.t.c.p.w"/><publish:partInfo anchor="#_38XB.yVY_E.d.y.s97.lG39.t.c.p.w" name="x733_BackUpObject" publish:ismodellink="false" publish:partLowerX="528" publish:partLowerY="707" publish:partUpperX="16" publish:partUpperY="691" shape="rect" xmi:id="_.mA.qRMFY_E.d.y.s97.lG39.t.c.p.w"/><publish:partInfo anchor="#_38XB.xVY_E.d.y.s97.lG39.t.c.p.w" name="x733_BackedUpStatus" publish:ismodellink="false" publish:partLowerX="528" publish:partLowerY="691" publish:partUpperX="16" publish:partUpperY="675" shape="rect" xmi:id="_.mA.qRMFY_E.d.y.s97.lG39.t.c.p.w"/><publish:partInfo anchor="#_38XB.wVY_E.d.y.s97.lG39.t.c.p.w" name="x733_SpecificProblems" publish:ismodellink="false" publish:partLowerX="528" publish:partLowerY="675" publish:partUpperX="16" publish:partUpperY="659" shape="rect" xmi:id="_.mA.qRMFY_E.d.y.s97.lG39.t.c.p.w"/><publish:partInfo anchor="#_38Q7N1Y_E.d.y.s97.lG39.t.c.p.w" name="x733_EventType" publish:ismodellink="false" publish:partLowerX="528" publish:partLowerY="659" publish:partUpperX="16" publish:partUpperY="643" shape="rect" xmi:id="_.mA.qRMFY_E.d.y.s97.lG39.t.c.p.w"/><publish:partInfo anchor="#_38Q7L1Y_E.d.y.s97.lG39.t.c.p.w" name="rootCauseAlarmIndication" publish:ismodellink="false" publish:partLowerX="528" publish:partLowerY="643" publish:partUpperX="16" publish:partUpperY="627" shape="rect" xmi:id="_.mA.qRMFY_E.d.y.s97.lG39.t.c.p.w"/><publish:partInfo anchor="#_.g.qO.i.mVZAE.d.y.s97.lG39.t.c.p.w" name="acknowledgeIndication" publish:ismodellink="false" publish:partLowerX="528" publish:partLowerY="627" publish:partUpperX="16" publish:partUpperY="611" shape="rect" xmi:id="_.mA.qRMFY_E.d.y.s97.lG39.t.c.p.w"/><publish:partInfo anchor="#_38K0.hVY_E.d.y.s97.lG39.t.c.p.w" name="nativeProbableCause" publish:ismodellink="false" publish:partLowerX="528" publish:partLowerY="611" publish:partUpperX="16" publish:partUpperY="595" shape="rect" xmi:id="_.mA.qRMFY_E.d.y.s97.lG39.t.c.p.w"/><publish:partInfo anchor="#_C8.gAUM.j9E.d.y.x.k.a.uNDY.t.jO.g" name="aliasNameList" publish:ismodellink="false" publish:partLowerX="528" publish:partLowerY="595" publish:partUpperX="16" publish:partUpperY="579" shape="rect" xmi:id="_.mA.qRMFY_E.d.y.s97.lG39.t.c.p.w"/><publish:partInfo anchor="#_38K0.kVY_E.d.y.s97.lG39.t.c.p.w" name="additionalText" publish:ismodellink="false" publish:partLowerX="528" publish:partLowerY="579" publish:partUpperX="16" publish:partUpperY="563" shape="rect" xmi:id="_.mA.qRMFY_E.d.y.s97.lG39.t.c.p.w"/><publish:partInfo anchor="#_38Q7J1Y_E.d.y.s97.lG39.t.c.p.w" name="affectedPtpRefList" publish:ismodellink="false" publish:partLowerX="528" publish:partLowerY="563" publish:partUpperX="16" publish:partUpperY="547" shape="rect" xmi:id="_.mA.qRMFY_E.d.y.s97.lG39.t.c.p.w"/><publish:partInfo anchor="#_38Q7K1Y_E.d.y.s97.lG39.t.c.p.w" name="serviceAffecting" publish:ismodellink="false" publish:partLowerX="528" publish:partLowerY="547" publish:partUpperX="16" publish:partUpperY="531" shape="rect" xmi:id="_.mA.qRMFY_E.d.y.s97.lG39.t.c.p.w"/><publish:partInfo anchor="#_.g.qO.i.k1ZAE.d.y.s97.lG39.t.c.p.w" name="perceivedSeverity" publish:ismodellink="false" publish:partLowerX="528" publish:partLowerY="531" publish:partUpperX="16" publish:partUpperY="515" shape="rect" xmi:id="_.mA.qRMFY_E.d.y.s97.lG39.t.c.p.w"/><publish:partInfo anchor="#_38K0.jVY_E.d.y.s97.lG39.t.c.p.w" name="probableCauseQualifier" publish:ismodellink="false" publish:partLowerX="528" publish:partLowerY="515" publish:partUpperX="16" publish:partUpperY="499" shape="rect" xmi:id="_.mA.qRMFY_E.d.y.s97.lG39.t.c.p.w"/><publish:partInfo anchor="#_38E.t5.lY_E.d.y.s97.lG39.t.c.p.w" name="probableCause" publish:ismodellink="false" publish:partLowerX="528" publish:partLowerY="499" publish:partUpperX="16" publish:partUpperY="483" shape="rect" xmi:id="_.mA.qRMFY_E.d.y.s97.lG39.t.c.p.w"/><publish:partInfo anchor="#_.g.qO.i.l.lZAE.d.y.s97.lG39.t.c.p.w" name="layerRate" publish:ismodellink="false" publish:partLowerX="528" publish:partLowerY="483" publish:partUpperX="16" publish:partUpperY="467" shape="rect" xmi:id="_.mA.qRMFY_E.d.y.s97.lG39.t.c.p.w"/><publish:partInfo anchor="#_.g.qO.i.kFZAE.d.y.s97.lG39.t.c.p.w" name="isClearable" publish:ismodellink="false" publish:partLowerX="528" publish:partLowerY="467" publish:partUpperX="16" publish:partUpperY="451" shape="rect" xmi:id="_.mA.qRMFY_E.d.y.s97.lG39.t.c.p.w"/><publish:partInfo anchor="#_.x.wD.i.cM.j8E.d.y.x.k.a.uNDY.t.jO.g" name="isEdgePointRelated" publish:ismodellink="false" publish:partLowerX="528" publish:partLowerY="451" publish:partUpperX="16" publish:partUpperY="435" shape="rect" xmi:id="_.mA.qRMFY_E.d.y.s97.lG39.t.c.p.w"/><publish:partInfo name="AlarmNotification" publish:ismodellink="false" publish:partLowerX="537" publish:partLowerY="792" publish:partUpperX="9" publish:partUpperY="383" shape="rect" xmi:id="_.mA.qRMFY_E.d.y.s97.lG39.t.c.p.w"/><publish:partInfo anchor="#_U.x.aQ.pVY3E.d.y.s97.lG39.t.c.p.w" name="acknowledgeIndication" publish:ismodellink="false" publish:partLowerX="1052" publish:partLowerY="628" publish:partUpperX="615" publish:partUpperY="612" shape="rect" xmi:id="_H_H.p0FY3E.d.y.s97.lG39.t.c.p.w"/><publish:partInfo anchor="#_KXE4WVY6E.d.y.s97.lG39.t.c.p.w" name="thresholdUnit" publish:ismodellink="false" publish:partLowerX="1052" publish:partLowerY="612" publish:partUpperX="615" publish:partUpperY="596" shape="rect" xmi:id="_H_H.p0FY3E.d.y.s97.lG39.t.c.p.w"/><publish:partInfo anchor="#_KXE4V.lY6E.d.y.s97.lG39.t.c.p.w" name="thresholdValue" publish:ismodellink="false" publish:partLowerX="1052" publish:partLowerY="596" publish:partUpperX="615" publish:partUpperY="580" shape="rect" xmi:id="_H_H.p0FY3E.d.y.s97.lG39.t.c.p.w"/><publish:partInfo anchor="#_KXE4U1Y6E.d.y.s97.lG39.t.c.p.w" name="thresholdType" publish:ismodellink="false" publish:partLowerX="1052" publish:partLowerY="580" publish:partUpperX="615" publish:partUpperY="564" shape="rect" xmi:id="_H_H.p0FY3E.d.y.s97.lG39.t.c.p.w"/><publish:partInfo anchor="#_KXE4UFY6E.d.y.s97.lG39.t.c.p.w" name="pmLocation" publish:ismodellink="false" publish:partLowerX="1052" publish:partLowerY="564" publish:partUpperX="615" publish:partUpperY="548" shape="rect" xmi:id="_H_H.p0FY3E.d.y.s97.lG39.t.c.p.w"/><publish:partInfo anchor="#_KW-.x.sFY6E.d.y.s97.lG39.t.c.p.w" name="pmParameterName" publish:ismodellink="false" publish:partLowerX="1052" publish:partLowerY="548" publish:partUpperX="615" publish:partUpperY="532" shape="rect" xmi:id="_H_H.p0FY3E.d.y.s97.lG39.t.c.p.w"/><publish:partInfo anchor="#_KW-.x.s1Y6E.d.y.s97.lG39.t.c.p.w" name="granularity" publish:ismodellink="false" publish:partLowerX="1052" publish:partLowerY="532" publish:partUpperX="615" publish:partUpperY="516" shape="rect" xmi:id="_H_H.p0FY3E.d.y.s97.lG39.t.c.p.w"/><publish:partInfo anchor="#_U.xUJ_VY3E.d.y.s97.lG39.t.c.p.w" name="layerRate" publish:ismodellink="false" publish:partLowerX="1052" publish:partLowerY="516" publish:partUpperX="615" publish:partUpperY="500" shape="rect" xmi:id="_H_H.p0FY3E.d.y.s97.lG39.t.c.p.w"/><publish:partInfo anchor="#_U.xUJ-VY3E.d.y.s97.lG39.t.c.p.w" name="perceivedSeverity" publish:ismodellink="false" publish:partLowerX="1052" publish:partLowerY="500" publish:partUpperX="615" publish:partUpperY="484" shape="rect" xmi:id="_H_H.p0FY3E.d.y.s97.lG39.t.c.p.w"/><publish:partInfo anchor="#_U.xUJ9VY3E.d.y.s97.lG39.t.c.p.w" name="isClearable" publish:ismodellink="false" publish:partLowerX="1052" publish:partLowerY="484" publish:partUpperX="615" publish:partUpperY="468" shape="rect" xmi:id="_H_H.p0FY3E.d.y.s97.lG39.t.c.p.w"/><publish:partInfo anchor="#_.l.h.s.q0M.j.eE.d.y.x.k.a.uNDY.t.jO.g" name="aliasNameList" publish:ismodellink="false" publish:partLowerX="1052" publish:partLowerY="468" publish:partUpperX="615" publish:partUpperY="452" shape="rect" xmi:id="_H_H.p0FY3E.d.y.s97.lG39.t.c.p.w"/><publish:partInfo anchor="#_.z.fXQAP.pTE.d.uV.sYI7.m.fNDXQ" name="isEdgePointRelated" publish:ismodellink="false" publish:partLowerX="1052" publish:partLowerY="452" publish:partUpperX="615" publish:partUpperY="436" shape="rect" xmi:id="_H_H.p0FY3E.d.y.s97.lG39.t.c.p.w"/><publish:partInfo name="TCANotification" publish:ismodellink="false" publish:partLowerX="1062" publish:partLowerY="633" publish:partUpperX="609" publish:partUpperY="384" shape="rect" xmi:id="_H_H.p0FY3E.d.y.s97.lG39.t.c.p.w"/></contents><contents Type="Class" isDefault="false" name="Data Types Class Diagram" publish:icon="-1677387246_icon.png" publish:imageType="PNG" publish:qualifiedname="NetworkResourceAssurance::Class Diagrams::Data Types Class Diagram" xmi:id="_.p.oX.nIP.s.kE.d.y.b.z6.jV.d6YV.eQ" xsi:type="notation:Diagram"><publish:properties><publish:property canonicalName="description" name="Description" publish:category="View"/><publish:property canonicalName="graphLayout" name="Graph Layout" publish:category="View" publish:value="VerticalOrthogonalHierarchical"/><publish:property canonicalName="labelLayout" name="Label Layout" publish:category="View" publish:value="None"/><publish:property canonicalName="linkLayout" name="Link Layout" publish:category="View" publish:value="None"/><publish:property canonicalName="measurementUnit" name="Measurement Unit" publish:category="View" publish:value="Himetric"/><publish:property canonicalName="name" name="Name" publish:category="View" publish:value="Data Types Class Diagram"/><publish:property canonicalName="pageHeight" name="Page Height" publish:category="View" publish:value="100"/><publish:property canonicalName="pageWidth" name="Page Width" publish:category="View" publish:value="100"/><publish:property canonicalName="pageX" name="Page X" publish:category="View" publish:value="0"/><publish:property canonicalName="pageY" name="Page Y" publish:category="View" publish:value="0"/><publish:property canonicalName="styles" name="Styles" publish:category="View"/><publish:property canonicalName="useAliasName" name="Use Alias Name" publish:category="View" publish:value="false"/></publish:properties><publish:partInfo name="M3100_ARC_QI_STATUS" publish:ismodellink="false" publish:partLowerX="575" publish:partLowerY="409" publish:partUpperX="312" publish:partUpperY="393" shape="rect" xmi:id="_.q.dI.s5.rJWE.eC_.aY.j1.w9.u.e.m.g"/><publish:partInfo name="M3100_ARC_STATE" publish:ismodellink="false" publish:partLowerX="575" publish:partLowerY="393" publish:partUpperX="312" publish:partUpperY="377" shape="rect" xmi:id="_.q.dI.s5LJWE.eC_.aY.j1.w9.u.e.m.g"/><publish:partInfo name="M3100_ALARM_STATUS" publish:ismodellink="false" publish:partLowerX="575" publish:partLowerY="377" publish:partUpperX="312" publish:partUpperY="361" shape="rect" xmi:id="_.q.dI.s4.rJWE.eC_.aY.j1.w9.u.e.m.g"/><publish:partInfo name="UNKNOWN" publish:ismodellink="false" publish:partLowerX="575" publish:partLowerY="361" publish:partUpperX="312" publish:partUpperY="345" shape="rect" xmi:id="_.q.dI.s1LJWE.eC_.aY.j1.w9.u.e.m.g"/><publish:partInfo name="M3100ArcState" publish:ismodellink="false" publish:partLowerX="584" publish:partLowerY="414" publish:partUpperX="305" publish:partUpperY="295" shape="rect" xmi:id="_.q.dI.s0LJWE.eC_.aY.j1.w9.u.e.m.g"/><publish:partInfo anchor="#_5KO98LJXE.eC_.aY.j1.w9.u.e.m.g" name="M3100_STATE" publish:ismodellink="false" publish:partLowerX="589" publish:partLowerY="166" publish:partUpperX="262" publish:partUpperY="150" shape="rect" xmi:id="_61.x.b0J6.jE.d62T5.bC.p-9R_A"/><publish:partInfo anchor="#_.e4-.sT.v.s.kE.d.y.b.z6.jV.d6YV.eQ" name="M3100_NALM_TI_INTERVAL" publish:ismodellink="false" publish:partLowerX="589" publish:partLowerY="150" publish:partUpperX="262" publish:partUpperY="134" shape="rect" xmi:id="_61.x.b0J6.jE.d62T5.bC.p-9R_A"/><publish:partInfo anchor="#_.e4-.sTP.s.kE.d.y.b.z6.jV.d6YV.eQ" name="M3100_NALM_QI_INTERVAL" publish:ismodellink="false" publish:partLowerX="589" publish:partLowerY="134" publish:partUpperX="262" publish:partUpperY="118" shape="rect" xmi:id="_61.x.b0J6.jE.d62T5.bC.p-9R_A"/><publish:partInfo anchor="#_.e4-.sR.v.s.kE.d.y.b.z6.jV.d6YV.eQ" name="M3100_ARC_STATE" publish:ismodellink="false" publish:partLowerX="589" publish:partLowerY="118" publish:partUpperX="262" publish:partUpperY="102" shape="rect" xmi:id="_61.x.b0J6.jE.d62T5.bC.p-9R_A"/><publish:partInfo anchor="#_.e4-.sRP.s.kE.d.y.b.z6.jV.d6YV.eQ" name="M3100_ARC_QI_STATUS" publish:ismodellink="false" publish:partLowerX="589" publish:partLowerY="102" publish:partUpperX="262" publish:partUpperY="86" shape="rect" xmi:id="_61.x.b0J6.jE.d62T5.bC.p-9R_A"/><publish:partInfo anchor="#_.e4-.sQ.v.s.kE.d.y.b.z6.jV.d6YV.eQ" name="M3100_ALARM_STATUS" publish:ismodellink="false" publish:partLowerX="589" publish:partLowerY="86" publish:partUpperX="262" publish:partUpperY="70" shape="rect" xmi:id="_61.x.b0J6.jE.d62T5.bC.p-9R_A"/><publish:partInfo name="ItuArcStateAndStatusList" publish:ismodellink="false" publish:partLowerX="598" publish:partLowerY="171" publish:partUpperX="255" publish:partUpperY="20" shape="rect" xmi:id="_61.x.b0J6.jE.d62T5.bC.p-9R_A"/><publish:partInfo name="NALM_TIMED_INHIBIT" publish:ismodellink="false" publish:partLowerX="860" publish:partLowerY="296" publish:partUpperX="597" publish:partUpperY="280" shape="rect" xmi:id="_50B.mEHM.fE.d.yMG.rC9M.s.b2.bA"/><publish:partInfo name="NALM_QUALIFIED_INHIBIT" publish:ismodellink="false" publish:partLowerX="860" publish:partLowerY="280" publish:partUpperX="597" publish:partUpperY="264" shape="rect" xmi:id="_1.v.bIMHM.fE.d.yMG.rC9M.s.b2.bA"/><publish:partInfo name="NALM" publish:ismodellink="false" publish:partLowerX="860" publish:partLowerY="264" publish:partUpperX="597" publish:partUpperY="248" shape="rect" xmi:id="_.u.vL_.o.nM.fE.d.yMG.rC9M.s.b2.bA"/><publish:partInfo name="ALM" publish:ismodellink="false" publish:partLowerX="860" publish:partLowerY="248" publish:partUpperX="597" publish:partUpperY="232" shape="rect" xmi:id="_.u.vL_.oXM.fE.d.yMG.rC9M.s.b2.bA"/><publish:partInfo name="ArcState" publish:ismodellink="false" publish:partLowerX="869" publish:partLowerY="301" publish:partUpperX="590" publish:partUpperY="182" shape="rect" xmi:id="_.u.vL_.oHM.fE.d.yMG.rC9M.s.b2.bA"/><publish:partInfo name="NALM_COUNT_DOWN" publish:ismodellink="false" publish:partLowerX="574" publish:partLowerY="279" publish:partUpperX="311" publish:partUpperY="263" shape="rect" xmi:id="_.z__8.gHM.gE.d.yMG.rC9M.s.b2.bA"/><publish:partInfo name="NALM_NOT_REPORTED" publish:ismodellink="false" publish:partLowerX="574" publish:partLowerY="263" publish:partUpperX="311" publish:partUpperY="247" shape="rect" xmi:id="_.qMFLY.nM.gE.d.yMG.rC9M.s.b2.bA"/><publish:partInfo name="NOT_APPLICABLE" publish:ismodellink="false" publish:partLowerX="574" publish:partLowerY="247" publish:partUpperX="311" publish:partUpperY="231" shape="rect" xmi:id="_.qMFLYXM.gE.d.yMG.rC9M.s.b2.bA"/><publish:partInfo name="ArcQIStatus" publish:ismodellink="false" publish:partLowerX="583" publish:partLowerY="284" publish:partUpperX="304" publish:partUpperY="181" shape="rect" xmi:id="_.qMFLYHM.gE.d.yMG.rC9M.s.b2.bA"/><publish:partInfo name="CRITICAL" publish:ismodellink="false" publish:partLowerX="286" publish:partLowerY="344" publish:partUpperX="23" publish:partUpperY="328" shape="rect" xmi:id="_.sIZ.j.kHM.fE.d.yMG.rC9M.s.b2.bA"/><publish:partInfo name="MAJOR" publish:ismodellink="false" publish:partLowerX="286" publish:partLowerY="328" publish:partUpperX="23" publish:partUpperY="312" shape="rect" xmi:id="_.q5.x0UHM.fE.d.yMG.rC9M.s.b2.bA"/><publish:partInfo name="MINOR" publish:ismodellink="false" publish:partLowerX="286" publish:partLowerY="312" publish:partUpperX="23" publish:partUpperY="296" shape="rect" xmi:id="_.pX81MHM.fE.d.yMG.rC9M.s.b2.bA"/><publish:partInfo name="INDETERMINATE" publish:ismodellink="false" publish:partLowerX="286" publish:partLowerY="296" publish:partUpperX="23" publish:partUpperY="280" shape="rect" xmi:id="_.m.d.e.oIHM.fE.d.yMG.rC9M.s.b2.bA"/><publish:partInfo name="WARNING" publish:ismodellink="false" publish:partLowerX="286" publish:partLowerY="280" publish:partUpperX="23" publish:partUpperY="264" shape="rect" xmi:id="_.lNI.a.kHM.fE.d.yMG.rC9M.s.b2.bA"/><publish:partInfo name="PENDING" publish:ismodellink="false" publish:partLowerX="286" publish:partLowerY="264" publish:partUpperX="23" publish:partUpperY="248" shape="rect" xmi:id="_.f1.zJ.g.nM.fE.d.yMG.rC9M.s.b2.bA"/><publish:partInfo name="CLEARED" publish:ismodellink="false" publish:partLowerX="286" publish:partLowerY="248" publish:partUpperX="23" publish:partUpperY="232" shape="rect" xmi:id="_.f1.zJ.gXM.fE.d.yMG.rC9M.s.b2.bA"/><publish:partInfo name="AlarmStatus" publish:ismodellink="false" publish:partLowerX="295" publish:partLowerY="349" publish:partUpperX="16" publish:partUpperY="182" shape="rect" xmi:id="_.f1.zJ.gHM.fE.d.yMG.rC9M.s.b2.bA"/></contents><contents Type="Class" isDefault="false" name="NRA Equipment Protection Class Diagram" publish:icon="-1677387246_icon.png" publish:imageType="PNG" publish:qualifiedname="NetworkResourceAssurance::Class Diagrams::NRA Equipment Protection Class Diagram" xmi:id="_R04C.wB.g.uE.d2.k.dP--T2.z0Z.g" xsi:type="notation:Diagram"><publish:properties><publish:property canonicalName="description" name="Description" publish:category="View"/><publish:property canonicalName="graphLayout" name="Graph Layout" publish:category="View" publish:value="VerticalOrthogonalHierarchical"/><publish:property canonicalName="labelLayout" name="Label Layout" publish:category="View" publish:value="None"/><publish:property canonicalName="linkLayout" name="Link Layout" publish:category="View" publish:value="None"/><publish:property canonicalName="measurementUnit" name="Measurement Unit" publish:category="View" publish:value="Himetric"/><publish:property canonicalName="name" name="Name" publish:category="View" publish:value="NRA Equipment Protection Class Diagram"/><publish:property canonicalName="pageHeight" name="Page Height" publish:category="View" publish:value="100"/><publish:property canonicalName="pageWidth" name="Page Width" publish:category="View" publish:value="100"/><publish:property canonicalName="pageX" name="Page X" publish:category="View" publish:value="0"/><publish:property canonicalName="pageY" name="Page Y" publish:category="View" publish:value="0"/><publish:property canonicalName="styles" name="Styles" publish:category="View"/><publish:property canonicalName="useAliasName" name="Use Alias Name" publish:category="View" publish:value="false"/></publish:properties><publish:partInfo anchor="#_9SP3.cVFUE.d.yZ.hYPB67.lKRA" name="equipmentProtectionGroup" publish:ismodellink="false" publish:partLowerX="0" publish:partLowerY="0" publish:partUpperX="0" publish:partUpperY="0" shape="rect" xmi:id="_9SP3.cFFUE.d.yZ.hYPB67.lKRA"/><publish:partInfo anchor="#_9SV-E.lFUE.d.yZ.hYPB67.lKRA" name="Property" publish:ismodellink="false" publish:partLowerX="0" publish:partLowerY="0" publish:partUpperX="0" publish:partUpperY="0" shape="rect" xmi:id="_9SP3.cFFUE.d.yZ.hYPB67.lKRA"/><publish:partInfo anchor="#_9SP3.cVFUE.d.yZ.hYPB67.lKRA" name="equipmentProtectionGroup" publish:ismodellink="false" publish:partLowerX="0" publish:partLowerY="0" publish:partUpperX="0" publish:partUpperY="0" shape="rect" xmi:id="_9SP3.cFFUE.d.yZ.hYPB67.lKRA"/><publish:partInfo anchor="#_9SV-E.lFUE.d.yZ.hYPB67.lKRA" name="Property" publish:ismodellink="false" publish:partLowerX="0" publish:partLowerY="0" publish:partUpperX="0" publish:partUpperY="0" shape="rect" xmi:id="_9SP3.cFFUE.d.yZ.hYPB67.lKRA"/><publish:partInfo anchor="#_9SP3.cVFUE.d.yZ.hYPB67.lKRA" name="equipmentProtectionGroup" publish:ismodellink="false" publish:partLowerX="350" publish:partLowerY="299" publish:partUpperX="195" publish:partUpperY="284" shape="rect" xmi:id="_9SP3.cFFUE.d.yZ.hYPB67.lKRA"/><publish:partInfo anchor="#_9SP3.cVFUE.d.yZ.hYPB67.lKRA" name="equipmentProtectionGroup" publish:ismodellink="false" publish:partLowerX="178" publish:partLowerY="301" publish:partUpperX="173" publish:partUpperY="287" shape="rect" xmi:id="_9SP3.cFFUE.d.yZ.hYPB67.lKRA"/><publish:partInfo anchor="#_9SV-E.lFUE.d.yZ.hYPB67.lKRA" name="Property" publish:ismodellink="false" publish:partLowerX="0" publish:partLowerY="0" publish:partUpperX="0" publish:partUpperY="0" shape="rect" xmi:id="_9SP3.cFFUE.d.yZ.hYPB67.lKRA"/><publish:partInfo anchor="#_9SV-E.lFUE.d.yZ.hYPB67.lKRA" name="Property" publish:ismodellink="false" publish:partLowerX="180" publish:partLowerY="223" publish:partUpperX="173" publish:partUpperY="208" shape="rect" xmi:id="_9SP3.cFFUE.d.yZ.hYPB67.lKRA"/><publish:partInfo name="Association" publish:ismodellink="false" publish:partLowerX="217" publish:partLowerY="264" publish:partUpperX="161" publish:partUpperY="249" shape="rect" xmi:id="_9SP3.cFFUE.d.yZ.hYPB67.lKRA"/><publish:partInfo coords="195,201,195,308,185,308,185,201,195,201" name="Association" publish:ismodellink="false" shape="poly" xmi:id="_9SP3.cFFUE.d.yZ.hYPB67.lKRA"/><publish:partInfo name="Generalization" publish:ismodellink="false" publish:partLowerX="0" publish:partLowerY="0" publish:partUpperX="0" publish:partUpperY="0" shape="rect" xmi:id="_2W.z.vUFFUE.d.yZ.hYPB67.lKRA"/><publish:partInfo coords="431,310,551,310,551,320,431,320,431,310" name="Generalization" publish:ismodellink="false" shape="poly" xmi:id="_2W.z.vUFFUE.d.yZ.hYPB67.lKRA"/><publish:partInfo anchor="#_.b.gAB.cP.s.oE.d.y.b.z6.jV.d6YV.eQ" name="ituArcStateAndStatusList" publish:ismodellink="false" publish:partLowerX="425" publish:partLowerY="488" publish:partUpperX="16" publish:partUpperY="472" shape="rect" xmi:id="_.j.o.v.jIFFTE.d.yZ.hYPB67.lKRA"/><publish:partInfo anchor="#_.vG.k90MN.hE.d.y.d.iYA.u_Q32IQ" name="asapRef" publish:ismodellink="false" publish:partLowerX="425" publish:partLowerY="472" publish:partUpperX="16" publish:partUpperY="456" shape="rect" xmi:id="_.j.o.v.jIFFTE.d.yZ.hYPB67.lKRA"/><publish:partInfo anchor="#_.s2G.q.kVFTE.d.yZ.hYPB67.lKRA" name="parameterList" publish:ismodellink="false" publish:partLowerX="425" publish:partLowerY="456" publish:partUpperX="16" publish:partUpperY="440" shape="rect" xmi:id="_.j.o.v.jIFFTE.d.yZ.hYPB67.lKRA"/><publish:partInfo anchor="#_.f.k1P.cMT.bE.d.y.d.wOPP8U.aO.aA" name="protectingEquipmentRefList" publish:ismodellink="false" publish:partLowerX="425" publish:partLowerY="440" publish:partUpperX="16" publish:partUpperY="424" shape="rect" xmi:id="_.j.o.v.jIFFTE.d.yZ.hYPB67.lKRA"/><publish:partInfo anchor="#_UIJJ.sMT.bE.d.y.d.wOPP8U.aO.aA" name="protectedEquipmentRefList" publish:ismodellink="false" publish:partLowerX="425" publish:partLowerY="424" publish:partUpperX="16" publish:partUpperY="408" shape="rect" xmi:id="_.j.o.v.jIFFTE.d.yZ.hYPB67.lKRA"/><publish:partInfo anchor="#_.s2A.j-.lFTE.d.yZ.hYPB67.lKRA" name="reversionMode" publish:ismodellink="false" publish:partLowerX="425" publish:partLowerY="408" publish:partUpperX="16" publish:partUpperY="392" shape="rect" xmi:id="_.j.o.v.jIFFTE.d.yZ.hYPB67.lKRA"/><publish:partInfo anchor="#_.s2A.j9.lFTE.d.yZ.hYPB67.lKRA" name="protectionSchemeState" publish:ismodellink="false" publish:partLowerX="425" publish:partLowerY="392" publish:partUpperX="16" publish:partUpperY="376" shape="rect" xmi:id="_.j.o.v.jIFFTE.d.yZ.hYPB67.lKRA"/><publish:partInfo anchor="#_.s2A.j8.lFTE.d.yZ.hYPB67.lKRA" name="type" publish:ismodellink="false" publish:partLowerX="425" publish:partLowerY="376" publish:partUpperX="16" publish:partUpperY="360" shape="rect" xmi:id="_.j.o.v.jIFFTE.d.yZ.hYPB67.lKRA"/><publish:partInfo name="EquipmentProtectionGroup" publish:ismodellink="false" publish:partLowerX="434" publish:partLowerY="493" publish:partUpperX="9" publish:partUpperY="308" shape="rect" xmi:id="_.j.o.v.jIFFTE.d.yZ.hYPB67.lKRA"/></contents><contents Type="Class" isDefault="false" name="NRA Protection Group Relationships Class Diagram" publish:icon="-1677387246_icon.png" publish:imageType="PNG" publish:qualifiedname="NetworkResourceAssurance::Class Diagrams::NRA Protection Group Relationships Class Diagram" xmi:id="_9.p.xW.sH.zXE.eKY_.q.d4.n.w.hL1Q" xsi:type="notation:Diagram"><publish:properties><publish:property canonicalName="description" name="Description" publish:category="View"/><publish:property canonicalName="graphLayout" name="Graph Layout" publish:category="View" publish:value="VerticalOrthogonalHierarchical"/><publish:property canonicalName="labelLayout" name="Label Layout" publish:category="View" publish:value="None"/><publish:property canonicalName="linkLayout" name="Link Layout" publish:category="View" publish:value="None"/><publish:property canonicalName="measurementUnit" name="Measurement Unit" publish:category="View" publish:value="Himetric"/><publish:property canonicalName="name" name="Name" publish:category="View" publish:value="NRA Protection Group Relationships Class Diagram"/><publish:property canonicalName="pageHeight" name="Page Height" publish:category="View" publish:value="100"/><publish:property canonicalName="pageWidth" name="Page Width" publish:category="View" publish:value="100"/><publish:property canonicalName="pageX" name="Page X" publish:category="View" publish:value="0"/><publish:property canonicalName="pageY" name="Page Y" publish:category="View" publish:value="0"/><publish:property canonicalName="styles" name="Styles" publish:category="View"/><publish:property canonicalName="useAliasName" name="Use Alias Name" publish:category="View" publish:value="false"/></publish:properties><publish:partInfo anchor="#_Z.uZC.kH.zZE.eKY_.q.d4.n.w.hL1Q" name="Property" publish:ismodellink="false" publish:partLowerX="0" publish:partLowerY="0" publish:partUpperX="0" publish:partUpperY="0" shape="rect" xmi:id="_Z.t8W.oH.zZE.eKY_.q.d4.n.w.hL1Q"/><publish:partInfo anchor="#_Z.u.iM.g.n.zZE.eKY_.q.d4.n.w.hL1Q" name="associatedTpRefList" publish:ismodellink="false" publish:partLowerX="0" publish:partLowerY="0" publish:partUpperX="0" publish:partUpperY="0" shape="rect" xmi:id="_.r.bGJUFY.uE.d.y.s97.lG39.t.c.p.w"/><publish:partInfo anchor="#_Z.uZC.kH.zZE.eKY_.q.d4.n.w.hL1Q" name="Property" publish:ismodellink="false" publish:partLowerX="0" publish:partLowerY="0" publish:partUpperX="0" publish:partUpperY="0" shape="rect" xmi:id="_Z.t8W.oH.zZE.eKY_.q.d4.n.w.hL1Q"/><publish:partInfo anchor="#_Z.u.iM.g.n.zZE.eKY_.q.d4.n.w.hL1Q" name="associatedTpRefList" publish:ismodellink="false" publish:partLowerX="0" publish:partLowerY="0" publish:partUpperX="0" publish:partUpperY="0" shape="rect" xmi:id="_.r.bGJUFY.uE.d.y.s97.lG39.t.c.p.w"/><publish:partInfo anchor="#_Z.uZC.kH.zZE.eKY_.q.d4.n.w.hL1Q" name="Property" publish:ismodellink="false" publish:partLowerX="0" publish:partLowerY="0" publish:partUpperX="0" publish:partUpperY="0" shape="rect" xmi:id="_Z.t8W.oH.zZE.eKY_.q.d4.n.w.hL1Q"/><publish:partInfo anchor="#_Z.uZC.kH.zZE.eKY_.q.d4.n.w.hL1Q" name="Property" publish:ismodellink="false" publish:partLowerX="1742" publish:partLowerY="370" publish:partUpperX="1735" publish:partUpperY="357" shape="rect" xmi:id="_Z.t8W.oH.zZE.eKY_.q.d4.n.w.hL1Q"/><publish:partInfo anchor="#_Z.u.iM.g.n.zZE.eKY_.q.d4.n.w.hL1Q" name="associatedTpRefList" publish:ismodellink="false" publish:partLowerX="1451" publish:partLowerY="340" publish:partUpperX="1344" publish:partUpperY="327" shape="rect" xmi:id="_.r.bGJUFY.uE.d.y.s97.lG39.t.c.p.w"/><publish:partInfo anchor="#_Z.u.iM.g.n.zZE.eKY_.q.d4.n.w.hL1Q" name="associatedTpRefList" publish:ismodellink="false" publish:partLowerX="1356" publish:partLowerY="370" publish:partUpperX="1349" publish:partUpperY="357" shape="rect" xmi:id="_.r.bGJUFY.uE.d.y.s97.lG39.t.c.p.w"/><publish:partInfo name="Association" publish:ismodellink="false" publish:partLowerX="0" publish:partLowerY="0" publish:partUpperX="0" publish:partUpperY="0" shape="rect" xmi:id="_Z.t8W.oH.zZE.eKY_.q.d4.n.w.hL1Q"/><publish:partInfo coords="1313,347,1776,347,1776,357,1313,357,1313,347" name="Association" publish:ismodellink="false" shape="poly" xmi:id="_Z.t8W.oH.zZE.eKY_.q.d4.n.w.hL1Q"/><publish:partInfo anchor="#_JB448X.z.tE.eKY_.q.d4.n.w.hL1Q" name="protectionRelatedTpRefList" publish:ismodellink="false" publish:partLowerX="0" publish:partLowerY="0" publish:partUpperX="0" publish:partUpperY="0" shape="rect" xmi:id="_Q8_.tUFF.hE.d.yZ.hYPB67.lKRA"/><publish:partInfo anchor="#_JB449X.z.tE.eKY_.q.d4.n.w.hL1Q" name="Property" publish:ismodellink="false" publish:partLowerX="0" publish:partLowerY="0" publish:partUpperX="0" publish:partUpperY="0" shape="rect" xmi:id="_JB448H.z.tE.eKY_.q.d4.n.w.hL1Q"/><publish:partInfo anchor="#_JB448X.z.tE.eKY_.q.d4.n.w.hL1Q" name="protectionRelatedTpRefList" publish:ismodellink="false" publish:partLowerX="0" publish:partLowerY="0" publish:partUpperX="0" publish:partUpperY="0" shape="rect" xmi:id="_Q8_.tUFF.hE.d.yZ.hYPB67.lKRA"/><publish:partInfo anchor="#_JB449X.z.tE.eKY_.q.d4.n.w.hL1Q" name="Property" publish:ismodellink="false" publish:partLowerX="0" publish:partLowerY="0" publish:partUpperX="0" publish:partUpperY="0" shape="rect" xmi:id="_JB448H.z.tE.eKY_.q.d4.n.w.hL1Q"/><publish:partInfo anchor="#_JB448X.z.tE.eKY_.q.d4.n.w.hL1Q" name="protectionRelatedTpRefList" publish:ismodellink="false" publish:partLowerX="336" publish:partLowerY="97" publish:partUpperX="194" publish:partUpperY="85" shape="rect" xmi:id="_Q8_.tUFF.hE.d.yZ.hYPB67.lKRA"/><publish:partInfo anchor="#_JB448X.z.tE.eKY_.q.d4.n.w.hL1Q" name="protectionRelatedTpRefList" publish:ismodellink="false" publish:partLowerX="215" publish:partLowerY="126" publish:partUpperX="194" publish:partUpperY="113" shape="rect" xmi:id="_Q8_.tUFF.hE.d.yZ.hYPB67.lKRA"/><publish:partInfo anchor="#_JB449X.z.tE.eKY_.q.d4.n.w.hL1Q" name="Property" publish:ismodellink="false" publish:partLowerX="0" publish:partLowerY="0" publish:partUpperX="0" publish:partUpperY="0" shape="rect" xmi:id="_JB448H.z.tE.eKY_.q.d4.n.w.hL1Q"/><publish:partInfo anchor="#_JB449X.z.tE.eKY_.q.d4.n.w.hL1Q" name="Property" publish:ismodellink="false" publish:partLowerX="526" publish:partLowerY="126" publish:partUpperX="505" publish:partUpperY="113" shape="rect" xmi:id="_JB448H.z.tE.eKY_.q.d4.n.w.hL1Q"/><publish:partInfo name="Association" publish:ismodellink="false" publish:partLowerX="0" publish:partLowerY="0" publish:partUpperX="0" publish:partUpperY="0" shape="rect" xmi:id="_JB448H.z.tE.eKY_.q.d4.n.w.hL1Q"/><publish:partInfo coords="550,113,168,113,168,103,550,103,550,113" name="Association" publish:ismodellink="false" shape="poly" xmi:id="_JB448H.z.tE.eKY_.q.d4.n.w.hL1Q"/><publish:partInfo anchor="#_WWJC.cX.z.bE.eKY_.q.d4.n.w.hL1Q" name="Property" publish:ismodellink="false" publish:partLowerX="0" publish:partLowerY="0" publish:partUpperX="0" publish:partUpperY="0" shape="rect" xmi:id="_WWJC.cH.z.bE.eKY_.q.d4.n.w.hL1Q"/><publish:partInfo anchor="#_WWJC.dX.z.bE.eKY_.q.d4.n.w.hL1Q" name="Property" publish:ismodellink="false" publish:partLowerX="0" publish:partLowerY="0" publish:partUpperX="0" publish:partUpperY="0" shape="rect" xmi:id="_WWJC.cH.z.bE.eKY_.q.d4.n.w.hL1Q"/><publish:partInfo anchor="#_WWJC.cX.z.bE.eKY_.q.d4.n.w.hL1Q" name="Property" publish:ismodellink="false" publish:partLowerX="0" publish:partLowerY="0" publish:partUpperX="0" publish:partUpperY="0" shape="rect" xmi:id="_WWJC.cH.z.bE.eKY_.q.d4.n.w.hL1Q"/><publish:partInfo anchor="#_WWJC.dX.z.bE.eKY_.q.d4.n.w.hL1Q" name="Property" publish:ismodellink="false" publish:partLowerX="0" publish:partLowerY="0" publish:partUpperX="0" publish:partUpperY="0" shape="rect" xmi:id="_WWJC.cH.z.bE.eKY_.q.d4.n.w.hL1Q"/><publish:partInfo anchor="#_WWJC.cX.z.bE.eKY_.q.d4.n.w.hL1Q" name="Property" publish:ismodellink="false" publish:partLowerX="0" publish:partLowerY="0" publish:partUpperX="0" publish:partUpperY="0" shape="rect" xmi:id="_WWJC.cH.z.bE.eKY_.q.d4.n.w.hL1Q"/><publish:partInfo anchor="#_WWJC.cX.z.bE.eKY_.q.d4.n.w.hL1Q" name="Property" publish:ismodellink="false" publish:partLowerX="1187" publish:partLowerY="137" publish:partUpperX="1180" publish:partUpperY="125" shape="rect" xmi:id="_WWJC.cH.z.bE.eKY_.q.d4.n.w.hL1Q"/><publish:partInfo anchor="#_WWJC.dX.z.bE.eKY_.q.d4.n.w.hL1Q" name="Property" publish:ismodellink="false" publish:partLowerX="0" publish:partLowerY="0" publish:partUpperX="0" publish:partUpperY="0" shape="rect" xmi:id="_WWJC.cH.z.bE.eKY_.q.d4.n.w.hL1Q"/><publish:partInfo anchor="#_WWJC.dX.z.bE.eKY_.q.d4.n.w.hL1Q" name="Property" publish:ismodellink="false" publish:partLowerX="927" publish:partLowerY="137" publish:partUpperX="920" publish:partUpperY="125" shape="rect" xmi:id="_WWJC.cH.z.bE.eKY_.q.d4.n.w.hL1Q"/><publish:partInfo name="getAllProtectedTerminationPointNames()" publish:ismodellink="false" publish:partLowerX="1173" publish:partLowerY="113" publish:partUpperX="938" publish:partUpperY="100" shape="rect" xmi:id="_WWJC.cH.z.bE.eKY_.q.d4.n.w.hL1Q"/><publish:partInfo coords="920,114,1192,114,1192,124,920,124,920,114" name="getAllProtectedTerminationPointNames()" publish:ismodellink="false" shape="poly" xmi:id="_WWJC.cH.z.bE.eKY_.q.d4.n.w.hL1Q"/><publish:partInfo anchor="#__.q6A.oX.z.aE.eKY_.q.d4.n.w.hL1Q" name="Property" publish:ismodellink="false" publish:partLowerX="0" publish:partLowerY="0" publish:partUpperX="0" publish:partUpperY="0" shape="rect" xmi:id="__.q6A.oH.z.aE.eKY_.q.d4.n.w.hL1Q"/><publish:partInfo anchor="#__.q6A.pX.z.aE.eKY_.q.d4.n.w.hL1Q" name="Property" publish:ismodellink="false" publish:partLowerX="0" publish:partLowerY="0" publish:partUpperX="0" publish:partUpperY="0" shape="rect" xmi:id="__.q6A.oH.z.aE.eKY_.q.d4.n.w.hL1Q"/><publish:partInfo anchor="#__.q6A.oX.z.aE.eKY_.q.d4.n.w.hL1Q" name="Property" publish:ismodellink="false" publish:partLowerX="0" publish:partLowerY="0" publish:partUpperX="0" publish:partUpperY="0" shape="rect" xmi:id="__.q6A.oH.z.aE.eKY_.q.d4.n.w.hL1Q"/><publish:partInfo anchor="#__.q6A.pX.z.aE.eKY_.q.d4.n.w.hL1Q" name="Property" publish:ismodellink="false" publish:partLowerX="0" publish:partLowerY="0" publish:partUpperX="0" publish:partUpperY="0" shape="rect" xmi:id="__.q6A.oH.z.aE.eKY_.q.d4.n.w.hL1Q"/><publish:partInfo anchor="#__.q6A.oX.z.aE.eKY_.q.d4.n.w.hL1Q" name="Property" publish:ismodellink="false" publish:partLowerX="0" publish:partLowerY="0" publish:partUpperX="0" publish:partUpperY="0" shape="rect" xmi:id="__.q6A.oH.z.aE.eKY_.q.d4.n.w.hL1Q"/><publish:partInfo anchor="#__.q6A.oX.z.aE.eKY_.q.d4.n.w.hL1Q" name="Property" publish:ismodellink="false" publish:partLowerX="1187" publish:partLowerY="98" publish:partUpperX="1180" publish:partUpperY="85" shape="rect" xmi:id="__.q6A.oH.z.aE.eKY_.q.d4.n.w.hL1Q"/><publish:partInfo anchor="#__.q6A.pX.z.aE.eKY_.q.d4.n.w.hL1Q" name="Property" publish:ismodellink="false" publish:partLowerX="0" publish:partLowerY="0" publish:partUpperX="0" publish:partUpperY="0" shape="rect" xmi:id="__.q6A.oH.z.aE.eKY_.q.d4.n.w.hL1Q"/><publish:partInfo anchor="#__.q6A.pX.z.aE.eKY_.q.d4.n.w.hL1Q" name="Property" publish:ismodellink="false" publish:partLowerX="927" publish:partLowerY="98" publish:partUpperX="920" publish:partUpperY="85" shape="rect" xmi:id="__.q6A.oH.z.aE.eKY_.q.d4.n.w.hL1Q"/><publish:partInfo name="getAllPreemptibleTerminationPointNames()" publish:ismodellink="false" publish:partLowerX="1181" publish:partLowerY="73" publish:partUpperX="933" publish:partUpperY="60" shape="rect" xmi:id="__.q6A.oH.z.aE.eKY_.q.d4.n.w.hL1Q"/><publish:partInfo coords="920,74,1192,74,1192,84,920,84,920,74" name="getAllPreemptibleTerminationPointNames()" publish:ismodellink="false" shape="poly" xmi:id="__.q6A.oH.z.aE.eKY_.q.d4.n.w.hL1Q"/><publish:partInfo anchor="#constraintsTable" name="Constraint" publish:ismodellink="false" publish:partLowerX="1754" publish:partLowerY="334" publish:partUpperX="1596" publish:partUpperY="309" shape="rect" xmi:id="_Z.t8W.oH.zZE.eKY_.q.d4.n.w.hL1Q"/><publish:partInfo anchor="#_.c.h.tWEP.s.oE.d.y.b.z6.jV.d6YV.eQ" name="ituArcStateAndStatusList" publish:ismodellink="false" publish:partLowerX="914" publish:partLowerY="187" publish:partUpperX="557" publish:partUpperY="171" shape="rect" xmi:id="_Q8_.tUFF.hE.d.yZ.hYPB67.lKRA"/><publish:partInfo anchor="#_.y.eC.o4MN.hE.d.y.d.iYA.u_Q32IQ" name="asapRef" publish:ismodellink="false" publish:partLowerX="914" publish:partLowerY="171" publish:partUpperX="557" publish:partUpperY="155" shape="rect" xmi:id="_Q8_.tUFF.hE.d.yZ.hYPB67.lKRA"/><publish:partInfo anchor="#_.n3BZFFF.hE.d.yZ.hYPB67.lKRA" name="apsProtocolType" publish:ismodellink="false" publish:partLowerX="914" publish:partLowerY="155" publish:partUpperX="557" publish:partUpperY="139" shape="rect" xmi:id="_Q8_.tUFF.hE.d.yZ.hYPB67.lKRA"/><publish:partInfo anchor="#_.n3BZEFF.hE.d.yZ.hYPB67.lKRA" name="parameterList" publish:ismodellink="false" publish:partLowerX="914" publish:partLowerY="139" publish:partUpperX="557" publish:partUpperY="123" shape="rect" xmi:id="_Q8_.tUFF.hE.d.yZ.hYPB67.lKRA"/><publish:partInfo anchor="#_.n27S.f.lF.hE.d.yZ.hYPB67.lKRA" name="layerRate" publish:ismodellink="false" publish:partLowerX="914" publish:partLowerY="123" publish:partUpperX="557" publish:partUpperY="107" shape="rect" xmi:id="_Q8_.tUFF.hE.d.yZ.hYPB67.lKRA"/><publish:partInfo anchor="#_.n27S.e.lF.hE.d.yZ.hYPB67.lKRA" name="reversionMode" publish:ismodellink="false" publish:partLowerX="914" publish:partLowerY="107" publish:partUpperX="557" publish:partUpperY="91" shape="rect" xmi:id="_Q8_.tUFF.hE.d.yZ.hYPB67.lKRA"/><publish:partInfo anchor="#_.n27S.d.lF.hE.d.yZ.hYPB67.lKRA" name="protectionSchemeState" publish:ismodellink="false" publish:partLowerX="914" publish:partLowerY="91" publish:partUpperX="557" publish:partUpperY="75" shape="rect" xmi:id="_Q8_.tUFF.hE.d.yZ.hYPB67.lKRA"/><publish:partInfo anchor="#_.n27S.c.lF.hE.d.yZ.hYPB67.lKRA" name="type" publish:ismodellink="false" publish:partLowerX="914" publish:partLowerY="75" publish:partUpperX="557" publish:partUpperY="59" shape="rect" xmi:id="_Q8_.tUFF.hE.d.yZ.hYPB67.lKRA"/><publish:partInfo name="ProtectionGroup" publish:ismodellink="false" publish:partLowerX="923" publish:partLowerY="204" publish:partUpperX="550" publish:partUpperY="9" shape="rect" xmi:id="_Q8_.tUFF.hE.d.yZ.hYPB67.lKRA"/><publish:partInfo anchor="#_9.o.zBQMT6E.d.yC6_0T.t.uYPCQ" name="tcaParameterList" publish:ismodellink="false" publish:partLowerX="2139" publish:partLowerY="397" publish:partUpperX="1782" publish:partUpperY="381" shape="rect" xmi:id="_.r.bGJUFY.uE.d.y.s97.lG39.t.c.p.w"/><publish:partInfo anchor="#_3_G.c.dFY.uE.d.y.s97.lG39.t.c.p.w" name="associatedTpRefList" publish:ismodellink="false" publish:partLowerX="2139" publish:partLowerY="381" publish:partUpperX="1782" publish:partUpperY="365" shape="rect" xmi:id="_.r.bGJUFY.uE.d.y.s97.lG39.t.c.p.w"/><publish:partInfo anchor="#_3_G.c.cFY.uE.d.y.s97.lG39.t.c.p.w" name="layerRate" publish:ismodellink="false" publish:partLowerX="2139" publish:partLowerY="365" publish:partUpperX="1782" publish:partUpperY="349" shape="rect" xmi:id="_.r.bGJUFY.uE.d.y.s97.lG39.t.c.p.w"/><publish:partInfo name="TcaParameterProfile" publish:ismodellink="false" publish:partLowerX="2148" publish:partLowerY="414" publish:partUpperX="1776" publish:partUpperY="299" shape="rect" xmi:id="_.r.bGJUFY.uE.d.y.s97.lG39.t.c.p.w"/></contents></packagedElement>