<?xml version="1.0" encoding="UTF-8"?><uml:Model xmlns:uml="http://www.eclipse.org/uml2/1.0.0/UML" name="NetworkResourceAssurance" xmlns:publish="http://www.ibm.com/Rational/XTools/Publish" publish:diagramFormat="PNG" publish:icon="1292180043_icon.png" publish:modelname="NetworkResourceAssurance" publish:profiles="Standard, Default, Deployment, null" publish:qualifiedname="NetworkResourceAssurance" publish:sortOrder="storage" publish:toplevelguid="_TIGM.oA6.qE.d.y.d7PUN.b-IYCQ" xmlns:xmi="http://www.omg.org/XMI" xmi:id="_TIGM.oA6.qE.d.y.d7PUN.b-IYCQ" xmi:version="2.0" xmlns:com.ibm.xtools.notation="http:///com/ibm/xtools/notation.ecore" xmlns:xsi="http://www.w3.org/2001/XMLSchema-instance" xsi:type="uml:Model"><appliedProfiles><profile name="Standard" visibility="public"/><profile name="Default" visibility="public"/><profile name="Deployment" visibility="public"/><profile visibility="public"/></appliedProfiles><packagedElement name="Class Diagrams" publish:diagramFormat="PNG" publish:icon="-1325065473_icon.png" publish:modelname="NetworkResourceAssurance" publish:qualifiedname="NetworkResourceAssurance::Class Diagrams" publish:sortOrder="storage" publish:toplevelguid="_TIGM.oA6.qE.d.y.d7PUN.b-IYCQ" xmi:id="_.fF.j.vYB5.cE.d.y.jX65.v.z.eW.aBA" xsi:type="uml:Package"/><packagedElement name="Data Object Classes" publish:diagramFormat="PNG" publish:icon="-1325065473_icon.png" publish:modelname="NetworkResourceAssurance" publish:qualifiedname="NetworkResourceAssurance::Data Object Classes" publish:sortOrder="storage" publish:toplevelguid="_TIGM.oA6.qE.d.y.d7PUN.b-IYCQ" xmi:id="_.hNF.c.kB5.cE.d.y.jX65.v.z.eW.aBA" xsi:type="uml:Package"><packagedElement publish:icon="386209858_icon.png" publish:qualifiedname="NetworkResourceAssurance::Data Object Classes::&lt;Association&gt;" xmi:id="_Z.t8W.oH.zZE.eKY_.q.d4.n.w.hL1Q" xsi:type="uml:Association"><ownedEnd publish:icon="-200991874_icon.png" publish:is_association="true" publish:qualifiedname="NetworkResourceAssurance::Data Object Classes::&lt;Association&gt;::&lt;Property&gt;" publish:type="TcaParameterProfile" publish:typeid="_.r.bGJUFY.uE.d.y.s97.lG39.t.c.p.w" xmi:id="_Z.uZC.kH.zZE.eKY_.q.d4.n.w.hL1Q" xsi:type="uml:Property"/></packagedElement><packagedElement publish:icon="-1895490947_icon.png" publish:qualifiedname="NetworkResourceAssurance::Data Object Classes::&lt;Association&gt;" xmi:id="_.xZ98.sFF.mE.d.yZ.hYPB67.lKRA" xsi:type="uml:Association"><ownedEnd publish:icon="-200991874_icon.png" publish:qualifiedname="NetworkResourceAssurance::Data Object Classes::&lt;Association&gt;::&lt;Property&gt;" publish:type="ManagedElement" xmi:id="_.xZ98.tVF.mE.d.yZ.hYPB67.lKRA" xsi:type="uml:Property"/><ownedEnd name="protectionGroup" publish:icon="-200991874_icon.png" publish:is_association="true" publish:qualifiedname="NetworkResourceAssurance::Data Object Classes::&lt;Association&gt;::protectionGroup" publish:type="ProtectionGroup" publish:typeid="_Q8_.tUFF.hE.d.yZ.hYPB67.lKRA" xmi:id="_.xZ98.sVF.mE.d.yZ.hYPB67.lKRA" xsi:type="uml:Property"/></packagedElement><packagedElement name="ProtectionGroup" publish:icon="1292180129_icon.png" publish:qualifiedname="NetworkResourceAssurance::Data Object Classes::ProtectionGroup" xmi:id="_Q8_.tUFF.hE.d.yZ.hYPB67.lKRA" xsi:type="uml:Class"><ownedAttribute name="type" publish:icon="923081473_icon.png" publish:is_association="false" publish:qualifiedname="NetworkResourceAssurance::Data Object Classes::ProtectionGroup::type" publish:type="ProtectionGroupType" publish:typeid="_.m0E44FF.iE.d.yZ.hYPB67.lKRA" xmi:id="_.n27S.c.lF.hE.d.yZ.hYPB67.lKRA" xsi:type="uml:Property"><defaultValue publish:icon="-419095724_icon.png" publish:qualifiedname="NetworkResourceAssurance::Data Object Classes::ProtectionGroup::type::&lt;OpaqueExpression&gt;" xmi:id="_.n27S.dFF.hE.d.yZ.hYPB67.lKRA" xsi:type="uml:OpaqueExpression"/></ownedAttribute><ownedAttribute name="protectionSchemeState" publish:icon="923081473_icon.png" publish:is_association="false" publish:qualifiedname="NetworkResourceAssurance::Data Object Classes::ProtectionGroup::protectionSchemeState" publish:type="ProtectionSchemeState" publish:typeid="_V8Q.x8E8XE.d.y.fL.r.y44X.cU.u.w" xmi:id="_.n27S.d.lF.hE.d.yZ.hYPB67.lKRA" xsi:type="uml:Property"><defaultValue name="AUTOMATIC" publish:icon="1812274008_icon.png" publish:qualifiedname="NetworkResourceAssurance::Data Object Classes::ProtectionGroup::protectionSchemeState::AUTOMATIC" xmi:id="_MLRY0FF.jE.d.yZ.hYPB67.lKRA" xsi:type="uml:InstanceValue"/></ownedAttribute><ownedAttribute name="reversionMode" publish:icon="923081473_icon.png" publish:is_association="false" publish:qualifiedname="NetworkResourceAssurance::Data Object Classes::ProtectionGroup::reversionMode" publish:type="ReversionMode" publish:typeid="_.f.yCP8FFWE.d.yZ.hYPB67.lKRA" xmi:id="_.n27S.e.lF.hE.d.yZ.hYPB67.lKRA" xsi:type="uml:Property"><defaultValue publish:icon="-419095724_icon.png" publish:qualifiedname="NetworkResourceAssurance::Data Object Classes::ProtectionGroup::reversionMode::&lt;OpaqueExpression&gt;" xmi:id="_.n27S.fFF.hE.d.yZ.hYPB67.lKRA" xsi:type="uml:OpaqueExpression"/></ownedAttribute><ownedAttribute name="layerRate" publish:icon="923081473_icon.png" publish:qualifiedname="NetworkResourceAssurance::Data Object Classes::ProtectionGroup::layerRate" publish:type="LayerRate" xmi:id="_.n27S.f.lF.hE.d.yZ.hYPB67.lKRA" xsi:type="uml:Property"><defaultValue publish:icon="-419095724_icon.png" publish:qualifiedname="NetworkResourceAssurance::Data Object Classes::ProtectionGroup::layerRate::&lt;OpaqueExpression&gt;" xmi:id="_.n27S.gFF.hE.d.yZ.hYPB67.lKRA" xsi:type="uml:OpaqueExpression"/></ownedAttribute><ownedAttribute name="parameterList" publish:icon="-301655413_icon.png" publish:qualifiedname="NetworkResourceAssurance::Data Object Classes::ProtectionGroup::parameterList" publish:type="AttributeValuePair" xmi:id="_.n3BZEFF.hE.d.yZ.hYPB67.lKRA" xsi:type="uml:Property"><defaultValue publish:icon="-419095724_icon.png" publish:qualifiedname="NetworkResourceAssurance::Data Object Classes::ProtectionGroup::parameterList::&lt;OpaqueExpression&gt;" xmi:id="_.n3BZE.lF.hE.d.yZ.hYPB67.lKRA" xsi:type="uml:OpaqueExpression"/></ownedAttribute><ownedAttribute name="apsProtocolType" publish:icon="923081473_icon.png" publish:qualifiedname="NetworkResourceAssurance::Data Object Classes::ProtectionGroup::apsProtocolType" publish:type="String" xmi:id="_.n3BZFFF.hE.d.yZ.hYPB67.lKRA" xsi:type="uml:Property"><defaultValue publish:icon="-419095724_icon.png" publish:qualifiedname="NetworkResourceAssurance::Data Object Classes::ProtectionGroup::apsProtocolType::&lt;OpaqueExpression&gt;" xmi:id="_.n3BZF.lF.hE.d.yZ.hYPB67.lKRA" xsi:type="uml:OpaqueExpression"/></ownedAttribute><ownedAttribute name="asapRef" publish:icon="923081473_icon.png" publish:qualifiedname="NetworkResourceAssurance::Data Object Classes::ProtectionGroup::asapRef" publish:type="ObjectName" xmi:id="_.y.eC.o4MN.hE.d.y.d.iYA.u_Q32IQ" xsi:type="uml:Property"/><ownedAttribute name="ituArcStateAndStatusList" publish:icon="-301655413_icon.png" publish:is_association="false" publish:qualifiedname="NetworkResourceAssurance::Data Object Classes::ProtectionGroup::ituArcStateAndStatusList" publish:type="ItuArcStateAndStatusList" publish:typeid="_61.x.b0J6.jE.d62T5.bC.p-9R_A" xmi:id="_.c.h.tWEP.s.oE.d.y.b.z6.jV.d6YV.eQ" xsi:type="uml:Property"/><ownedAttribute name="protectionRelatedTpRefList" publish:icon="923081473_icon.png" publish:qualifiedname="NetworkResourceAssurance::Data Object Classes::ProtectionGroup::protectionRelatedTpRefList" publish:type="PhysicalTerminationPoint" xmi:id="_JB448X.z.tE.eKY_.q.d4.n.w.hL1Q" xsi:type="uml:Property"><defaultValue publish:icon="-419095724_icon.png" publish:qualifiedname="NetworkResourceAssurance::Data Object Classes::ProtectionGroup::protectionRelatedTpRefList::&lt;OpaqueExpression&gt;" xmi:id="_.y.k.mKMIDWE.eK.h.c5.xI.lK.v.i.kA" xsi:type="uml:OpaqueExpression"/></ownedAttribute></packagedElement><packagedElement publish:icon="-1895490947_icon.png" publish:qualifiedname="NetworkResourceAssurance::Data Object Classes::&lt;Association&gt;" xmi:id="_X19.k.sFF.rE.d.yZ.hYPB67.lKRA" xsi:type="uml:Association"><ownedEnd publish:icon="-200991874_icon.png" publish:qualifiedname="NetworkResourceAssurance::Data Object Classes::&lt;Association&gt;::&lt;Property&gt;" publish:type="ManagementDomain" xmi:id="_X2D.rU.lF.rE.d.yZ.hYPB67.lKRA" xsi:type="uml:Property"/><ownedEnd name="asap" publish:icon="-200991874_icon.png" publish:is_association="true" publish:qualifiedname="NetworkResourceAssurance::Data Object Classes::&lt;Association&gt;::asap" publish:type="AlarmSeverityAssignmentProfile" publish:typeid="_.rC.h4AP-.tE.d.uKKL.vC_EB00A" xmi:id="_X19.k.sVF.rE.d.yZ.hYPB67.lKRA" xsi:type="uml:Property"/></packagedElement><packagedElement publish:icon="-1895490947_icon.png" publish:qualifiedname="NetworkResourceAssurance::Data Object Classes::&lt;Association&gt;" xmi:id="_9SP3.cFFUE.d.yZ.hYPB67.lKRA" xsi:type="uml:Association"><ownedEnd publish:icon="-200991874_icon.png" publish:qualifiedname="NetworkResourceAssurance::Data Object Classes::&lt;Association&gt;::&lt;Property&gt;" publish:type="ManagedElement" xmi:id="_9SV-E.lFUE.d.yZ.hYPB67.lKRA" xsi:type="uml:Property"/><ownedEnd name="equipmentProtectionGroup" publish:icon="-200991874_icon.png" publish:is_association="true" publish:qualifiedname="NetworkResourceAssurance::Data Object Classes::&lt;Association&gt;::equipmentProtectionGroup" publish:type="EquipmentProtectionGroup" publish:typeid="_.j.o.v.jIFFTE.d.yZ.hYPB67.lKRA" xmi:id="_9SP3.cVFUE.d.yZ.hYPB67.lKRA" xsi:type="uml:Property"/></packagedElement><packagedElement name="EquipmentProtectionGroup" publish:icon="1292180129_icon.png" publish:qualifiedname="NetworkResourceAssurance::Data Object Classes::EquipmentProtectionGroup" xmi:id="_.j.o.v.jIFFTE.d.yZ.hYPB67.lKRA" xsi:type="uml:Class"><ownedAttribute name="type" publish:icon="923081473_icon.png" publish:is_association="false" publish:qualifiedname="NetworkResourceAssurance::Data Object Classes::EquipmentProtectionGroup::type" publish:type="EquipmentProtectionType" publish:typeid="_.aNA.q.wFC.eE.d.y.n.y.b.g.l.u.dW5L.g" xmi:id="_.s2A.j8.lFTE.d.yZ.hYPB67.lKRA" xsi:type="uml:Property"><defaultValue name="M_FOR_N" publish:icon="1812274008_icon.png" publish:qualifiedname="NetworkResourceAssurance::Data Object Classes::EquipmentProtectionGroup::type::M_FOR_N" xmi:id="_.bL.a.f.kFFVE.d.yZ.hYPB67.lKRA" xsi:type="uml:InstanceValue"/></ownedAttribute><ownedAttribute name="protectionSchemeState" publish:icon="923081473_icon.png" publish:is_association="false" publish:qualifiedname="NetworkResourceAssurance::Data Object Classes::EquipmentProtectionGroup::protectionSchemeState" publish:type="ProtectionSchemeState" publish:typeid="_V8Q.x8E8XE.d.y.fL.r.y44X.cU.u.w" xmi:id="_.s2A.j9.lFTE.d.yZ.hYPB67.lKRA" xsi:type="uml:Property"><defaultValue name="AUTOMATIC" publish:icon="1812274008_icon.png" publish:qualifiedname="NetworkResourceAssurance::Data Object Classes::EquipmentProtectionGroup::protectionSchemeState::AUTOMATIC" xmi:id="_C.t.uMMFFWE.d.yZ.hYPB67.lKRA" xsi:type="uml:InstanceValue"/></ownedAttribute><ownedAttribute name="reversionMode" publish:icon="923081473_icon.png" publish:is_association="false" publish:qualifiedname="NetworkResourceAssurance::Data Object Classes::EquipmentProtectionGroup::reversionMode" publish:type="ReversionMode" publish:typeid="_.f.yCP8FFWE.d.yZ.hYPB67.lKRA" xmi:id="_.s2A.j-.lFTE.d.yZ.hYPB67.lKRA" xsi:type="uml:Property"><defaultValue name="UNKNOWN" publish:icon="1812274008_icon.png" publish:qualifiedname="NetworkResourceAssurance::Data Object Classes::EquipmentProtectionGroup::reversionMode::UNKNOWN" xmi:id="_.vN.q3.gFFWE.d.yZ.hYPB67.lKRA" xsi:type="uml:InstanceValue"/></ownedAttribute><ownedAttribute name="protectedEquipmentRefList" publish:icon="923081473_icon.png" publish:qualifiedname="NetworkResourceAssurance::Data Object Classes::EquipmentProtectionGroup::protectedEquipmentRefList" publish:type="ObjectName" xmi:id="_UIJJ.sMT.bE.d.y.d.wOPP8U.aO.aA" xsi:type="uml:Property"><defaultValue publish:icon="-419095724_icon.png" publish:qualifiedname="NetworkResourceAssurance::Data Object Classes::EquipmentProtectionGroup::protectedEquipmentRefList::&lt;OpaqueExpression&gt;" xmi:id="_.c.sR.cAMT.dE.d.y.d.wOPP8U.aO.aA" xsi:type="uml:OpaqueExpression"/></ownedAttribute><ownedAttribute name="protectingEquipmentRefList" publish:icon="923081473_icon.png" publish:qualifiedname="NetworkResourceAssurance::Data Object Classes::EquipmentProtectionGroup::protectingEquipmentRefList" publish:type="ObjectName" xmi:id="_.f.k1P.cMT.bE.d.y.d.wOPP8U.aO.aA" xsi:type="uml:Property"><defaultValue publish:icon="-419095724_icon.png" publish:qualifiedname="NetworkResourceAssurance::Data Object Classes::EquipmentProtectionGroup::protectingEquipmentRefList::&lt;OpaqueExpression&gt;" xmi:id="_.d.wXWQMT.dE.d.y.d.wOPP8U.aO.aA" xsi:type="uml:OpaqueExpression"/></ownedAttribute><ownedAttribute name="parameterList" publish:icon="923081473_icon.png" publish:qualifiedname="NetworkResourceAssurance::Data Object Classes::EquipmentProtectionGroup::parameterList" publish:type="AttributeValuePair" xmi:id="_.s2G.q.kVFTE.d.yZ.hYPB67.lKRA" xsi:type="uml:Property"><defaultValue publish:icon="-419095724_icon.png" publish:qualifiedname="NetworkResourceAssurance::Data Object Classes::EquipmentProtectionGroup::parameterList::&lt;OpaqueExpression&gt;" xmi:id="_.s2G.q.k1FTE.d.yZ.hYPB67.lKRA" xsi:type="uml:OpaqueExpression"/></ownedAttribute><ownedAttribute name="asapRef" publish:icon="923081473_icon.png" publish:qualifiedname="NetworkResourceAssurance::Data Object Classes::EquipmentProtectionGroup::asapRef" publish:type="ObjectName" xmi:id="_.vG.k90MN.hE.d.y.d.iYA.u_Q32IQ" xsi:type="uml:Property"/><ownedAttribute name="ituArcStateAndStatusList" publish:icon="-301655413_icon.png" publish:is_association="false" publish:qualifiedname="NetworkResourceAssurance::Data Object Classes::EquipmentProtectionGroup::ituArcStateAndStatusList" publish:type="ItuArcStateAndStatusList" publish:typeid="_61.x.b0J6.jE.d62T5.bC.p-9R_A" xmi:id="_.b.gAB.cP.s.oE.d.y.b.z6.jV.d6YV.eQ" xsi:type="uml:Property"/></packagedElement><packagedElement name="AlarmSeverityAssignmentProfile" publish:icon="1292180129_icon.png" publish:qualifiedname="NetworkResourceAssurance::Data Object Classes::AlarmSeverityAssignmentProfile" xmi:id="_.rC.h4AP-.tE.d.uKKL.vC_EB00A" xsi:type="uml:Class"><ownedAttribute name="isFixed" publish:icon="923081473_icon.png" publish:qualifiedname="NetworkResourceAssurance::Data Object Classes::AlarmSeverityAssignmentProfile::isFixed" publish:type="Boolean" xmi:id="_.rC.h4A_-.tE.d.uKKL.vC_EB00A" xsi:type="uml:Property"><defaultValue publish:icon="-419095724_icon.png" publish:qualifiedname="NetworkResourceAssurance::Data Object Classes::AlarmSeverityAssignmentProfile::isFixed::&lt;OpaqueExpression&gt;" xmi:id="_.rC.h4B.f-.tE.d.uKKL.vC_EB00A" xsi:type="uml:OpaqueExpression"/></ownedAttribute><ownedAttribute name="alarmSeverityAssignmentList" publish:icon="923081473_icon.png" publish:is_association="false" publish:qualifiedname="NetworkResourceAssurance::Data Object Classes::AlarmSeverityAssignmentProfile::alarmSeverityAssignmentList" publish:type="AlarmSeverityAssignment" publish:typeid="_.o.bM3QFYOE.d.y.s97.lG39.t.c.p.w" xmi:id="_.rC.h4B.v-.tE.d.uKKL.vC_EB00A" xsi:type="uml:Property"><defaultValue publish:icon="-419095724_icon.png" publish:qualifiedname="NetworkResourceAssurance::Data Object Classes::AlarmSeverityAssignmentProfile::alarmSeverityAssignmentList::&lt;OpaqueExpression&gt;" xmi:id="_.rC.h4CP-.tE.d.uKKL.vC_EB00A" xsi:type="uml:OpaqueExpression"/></ownedAttribute></packagedElement><packagedElement publish:icon="-737862823_icon.png" publish:qualifiedname="NetworkResourceAssurance::Data Object Classes::&lt;Dependency&gt;" xmi:id="_2JMRQFYOE.d.y.s97.lG39.t.c.p.w" xsi:type="uml:Dependency"/><packagedElement name="PerformanceMonitoringPoint" publish:icon="1292180129_icon.png" publish:qualifiedname="NetworkResourceAssurance::Data Object Classes::PerformanceMonitoringPoint" xmi:id="_.l.rQ.s8FYTE.d.y.s97.lG39.t.c.p.w" xsi:type="uml:Class"><ownedAttribute name="layerRate" publish:icon="923081473_icon.png" publish:qualifiedname="NetworkResourceAssurance::Data Object Classes::PerformanceMonitoringPoint::layerRate" publish:type="LayerRate" xmi:id="_.yW4D8VYTE.d.y.s97.lG39.t.c.p.w" xsi:type="uml:Property"><defaultValue publish:icon="-419095724_icon.png" publish:qualifiedname="NetworkResourceAssurance::Data Object Classes::PerformanceMonitoringPoint::layerRate::&lt;OpaqueExpression&gt;" xmi:id="_.yW4D81YTE.d.y.s97.lG39.t.c.p.w" xsi:type="uml:OpaqueExpression"/></ownedAttribute><ownedAttribute name="pmLocation" publish:icon="-301655413_icon.png" publish:is_association="false" publish:qualifiedname="NetworkResourceAssurance::Data Object Classes::PerformanceMonitoringPoint::pmLocation" publish:type="PerformanceMonitoringLocation" publish:typeid="_1RM.q.kFYUE.d.y.s97.lG39.t.c.p.w" xmi:id="_.yW-K.kVYTE.d.y.s97.lG39.t.c.p.w" xsi:type="uml:Property"><defaultValue publish:icon="-419095724_icon.png" publish:qualifiedname="NetworkResourceAssurance::Data Object Classes::PerformanceMonitoringPoint::pmLocation::&lt;OpaqueExpression&gt;" xmi:id="_.yW-K.k1YTE.d.y.s97.lG39.t.c.p.w" xsi:type="uml:OpaqueExpression"/></ownedAttribute><ownedAttribute name="granularity" publish:icon="923081473_icon.png" publish:is_association="false" publish:qualifiedname="NetworkResourceAssurance::Data Object Classes::PerformanceMonitoringPoint::granularity" publish:type="Granularity" publish:typeid="_.x.qH.kQFYWE.d.y.s97.lG39.t.c.p.w" xmi:id="_.yW-K.lVYTE.d.y.s97.lG39.t.c.p.w" xsi:type="uml:Property"><defaultValue name="NOT_APPLICABLE" publish:icon="1812274008_icon.png" publish:qualifiedname="NetworkResourceAssurance::Data Object Classes::PerformanceMonitoringPoint::granularity::NOT_APPLICABLE" xmi:id="__S-.m.oFYWE.d.y.s97.lG39.t.c.p.w" xsi:type="uml:InstanceValue"/></ownedAttribute><ownedAttribute name="supervisionState" publish:icon="923081473_icon.png" publish:qualifiedname="NetworkResourceAssurance::Data Object Classes::PerformanceMonitoringPoint::supervisionState" publish:type="ControlState" xmi:id="_.yW-K.nVYTE.d.y.s97.lG39.t.c.p.w" xsi:type="uml:Property"><defaultValue name="LOCKED" publish:icon="1812274008_icon.png" publish:qualifiedname="NetworkResourceAssurance::Data Object Classes::PerformanceMonitoringPoint::supervisionState::LOCKED" xmi:id="_P2.qE.wB.q.uE.d2.o.d8I.dEOF.lMQ" xsi:type="uml:InstanceValue"/></ownedAttribute><ownedAttribute name="monitoringState" publish:icon="923081473_icon.png" publish:qualifiedname="NetworkResourceAssurance::Data Object Classes::PerformanceMonitoringPoint::monitoringState" publish:type="ControlState" xmi:id="_.yW-K.mVYTE.d.y.s97.lG39.t.c.p.w" xsi:type="uml:Property"><defaultValue name="LOCKED" publish:icon="1812274008_icon.png" publish:qualifiedname="NetworkResourceAssurance::Data Object Classes::PerformanceMonitoringPoint::monitoringState::LOCKED" xmi:id="_QPP.j4B.q.uE.d2.o.d8I.dEOF.lMQ" xsi:type="uml:InstanceValue"/></ownedAttribute><ownedAttribute name="pmParameterList" publish:icon="-301655413_icon.png" publish:is_association="false" publish:qualifiedname="NetworkResourceAssurance::Data Object Classes::PerformanceMonitoringPoint::pmParameterList" publish:type="PerformanceMonitoringParameter" publish:typeid="_.r3PU.wFYYE.d.y.s97.lG39.t.c.p.w" xmi:id="_.bR1EQMROE.d.y.oEOAT.f.pD7.o.g" xsi:type="uml:Property"/></packagedElement><packagedElement name="TcaParameterProfile" publish:icon="1292180129_icon.png" publish:qualifiedname="NetworkResourceAssurance::Data Object Classes::TcaParameterProfile" xmi:id="_.r.bGJUFY.uE.d.y.s97.lG39.t.c.p.w" xsi:type="uml:Class"><ownedAttribute name="layerRate" publish:icon="923081473_icon.png" publish:qualifiedname="NetworkResourceAssurance::Data Object Classes::TcaParameterProfile::layerRate" publish:type="LayerRate" xmi:id="_3_G.c.cFY.uE.d.y.s97.lG39.t.c.p.w" xsi:type="uml:Property"><defaultValue publish:icon="-419095724_icon.png" publish:qualifiedname="NetworkResourceAssurance::Data Object Classes::TcaParameterProfile::layerRate::&lt;OpaqueExpression&gt;" xmi:id="_3_G.c.c.lY.uE.d.y.s97.lG39.t.c.p.w" xsi:type="uml:OpaqueExpression"/></ownedAttribute><ownedAttribute name="associatedTpRefList" publish:icon="923081473_icon.png" publish:qualifiedname="NetworkResourceAssurance::Data Object Classes::TcaParameterProfile::associatedTpRefList" publish:type="ObjectName" xmi:id="_3_G.c.dFY.uE.d.y.s97.lG39.t.c.p.w" xsi:type="uml:Property"><defaultValue publish:icon="-419095724_icon.png" publish:qualifiedname="NetworkResourceAssurance::Data Object Classes::TcaParameterProfile::associatedTpRefList::&lt;OpaqueExpression&gt;" xmi:id="_3_G.c.d.lY.uE.d.y.s97.lG39.t.c.p.w" xsi:type="uml:OpaqueExpression"/></ownedAttribute><ownedAttribute name="tcaParameterList" publish:icon="923081473_icon.png" publish:is_association="false" publish:qualifiedname="NetworkResourceAssurance::Data Object Classes::TcaParameterProfile::tcaParameterList" publish:type="ThresholdCrossingAlertParameter" publish:typeid="_.sI.pE.cFY.xE.d.y.s97.lG39.t.c.p.w" xmi:id="_9.o.zBQMT6E.d.yC6_0T.t.uYPCQ" xsi:type="uml:Property"><defaultValue publish:icon="-419095724_icon.png" publish:qualifiedname="NetworkResourceAssurance::Data Object Classes::TcaParameterProfile::tcaParameterList::&lt;OpaqueExpression&gt;" xmi:id="_KONC.kMT7E.d.yC6_0T.t.uYPCQ" xsi:type="uml:OpaqueExpression"/></ownedAttribute><ownedAttribute name="associatedTpRefList" publish:icon="923081473_icon.png" publish:qualifiedname="NetworkResourceAssurance::Data Object Classes::TcaParameterProfile::associatedTpRefList" publish:type="TerminationPoint" xmi:id="_Z.u.iM.g.n.zZE.eKY_.q.d4.n.w.hL1Q" xsi:type="uml:Property"><defaultValue publish:icon="-419095724_icon.png" publish:qualifiedname="NetworkResourceAssurance::Data Object Classes::TcaParameterProfile::associatedTpRefList::&lt;OpaqueExpression&gt;" xmi:id="_.b3.y.eQID.aE.eK.h.c5.xI.lK.v.i.kA" xsi:type="uml:OpaqueExpression"/></ownedAttribute></packagedElement><packagedElement publish:icon="-737862823_icon.png" publish:qualifiedname="NetworkResourceAssurance::Data Object Classes::&lt;Dependency&gt;" xmi:id="_.pO.kE4MROE.d.y.oEOAT.f.pD7.o.g" xsi:type="uml:Dependency"/><packagedElement publish:icon="-737862823_icon.png" publish:qualifiedname="NetworkResourceAssurance::Data Object Classes::&lt;Dependency&gt;" xmi:id="_PF.y.c.kMT7E.d.yC6_0T.t.uYPCQ" xsi:type="uml:Dependency"/><packagedElement publish:icon="-1895490947_icon.png" publish:qualifiedname="NetworkResourceAssurance::Data Object Classes::&lt;Association&gt;" xmi:id="_.j2.i7.oKXME.d2597.xQ-.kI.hBQ" xsi:type="uml:Association"><ownedEnd publish:icon="-200991874_icon.png" publish:qualifiedname="NetworkResourceAssurance::Data Object Classes::&lt;Association&gt;::&lt;Property&gt;" publish:type="ManagedElement" xmi:id="_.j2.s.s.oKXME.d2597.xQ-.kI.hBQ" xsi:type="uml:Property"/><ownedEnd name="tcaparameterprofile" publish:icon="-200991874_icon.png" publish:is_association="true" publish:qualifiedname="NetworkResourceAssurance::Data Object Classes::&lt;Association&gt;::tcaparameterprofile" publish:type="TcaParameterProfile" publish:typeid="_.r.bGJUFY.uE.d.y.s97.lG39.t.c.p.w" xmi:id="_.j2.s.s.o.qXME.d2597.xQ-.kI.hBQ" xsi:type="uml:Property"/></packagedElement><packagedElement name="TpContainsPmps" publish:icon="-1895490947_icon.png" publish:qualifiedname="NetworkResourceAssurance::Data Object Classes::TpContainsPmps" xmi:id="_.l.b.mMMP.eBE.d2RD.t6.uV.a5.wH.g" xsi:type="uml:Association"><ownedEnd publish:icon="-200991874_icon.png" publish:qualifiedname="NetworkResourceAssurance::Data Object Classes::TpContainsPmps::&lt;Property&gt;" publish:type="TerminationPoint" xmi:id="_.l.hQIQP.eBE.d2RD.t6.uV.a5.wH.g" xsi:type="uml:Property"/><ownedEnd publish:icon="-200991874_icon.png" publish:is_association="true" publish:qualifiedname="NetworkResourceAssurance::Data Object Classes::TpContainsPmps::&lt;Property&gt;" publish:type="PerformanceMonitoringPoint" publish:typeid="_.l.rQ.s8FYTE.d.y.s97.lG39.t.c.p.w" xmi:id="_.l.hQIRP.eBE.d2RD.t6.uV.a5.wH.g" xsi:type="uml:Property"/></packagedElement><packagedElement name="getAllPreemptibleTerminationPointNames()" publish:icon="537206018_icon.png" publish:qualifiedname="NetworkResourceAssurance::Data Object Classes::getAllPreemptibleTerminationPointNames()" xmi:id="__.q6A.oH.z.aE.eKY_.q.d4.n.w.hL1Q" xsi:type="uml:Association"><ownedEnd publish:icon="-200991874_icon.png" publish:is_association="true" publish:qualifiedname="NetworkResourceAssurance::Data Object Classes::getAllPreemptibleTerminationPointNames()::&lt;Property&gt;" publish:type="ProtectionGroup" publish:typeid="_Q8_.tUFF.hE.d.yZ.hYPB67.lKRA" xmi:id="__.q6A.pX.z.aE.eKY_.q.d4.n.w.hL1Q" xsi:type="uml:Property"/><ownedEnd publish:icon="-200991874_icon.png" publish:qualifiedname="NetworkResourceAssurance::Data Object Classes::getAllPreemptibleTerminationPointNames()::&lt;Property&gt;" publish:type="ConnectionTerminatioPoint" xmi:id="__.q6A.oX.z.aE.eKY_.q.d4.n.w.hL1Q" xsi:type="uml:Property"/></packagedElement><packagedElement name="getAllProtectedTerminationPointNames()" publish:icon="537206018_icon.png" publish:qualifiedname="NetworkResourceAssurance::Data Object Classes::getAllProtectedTerminationPointNames()" xmi:id="_WWJC.cH.z.bE.eKY_.q.d4.n.w.hL1Q" xsi:type="uml:Association"><ownedEnd publish:icon="-200991874_icon.png" publish:is_association="true" publish:qualifiedname="NetworkResourceAssurance::Data Object Classes::getAllProtectedTerminationPointNames()::&lt;Property&gt;" publish:type="ProtectionGroup" publish:typeid="_Q8_.tUFF.hE.d.yZ.hYPB67.lKRA" xmi:id="_WWJC.dX.z.bE.eKY_.q.d4.n.w.hL1Q" xsi:type="uml:Property"/><ownedEnd publish:icon="-200991874_icon.png" publish:qualifiedname="NetworkResourceAssurance::Data Object Classes::getAllProtectedTerminationPointNames()::&lt;Property&gt;" publish:type="ConnectionTerminatioPoint" xmi:id="_WWJC.cX.z.bE.eKY_.q.d4.n.w.hL1Q" xsi:type="uml:Property"/></packagedElement><packagedElement publish:icon="386209858_icon.png" publish:qualifiedname="NetworkResourceAssurance::Data Object Classes::&lt;Association&gt;" xmi:id="_JB448H.z.tE.eKY_.q.d4.n.w.hL1Q" xsi:type="uml:Association"><ownedEnd publish:icon="-200991874_icon.png" publish:is_association="true" publish:qualifiedname="NetworkResourceAssurance::Data Object Classes::&lt;Association&gt;::&lt;Property&gt;" publish:type="ProtectionGroup" publish:typeid="_Q8_.tUFF.hE.d.yZ.hYPB67.lKRA" xmi:id="_JB449X.z.tE.eKY_.q.d4.n.w.hL1Q" xsi:type="uml:Property"/></packagedElement></packagedElement><packagedElement name="Type Definitions" publish:diagramFormat="PNG" publish:icon="-1325065473_icon.png" publish:modelname="NetworkResourceAssurance" publish:qualifiedname="NetworkResourceAssurance::Type Definitions" publish:sortOrder="storage" publish:toplevelguid="_TIGM.oA6.qE.d.y.d7PUN.b-IYCQ" xmi:id="_.fH0AUFYOE.d.y.s97.lG39.t.c.p.w" xsi:type="uml:Package"><packagedElement name="AlarmStatus" publish:icon="1124407944_icon.png" publish:qualifiedname="NetworkResourceAssurance::Type Definitions::AlarmStatus" xmi:id="_.f1.zJ.gHM.fE.d.yMG.rC9M.s.b2.bA" xsi:type="uml:Enumeration"><ownedLiteral name="CLEARED" publish:icon="-2147149193_icon.png" publish:qualifiedname="NetworkResourceAssurance::Type Definitions::AlarmStatus::CLEARED" xmi:id="_.f1.zJ.gXM.fE.d.yMG.rC9M.s.b2.bA" xsi:type="uml:EnumerationLiteral"/><ownedLiteral name="PENDING" publish:icon="-2147149193_icon.png" publish:qualifiedname="NetworkResourceAssurance::Type Definitions::AlarmStatus::PENDING" xmi:id="_.f1.zJ.g.nM.fE.d.yMG.rC9M.s.b2.bA" xsi:type="uml:EnumerationLiteral"/><ownedLiteral name="WARNING" publish:icon="-2147149193_icon.png" publish:qualifiedname="NetworkResourceAssurance::Type Definitions::AlarmStatus::WARNING" xmi:id="_.lNI.a.kHM.fE.d.yMG.rC9M.s.b2.bA" xsi:type="uml:EnumerationLiteral"/><ownedLiteral name="INDETERMINATE" publish:icon="-2147149193_icon.png" publish:qualifiedname="NetworkResourceAssurance::Type Definitions::AlarmStatus::INDETERMINATE" xmi:id="_.m.d.e.oIHM.fE.d.yMG.rC9M.s.b2.bA" xsi:type="uml:EnumerationLiteral"/><ownedLiteral name="MINOR" publish:icon="-2147149193_icon.png" publish:qualifiedname="NetworkResourceAssurance::Type Definitions::AlarmStatus::MINOR" xmi:id="_.pX81MHM.fE.d.yMG.rC9M.s.b2.bA" xsi:type="uml:EnumerationLiteral"/><ownedLiteral name="MAJOR" publish:icon="-2147149193_icon.png" publish:qualifiedname="NetworkResourceAssurance::Type Definitions::AlarmStatus::MAJOR" xmi:id="_.q5.x0UHM.fE.d.yMG.rC9M.s.b2.bA" xsi:type="uml:EnumerationLiteral"/><ownedLiteral name="CRITICAL" publish:icon="-2147149193_icon.png" publish:qualifiedname="NetworkResourceAssurance::Type Definitions::AlarmStatus::CRITICAL" xmi:id="_.sIZ.j.kHM.fE.d.yMG.rC9M.s.b2.bA" xsi:type="uml:EnumerationLiteral"/></packagedElement><packagedElement name="ArcQIStatus" publish:icon="1124407944_icon.png" publish:qualifiedname="NetworkResourceAssurance::Type Definitions::ArcQIStatus" xmi:id="_.qMFLYHM.gE.d.yMG.rC9M.s.b2.bA" xsi:type="uml:Enumeration"><ownedLiteral name="NOT_APPLICABLE" publish:icon="-2147149193_icon.png" publish:qualifiedname="NetworkResourceAssurance::Type Definitions::ArcQIStatus::NOT_APPLICABLE" xmi:id="_.qMFLYXM.gE.d.yMG.rC9M.s.b2.bA" xsi:type="uml:EnumerationLiteral"/><ownedLiteral name="NALM_NOT_REPORTED" publish:icon="-2147149193_icon.png" publish:qualifiedname="NetworkResourceAssurance::Type Definitions::ArcQIStatus::NALM_NOT_REPORTED" xmi:id="_.qMFLY.nM.gE.d.yMG.rC9M.s.b2.bA" xsi:type="uml:EnumerationLiteral"/><ownedLiteral name="NALM_COUNT_DOWN" publish:icon="-2147149193_icon.png" publish:qualifiedname="NetworkResourceAssurance::Type Definitions::ArcQIStatus::NALM_COUNT_DOWN" xmi:id="_.z__8.gHM.gE.d.yMG.rC9M.s.b2.bA" xsi:type="uml:EnumerationLiteral"/></packagedElement><packagedElement name="ArcState" publish:icon="1124407944_icon.png" publish:qualifiedname="NetworkResourceAssurance::Type Definitions::ArcState" xmi:id="_.u.vL_.oHM.fE.d.yMG.rC9M.s.b2.bA" xsi:type="uml:Enumeration"><ownedLiteral name="ALM" publish:icon="-2147149193_icon.png" publish:qualifiedname="NetworkResourceAssurance::Type Definitions::ArcState::ALM" xmi:id="_.u.vL_.oXM.fE.d.yMG.rC9M.s.b2.bA" xsi:type="uml:EnumerationLiteral"/><ownedLiteral name="NALM" publish:icon="-2147149193_icon.png" publish:qualifiedname="NetworkResourceAssurance::Type Definitions::ArcState::NALM" xmi:id="_.u.vL_.o.nM.fE.d.yMG.rC9M.s.b2.bA" xsi:type="uml:EnumerationLiteral"/><ownedLiteral name="NALM_QUALIFIED_INHIBIT" publish:icon="-2147149193_icon.png" publish:qualifiedname="NetworkResourceAssurance::Type Definitions::ArcState::NALM_QUALIFIED_INHIBIT" xmi:id="_1.v.bIMHM.fE.d.yMG.rC9M.s.b2.bA" xsi:type="uml:EnumerationLiteral"/><ownedLiteral name="NALM_TIMED_INHIBIT" publish:icon="-2147149193_icon.png" publish:qualifiedname="NetworkResourceAssurance::Type Definitions::ArcState::NALM_TIMED_INHIBIT" xmi:id="_50B.mEHM.fE.d.yMG.rC9M.s.b2.bA" xsi:type="uml:EnumerationLiteral"/></packagedElement><packagedElement name="EquipmentSwitchReason" publish:icon="1124407944_icon.png" publish:qualifiedname="NetworkResourceAssurance::Type Definitions::EquipmentSwitchReason" xmi:id="_.i.c0.vYFC.fE.d.y.n.y.b.g.l.u.dW5L.g" xsi:type="uml:Enumeration"><ownedLiteral name="EQUIPMENT_FAILURE" publish:icon="-2147149193_icon.png" publish:qualifiedname="NetworkResourceAssurance::Type Definitions::EquipmentSwitchReason::EQUIPMENT_FAILURE" xmi:id="_.u.p.sU4FC.fE.d.y.n.y.b.g.l.u.dW5L.g" xsi:type="uml:EnumerationLiteral"/><ownedLiteral name="MANUAL" publish:icon="-2147149193_icon.png" publish:qualifiedname="NetworkResourceAssurance::Type Definitions::EquipmentSwitchReason::MANUAL" xmi:id="_.x.h.dMMFC.fE.d.y.n.y.b.g.l.u.dW5L.g" xsi:type="uml:EnumerationLiteral"/><ownedLiteral name="NOT_APPLICABLE" publish:icon="-2147149193_icon.png" publish:qualifiedname="NetworkResourceAssurance::Type Definitions::EquipmentSwitchReason::NOT_APPLICABLE" xmi:id="_.y.uJB.wFC.fE.d.y.n.y.b.g.l.u.dW5L.g" xsi:type="uml:EnumerationLiteral"/></packagedElement><packagedElement name="EquipmentProtectionType" publish:icon="1124407944_icon.png" publish:qualifiedname="NetworkResourceAssurance::Type Definitions::EquipmentProtectionType" xmi:id="_.aNA.q.wFC.eE.d.y.n.y.b.g.l.u.dW5L.g" xsi:type="uml:Enumeration"><ownedLiteral name="M_FOR_N" publish:icon="-2147149193_icon.png" publish:qualifiedname="NetworkResourceAssurance::Type Definitions::EquipmentProtectionType::M_FOR_N" xmi:id="_.n_5L0FC.eE.d.y.n.y.b.g.l.u.dW5L.g" xsi:type="uml:EnumerationLiteral"/></packagedElement><packagedElement name="SwitchReason" publish:icon="1124407944_icon.png" publish:qualifiedname="NetworkResourceAssurance::Type Definitions::SwitchReason" xmi:id="_.p4A_.gFC.oE.d.y.n.y.b.g.l.u.dW5L.g" xsi:type="uml:Enumeration"><ownedLiteral name="AUTOMATIC_SWITCH" publish:icon="-2147149193_icon.png" publish:qualifiedname="NetworkResourceAssurance::Type Definitions::SwitchReason::AUTOMATIC_SWITCH" xmi:id="_0M.i.jUFC.oE.d.y.n.y.b.g.l.u.dW5L.g" xsi:type="uml:EnumerationLiteral"/><ownedLiteral name="MANUAL" publish:icon="-2147149193_icon.png" publish:qualifiedname="NetworkResourceAssurance::Type Definitions::SwitchReason::MANUAL" xmi:id="_2B.iWEFC.oE.d.y.n.y.b.g.l.u.dW5L.g" xsi:type="uml:EnumerationLiteral"/><ownedLiteral name="NOT_APPLICABLE" publish:icon="-2147149193_icon.png" publish:qualifiedname="NetworkResourceAssurance::Type Definitions::SwitchReason::NOT_APPLICABLE" xmi:id="_26.jB.sFC.oE.d.y.n.y.b.g.l.u.dW5L.g" xsi:type="uml:EnumerationLiteral"/><ownedLiteral name="RESTORED" publish:icon="-2147149193_icon.png" publish:qualifiedname="NetworkResourceAssurance::Type Definitions::SwitchReason::RESTORED" xmi:id="_4.p.z_4FC.oE.d.y.n.y.b.g.l.u.dW5L.g" xsi:type="uml:EnumerationLiteral"/><ownedLiteral name="SIGNAL_DEGRADE" publish:icon="-2147149193_icon.png" publish:qualifiedname="NetworkResourceAssurance::Type Definitions::SwitchReason::SIGNAL_DEGRADE" xmi:id="_6KX.z.sFC.oE.d.y.n.y.b.g.l.u.dW5L.g" xsi:type="uml:EnumerationLiteral"/><ownedLiteral name="SIGNAL_FAIL" publish:icon="-2147149193_icon.png" publish:qualifiedname="NetworkResourceAssurance::Type Definitions::SwitchReason::SIGNAL_FAIL" xmi:id="_8.h.j.t.gFC.oE.d.y.n.y.b.g.l.u.dW5L.g" xsi:type="uml:EnumerationLiteral"/><ownedLiteral name="SIGNAL_MISMATCH" publish:icon="-2147149193_icon.png" publish:qualifiedname="NetworkResourceAssurance::Type Definitions::SwitchReason::SIGNAL_MISMATCH" xmi:id="_9_W.hMFC.oE.d.y.n.y.b.g.l.u.dW5L.g" xsi:type="uml:EnumerationLiteral"/></packagedElement><packagedElement name="ProtectionType" publish:icon="1124407944_icon.png" publish:qualifiedname="NetworkResourceAssurance::Type Definitions::ProtectionType" xmi:id="_E55.t8FC.oE.d.y.n.y.b.g.l.u.dW5L.g" xsi:type="uml:Enumeration"><ownedLiteral name="MSP_APS" publish:icon="-2147149193_icon.png" publish:qualifiedname="NetworkResourceAssurance::Type Definitions::ProtectionType::MSP_APS" xmi:id="_M.wWF.wFC.oE.d.y.n.y.b.g.l.u.dW5L.g" xsi:type="uml:EnumerationLiteral"/><ownedLiteral name="SNCP" publish:icon="-2147149193_icon.png" publish:qualifiedname="NetworkResourceAssurance::Type Definitions::ProtectionType::SNCP" xmi:id="_OC.k.i.oFC.oE.d.y.n.y.b.g.l.u.dW5L.g" xsi:type="uml:EnumerationLiteral"/></packagedElement><packagedElement name="ProtectionGroupType" publish:icon="1124407944_icon.png" publish:qualifiedname="NetworkResourceAssurance::Type Definitions::ProtectionGroupType" xmi:id="_.m0E44FF.iE.d.yZ.hYPB67.lKRA" xsi:type="uml:Enumeration"><ownedLiteral name="2_FIBER_BLSR" publish:icon="-2147149193_icon.png" publish:qualifiedname="NetworkResourceAssurance::Type Definitions::ProtectionGroupType::2_FIBER_BLSR" xmi:id="_.pL7.hEFF.iE.d.yZ.hYPB67.lKRA" xsi:type="uml:EnumerationLiteral"/><ownedLiteral name="4_FIBER_BLSR" publish:icon="-2147149193_icon.png" publish:qualifiedname="NetworkResourceAssurance::Type Definitions::ProtectionGroupType::4_FIBER_BLSR" xmi:id="_.q_-R.kFF.iE.d.yZ.hYPB67.lKRA" xsi:type="uml:EnumerationLiteral"/><ownedLiteral name="MSP_1_FOR_N" publish:icon="-2147149193_icon.png" publish:qualifiedname="NetworkResourceAssurance::Type Definitions::ProtectionGroupType::MSP_1_FOR_N" xmi:id="_.s.vPP.wFF.iE.d.yZ.hYPB67.lKRA" xsi:type="uml:EnumerationLiteral"/><ownedLiteral name="MSP_1_PLUS_1" publish:icon="-2147149193_icon.png" publish:qualifiedname="NetworkResourceAssurance::Type Definitions::ProtectionGroupType::MSP_1_PLUS_1" xmi:id="_.vV.a.n0FF.iE.d.yZ.hYPB67.lKRA" xsi:type="uml:EnumerationLiteral"/></packagedElement><packagedElement name="ReversionMode" publish:icon="1124407944_icon.png" publish:qualifiedname="NetworkResourceAssurance::Type Definitions::ReversionMode" xmi:id="_.f.yCP8FFWE.d.yZ.hYPB67.lKRA" xsi:type="uml:Enumeration"><ownedLiteral name="NON_REVERTIVE" publish:icon="-2147149193_icon.png" publish:qualifiedname="NetworkResourceAssurance::Type Definitions::ReversionMode::NON_REVERTIVE" xmi:id="_.n.d5IYFFWE.d.yZ.hYPB67.lKRA" xsi:type="uml:EnumerationLiteral"/><ownedLiteral name="REVERTIVE" publish:icon="-2147149193_icon.png" publish:qualifiedname="NetworkResourceAssurance::Type Definitions::ReversionMode::REVERTIVE" xmi:id="_.o.y_TEFFWE.d.yZ.hYPB67.lKRA" xsi:type="uml:EnumerationLiteral"/><ownedLiteral name="UNKNOWN" publish:icon="-2147149193_icon.png" publish:qualifiedname="NetworkResourceAssurance::Type Definitions::ReversionMode::UNKNOWN" xmi:id="_.p93K.wFFWE.d.yZ.hYPB67.lKRA" xsi:type="uml:EnumerationLiteral"/></packagedElement><packagedElement name="ProtectionSchemeState" publish:icon="1124407944_icon.png" publish:qualifiedname="NetworkResourceAssurance::Type Definitions::ProtectionSchemeState" xmi:id="_V8Q.x8E8XE.d.y.fL.r.y44X.cU.u.w" xsi:type="uml:Enumeration"><ownedLiteral name="AUTOMATIC" publish:icon="-2147149193_icon.png" publish:qualifiedname="NetworkResourceAssurance::Type Definitions::ProtectionSchemeState::AUTOMATIC" xmi:id="_.c.eZCME8XE.d.y.fL.r.y44X.cU.u.w" xsi:type="uml:EnumerationLiteral"/><ownedLiteral name="FORCED_OR_LOCKED_OUT" publish:icon="-2147149193_icon.png" publish:qualifiedname="NetworkResourceAssurance::Type Definitions::ProtectionSchemeState::FORCED_OR_LOCKED_OUT" xmi:id="_.e.sZ.x4E8XE.d.y.fL.r.y44X.cU.u.w" xsi:type="uml:EnumerationLiteral"/><ownedLiteral name="UNKNOWN" publish:icon="-2147149193_icon.png" publish:qualifiedname="NetworkResourceAssurance::Type Definitions::ProtectionSchemeState::UNKNOWN" xmi:id="_.hBG_.cE8XE.d.y.fL.r.y44X.cU.u.w" xsi:type="uml:EnumerationLiteral"/></packagedElement><packagedElement name="AlarmSeverityAssignment" publish:icon="-1694164445_icon.png" publish:qualifiedname="NetworkResourceAssurance::Type Definitions::AlarmSeverityAssignment" xmi:id="_.o.bM3QFYOE.d.y.s97.lG39.t.c.p.w" xsi:type="uml:DataType"><ownedAttribute name="probableCause" publish:icon="-301655413_icon.png" publish:qualifiedname="NetworkResourceAssurance::Type Definitions::AlarmSeverityAssignment::probableCause" publish:type="String" xmi:id="_.q.y.xL.kVYOE.d.y.s97.lG39.t.c.p.w" xsi:type="uml:Property"><defaultValue publish:icon="-419095724_icon.png" publish:qualifiedname="NetworkResourceAssurance::Type Definitions::AlarmSeverityAssignment::probableCause::&lt;OpaqueExpression&gt;" xmi:id="_.q.y.xL.k1YOE.d.y.s97.lG39.t.c.p.w" xsi:type="uml:OpaqueExpression"/></ownedAttribute><ownedAttribute name="probableCauseQualifier" publish:icon="923081473_icon.png" publish:qualifiedname="NetworkResourceAssurance::Type Definitions::AlarmSeverityAssignment::probableCauseQualifier" publish:type="String" xmi:id="_.q.y.xL.lVYOE.d.y.s97.lG39.t.c.p.w" xsi:type="uml:Property"><defaultValue publish:icon="-419095724_icon.png" publish:qualifiedname="NetworkResourceAssurance::Type Definitions::AlarmSeverityAssignment::probableCauseQualifier::&lt;OpaqueExpression&gt;" xmi:id="_.q.y.xL.l1YOE.d.y.s97.lG39.t.c.p.w" xsi:type="uml:OpaqueExpression"/></ownedAttribute><ownedAttribute name="nativeProbableCause" publish:icon="923081473_icon.png" publish:qualifiedname="NetworkResourceAssurance::Type Definitions::AlarmSeverityAssignment::nativeProbableCause" publish:type="String" xmi:id="_.q.y.xL.mVYOE.d.y.s97.lG39.t.c.p.w" xsi:type="uml:Property"><defaultValue publish:icon="-419095724_icon.png" publish:qualifiedname="NetworkResourceAssurance::Type Definitions::AlarmSeverityAssignment::nativeProbableCause::&lt;OpaqueExpression&gt;" xmi:id="_.q.y.xL.m1YOE.d.y.s97.lG39.t.c.p.w" xsi:type="uml:OpaqueExpression"/></ownedAttribute><ownedAttribute name="serviceAffectingSeverity" publish:icon="923081473_icon.png" publish:is_association="false" publish:qualifiedname="NetworkResourceAssurance::Type Definitions::AlarmSeverityAssignment::serviceAffectingSeverity" publish:type="AssignedSeverity" publish:typeid="__WK20FYRE.d.y.s97.lG39.t.c.p.w" xmi:id="_.q.y.xL.nVYOE.d.y.s97.lG39.t.c.p.w" xsi:type="uml:Property"><defaultValue name="FREE_CHOICE" publish:icon="1812274008_icon.png" publish:qualifiedname="NetworkResourceAssurance::Type Definitions::AlarmSeverityAssignment::serviceAffectingSeverity::FREE_CHOICE" xmi:id="_.xI.w.g.cFYSE.d.y.s97.lG39.t.c.p.w" xsi:type="uml:InstanceValue"/></ownedAttribute><ownedAttribute name="nonServiceAffectingSeverity" publish:icon="923081473_icon.png" publish:is_association="false" publish:qualifiedname="NetworkResourceAssurance::Type Definitions::AlarmSeverityAssignment::nonServiceAffectingSeverity" publish:type="AssignedSeverity" publish:typeid="__WK20FYRE.d.y.s97.lG39.t.c.p.w" xmi:id="_.q.y.xL.oVYOE.d.y.s97.lG39.t.c.p.w" xsi:type="uml:Property"><defaultValue name="FREE_CHOICE" publish:icon="1812274008_icon.png" publish:qualifiedname="NetworkResourceAssurance::Type Definitions::AlarmSeverityAssignment::nonServiceAffectingSeverity::FREE_CHOICE" xmi:id="_AR.xG8FYTE.d.y.s97.lG39.t.c.p.w" xsi:type="uml:InstanceValue"/></ownedAttribute><ownedAttribute name="serviceIndependentSeverity" publish:icon="923081473_icon.png" publish:is_association="false" publish:qualifiedname="NetworkResourceAssurance::Type Definitions::AlarmSeverityAssignment::serviceIndependentSeverity" publish:type="AssignedSeverity" publish:typeid="__WK20FYRE.d.y.s97.lG39.t.c.p.w" xmi:id="_.q.y.xL.pVYOE.d.y.s97.lG39.t.c.p.w" xsi:type="uml:Property"><defaultValue name="FREE_CHOICE" publish:icon="1812274008_icon.png" publish:qualifiedname="NetworkResourceAssurance::Type Definitions::AlarmSeverityAssignment::serviceIndependentSeverity::FREE_CHOICE" xmi:id="_D.l4.jEFYTE.d.y.s97.lG39.t.c.p.w" xsi:type="uml:InstanceValue"/></ownedAttribute></packagedElement><packagedElement name="AssignedSeverity" publish:icon="1124407944_icon.png" publish:qualifiedname="NetworkResourceAssurance::Type Definitions::AssignedSeverity" xmi:id="__WK20FYRE.d.y.s97.lG39.t.c.p.w" xsi:type="uml:Enumeration"><ownedLiteral name="CRITICAL" publish:icon="-2147149193_icon.png" publish:qualifiedname="NetworkResourceAssurance::Type Definitions::AssignedSeverity::CRITICAL" xmi:id="_J-2F.sFYSE.d.y.s97.lG39.t.c.p.w" xsi:type="uml:EnumerationLiteral"/><ownedLiteral name="FREE_CHOICE" publish:icon="-2147149193_icon.png" publish:qualifiedname="NetworkResourceAssurance::Type Definitions::AssignedSeverity::FREE_CHOICE" xmi:id="_M.g.i.mYFYSE.d.y.s97.lG39.t.c.p.w" xsi:type="uml:EnumerationLiteral"/><ownedLiteral name="INDETERMINATE" publish:icon="-2147149193_icon.png" publish:qualifiedname="NetworkResourceAssurance::Type Definitions::AssignedSeverity::INDETERMINATE" xmi:id="_O8.s.f.wFYSE.d.y.s97.lG39.t.c.p.w" xsi:type="uml:EnumerationLiteral"/><ownedLiteral name="MAJOR" publish:icon="-2147149193_icon.png" publish:qualifiedname="NetworkResourceAssurance::Type Definitions::AssignedSeverity::MAJOR" xmi:id="_Q.pM.d0FYSE.d.y.s97.lG39.t.c.p.w" xsi:type="uml:EnumerationLiteral"/><ownedLiteral name="MINOR" publish:icon="-2147149193_icon.png" publish:qualifiedname="NetworkResourceAssurance::Type Definitions::AssignedSeverity::MINOR" xmi:id="_R.m.m.hQFYSE.d.y.s97.lG39.t.c.p.w" xsi:type="uml:EnumerationLiteral"/><ownedLiteral name="WARNING" publish:icon="-2147149193_icon.png" publish:qualifiedname="NetworkResourceAssurance::Type Definitions::AssignedSeverity::WARNING" xmi:id="_S.fPZ.cFYSE.d.y.s97.lG39.t.c.p.w" xsi:type="uml:EnumerationLiteral"/><ownedLiteral name="NOT_ALARMED" publish:icon="-2147149193_icon.png" publish:qualifiedname="NetworkResourceAssurance::Type Definitions::AssignedSeverity::NOT_ALARMED" xmi:id="_T.y.nF0FYSE.d.y.s97.lG39.t.c.p.w" xsi:type="uml:EnumerationLiteral"/></packagedElement><packagedElement name="PerformanceMonitoringLocation" publish:icon="-1408951650_icon.png" publish:qualifiedname="NetworkResourceAssurance::Type Definitions::PerformanceMonitoringLocation" xmi:id="_1RM.q.kFYUE.d.y.s97.lG39.t.c.p.w" xsi:type="uml:Enumeration"><ownedLiteral name="NEAR_END_TX" publish:icon="-2147149193_icon.png" publish:qualifiedname="NetworkResourceAssurance::Type Definitions::PerformanceMonitoringLocation::NEAR_END_TX" xmi:id="_PW2.k0FYVE.d.y.s97.lG39.t.c.p.w" xsi:type="uml:EnumerationLiteral"/><ownedLiteral name="NEAR_END_RX" publish:icon="-2147149193_icon.png" publish:qualifiedname="NetworkResourceAssurance::Type Definitions::PerformanceMonitoringLocation::NEAR_END_RX" xmi:id="_N23Y.wFYVE.d.y.s97.lG39.t.c.p.w" xsi:type="uml:EnumerationLiteral"/><ownedLiteral name="FAR_END_TX" publish:icon="-2147149193_icon.png" publish:qualifiedname="NetworkResourceAssurance::Type Definitions::PerformanceMonitoringLocation::FAR_END_TX" xmi:id="_MY.yRMFYVE.d.y.s97.lG39.t.c.p.w" xsi:type="uml:EnumerationLiteral"/><ownedLiteral name="FAR_END_RX" publish:icon="-2147149193_icon.png" publish:qualifiedname="NetworkResourceAssurance::Type Definitions::PerformanceMonitoringLocation::FAR_END_RX" xmi:id="_J.t.o5.kFYVE.d.y.s97.lG39.t.c.p.w" xsi:type="uml:EnumerationLiteral"/><ownedLiteral name="CONTRA_NEAR_END_RX" publish:icon="-2147149193_icon.png" publish:qualifiedname="NetworkResourceAssurance::Type Definitions::PerformanceMonitoringLocation::CONTRA_NEAR_END_RX" xmi:id="_G.d.b.tEFYVE.d.y.s97.lG39.t.c.p.w" xsi:type="uml:EnumerationLiteral"/><ownedLiteral name="CONTRA_FAR_END_RX" publish:icon="-2147149193_icon.png" publish:qualifiedname="NetworkResourceAssurance::Type Definitions::PerformanceMonitoringLocation::CONTRA_FAR_END_RX" xmi:id="_CH_W0FYVE.d.y.s97.lG39.t.c.p.w" xsi:type="uml:EnumerationLiteral"/><ownedLiteral name="BIDIRECTIONAL" publish:icon="-2147149193_icon.png" publish:qualifiedname="NetworkResourceAssurance::Type Definitions::PerformanceMonitoringLocation::BIDIRECTIONAL" xmi:id="_-4.c4.sFYUE.d.y.s97.lG39.t.c.p.w" xsi:type="uml:EnumerationLiteral"/></packagedElement><packagedElement name="Granularity" publish:icon="1124407944_icon.png" publish:qualifiedname="NetworkResourceAssurance::Type Definitions::Granularity" xmi:id="_.x.qH.kQFYWE.d.y.s97.lG39.t.c.p.w" xsi:type="uml:Enumeration"><ownedLiteral name="24_H" publish:icon="-2147149193_icon.png" publish:qualifiedname="NetworkResourceAssurance::Type Definitions::Granularity::24_H" xmi:id="_0AO.gAFYWE.d.y.s97.lG39.t.c.p.w" xsi:type="uml:EnumerationLiteral"/><ownedLiteral name="15_MIN" publish:icon="-2147149193_icon.png" publish:qualifiedname="NetworkResourceAssurance::Type Definitions::Granularity::15_MIN" xmi:id="_1D7Y.sFYWE.d.y.s97.lG39.t.c.p.w" xsi:type="uml:EnumerationLiteral"/><ownedLiteral name="NOT_APPLICABLE" publish:icon="-2147149193_icon.png" publish:qualifiedname="NetworkResourceAssurance::Type Definitions::Granularity::NOT_APPLICABLE" xmi:id="_3.cU.z.cFYWE.d.y.s97.lG39.t.c.p.w" xsi:type="uml:EnumerationLiteral"/></packagedElement><packagedElement name="PerformanceMonitoringParameter" publish:icon="-1694164445_icon.png" publish:qualifiedname="NetworkResourceAssurance::Type Definitions::PerformanceMonitoringParameter" xmi:id="_.r3PU.wFYYE.d.y.s97.lG39.t.c.p.w" xsi:type="uml:DataType"><ownedAttribute name="pmParameterName" publish:icon="-301655413_icon.png" publish:qualifiedname="NetworkResourceAssurance::Type Definitions::PerformanceMonitoringParameter::pmParameterName" publish:type="String" xmi:id="_.tJ.jRMVYYE.d.y.s97.lG39.t.c.p.w" xsi:type="uml:Property"><defaultValue publish:icon="-419095724_icon.png" publish:qualifiedname="NetworkResourceAssurance::Type Definitions::PerformanceMonitoringParameter::pmParameterName::&lt;OpaqueExpression&gt;" xmi:id="_.tJ.jRM1YYE.d.y.s97.lG39.t.c.p.w" xsi:type="uml:OpaqueExpression"/></ownedAttribute><ownedAttribute name="pmThresholdList" publish:icon="-301655413_icon.png" publish:is_association="false" publish:qualifiedname="NetworkResourceAssurance::Type Definitions::PerformanceMonitoringParameter::pmThresholdList" publish:type="PerformanceMonitoringThreshold" publish:typeid="_W.k5.t.oFY.aE.d.y.s97.lG39.t.c.p.w" xmi:id="_J.q7V0ID.iE.d6_EMV-.kY.y7J.w" xsi:type="uml:Property"/></packagedElement><packagedElement name="PerformanceMonitoringThreshold" publish:icon="-1694164445_icon.png" publish:qualifiedname="NetworkResourceAssurance::Type Definitions::PerformanceMonitoringThreshold" xmi:id="_W.k5.t.oFY.aE.d.y.s97.lG39.t.c.p.w" xsi:type="uml:DataType"><ownedAttribute name="thresholdType" publish:icon="923081473_icon.png" publish:is_association="false" publish:qualifiedname="NetworkResourceAssurance::Type Definitions::PerformanceMonitoringThreshold::thresholdType" publish:type="PerformanceMonitoringThresholdType" publish:typeid="_28VH8FY.aE.d.y.s97.lG39.t.c.p.w" xmi:id="_.e.a71.wFY.aE.d.y.s97.lG39.t.c.p.w" xsi:type="uml:Property"><defaultValue publish:icon="-419095724_icon.png" publish:qualifiedname="NetworkResourceAssurance::Type Definitions::PerformanceMonitoringThreshold::thresholdType::&lt;OpaqueExpression&gt;" xmi:id="_.e.a71.w.lY.aE.d.y.s97.lG39.t.c.p.w" xsi:type="uml:OpaqueExpression"/></ownedAttribute><ownedAttribute name="trigger" publish:icon="923081473_icon.png" publish:is_association="false" publish:qualifiedname="NetworkResourceAssurance::Type Definitions::PerformanceMonitoringThreshold::trigger" publish:type="Trigger" publish:typeid="_.i3.fZU.cW.nE.d.yH.p.b.nWEB.cCNQ" xmi:id="_1AB2.kMW.oE.d.yH.p.b.nWEB.cCNQ" xsi:type="uml:Property"><defaultValue publish:icon="-419095724_icon.png" publish:qualifiedname="NetworkResourceAssurance::Type Definitions::PerformanceMonitoringThreshold::trigger::&lt;OpaqueExpression&gt;" xmi:id="_1AB2.k.sW.oE.d.yH.p.b.nWEB.cCNQ" xsi:type="uml:OpaqueExpression"/></ownedAttribute><ownedAttribute name="thresholdValue" publish:icon="923081473_icon.png" publish:qualifiedname="NetworkResourceAssurance::Type Definitions::PerformanceMonitoringThreshold::thresholdValue" publish:type="Real" xmi:id="_.e.bB8Y1Y.aE.d.y.s97.lG39.t.c.p.w" xsi:type="uml:Property"><defaultValue publish:icon="-419095724_icon.png" publish:qualifiedname="NetworkResourceAssurance::Type Definitions::PerformanceMonitoringThreshold::thresholdValue::&lt;OpaqueExpression&gt;" xmi:id="_.e.bB8ZVY.aE.d.y.s97.lG39.t.c.p.w" xsi:type="uml:OpaqueExpression"/></ownedAttribute><ownedAttribute name="thresholdUnit" publish:icon="923081473_icon.png" publish:qualifiedname="NetworkResourceAssurance::Type Definitions::PerformanceMonitoringThreshold::thresholdUnit" publish:type="String" xmi:id="_.e.bB8Z1Y.aE.d.y.s97.lG39.t.c.p.w" xsi:type="uml:Property"><defaultValue publish:icon="-419095724_icon.png" publish:qualifiedname="NetworkResourceAssurance::Type Definitions::PerformanceMonitoringThreshold::thresholdUnit::&lt;OpaqueExpression&gt;" xmi:id="_.e.bB8.aVY.aE.d.y.s97.lG39.t.c.p.w" xsi:type="uml:OpaqueExpression"/></ownedAttribute></packagedElement><packagedElement name="PerformanceMonitoringThresholdType" publish:icon="-1408951650_icon.png" publish:qualifiedname="NetworkResourceAssurance::Type Definitions::PerformanceMonitoringThresholdType" xmi:id="_28VH8FY.aE.d.y.s97.lG39.t.c.p.w" xsi:type="uml:Enumeration"><ownedLiteral name="HIGH" publish:icon="-2147149193_icon.png" publish:qualifiedname="NetworkResourceAssurance::Type Definitions::PerformanceMonitoringThresholdType::HIGH" xmi:id="_I.bR.rEFY.bE.d.y.s97.lG39.t.c.p.w" xsi:type="uml:EnumerationLiteral"/><ownedLiteral name="HIGHEST" publish:icon="-2147149193_icon.png" publish:qualifiedname="NetworkResourceAssurance::Type Definitions::PerformanceMonitoringThresholdType::HIGHEST" xmi:id="_J.iI.l.cFY.bE.d.y.s97.lG39.t.c.p.w" xsi:type="uml:EnumerationLiteral"/><ownedLiteral name="LOW" publish:icon="-2147149193_icon.png" publish:qualifiedname="NetworkResourceAssurance::Type Definitions::PerformanceMonitoringThresholdType::LOW" xmi:id="_K8.w.wYFY.bE.d.y.s97.lG39.t.c.p.w" xsi:type="uml:EnumerationLiteral"/><ownedLiteral name="LOWEST" publish:icon="-2147149193_icon.png" publish:qualifiedname="NetworkResourceAssurance::Type Definitions::PerformanceMonitoringThresholdType::LOWEST" xmi:id="_L8E4UFY.bE.d.y.s97.lG39.t.c.p.w" xsi:type="uml:EnumerationLiteral"/></packagedElement><packagedElement name="ThresholdCrossingAlertParameter" publish:icon="-1694164445_icon.png" publish:qualifiedname="NetworkResourceAssurance::Type Definitions::ThresholdCrossingAlertParameter" xmi:id="_.sI.pE.cFY.xE.d.y.s97.lG39.t.c.p.w" xsi:type="uml:DataType"><ownedAttribute name="pmParameterName" publish:icon="-301655413_icon.png" publish:qualifiedname="NetworkResourceAssurance::Type Definitions::ThresholdCrossingAlertParameter::pmParameterName" publish:type="String" xmi:id="_GF6.s.oMT9E.d.yC6_0T.t.uYPCQ" xsi:type="uml:Property"><defaultValue publish:icon="-419095724_icon.png" publish:qualifiedname="NetworkResourceAssurance::Type Definitions::ThresholdCrossingAlertParameter::pmParameterName::&lt;OpaqueExpression&gt;" xmi:id="_GF6.s.o8T9E.d.yC6_0T.t.uYPCQ" xsi:type="uml:OpaqueExpression"/></ownedAttribute><ownedAttribute name="granularity" publish:icon="923081473_icon.png" publish:is_association="false" publish:qualifiedname="NetworkResourceAssurance::Type Definitions::ThresholdCrossingAlertParameter::granularity" publish:type="Granularity" publish:typeid="_.x.qH.kQFYWE.d.y.s97.lG39.t.c.p.w" xmi:id="_LWPW.xMT9E.d.yC6_0T.t.uYPCQ" xsi:type="uml:Property"><defaultValue name="NOT_APPLICABLE" publish:icon="1812274008_icon.png" publish:qualifiedname="NetworkResourceAssurance::Type Definitions::ThresholdCrossingAlertParameter::granularity::NOT_APPLICABLE" xmi:id="_LWPW.x.sT9E.d.yC6_0T.t.uYPCQ" xsi:type="uml:InstanceValue"/></ownedAttribute><ownedAttribute name="pmLocation" publish:icon="-301655413_icon.png" publish:is_association="false" publish:qualifiedname="NetworkResourceAssurance::Type Definitions::ThresholdCrossingAlertParameter::pmLocation" publish:type="PerformanceMonitoringLocation" publish:typeid="_1RM.q.kFYUE.d.y.s97.lG39.t.c.p.w" xmi:id="_LWPW.wMT9E.d.yC6_0T.t.uYPCQ" xsi:type="uml:Property"><defaultValue publish:icon="-419095724_icon.png" publish:qualifiedname="NetworkResourceAssurance::Type Definitions::ThresholdCrossingAlertParameter::pmLocation::&lt;OpaqueExpression&gt;" xmi:id="_LWPW.w8T9E.d.yC6_0T.t.uYPCQ" xsi:type="uml:OpaqueExpression"/></ownedAttribute><ownedAttribute name="thresholdType" publish:icon="923081473_icon.png" publish:is_association="false" publish:qualifiedname="NetworkResourceAssurance::Type Definitions::ThresholdCrossingAlertParameter::thresholdType" publish:type="PerformanceMonitoringThresholdType" publish:typeid="_28VH8FY.aE.d.y.s97.lG39.t.c.p.w" xmi:id="_.tZ.p.nMMT8E.d.yC6_0T.t.uYPCQ" xsi:type="uml:Property"><defaultValue publish:icon="-419095724_icon.png" publish:qualifiedname="NetworkResourceAssurance::Type Definitions::ThresholdCrossingAlertParameter::thresholdType::&lt;OpaqueExpression&gt;" xmi:id="_.tZ.p.nM.sT8E.d.yC6_0T.t.uYPCQ" xsi:type="uml:OpaqueExpression"/></ownedAttribute><ownedAttribute name="trigger" publish:icon="923081473_icon.png" publish:is_association="false" publish:qualifiedname="NetworkResourceAssurance::Type Definitions::ThresholdCrossingAlertParameter::trigger" publish:type="Trigger" publish:typeid="_.i3.fZU.cW.nE.d.yH.p.b.nWEB.cCNQ" xmi:id="_.tZ.p.nM8T8E.d.yC6_0T.t.uYPCQ" xsi:type="uml:Property"><defaultValue publish:icon="-419095724_icon.png" publish:qualifiedname="NetworkResourceAssurance::Type Definitions::ThresholdCrossingAlertParameter::trigger::&lt;OpaqueExpression&gt;" xmi:id="_.tZ.p.nN.cT8E.d.yC6_0T.t.uYPCQ" xsi:type="uml:OpaqueExpression"/></ownedAttribute><ownedAttribute name="thresholdValue" publish:icon="923081473_icon.png" publish:qualifiedname="NetworkResourceAssurance::Type Definitions::ThresholdCrossingAlertParameter::thresholdValue" publish:type="Real" xmi:id="_.tZ.p.nN.sT8E.d.yC6_0T.t.uYPCQ" xsi:type="uml:Property"><defaultValue publish:icon="-419095724_icon.png" publish:qualifiedname="NetworkResourceAssurance::Type Definitions::ThresholdCrossingAlertParameter::thresholdValue::&lt;OpaqueExpression&gt;" xmi:id="_.tZ.p.nOMT8E.d.yC6_0T.t.uYPCQ" xsi:type="uml:OpaqueExpression"/></ownedAttribute><ownedAttribute name="thresholdUnit" publish:icon="923081473_icon.png" publish:qualifiedname="NetworkResourceAssurance::Type Definitions::ThresholdCrossingAlertParameter::thresholdUnit" publish:type="String" xmi:id="_.tZ.p.nO.cT8E.d.yC6_0T.t.uYPCQ" xsi:type="uml:Property"><defaultValue publish:icon="-419095724_icon.png" publish:qualifiedname="NetworkResourceAssurance::Type Definitions::ThresholdCrossingAlertParameter::thresholdUnit::&lt;OpaqueExpression&gt;" xmi:id="_.tZ.p.nO8T8E.d.yC6_0T.t.uYPCQ" xsi:type="uml:OpaqueExpression"/></ownedAttribute></packagedElement><packagedElement name="AcknowledgeIndication" publish:icon="1124407944_icon.png" publish:qualifiedname="NetworkResourceAssurance::Type Definitions::AcknowledgeIndication" xmi:id="_.rP2IUFY-E.d.y.s97.lG39.t.c.p.w" xsi:type="uml:Enumeration"><ownedLiteral name="ACKNOWLEDGED" publish:icon="-2147149193_icon.png" publish:qualifiedname="NetworkResourceAssurance::Type Definitions::AcknowledgeIndication::ACKNOWLEDGED" xmi:id="_0AR.cIFY-E.d.y.s97.lG39.t.c.p.w" xsi:type="uml:EnumerationLiteral"/><ownedLiteral name="UNACKNOWLEDGED" publish:icon="-2147149193_icon.png" publish:qualifiedname="NetworkResourceAssurance::Type Definitions::AcknowledgeIndication::UNACKNOWLEDGED" xmi:id="_2.p.gIMFY-E.d.y.s97.lG39.t.c.p.w" xsi:type="uml:EnumerationLiteral"/><ownedLiteral name="NOT_APPLICABLE" publish:icon="-2147149193_icon.png" publish:qualifiedname="NetworkResourceAssurance::Type Definitions::AcknowledgeIndication::NOT_APPLICABLE" xmi:id="_43PLEFY-E.d.y.s97.lG39.t.c.p.w" xsi:type="uml:EnumerationLiteral"/></packagedElement><packagedElement name="ServiceAffecting" publish:icon="1124407944_icon.png" publish:qualifiedname="NetworkResourceAssurance::Type Definitions::ServiceAffecting" xmi:id="_.zNRVEFZCE.d.y.s97.lG39.t.c.p.w" xsi:type="uml:Enumeration"><ownedLiteral name="NON_SERVICE_AFFECTING" publish:icon="-2147149193_icon.png" publish:qualifiedname="NetworkResourceAssurance::Type Definitions::ServiceAffecting::NON_SERVICE_AFFECTING" xmi:id="_6NGN8FZCE.d.y.s97.lG39.t.c.p.w" xsi:type="uml:EnumerationLiteral"/><ownedLiteral name="SERVICE_AFFECTING" publish:icon="-2147149193_icon.png" publish:qualifiedname="NetworkResourceAssurance::Type Definitions::ServiceAffecting::SERVICE_AFFECTING" xmi:id="_9YV.a4FZCE.d.y.s97.lG39.t.c.p.w" xsi:type="uml:EnumerationLiteral"/><ownedLiteral name="UNKNOWN" publish:icon="-2147149193_icon.png" publish:qualifiedname="NetworkResourceAssurance::Type Definitions::ServiceAffecting::UNKNOWN" xmi:id="__IRH.cFZCE.d.y.s97.lG39.t.c.p.w" xsi:type="uml:EnumerationLiteral"/></packagedElement><packagedElement name="CorrelatedNotifications" publish:icon="-1694164445_icon.png" publish:qualifiedname="NetworkResourceAssurance::Type Definitions::CorrelatedNotifications" xmi:id="_.t.t8AUF.bLE.d.yH-M5V.e.rQW.s.w" xsi:type="uml:DataType"><ownedAttribute name="notificationIdentifierList" publish:icon="-301655413_icon.png" publish:qualifiedname="NetworkResourceAssurance::Type Definitions::CorrelatedNotifications::notificationIdentifierList" publish:type="String" xmi:id="_LK.v.c.kF.bME.d.yH-M5V.e.rQW.s.w" xsi:type="uml:Property"><defaultValue publish:icon="-419095724_icon.png" publish:qualifiedname="NetworkResourceAssurance::Type Definitions::CorrelatedNotifications::notificationIdentifierList::&lt;OpaqueExpression&gt;" xmi:id="_LK.v.c.k1.bME.d.yH-M5V.e.rQW.s.w" xsi:type="uml:OpaqueExpression"/></ownedAttribute><ownedAttribute name="source" publish:icon="923081473_icon.png" publish:qualifiedname="NetworkResourceAssurance::Type Definitions::CorrelatedNotifications::source" publish:type="ObjectName" xmi:id="_LK1.jMF.bME.d.yH-M5V.e.rQW.s.w" xsi:type="uml:Property"/></packagedElement><packagedElement publish:icon="-737862823_icon.png" publish:qualifiedname="NetworkResourceAssurance::Type Definitions::&lt;Dependency&gt;" xmi:id="_H6094MRPE.d.y.oEOAT.f.pD7.o.g" xsi:type="uml:Dependency"/><packagedElement name="Trigger" publish:icon="1124407944_icon.png" publish:qualifiedname="NetworkResourceAssurance::Type Definitions::Trigger" xmi:id="_.i3.fZU.cW.nE.d.yH.p.b.nWEB.cCNQ" xsi:type="uml:Enumeration"><ownedLiteral name="RAISE" publish:icon="-2147149193_icon.png" publish:qualifiedname="NetworkResourceAssurance::Type Definitions::Trigger::RAISE" xmi:id="_.lOJH.oMW.nE.d.yH.p.b.nWEB.cCNQ" xsi:type="uml:EnumerationLiteral"/><ownedLiteral name="CLEAR" publish:icon="-2147149193_icon.png" publish:qualifiedname="NetworkResourceAssurance::Type Definitions::Trigger::CLEAR" xmi:id="_.m.z6.y.oMW.nE.d.yH.p.b.nWEB.cCNQ" xsi:type="uml:EnumerationLiteral"/></packagedElement><packagedElement name="ItuArcStateAndStatusList" publish:icon="-1694164445_icon.png" publish:qualifiedname="NetworkResourceAssurance::Type Definitions::ItuArcStateAndStatusList" xmi:id="_61.x.b0J6.jE.d62T5.bC.p-9R_A" xsi:type="uml:DataType"><ownedAttribute name="M3100_ALARM_STATUS" publish:icon="923081473_icon.png" publish:is_association="false" publish:qualifiedname="NetworkResourceAssurance::Type Definitions::ItuArcStateAndStatusList::M3100_ALARM_STATUS" publish:type="AlarmStatus" publish:typeid="_.f1.zJ.gHM.fE.d.yMG.rC9M.s.b2.bA" xmi:id="_.e4-.sQ.v.s.kE.d.y.b.z6.jV.d6YV.eQ" xsi:type="uml:Property"/><ownedAttribute name="M3100_ARC_QI_STATUS" publish:icon="923081473_icon.png" publish:is_association="false" publish:qualifiedname="NetworkResourceAssurance::Type Definitions::ItuArcStateAndStatusList::M3100_ARC_QI_STATUS" publish:type="ArcQIStatus" publish:typeid="_.qMFLYHM.gE.d.yMG.rC9M.s.b2.bA" xmi:id="_.e4-.sRP.s.kE.d.y.b.z6.jV.d6YV.eQ" xsi:type="uml:Property"/><ownedAttribute name="M3100_ARC_STATE" publish:icon="923081473_icon.png" publish:is_association="false" publish:qualifiedname="NetworkResourceAssurance::Type Definitions::ItuArcStateAndStatusList::M3100_ARC_STATE" publish:type="ArcState" publish:typeid="_.u.vL_.oHM.fE.d.yMG.rC9M.s.b2.bA" xmi:id="_.e4-.sR.v.s.kE.d.y.b.z6.jV.d6YV.eQ" xsi:type="uml:Property"/><ownedAttribute name="M3100_NALM_QI_INTERVAL" publish:icon="923081473_icon.png" publish:qualifiedname="NetworkResourceAssurance::Type Definitions::ItuArcStateAndStatusList::M3100_NALM_QI_INTERVAL" publish:type="Integer" xmi:id="_.e4-.sTP.s.kE.d.y.b.z6.jV.d6YV.eQ" xsi:type="uml:Property"/><ownedAttribute name="M3100_NALM_TI_INTERVAL" publish:icon="923081473_icon.png" publish:qualifiedname="NetworkResourceAssurance::Type Definitions::ItuArcStateAndStatusList::M3100_NALM_TI_INTERVAL" publish:type="Integer" xmi:id="_.e4-.sT.v.s.kE.d.y.b.z6.jV.d6YV.eQ" xsi:type="uml:Property"/><ownedAttribute name="M3100_STATE" publish:icon="923081473_icon.png" publish:is_association="false" publish:qualifiedname="NetworkResourceAssurance::Type Definitions::ItuArcStateAndStatusList::M3100_STATE" publish:type="M3100ArcState" publish:typeid="_.q.dI.s0LJWE.eC_.aY.j1.w9.u.e.m.g" xmi:id="_5KO98LJXE.eC_.aY.j1.w9.u.e.m.g" xsi:type="uml:Property"/></packagedElement><packagedElement name="M3100ArcState" publish:icon="1124407944_icon.png" publish:qualifiedname="NetworkResourceAssurance::Type Definitions::M3100ArcState" xmi:id="_.q.dI.s0LJWE.eC_.aY.j1.w9.u.e.m.g" xsi:type="uml:Enumeration"><ownedLiteral name="UNKNOWN" publish:icon="-2147149193_icon.png" publish:qualifiedname="NetworkResourceAssurance::Type Definitions::M3100ArcState::UNKNOWN" xmi:id="_.q.dI.s1LJWE.eC_.aY.j1.w9.u.e.m.g" xsi:type="uml:EnumerationLiteral"/><ownedLiteral name="M3100_ALARM_STATUS" publish:icon="-2147149193_icon.png" publish:qualifiedname="NetworkResourceAssurance::Type Definitions::M3100ArcState::M3100_ALARM_STATUS" xmi:id="_.q.dI.s4.rJWE.eC_.aY.j1.w9.u.e.m.g" xsi:type="uml:EnumerationLiteral"/><ownedLiteral name="M3100_ARC_STATE" publish:icon="-2147149193_icon.png" publish:qualifiedname="NetworkResourceAssurance::Type Definitions::M3100ArcState::M3100_ARC_STATE" xmi:id="_.q.dI.s5LJWE.eC_.aY.j1.w9.u.e.m.g" xsi:type="uml:EnumerationLiteral"/><ownedLiteral name="M3100_ARC_QI_STATUS" publish:icon="-2147149193_icon.png" publish:qualifiedname="NetworkResourceAssurance::Type Definitions::M3100ArcState::M3100_ARC_QI_STATUS" xmi:id="_.q.dI.s5.rJWE.eC_.aY.j1.w9.u.e.m.g" xsi:type="uml:EnumerationLiteral"/></packagedElement></packagedElement><packagedElement name="Notifications" publish:diagramFormat="PNG" publish:icon="-1325065473_icon.png" publish:modelname="NetworkResourceAssurance" publish:qualifiedname="NetworkResourceAssurance::Notifications" publish:sortOrder="storage" publish:toplevelguid="_TIGM.oA6.qE.d.y.d7PUN.b-IYCQ" xmi:id="_EPA1QFY3E.d.y.s97.lG39.t.c.p.w" xsi:type="uml:Package"><packagedElement name="TCANotification" publish:icon="704977812_icon.png" publish:qualifiedname="NetworkResourceAssurance::Notifications::TCANotification" xmi:id="_H_H.p0FY3E.d.y.s97.lG39.t.c.p.w" xsi:type="uml:Class"><ownedAttribute name="isEdgePointRelated" publish:icon="923081473_icon.png" publish:qualifiedname="NetworkResourceAssurance::Notifications::TCANotification::isEdgePointRelated" publish:type="Boolean" xmi:id="_.z.fXQAP.pTE.d.uV.sYI7.m.fNDXQ" xsi:type="uml:Property"><defaultValue publish:icon="-419095724_icon.png" publish:qualifiedname="NetworkResourceAssurance::Notifications::TCANotification::isEdgePointRelated::&lt;OpaqueExpression&gt;" xmi:id="_.z.fXQA.v.pTE.d.uV.sYI7.m.fNDXQ" xsi:type="uml:OpaqueExpression"/></ownedAttribute><ownedAttribute name="aliasNameList" publish:icon="923081473_icon.png" publish:qualifiedname="NetworkResourceAssurance::Notifications::TCANotification::aliasNameList" publish:type="AttributeValuePair" xmi:id="_.l.h.s.q0M.j.eE.d.y.x.k.a.uNDY.t.jO.g" xsi:type="uml:Property"><defaultValue publish:icon="-419095724_icon.png" publish:qualifiedname="NetworkResourceAssurance::Notifications::TCANotification::aliasNameList::&lt;OpaqueExpression&gt;" xmi:id="_.l.h.s.q1.c.j.eE.d.y.x.k.a.uNDY.t.jO.g" xsi:type="uml:OpaqueExpression"/></ownedAttribute><ownedAttribute name="isClearable" publish:icon="923081473_icon.png" publish:qualifiedname="NetworkResourceAssurance::Notifications::TCANotification::isClearable" publish:type="Boolean" xmi:id="_U.xUJ9VY3E.d.y.s97.lG39.t.c.p.w" xsi:type="uml:Property"><defaultValue publish:icon="-419095724_icon.png" publish:qualifiedname="NetworkResourceAssurance::Notifications::TCANotification::isClearable::&lt;OpaqueExpression&gt;" xmi:id="_U.xUJ91Y3E.d.y.s97.lG39.t.c.p.w" xsi:type="uml:OpaqueExpression"/></ownedAttribute><ownedAttribute name="perceivedSeverity" publish:icon="923081473_icon.png" publish:qualifiedname="NetworkResourceAssurance::Notifications::TCANotification::perceivedSeverity" publish:type="PerceivedSeverity" xmi:id="_U.xUJ-VY3E.d.y.s97.lG39.t.c.p.w" xsi:type="uml:Property"><defaultValue name="INDETERMINATE" publish:icon="1812274008_icon.png" publish:qualifiedname="NetworkResourceAssurance::Notifications::TCANotification::perceivedSeverity::INDETERMINATE" xmi:id="_.t.q.m.a4FY7E.d.y.s97.lG39.t.c.p.w" xsi:type="uml:InstanceValue"/></ownedAttribute><ownedAttribute name="layerRate" publish:icon="923081473_icon.png" publish:qualifiedname="NetworkResourceAssurance::Notifications::TCANotification::layerRate" publish:type="LayerRate" xmi:id="_U.xUJ_VY3E.d.y.s97.lG39.t.c.p.w" xsi:type="uml:Property"><defaultValue publish:icon="-419095724_icon.png" publish:qualifiedname="NetworkResourceAssurance::Notifications::TCANotification::layerRate::&lt;OpaqueExpression&gt;" xmi:id="_U.xUJ_1Y3E.d.y.s97.lG39.t.c.p.w" xsi:type="uml:OpaqueExpression"/></ownedAttribute><ownedAttribute name="granularity" publish:icon="923081473_icon.png" publish:is_association="false" publish:qualifiedname="NetworkResourceAssurance::Notifications::TCANotification::granularity" publish:type="Granularity" publish:typeid="_.x.qH.kQFYWE.d.y.s97.lG39.t.c.p.w" xmi:id="_KW-.x.s1Y6E.d.y.s97.lG39.t.c.p.w" xsi:type="uml:Property"><defaultValue publish:icon="-419095724_icon.png" publish:qualifiedname="NetworkResourceAssurance::Notifications::TCANotification::granularity::&lt;OpaqueExpression&gt;" xmi:id="_KW-.x.tVY6E.d.y.s97.lG39.t.c.p.w" xsi:type="uml:OpaqueExpression"/></ownedAttribute><ownedAttribute name="pmParameterName" publish:icon="923081473_icon.png" publish:qualifiedname="NetworkResourceAssurance::Notifications::TCANotification::pmParameterName" publish:type="String" xmi:id="_KW-.x.sFY6E.d.y.s97.lG39.t.c.p.w" xsi:type="uml:Property"><defaultValue publish:icon="-419095724_icon.png" publish:qualifiedname="NetworkResourceAssurance::Notifications::TCANotification::pmParameterName::&lt;OpaqueExpression&gt;" xmi:id="_KW-.x.s.lY6E.d.y.s97.lG39.t.c.p.w" xsi:type="uml:OpaqueExpression"/></ownedAttribute><ownedAttribute name="pmLocation" publish:icon="923081473_icon.png" publish:is_association="false" publish:qualifiedname="NetworkResourceAssurance::Notifications::TCANotification::pmLocation" publish:type="PerformanceMonitoringLocation" publish:typeid="_1RM.q.kFYUE.d.y.s97.lG39.t.c.p.w" xmi:id="_KXE4UFY6E.d.y.s97.lG39.t.c.p.w" xsi:type="uml:Property"><defaultValue publish:icon="-419095724_icon.png" publish:qualifiedname="NetworkResourceAssurance::Notifications::TCANotification::pmLocation::&lt;OpaqueExpression&gt;" xmi:id="_KXE4U.lY6E.d.y.s97.lG39.t.c.p.w" xsi:type="uml:OpaqueExpression"/></ownedAttribute><ownedAttribute name="thresholdType" publish:icon="923081473_icon.png" publish:is_association="false" publish:qualifiedname="NetworkResourceAssurance::Notifications::TCANotification::thresholdType" publish:type="PerformanceMonitoringThresholdType" publish:typeid="_28VH8FY.aE.d.y.s97.lG39.t.c.p.w" xmi:id="_KXE4U1Y6E.d.y.s97.lG39.t.c.p.w" xsi:type="uml:Property"><defaultValue publish:icon="-419095724_icon.png" publish:qualifiedname="NetworkResourceAssurance::Notifications::TCANotification::thresholdType::&lt;OpaqueExpression&gt;" xmi:id="_KXE4VVY6E.d.y.s97.lG39.t.c.p.w" xsi:type="uml:OpaqueExpression"/></ownedAttribute><ownedAttribute name="thresholdValue" publish:icon="923081473_icon.png" publish:qualifiedname="NetworkResourceAssurance::Notifications::TCANotification::thresholdValue" publish:type="Real" xmi:id="_KXE4V.lY6E.d.y.s97.lG39.t.c.p.w" xsi:type="uml:Property"><defaultValue publish:icon="-419095724_icon.png" publish:qualifiedname="NetworkResourceAssurance::Notifications::TCANotification::thresholdValue::&lt;OpaqueExpression&gt;" xmi:id="_KXE4WFY6E.d.y.s97.lG39.t.c.p.w" xsi:type="uml:OpaqueExpression"/></ownedAttribute><ownedAttribute name="thresholdUnit" publish:icon="923081473_icon.png" publish:qualifiedname="NetworkResourceAssurance::Notifications::TCANotification::thresholdUnit" publish:type="String" xmi:id="_KXE4WVY6E.d.y.s97.lG39.t.c.p.w" xsi:type="uml:Property"><defaultValue publish:icon="-419095724_icon.png" publish:qualifiedname="NetworkResourceAssurance::Notifications::TCANotification::thresholdUnit::&lt;OpaqueExpression&gt;" xmi:id="_KXE4W1Y6E.d.y.s97.lG39.t.c.p.w" xsi:type="uml:OpaqueExpression"/></ownedAttribute><ownedAttribute name="acknowledgeIndication" publish:icon="923081473_icon.png" publish:is_association="false" publish:qualifiedname="NetworkResourceAssurance::Notifications::TCANotification::acknowledgeIndication" publish:type="AcknowledgeIndication" publish:typeid="_.rP2IUFY-E.d.y.s97.lG39.t.c.p.w" xmi:id="_U.x.aQ.pVY3E.d.y.s97.lG39.t.c.p.w" xsi:type="uml:Property"><defaultValue name="NOT_APPLICABLE" publish:icon="1812274008_icon.png" publish:qualifiedname="NetworkResourceAssurance::Notifications::TCANotification::acknowledgeIndication::NOT_APPLICABLE" xmi:id="_RZ.u.p.cFY_E.d.y.s97.lG39.t.c.p.w" xsi:type="uml:InstanceValue"/></ownedAttribute></packagedElement><packagedElement name="AlarmNotification" publish:icon="1292180129_icon.png" publish:qualifiedname="NetworkResourceAssurance::Notifications::AlarmNotification" xmi:id="_.mA.qRMFY_E.d.y.s97.lG39.t.c.p.w" xsi:type="uml:Class"><ownedAttribute name="isEdgePointRelated" publish:icon="923081473_icon.png" publish:qualifiedname="NetworkResourceAssurance::Notifications::AlarmNotification::isEdgePointRelated" publish:type="Boolean" xmi:id="_.x.wD.i.cM.j8E.d.y.x.k.a.uNDY.t.jO.g" xsi:type="uml:Property"><defaultValue publish:icon="-419095724_icon.png" publish:qualifiedname="NetworkResourceAssurance::Notifications::AlarmNotification::isEdgePointRelated::&lt;OpaqueExpression&gt;" xmi:id="_.x.wD.i.c.s.j8E.d.y.x.k.a.uNDY.t.jO.g" xsi:type="uml:OpaqueExpression"/></ownedAttribute><ownedAttribute name="isClearable" publish:icon="923081473_icon.png" publish:qualifiedname="NetworkResourceAssurance::Notifications::AlarmNotification::isClearable" publish:type="Boolean" xmi:id="_.g.qO.i.kFZAE.d.y.s97.lG39.t.c.p.w" xsi:type="uml:Property"><defaultValue publish:icon="-419095724_icon.png" publish:qualifiedname="NetworkResourceAssurance::Notifications::AlarmNotification::isClearable::&lt;OpaqueExpression&gt;" xmi:id="_.g.qO.i.k.lZAE.d.y.s97.lG39.t.c.p.w" xsi:type="uml:OpaqueExpression"/></ownedAttribute><ownedAttribute name="layerRate" publish:icon="923081473_icon.png" publish:qualifiedname="NetworkResourceAssurance::Notifications::AlarmNotification::layerRate" publish:type="LayerRate" xmi:id="_.g.qO.i.l.lZAE.d.y.s97.lG39.t.c.p.w" xsi:type="uml:Property"><defaultValue publish:icon="-419095724_icon.png" publish:qualifiedname="NetworkResourceAssurance::Notifications::AlarmNotification::layerRate::&lt;OpaqueExpression&gt;" xmi:id="_.g.qO.i.mFZAE.d.y.s97.lG39.t.c.p.w" xsi:type="uml:OpaqueExpression"/></ownedAttribute><ownedAttribute name="probableCause" publish:icon="-301655413_icon.png" publish:qualifiedname="NetworkResourceAssurance::Notifications::AlarmNotification::probableCause" publish:type="String" xmi:id="_38E.t5.lY_E.d.y.s97.lG39.t.c.p.w" xsi:type="uml:Property"><defaultValue publish:icon="-419095724_icon.png" publish:qualifiedname="NetworkResourceAssurance::Notifications::AlarmNotification::probableCause::&lt;OpaqueExpression&gt;" xmi:id="_38E.t6FY_E.d.y.s97.lG39.t.c.p.w" xsi:type="uml:OpaqueExpression"/></ownedAttribute><ownedAttribute name="probableCauseQualifier" publish:icon="923081473_icon.png" publish:qualifiedname="NetworkResourceAssurance::Notifications::AlarmNotification::probableCauseQualifier" publish:type="String" xmi:id="_38K0.jVY_E.d.y.s97.lG39.t.c.p.w" xsi:type="uml:Property"><defaultValue publish:icon="-419095724_icon.png" publish:qualifiedname="NetworkResourceAssurance::Notifications::AlarmNotification::probableCauseQualifier::&lt;OpaqueExpression&gt;" xmi:id="_38K0.j1Y_E.d.y.s97.lG39.t.c.p.w" xsi:type="uml:OpaqueExpression"/></ownedAttribute><ownedAttribute name="perceivedSeverity" publish:icon="923081473_icon.png" publish:qualifiedname="NetworkResourceAssurance::Notifications::AlarmNotification::perceivedSeverity" publish:type="PerceivedSeverity" xmi:id="_.g.qO.i.k1ZAE.d.y.s97.lG39.t.c.p.w" xsi:type="uml:Property"><defaultValue name="INDETERMINATE" publish:icon="1812274008_icon.png" publish:qualifiedname="NetworkResourceAssurance::Notifications::AlarmNotification::perceivedSeverity::INDETERMINATE" xmi:id="_.g.qO.i.lVZAE.d.y.s97.lG39.t.c.p.w" xsi:type="uml:InstanceValue"/></ownedAttribute><ownedAttribute name="serviceAffecting" publish:icon="923081473_icon.png" publish:is_association="false" publish:qualifiedname="NetworkResourceAssurance::Notifications::AlarmNotification::serviceAffecting" publish:type="ServiceAffecting" publish:typeid="_.zNRVEFZCE.d.y.s97.lG39.t.c.p.w" xmi:id="_38Q7K1Y_E.d.y.s97.lG39.t.c.p.w" xsi:type="uml:Property"><defaultValue name="UNKNOWN" publish:icon="1812274008_icon.png" publish:qualifiedname="NetworkResourceAssurance::Notifications::AlarmNotification::serviceAffecting::UNKNOWN" xmi:id="_J.dXTAFZDE.d.y.s97.lG39.t.c.p.w" xsi:type="uml:InstanceValue"/></ownedAttribute><ownedAttribute name="affectedPtpRefList" publish:icon="923081473_icon.png" publish:qualifiedname="NetworkResourceAssurance::Notifications::AlarmNotification::affectedPtpRefList" publish:type="ObjectName" xmi:id="_38Q7J1Y_E.d.y.s97.lG39.t.c.p.w" xsi:type="uml:Property"><defaultValue publish:icon="-419095724_icon.png" publish:qualifiedname="NetworkResourceAssurance::Notifications::AlarmNotification::affectedPtpRefList::&lt;OpaqueExpression&gt;" xmi:id="_38Q7KVY_E.d.y.s97.lG39.t.c.p.w" xsi:type="uml:OpaqueExpression"/></ownedAttribute><ownedAttribute name="additionalText" publish:icon="923081473_icon.png" publish:qualifiedname="NetworkResourceAssurance::Notifications::AlarmNotification::additionalText" publish:type="String" xmi:id="_38K0.kVY_E.d.y.s97.lG39.t.c.p.w" xsi:type="uml:Property"><defaultValue publish:icon="-419095724_icon.png" publish:qualifiedname="NetworkResourceAssurance::Notifications::AlarmNotification::additionalText::&lt;OpaqueExpression&gt;" xmi:id="_38Q7IVY_E.d.y.s97.lG39.t.c.p.w" xsi:type="uml:OpaqueExpression"/></ownedAttribute><ownedAttribute name="aliasNameList" publish:icon="923081473_icon.png" publish:qualifiedname="NetworkResourceAssurance::Notifications::AlarmNotification::aliasNameList" publish:type="AttributeValuePair" xmi:id="_C8.gAUM.j9E.d.y.x.k.a.uNDY.t.jO.g" xsi:type="uml:Property"><defaultValue publish:icon="-419095724_icon.png" publish:qualifiedname="NetworkResourceAssurance::Notifications::AlarmNotification::aliasNameList::&lt;OpaqueExpression&gt;" xmi:id="_C8.gAV.c.j9E.d.y.x.k.a.uNDY.t.jO.g" xsi:type="uml:OpaqueExpression"/></ownedAttribute><ownedAttribute name="nativeProbableCause" publish:icon="923081473_icon.png" publish:qualifiedname="NetworkResourceAssurance::Notifications::AlarmNotification::nativeProbableCause" publish:type="String" xmi:id="_38K0.hVY_E.d.y.s97.lG39.t.c.p.w" xsi:type="uml:Property"><defaultValue publish:icon="-419095724_icon.png" publish:qualifiedname="NetworkResourceAssurance::Notifications::AlarmNotification::nativeProbableCause::&lt;OpaqueExpression&gt;" xmi:id="_38K0.h1Y_E.d.y.s97.lG39.t.c.p.w" xsi:type="uml:OpaqueExpression"/></ownedAttribute><ownedAttribute name="acknowledgeIndication" publish:icon="923081473_icon.png" publish:is_association="false" publish:qualifiedname="NetworkResourceAssurance::Notifications::AlarmNotification::acknowledgeIndication" publish:type="AcknowledgeIndication" publish:typeid="_.rP2IUFY-E.d.y.s97.lG39.t.c.p.w" xmi:id="_.g.qO.i.mVZAE.d.y.s97.lG39.t.c.p.w" xsi:type="uml:Property"><defaultValue name="NOT_APPLICABLE" publish:icon="1812274008_icon.png" publish:qualifiedname="NetworkResourceAssurance::Notifications::AlarmNotification::acknowledgeIndication::NOT_APPLICABLE" xmi:id="_.g.qO.i.m1ZAE.d.y.s97.lG39.t.c.p.w" xsi:type="uml:InstanceValue"/></ownedAttribute><ownedAttribute name="rootCauseAlarmIndication" publish:icon="923081473_icon.png" publish:qualifiedname="NetworkResourceAssurance::Notifications::AlarmNotification::rootCauseAlarmIndication" publish:type="Boolean" xmi:id="_38Q7L1Y_E.d.y.s97.lG39.t.c.p.w" xsi:type="uml:Property"><defaultValue publish:icon="-419095724_icon.png" publish:qualifiedname="NetworkResourceAssurance::Notifications::AlarmNotification::rootCauseAlarmIndication::&lt;OpaqueExpression&gt;" xmi:id="_38Q7MVY_E.d.y.s97.lG39.t.c.p.w" xsi:type="uml:OpaqueExpression"/></ownedAttribute><ownedAttribute name="x733_EventType" publish:icon="923081473_icon.png" publish:qualifiedname="NetworkResourceAssurance::Notifications::AlarmNotification::x733_EventType" publish:type="String" xmi:id="_38Q7N1Y_E.d.y.s97.lG39.t.c.p.w" xsi:type="uml:Property"><defaultValue publish:icon="-419095724_icon.png" publish:qualifiedname="NetworkResourceAssurance::Notifications::AlarmNotification::x733_EventType::&lt;OpaqueExpression&gt;" xmi:id="_38Q7OVY_E.d.y.s97.lG39.t.c.p.w" xsi:type="uml:OpaqueExpression"/></ownedAttribute><ownedAttribute name="x733_SpecificProblems" publish:icon="923081473_icon.png" publish:qualifiedname="NetworkResourceAssurance::Notifications::AlarmNotification::x733_SpecificProblems" publish:type="String" xmi:id="_38XB.wVY_E.d.y.s97.lG39.t.c.p.w" xsi:type="uml:Property"><defaultValue publish:icon="-419095724_icon.png" publish:qualifiedname="NetworkResourceAssurance::Notifications::AlarmNotification::x733_SpecificProblems::&lt;OpaqueExpression&gt;" xmi:id="_38XB.w1Y_E.d.y.s97.lG39.t.c.p.w" xsi:type="uml:OpaqueExpression"/></ownedAttribute><ownedAttribute name="x733_BackedUpStatus" publish:icon="923081473_icon.png" publish:qualifiedname="NetworkResourceAssurance::Notifications::AlarmNotification::x733_BackedUpStatus" publish:type="String" xmi:id="_38XB.xVY_E.d.y.s97.lG39.t.c.p.w" xsi:type="uml:Property"><defaultValue publish:icon="-419095724_icon.png" publish:qualifiedname="NetworkResourceAssurance::Notifications::AlarmNotification::x733_BackedUpStatus::&lt;OpaqueExpression&gt;" xmi:id="_38XB.x1Y_E.d.y.s97.lG39.t.c.p.w" xsi:type="uml:OpaqueExpression"/></ownedAttribute><ownedAttribute name="x733_BackUpObject" publish:icon="923081473_icon.png" publish:qualifiedname="NetworkResourceAssurance::Notifications::AlarmNotification::x733_BackUpObject" publish:type="ObjectName" xmi:id="_38XB.yVY_E.d.y.s97.lG39.t.c.p.w" xsi:type="uml:Property"><defaultValue publish:icon="-419095724_icon.png" publish:qualifiedname="NetworkResourceAssurance::Notifications::AlarmNotification::x733_BackUpObject::&lt;OpaqueExpression&gt;" xmi:id="_38XB.y1Y_E.d.y.s97.lG39.t.c.p.w" xsi:type="uml:OpaqueExpression"/></ownedAttribute><ownedAttribute name="x733_TrendIndication" publish:icon="923081473_icon.png" publish:qualifiedname="NetworkResourceAssurance::Notifications::AlarmNotification::x733_TrendIndication" publish:type="String" xmi:id="_38XB.zVY_E.d.y.s97.lG39.t.c.p.w" xsi:type="uml:Property"><defaultValue publish:icon="-419095724_icon.png" publish:qualifiedname="NetworkResourceAssurance::Notifications::AlarmNotification::x733_TrendIndication::&lt;OpaqueExpression&gt;" xmi:id="_38XB.z1Y_E.d.y.s97.lG39.t.c.p.w" xsi:type="uml:OpaqueExpression"/></ownedAttribute><ownedAttribute name="x733_CorrelatedNotificationList" publish:icon="923081473_icon.png" publish:is_association="false" publish:qualifiedname="NetworkResourceAssurance::Notifications::AlarmNotification::x733_CorrelatedNotificationList" publish:type="CorrelatedNotifications" publish:typeid="_.t.t8AUF.bLE.d.yH-M5V.e.rQW.s.w" xmi:id="_38XB0VY_E.d.y.s97.lG39.t.c.p.w" xsi:type="uml:Property"><defaultValue publish:icon="-419095724_icon.png" publish:qualifiedname="NetworkResourceAssurance::Notifications::AlarmNotification::x733_CorrelatedNotificationList::&lt;OpaqueExpression&gt;" xmi:id="_38XB01Y_E.d.y.s97.lG39.t.c.p.w" xsi:type="uml:OpaqueExpression"/></ownedAttribute><ownedAttribute name="x733_MonitoredAttributeList" publish:icon="923081473_icon.png" publish:qualifiedname="NetworkResourceAssurance::Notifications::AlarmNotification::x733_MonitoredAttributeList" publish:type="AttributeValuePair" xmi:id="_38.dIYFY_E.d.y.s97.lG39.t.c.p.w" xsi:type="uml:Property"><defaultValue publish:icon="-419095724_icon.png" publish:qualifiedname="NetworkResourceAssurance::Notifications::AlarmNotification::x733_MonitoredAttributeList::&lt;OpaqueExpression&gt;" xmi:id="_38.dIY.lY_E.d.y.s97.lG39.t.c.p.w" xsi:type="uml:OpaqueExpression"/></ownedAttribute><ownedAttribute name="x733_ProposedRepairActionList" publish:icon="923081473_icon.png" publish:qualifiedname="NetworkResourceAssurance::Notifications::AlarmNotification::x733_ProposedRepairActionList" publish:type="String" xmi:id="_38.dIZFY_E.d.y.s97.lG39.t.c.p.w" xsi:type="uml:Property"><defaultValue publish:icon="-419095724_icon.png" publish:qualifiedname="NetworkResourceAssurance::Notifications::AlarmNotification::x733_ProposedRepairActionList::&lt;OpaqueExpression&gt;" xmi:id="_38.dIZ.lY_E.d.y.s97.lG39.t.c.p.w" xsi:type="uml:OpaqueExpression"/></ownedAttribute><ownedAttribute name="x733_AdditionalInformation" publish:icon="923081473_icon.png" publish:qualifiedname="NetworkResourceAssurance::Notifications::AlarmNotification::x733_AdditionalInformation" publish:type="AttributeValuePair" xmi:id="_38.dI.aFY_E.d.y.s97.lG39.t.c.p.w" xsi:type="uml:Property"><defaultValue publish:icon="-419095724_icon.png" publish:qualifiedname="NetworkResourceAssurance::Notifications::AlarmNotification::x733_AdditionalInformation::&lt;OpaqueExpression&gt;" xmi:id="_38.dI.a.lY_E.d.y.s97.lG39.t.c.p.w" xsi:type="uml:OpaqueExpression"/></ownedAttribute></packagedElement><packagedElement name="PmpStateChangeNotification" publish:icon="1292180129_icon.png" publish:qualifiedname="NetworkResourceAssurance::Notifications::PmpStateChangeNotification" xmi:id="_.y.d.d.iIF.bZE.d.yH-M5V.e.rQW.s.w" xsi:type="uml:Class"><ownedAttribute name="pmpRefList" publish:icon="923081473_icon.png" publish:qualifiedname="NetworkResourceAssurance::Notifications::PmpStateChangeNotification::pmpRefList" publish:type="ObjectName" xmi:id="_BTSG4V.b.aE.d.yH-M5V.e.rQW.s.w" xsi:type="uml:Property"><defaultValue publish:icon="-419095724_icon.png" publish:qualifiedname="NetworkResourceAssurance::Notifications::PmpStateChangeNotification::pmpRefList::&lt;OpaqueExpression&gt;" xmi:id="_.j.o.u.tEF.b.aE.d.yH-M5V.e.rQW.s.w" xsi:type="uml:OpaqueExpression"/></ownedAttribute><ownedAttribute name="attributeList" publish:icon="923081473_icon.png" publish:qualifiedname="NetworkResourceAssurance::Notifications::PmpStateChangeNotification::attributeList" publish:type="AttributeValuePair" xmi:id="_BTYN.hF.b.aE.d.yH-M5V.e.rQW.s.w" xsi:type="uml:Property"><defaultValue publish:icon="-419095724_icon.png" publish:qualifiedname="NetworkResourceAssurance::Notifications::PmpStateChangeNotification::attributeList::&lt;OpaqueExpression&gt;" xmi:id="_.a.z.p.z.sM.m.iE.d.yFQ8O5S.bJ.fEQ" xsi:type="uml:OpaqueExpression"/></ownedAttribute><ownedAttribute name="osTime" publish:icon="923081473_icon.png" publish:qualifiedname="NetworkResourceAssurance::Notifications::PmpStateChangeNotification::osTime" publish:type="ItuTTime" xmi:id="__.i.b.eMM.m.hE.d.yFQ8O5S.bJ.fEQ" xsi:type="uml:Property"><defaultValue publish:icon="-419095724_icon.png" publish:qualifiedname="NetworkResourceAssurance::Notifications::PmpStateChangeNotification::osTime::&lt;OpaqueExpression&gt;" xmi:id="__.i.b.eM.s.m.hE.d.yFQ8O5S.bJ.fEQ" xsi:type="uml:OpaqueExpression"/></ownedAttribute></packagedElement><packagedElement name="ProtectionSwitchNotification" publish:icon="1292180129_icon.png" publish:qualifiedname="NetworkResourceAssurance::Notifications::ProtectionSwitchNotification" xmi:id="_.i.h.t.eIFCZE.d.y.n.y.b.g.l.u.dW5L.g" xsi:type="uml:Class"><ownedAttribute name="protectionType" publish:icon="923081473_icon.png" publish:is_association="false" publish:qualifiedname="NetworkResourceAssurance::Notifications::ProtectionSwitchNotification::protectionType" publish:type="ProtectionType" publish:typeid="_E55.t8FC.oE.d.y.n.y.b.g.l.u.dW5L.g" xmi:id="_8.t.t4CFCZE.d.y.n.y.b.g.l.u.dW5L.g" xsi:type="uml:Property"><defaultValue publish:icon="-419095724_icon.png" publish:qualifiedname="NetworkResourceAssurance::Notifications::ProtectionSwitchNotification::protectionType::&lt;OpaqueExpression&gt;" xmi:id="_8.t.t4C.lCZE.d.y.n.y.b.g.l.u.dW5L.g" xsi:type="uml:OpaqueExpression"/></ownedAttribute><ownedAttribute name="switchReason" publish:icon="923081473_icon.png" publish:is_association="false" publish:qualifiedname="NetworkResourceAssurance::Notifications::ProtectionSwitchNotification::switchReason" publish:type="SwitchReason" publish:typeid="_.p4A_.gFC.oE.d.y.n.y.b.g.l.u.dW5L.g" xmi:id="_8.t.t4DFCZE.d.y.n.y.b.g.l.u.dW5L.g" xsi:type="uml:Property"><defaultValue publish:icon="-419095724_icon.png" publish:qualifiedname="NetworkResourceAssurance::Notifications::ProtectionSwitchNotification::switchReason::&lt;OpaqueExpression&gt;" xmi:id="_8.t.t4D.lCZE.d.y.n.y.b.g.l.u.dW5L.g" xsi:type="uml:OpaqueExpression"/></ownedAttribute><ownedAttribute name="layerRate" publish:icon="923081473_icon.png" publish:qualifiedname="NetworkResourceAssurance::Notifications::ProtectionSwitchNotification::layerRate" publish:type="LayerRate" xmi:id="_8.t.z-.oVCZE.d.y.n.y.b.g.l.u.dW5L.g" xsi:type="uml:Property"><defaultValue publish:icon="-419095724_icon.png" publish:qualifiedname="NetworkResourceAssurance::Notifications::ProtectionSwitchNotification::layerRate::&lt;OpaqueExpression&gt;" xmi:id="_8.t.z-.o1CZE.d.y.n.y.b.g.l.u.dW5L.g" xsi:type="uml:OpaqueExpression"/></ownedAttribute><ownedAttribute name="pgRef" publish:icon="923081473_icon.png" publish:qualifiedname="NetworkResourceAssurance::Notifications::ProtectionSwitchNotification::pgRef" publish:type="ObjectName" xmi:id="_8.t6FQVCZE.d.y.n.y.b.g.l.u.dW5L.g" xsi:type="uml:Property"><defaultValue publish:icon="-419095724_icon.png" publish:qualifiedname="NetworkResourceAssurance::Notifications::ProtectionSwitchNotification::pgRef::&lt;OpaqueExpression&gt;" xmi:id="_8.t6FQ1CZE.d.y.n.y.b.g.l.u.dW5L.g" xsi:type="uml:OpaqueExpression"/></ownedAttribute><ownedAttribute name="protectedTpRef" publish:icon="923081473_icon.png" publish:qualifiedname="NetworkResourceAssurance::Notifications::ProtectionSwitchNotification::protectedTpRef" publish:type="ObjectName" xmi:id="_8.t6FRVCZE.d.y.n.y.b.g.l.u.dW5L.g" xsi:type="uml:Property"><defaultValue publish:icon="-419095724_icon.png" publish:qualifiedname="NetworkResourceAssurance::Notifications::ProtectionSwitchNotification::protectedTpRef::&lt;OpaqueExpression&gt;" xmi:id="_8.t6FR1CZE.d.y.n.y.b.g.l.u.dW5L.g" xsi:type="uml:OpaqueExpression"/></ownedAttribute><ownedAttribute name="switchAwayFromTpRef" publish:icon="923081473_icon.png" publish:qualifiedname="NetworkResourceAssurance::Notifications::ProtectionSwitchNotification::switchAwayFromTpRef" publish:type="ObjectName" xmi:id="_8.t6FSVCZE.d.y.n.y.b.g.l.u.dW5L.g" xsi:type="uml:Property"><defaultValue publish:icon="-419095724_icon.png" publish:qualifiedname="NetworkResourceAssurance::Notifications::ProtectionSwitchNotification::switchAwayFromTpRef::&lt;OpaqueExpression&gt;" xmi:id="_8.t6FS1CZE.d.y.n.y.b.g.l.u.dW5L.g" xsi:type="uml:OpaqueExpression"/></ownedAttribute><ownedAttribute name="switchToTpRef" publish:icon="923081473_icon.png" publish:qualifiedname="NetworkResourceAssurance::Notifications::ProtectionSwitchNotification::switchToTpRef" publish:type="ObjectName" xmi:id="_8.t6FTVCZE.d.y.n.y.b.g.l.u.dW5L.g" xsi:type="uml:Property"><defaultValue publish:icon="-419095724_icon.png" publish:qualifiedname="NetworkResourceAssurance::Notifications::ProtectionSwitchNotification::switchToTpRef::&lt;OpaqueExpression&gt;" xmi:id="_8.t6FT1CZE.d.y.n.y.b.g.l.u.dW5L.g" xsi:type="uml:OpaqueExpression"/></ownedAttribute><ownedAttribute name="osTime" publish:icon="923081473_icon.png" publish:qualifiedname="NetworkResourceAssurance::Notifications::ProtectionSwitchNotification::osTime" publish:type="ItuTTime" xmi:id="_OVA20M.m.kE.d.yFQ8O5S.bJ.fEQ" xsi:type="uml:Property"><defaultValue publish:icon="-419095724_icon.png" publish:qualifiedname="NetworkResourceAssurance::Notifications::ProtectionSwitchNotification::osTime::&lt;OpaqueExpression&gt;" xmi:id="_OVA20.s.m.kE.d.yFQ8O5S.bJ.fEQ" xsi:type="uml:OpaqueExpression"/></ownedAttribute></packagedElement><packagedElement name="EquipmentProtectionSwitchNotification" publish:icon="1292180129_icon.png" publish:qualifiedname="NetworkResourceAssurance::Notifications::EquipmentProtectionSwitchNotification" xmi:id="_O.bSF8FC.aE.d.y.n.y.b.g.l.u.dW5L.g" xsi:type="uml:Class"><ownedAttribute name="protectionType" publish:icon="923081473_icon.png" publish:is_association="false" publish:qualifiedname="NetworkResourceAssurance::Notifications::EquipmentProtectionSwitchNotification::protectionType" publish:type="EquipmentProtectionType" publish:typeid="_.aNA.q.wFC.eE.d.y.n.y.b.g.l.u.dW5L.g" xmi:id="_.cO.sL.eFC.aE.d.y.n.y.b.g.l.u.dW5L.g" xsi:type="uml:Property"><defaultValue publish:icon="-419095724_icon.png" publish:qualifiedname="NetworkResourceAssurance::Notifications::EquipmentProtectionSwitchNotification::protectionType::&lt;OpaqueExpression&gt;" xmi:id="_.cO.sL.e.lC.aE.d.y.n.y.b.g.l.u.dW5L.g" xsi:type="uml:OpaqueExpression"/></ownedAttribute><ownedAttribute name="switchReason" publish:icon="923081473_icon.png" publish:is_association="false" publish:qualifiedname="NetworkResourceAssurance::Notifications::EquipmentProtectionSwitchNotification::switchReason" publish:type="EquipmentSwitchReason" publish:typeid="_.i.c0.vYFC.fE.d.y.n.y.b.g.l.u.dW5L.g" xmi:id="_.cO.ySEVC.aE.d.y.n.y.b.g.l.u.dW5L.g" xsi:type="uml:Property"><defaultValue publish:icon="-419095724_icon.png" publish:qualifiedname="NetworkResourceAssurance::Notifications::EquipmentProtectionSwitchNotification::switchReason::&lt;OpaqueExpression&gt;" xmi:id="_.cO.ySE1C.aE.d.y.n.y.b.g.l.u.dW5L.g" xsi:type="uml:OpaqueExpression"/></ownedAttribute><ownedAttribute name="epgRef" publish:icon="923081473_icon.png" publish:qualifiedname="NetworkResourceAssurance::Notifications::EquipmentProtectionSwitchNotification::epgRef" publish:type="ObjectName" xmi:id="_.cO.ySFVC.aE.d.y.n.y.b.g.l.u.dW5L.g" xsi:type="uml:Property"><defaultValue publish:icon="-419095724_icon.png" publish:qualifiedname="NetworkResourceAssurance::Notifications::EquipmentProtectionSwitchNotification::epgRef::&lt;OpaqueExpression&gt;" xmi:id="_.cO.ySF1C.aE.d.y.n.y.b.g.l.u.dW5L.g" xsi:type="uml:OpaqueExpression"/></ownedAttribute><ownedAttribute name="protectedEquipmentRef" publish:icon="923081473_icon.png" publish:qualifiedname="NetworkResourceAssurance::Notifications::EquipmentProtectionSwitchNotification::protectedEquipmentRef" publish:type="ObjectName" xmi:id="_.cO.ySGVC.aE.d.y.n.y.b.g.l.u.dW5L.g" xsi:type="uml:Property"><defaultValue publish:icon="-419095724_icon.png" publish:qualifiedname="NetworkResourceAssurance::Notifications::EquipmentProtectionSwitchNotification::protectedEquipmentRef::&lt;OpaqueExpression&gt;" xmi:id="_.cO.ySG1C.aE.d.y.n.y.b.g.l.u.dW5L.g" xsi:type="uml:OpaqueExpression"/></ownedAttribute><ownedAttribute name="switchAwayFromEquipmentRef" publish:icon="923081473_icon.png" publish:qualifiedname="NetworkResourceAssurance::Notifications::EquipmentProtectionSwitchNotification::switchAwayFromEquipmentRef" publish:type="ObjectName" xmi:id="_.cO.ySHVC.aE.d.y.n.y.b.g.l.u.dW5L.g" xsi:type="uml:Property"><defaultValue publish:icon="-419095724_icon.png" publish:qualifiedname="NetworkResourceAssurance::Notifications::EquipmentProtectionSwitchNotification::switchAwayFromEquipmentRef::&lt;OpaqueExpression&gt;" xmi:id="_.cO.ySH1C.aE.d.y.n.y.b.g.l.u.dW5L.g" xsi:type="uml:OpaqueExpression"/></ownedAttribute><ownedAttribute name="switchToEquipmentRef" publish:icon="923081473_icon.png" publish:qualifiedname="NetworkResourceAssurance::Notifications::EquipmentProtectionSwitchNotification::switchToEquipmentRef" publish:type="ObjectName" xmi:id="_.cO.ySIVC.aE.d.y.n.y.b.g.l.u.dW5L.g" xsi:type="uml:Property"><defaultValue publish:icon="-419095724_icon.png" publish:qualifiedname="NetworkResourceAssurance::Notifications::EquipmentProtectionSwitchNotification::switchToEquipmentRef::&lt;OpaqueExpression&gt;" xmi:id="_.cO.ySI1C.aE.d.y.n.y.b.g.l.u.dW5L.g" xsi:type="uml:OpaqueExpression"/></ownedAttribute><ownedAttribute name="osTime" publish:icon="923081473_icon.png" publish:qualifiedname="NetworkResourceAssurance::Notifications::EquipmentProtectionSwitchNotification::osTime" publish:type="ItuTTime" xmi:id="_FU.cKUFC.nE.d.y.n.y.b.g.l.u.dW5L.g" xsi:type="uml:Property"><defaultValue publish:icon="-419095724_icon.png" publish:qualifiedname="NetworkResourceAssurance::Notifications::EquipmentProtectionSwitchNotification::osTime::&lt;OpaqueExpression&gt;" xmi:id="_FU.cKU.lC.nE.d.y.n.y.b.g.l.u.dW5L.g" xsi:type="uml:OpaqueExpression"/></ownedAttribute></packagedElement></packagedElement></uml:Model>