<?xml version="1.0" encoding="UTF-8"?><uml:Model xmlns:uml="http://www.eclipse.org/uml2/1.0.0/UML" name="NetworkResourceAssurance" xmlns:publish="http://www.ibm.com/Rational/XTools/Publish" publish:diagramFormat="PNG" publish:icon="1292180043_icon.png" publish:modelname="NetworkResourceAssurance" publish:profiles="Standard, Default, Deployment, null" publish:qualifiedname="NetworkResourceAssurance" publish:sortOrder="storage" publish:toplevelguid="_TIGM.oA6.qE.d.y.d7PUN.b-IYCQ" xmlns:xmi="http://www.omg.org/XMI" xmi:id="_TIGM.oA6.qE.d.y.d7PUN.b-IYCQ" xmi:version="2.0" xmlns:com.ibm.xtools.notation="http:///com/ibm/xtools/notation.ecore" xmlns:xsi="http://www.w3.org/2001/XMLSchema-instance" xsi:type="uml:Model"><publish:properties><publish:property canonicalName="Alias" name="Alias" publish:category="UML"/><publish:property canonicalName="Keywords" name="Keywords" publish:category="UML"/><publish:property canonicalName="name" name="Name" publish:category="UML" publish:value="NetworkResourceAssurance"/><publish:property canonicalName="nameExpression" name="Name Expression" publish:category="UML"/><publish:property canonicalName="namespace" name="Namespace" publish:category="UML"/><publish:property canonicalName="nestingPackage" name="Nesting Package" publish:category="UML"/><publish:property canonicalName="ownedTemplateSignature" name="Owned Template Signature" publish:category="UML"/><publish:property canonicalName="owner" name="Owner" publish:category="UML"/><publish:property canonicalName="owningTemplateParameter" name="Owning Template Parameter" publish:category="UML"/><publish:property canonicalName="qualifiedName" name="Qualified Name" publish:category="UML" publish:value="NetworkResourceAssurance"/><publish:property canonicalName="Stereotype" name="Stereotype" publish:category="UML"/><publish:property canonicalName="templateParameter" name="Template Parameter" publish:category="UML"/><publish:property canonicalName="viewpoint" name="Viewpoint" publish:category="UML"/><publish:property canonicalName="visibility" name="Visibility" publish:category="UML" publish:value="Public"/></publish:properties><appliedProfiles><profile name="Standard" visibility="public"/><profile name="Default" visibility="public"/><profile name="Deployment" visibility="public"/><profile visibility="public"/></appliedProfiles><ownedComment annotatedElement="_TIGM.oA6.qE.d.y.d7PUN.b-IYCQ" body="Changes done between Release 2.1 and 3.0:&#13;&#10;- NRA Protection Group Relationships Class Diagram added&#13;&#10;- Data Object Classes::ProtectionGroup::protectionRelatedTpRefList converted into a navigable relationship and replaced &quot;PTP&quot; by &quot;TP&quot; in the description.&#13;&#10;- Data Object Classes::TcaParameterProfile::associatedTpRefList converted into a navigable relationship&#13;&#10;- Data Object Classes::ProtectionGroup::layerRate: Replaced &quot;PTP&quot; by &quot;TP&quot; in the description." isDocumentation="true" isURL="false" name="&lt;Unnamed Comment&gt;" publish:icon="1023744610_icon.png" publish:qualifiedname="NetworkResourceAssurance::&lt;Comment&gt;" xmi:id="_S.g.fH.oID.qE.d6_EMV-.kY.y7J.w" xsi:type="uml:Comment"><publish:properties><publish:property canonicalName="body" name="Body" publish:category="UML" publish:value="Changes done between Release 2.1 and 3.0:..."/><publish:property canonicalName="Keywords" name="Keywords" publish:category="UML"/><publish:property canonicalName="owner" name="Owner" publish:category="UML" publish:ismodellink="true" publish:value="NetworkResourceAssurance" xmi:id="_TIGM.oA6.qE.d.y.d7PUN.b-IYCQ"/><publish:property canonicalName="Stereotype" name="Stereotype" publish:category="UML" publish:value="documentation"/></publish:properties></ownedComment><elementImport name="&lt;Unnamed ElementImport&gt;" publish:icon="-989521029_icon.png" publish:qualifiedname="NetworkResourceAssurance::&lt;ElementImport&gt;" xmi:id="_S.gIE0ID2E.d6_EMV-.kY.y7J.w" xsi:type="uml:ElementImport"><publish:properties><publish:property canonicalName="alias" name="Alias" publish:category="UML"/><publish:property canonicalName="importedElement" name="Imported Element" publish:category="UML"/><publish:property canonicalName="importingNamespace" name="Importing Namespace" publish:category="UML" publish:ismodellink="true" publish:value="NetworkResourceAssurance" xmi:id="_TIGM.oA6.qE.d.y.d7PUN.b-IYCQ"/><publish:property canonicalName="Keywords" name="Keywords" publish:category="UML"/><publish:property canonicalName="owner" name="Owner" publish:category="UML" publish:ismodellink="true" publish:value="NetworkResourceAssurance" xmi:id="_TIGM.oA6.qE.d.y.d7PUN.b-IYCQ"/><publish:property canonicalName="Stereotype" name="Stereotype" publish:category="UML"/><publish:property canonicalName="visibility" name="Visibility" publish:category="UML" publish:value="Public"/></publish:properties></elementImport><packageImport name="&lt;Unnamed PackageImport&gt;" publish:icon="1275402941_icon.png" publish:qualifiedname="NetworkResourceAssurance::&lt;PackageImport&gt;" xmi:id="_TIGM.pA6.qE.d.y.d7PUN.b-IYCQ" xsi:type="uml:PackageImport"><publish:properties><publish:property canonicalName="importedPackage" name="Imported Package" publish:category="UML" publish:value="«modelLibrary» UMLPrimitiveTypes"/><publish:property canonicalName="importingNamespace" name="Importing Namespace" publish:category="UML" publish:ismodellink="true" publish:value="NetworkResourceAssurance" xmi:id="_TIGM.oA6.qE.d.y.d7PUN.b-IYCQ"/><publish:property canonicalName="Keywords" name="Keywords" publish:category="UML"/><publish:property canonicalName="owner" name="Owner" publish:category="UML" publish:ismodellink="true" publish:value="NetworkResourceAssurance" xmi:id="_TIGM.oA6.qE.d.y.d7PUN.b-IYCQ"/><publish:property canonicalName="Stereotype" name="Stereotype" publish:category="UML"/><publish:property canonicalName="visibility" name="Visibility" publish:category="UML" publish:value="Public"/></publish:properties></packageImport><packageImport name="&lt;Unnamed PackageImport&gt;" publish:icon="1275402941_icon.png" publish:qualifiedname="NetworkResourceAssurance::&lt;PackageImport&gt;" xmi:id="_.c.a2V.sFYME.d.y.s97.lG39.t.c.p.w" xsi:type="uml:PackageImport"><publish:properties><publish:property canonicalName="importedPackage" name="Imported Package" publish:category="UML"/><publish:property canonicalName="importingNamespace" name="Importing Namespace" publish:category="UML" publish:ismodellink="true" publish:value="NetworkResourceAssurance" xmi:id="_TIGM.oA6.qE.d.y.d7PUN.b-IYCQ"/><publish:property canonicalName="Keywords" name="Keywords" publish:category="UML"/><publish:property canonicalName="owner" name="Owner" publish:category="UML" publish:ismodellink="true" publish:value="NetworkResourceAssurance" xmi:id="_TIGM.oA6.qE.d.y.d7PUN.b-IYCQ"/><publish:property canonicalName="Stereotype" name="Stereotype" publish:category="UML"/><publish:property canonicalName="visibility" name="Visibility" publish:category="UML" publish:value="Public"/></publish:properties></packageImport></uml:Model>