<?xml version="1.0" encoding="UTF-8"?><uml:Model xmlns:uml="http://www.eclipse.org/uml2/1.0.0/UML" xmlns:publish="http://www.ibm.com/Rational/XTools/Publish" xmlns:xmi="http://www.omg.org/XMI" xmlns:com.ibm.xtools.notation="http:///com/ibm/xtools/notation.ecore" xmlns:xsi="http://www.w3.org/2001/XMLSchema-instance" name="ResourceProvisioning" publish:diagramFormat="GIF" publish:icon="_EjUhMPpJEduVsYI7mfNDXQ_icon.jpeg" publish:modelname="ResourceProvisioning" publish:qualifiedname="ResourceProvisioning" publish:toplevelguid="_EjUhMPpJEduVsYI7mfNDXQ" xmi:id="_EjUhMPpJEduVsYI7mfNDXQ" xmi:version="2.0" xsi:type="uml:Model"><publish:properties><publish:property name="Alias" publish:category="UML" publish:description="Alias property of the UML element"/><publish:property name="Keywords" publish:category="UML" publish:description="Keywords property of the UML element"/><publish:property name="Name" publish:category="UML" publish:description="The Name of the Named Element" publish:value="ResourceProvisioning"/><publish:property name="Name Expression" publish:category="UML" publish:description="The Name Expression of the Named Element"/><publish:property name="Namespace" publish:category="UML" publish:description="The Namespace of the Named Element"/><publish:property name="Nesting Package" publish:category="UML" publish:description="The Nesting Package of the Package"/><publish:property name="Owned Template Signature" publish:category="UML" publish:description="The Owned Template Signature of the Templateable Element"/><publish:property name="Owner" publish:category="UML" publish:description="The Owner of the Element"/><publish:property name="Owning Template Parameter" publish:category="UML" publish:description="The Owning Template Parameter of the Parameterable Element"/><publish:property name="Qualified Name" publish:category="UML" publish:description="The Qualified Name of the Named Element" publish:value="ResourceProvisioning"/><publish:property name="Stereotype" publish:category="UML"/><publish:property name="Template Parameter" publish:category="UML" publish:description="The Template Parameter of the Parameterable Element"/><publish:property name="Viewpoint" publish:category="UML" publish:description="The Viewpoint of the Model"/><publish:property name="Visibility" publish:category="UML" publish:description="The Visibility of the Named Element" publish:value="Public"/></publish:properties><packagedElement name="&lt;Unnamed Association&gt;" publish:icon="_DhF_UArhEd2g7OahyJLk5A_icon.jpeg" publish:qualifiedname="ResourceProvisioning::&lt;Association&gt;" xmi:id="_DhF_UArhEd2g7OahyJLk5A" xsi:type="uml:Association"><publish:properties><publish:property name="Alias" publish:category="UML" publish:description="Alias property of the UML element"/><publish:property name="Is Abstract" publish:category="UML" publish:description="The Is Abstract of the Classifier" publish:value="false"/><publish:property name="Is Derived" publish:category="UML" publish:description="The Is Derived of the Association" publish:value="false"/><publish:property name="Is Leaf" publish:category="UML" publish:description="The Is Leaf of the Redefinable Element" publish:value="false"/><publish:property name="Keywords" publish:category="UML" publish:description="Keywords property of the UML element"/><publish:property name="Kind" publish:category="UML" publish:description="Association kind property of Association" publish:value="2 - composition"/><publish:property name="Name" publish:category="UML" publish:description="The Name of the Named Element"/><publish:property name="Name Expression" publish:category="UML" publish:description="The Name Expression of the Named Element"/><publish:property name="Namespace" publish:category="UML" publish:description="The Namespace of the Named Element" publish:value="&lt;Model&gt; ResourceProvisioning"/><publish:property name="Owned Template Signature" publish:category="UML" publish:description="The Owned Template Signature of the Templateable Element"/><publish:property name="Owner" publish:category="UML" publish:description="The Owner of the Element" publish:value="&lt;Model&gt; ResourceProvisioning"/><publish:property name="Owning Template Parameter" publish:category="UML" publish:description="The Owning Template Parameter of the Parameterable Element"/><publish:property name="Package" publish:category="UML" publish:description="The Package of the Type" publish:value="&lt;Model&gt; ResourceProvisioning"/><publish:property name="Qualified Name" publish:category="UML" publish:description="The Qualified Name of the Named Element"/><publish:property name="Representation" publish:category="UML" publish:description="The Representation of the Classifier"/><publish:property name="Stereotype" publish:category="UML"/><publish:property name="Template Parameter" publish:category="UML" publish:description="The Template Parameter of the Parameterable Element"/><publish:property name="Visibility" publish:category="UML" publish:description="The Visibility of the Named Element" publish:value="Public"/></publish:properties><ownedEnd name="&lt;Unnamed Property&gt;" publish:icon="_DhPwUwrhEd2g7OahyJLk5A_icon.jpeg" publish:is_association="true" publish:qualifiedname="ResourceProvisioning::&lt;Association&gt;::&lt;Property&gt;" publish:type="TransmissionDescriptorAssociatedResource" publish:typeid="_1Z73YArgEd2g7OahyJLk5A" xmi:id="_DhPwUwrhEd2g7OahyJLk5A" xsi:type="uml:Property"><publish:properties><publish:property name="Aggregation" publish:category="UML" publish:description="The Aggregation of the Property" publish:value="None"/><publish:property name="Alias" publish:category="UML" publish:description="Alias property of the UML element"/><publish:property name="Association" publish:category="UML" publish:description="The Association of the Property" publish:value="&lt;Association&gt; A_tp_transmissionDescriptorAssociatedResource"/><publish:property name="Association End" publish:category="UML" publish:description="The Association End of the Property"/><publish:property name="Class" publish:category="UML" publish:description="The Class of the Property"/><publish:property name="Datatype" publish:category="UML" publish:description="The Datatype of the Property"/><publish:property name="Default" publish:category="UML" publish:description="The Default of the Property"/><publish:property name="Default Value" publish:category="UML" publish:description="The Default Value of the Property"/><publish:property name="Is Composite" publish:category="UML" publish:description="The Is Composite of the Property" publish:value="false"/><publish:property name="Is Derived" publish:category="UML" publish:description="The Is Derived of the Property" publish:value="false"/><publish:property name="Is Derived Union" publish:category="UML" publish:description="The Is Derived Union of the Property" publish:value="false"/><publish:property name="Is Leaf" publish:category="UML" publish:description="The Is Leaf of the Redefinable Element" publish:value="false"/><publish:property name="Is Ordered" publish:category="UML" publish:description="The Is Ordered of the Multiplicity Element" publish:value="false"/><publish:property name="Is Read Only" publish:category="UML" publish:description="The Is Read Only of the Structural Feature" publish:value="false"/><publish:property name="Is Static" publish:category="UML" publish:description="The Is Static of the Feature" publish:value="false"/><publish:property name="Is Unique" publish:category="UML" publish:description="The Is Unique of the Multiplicity Element" publish:value="true"/><publish:property name="isInvariant" publish:category="mTOPAttribute" publish:value="False"/><publish:property name="Keywords" publish:category="UML" publish:description="Keywords property of the UML element"/><publish:property name="Lower" publish:category="UML" publish:description="The Lower of the Multiplicity Element" publish:value="1"/><publish:property name="Lower Value" publish:category="UML" publish:description="The Lower Value of the Multiplicity Element"/><publish:property name="Multiplicity" publish:category="UML" publish:description="Multiplicity property of Multiplicity Element" publish:value="1"/><publish:property name="Name" publish:category="UML" publish:description="The Name of the Named Element"/><publish:property name="Name Expression" publish:category="UML" publish:description="The Name Expression of the Named Element"/><publish:property name="Namespace" publish:category="UML" publish:description="The Namespace of the Named Element" publish:value="&lt;Association&gt; A_tp_transmissionDescriptorAssociatedResource"/><publish:property name="notificationType" publish:category="mTOPAttribute" publish:value="0 - NOT_APPLICABLE"/><publish:property name="Opposite" publish:category="UML" publish:description="The Opposite of the Property"/><publish:property name="Owned Template Signature" publish:category="UML" publish:description="The Owned Template Signature of the Templateable Element"/><publish:property name="Owner" publish:category="UML" publish:description="The Owner of the Element" publish:value="&lt;Association&gt; A_tp_transmissionDescriptorAssociatedResource"/><publish:property name="Owning Association" publish:category="UML" publish:description="The Owning Association of the Property" publish:value="&lt;Association&gt; A_tp_transmissionDescriptorAssociatedResource"/><publish:property name="Owning Template Parameter" publish:category="UML" publish:description="The Owning Template Parameter of the Parameterable Element"/><publish:property name="Qualified Name" publish:category="UML" publish:description="The Qualified Name of the Named Element"/><publish:property name="Stereotype" publish:category="UML" publish:value="mTOPAttribute"/><publish:property name="Template Parameter" publish:category="UML" publish:description="The Template Parameter of the Parameterable Element"/><publish:property name="Type" publish:category="UML" publish:description="The Type of the Typed Element" publish:value="&lt;&lt;choice&gt;&gt; &lt;Data Type&gt; TransmissionDescriptorAssociatedResource"/><publish:property name="Upper" publish:category="UML" publish:description="The Upper of the Multiplicity Element" publish:value="1"/><publish:property name="Upper Value" publish:category="UML" publish:description="The Upper Value of the Multiplicity Element"/><publish:property name="Visibility" publish:category="UML" publish:description="The Visibility of the Named Element" publish:value="Private"/><publish:property name="writeable" publish:category="mTOPAttribute" publish:value="1 - REQUESTING_OS_ONLY"/></publish:properties></ownedEnd></packagedElement><packagedElement name="&lt;Unnamed Association&gt;" publish:icon="_W-sAcArhEd2g7OahyJLk5A_icon.jpeg" publish:qualifiedname="ResourceProvisioning::&lt;Association&gt;" xmi:id="_W-sAcArhEd2g7OahyJLk5A" xsi:type="uml:Association"><publish:properties><publish:property name="Alias" publish:category="UML" publish:description="Alias property of the UML element"/><publish:property name="Is Abstract" publish:category="UML" publish:description="The Is Abstract of the Classifier" publish:value="false"/><publish:property name="Is Derived" publish:category="UML" publish:description="The Is Derived of the Association" publish:value="false"/><publish:property name="Is Leaf" publish:category="UML" publish:description="The Is Leaf of the Redefinable Element" publish:value="false"/><publish:property name="Keywords" publish:category="UML" publish:description="Keywords property of the UML element"/><publish:property name="Kind" publish:category="UML" publish:description="Association kind property of Association" publish:value="2 - composition"/><publish:property name="Name" publish:category="UML" publish:description="The Name of the Named Element"/><publish:property name="Name Expression" publish:category="UML" publish:description="The Name Expression of the Named Element"/><publish:property name="Namespace" publish:category="UML" publish:description="The Namespace of the Named Element" publish:value="&lt;Model&gt; ResourceProvisioning"/><publish:property name="Owned Template Signature" publish:category="UML" publish:description="The Owned Template Signature of the Templateable Element"/><publish:property name="Owner" publish:category="UML" publish:description="The Owner of the Element" publish:value="&lt;Model&gt; ResourceProvisioning"/><publish:property name="Owning Template Parameter" publish:category="UML" publish:description="The Owning Template Parameter of the Parameterable Element"/><publish:property name="Package" publish:category="UML" publish:description="The Package of the Type" publish:value="&lt;Model&gt; ResourceProvisioning"/><publish:property name="Qualified Name" publish:category="UML" publish:description="The Qualified Name of the Named Element"/><publish:property name="Representation" publish:category="UML" publish:description="The Representation of the Classifier"/><publish:property name="Stereotype" publish:category="UML"/><publish:property name="Template Parameter" publish:category="UML" publish:description="The Template Parameter of the Parameterable Element"/><publish:property name="Visibility" publish:category="UML" publish:description="The Visibility of the Named Element" publish:value="Public"/></publish:properties><ownedEnd name="&lt;Unnamed Property&gt;" publish:icon="_W-sAdQrhEd2g7OahyJLk5A_icon.jpeg" publish:is_association="true" publish:qualifiedname="ResourceProvisioning::&lt;Association&gt;::&lt;Property&gt;" publish:type="TransmissionDescriptorAssociatedResource" publish:typeid="_1Z73YArgEd2g7OahyJLk5A" xmi:id="_W-sAdQrhEd2g7OahyJLk5A" xsi:type="uml:Property"><publish:properties><publish:property name="Aggregation" publish:category="UML" publish:description="The Aggregation of the Property" publish:value="None"/><publish:property name="Alias" publish:category="UML" publish:description="Alias property of the UML element"/><publish:property name="Association" publish:category="UML" publish:description="The Association of the Property" publish:value="&lt;Association&gt; A_mfd_transmissionDescriptorAssociatedResource"/><publish:property name="Association End" publish:category="UML" publish:description="The Association End of the Property"/><publish:property name="Class" publish:category="UML" publish:description="The Class of the Property"/><publish:property name="Datatype" publish:category="UML" publish:description="The Datatype of the Property"/><publish:property name="Default" publish:category="UML" publish:description="The Default of the Property"/><publish:property name="Default Value" publish:category="UML" publish:description="The Default Value of the Property"/><publish:property name="Is Composite" publish:category="UML" publish:description="The Is Composite of the Property" publish:value="false"/><publish:property name="Is Derived" publish:category="UML" publish:description="The Is Derived of the Property" publish:value="false"/><publish:property name="Is Derived Union" publish:category="UML" publish:description="The Is Derived Union of the Property" publish:value="false"/><publish:property name="Is Leaf" publish:category="UML" publish:description="The Is Leaf of the Redefinable Element" publish:value="false"/><publish:property name="Is Ordered" publish:category="UML" publish:description="The Is Ordered of the Multiplicity Element" publish:value="false"/><publish:property name="Is Read Only" publish:category="UML" publish:description="The Is Read Only of the Structural Feature" publish:value="false"/><publish:property name="Is Static" publish:category="UML" publish:description="The Is Static of the Feature" publish:value="false"/><publish:property name="Is Unique" publish:category="UML" publish:description="The Is Unique of the Multiplicity Element" publish:value="true"/><publish:property name="isInvariant" publish:category="mTOPAttribute" publish:value="False"/><publish:property name="Keywords" publish:category="UML" publish:description="Keywords property of the UML element"/><publish:property name="Lower" publish:category="UML" publish:description="The Lower of the Multiplicity Element" publish:value="1"/><publish:property name="Lower Value" publish:category="UML" publish:description="The Lower Value of the Multiplicity Element"/><publish:property name="Multiplicity" publish:category="UML" publish:description="Multiplicity property of Multiplicity Element" publish:value="1"/><publish:property name="Name" publish:category="UML" publish:description="The Name of the Named Element"/><publish:property name="Name Expression" publish:category="UML" publish:description="The Name Expression of the Named Element"/><publish:property name="Namespace" publish:category="UML" publish:description="The Namespace of the Named Element" publish:value="&lt;Association&gt; A_mfd_transmissionDescriptorAssociatedResource"/><publish:property name="notificationType" publish:category="mTOPAttribute" publish:value="0 - NOT_APPLICABLE"/><publish:property name="Opposite" publish:category="UML" publish:description="The Opposite of the Property"/><publish:property name="Owned Template Signature" publish:category="UML" publish:description="The Owned Template Signature of the Templateable Element"/><publish:property name="Owner" publish:category="UML" publish:description="The Owner of the Element" publish:value="&lt;Association&gt; A_mfd_transmissionDescriptorAssociatedResource"/><publish:property name="Owning Association" publish:category="UML" publish:description="The Owning Association of the Property" publish:value="&lt;Association&gt; A_mfd_transmissionDescriptorAssociatedResource"/><publish:property name="Owning Template Parameter" publish:category="UML" publish:description="The Owning Template Parameter of the Parameterable Element"/><publish:property name="Qualified Name" publish:category="UML" publish:description="The Qualified Name of the Named Element"/><publish:property name="Stereotype" publish:category="UML" publish:value="mTOPAttribute"/><publish:property name="Template Parameter" publish:category="UML" publish:description="The Template Parameter of the Parameterable Element"/><publish:property name="Type" publish:category="UML" publish:description="The Type of the Typed Element" publish:value="&lt;&lt;choice&gt;&gt; &lt;Data Type&gt; TransmissionDescriptorAssociatedResource"/><publish:property name="Upper" publish:category="UML" publish:description="The Upper of the Multiplicity Element" publish:value="1"/><publish:property name="Upper Value" publish:category="UML" publish:description="The Upper Value of the Multiplicity Element"/><publish:property name="Visibility" publish:category="UML" publish:description="The Visibility of the Named Element" publish:value="Private"/><publish:property name="writeable" publish:category="mTOPAttribute" publish:value="1 - REQUESTING_OS_ONLY"/></publish:properties></ownedEnd></packagedElement></uml:Model>