<?xml version="1.0" encoding="UTF-8"?><packagedElement xmlns:publish="http://www.ibm.com/Rational/XTools/Publish" xmlns:xmi="http://www.omg.org/XMI" xmlns:com.ibm.xtools.notation="http:///com/ibm/xtools/notation.ecore" xmlns:uml="http://www.eclipse.org/uml2/1.0.0/UML" xmlns:xsi="http://www.w3.org/2001/XMLSchema-instance" name="Class Diagrams" publish:diagramFormat="GIF" publish:icon="_QKD60PpJEduVsYI7mfNDXQ_icon.jpeg" publish:modelname="ResourceProvisioning" publish:qualifiedname="ResourceProvisioning::Class Diagrams" publish:toplevelguid="_EjUhMPpJEduVsYI7mfNDXQ" xmi:id="_QKD60PpJEduVsYI7mfNDXQ" xmi:version="2.0" xsi:type="uml:Package"><publish:properties><publish:property name="Alias" publish:category="UML" publish:description="Alias property of the UML element"/><publish:property name="Keywords" publish:category="UML" publish:description="Keywords property of the UML element"/><publish:property name="Name" publish:category="UML" publish:description="The Name of the Named Element" publish:value="Class Diagrams"/><publish:property name="Name Expression" publish:category="UML" publish:description="The Name Expression of the Named Element"/><publish:property name="Namespace" publish:category="UML" publish:description="The Namespace of the Named Element" publish:value="&lt;Model&gt; ResourceProvisioning"/><publish:property name="Nesting Package" publish:category="UML" publish:description="The Nesting Package of the Package" publish:value="&lt;Model&gt; ResourceProvisioning"/><publish:property name="Owned Template Signature" publish:category="UML" publish:description="The Owned Template Signature of the Templateable Element"/><publish:property name="Owner" publish:category="UML" publish:description="The Owner of the Element" publish:value="&lt;Model&gt; ResourceProvisioning"/><publish:property name="Owning Template Parameter" publish:category="UML" publish:description="The Owning Template Parameter of the Parameterable Element"/><publish:property name="Qualified Name" publish:category="UML" publish:description="The Qualified Name of the Named Element" publish:value="ResourceProvisioning::Class Diagrams"/><publish:property name="Stereotype" publish:category="UML"/><publish:property name="Template Parameter" publish:category="UML" publish:description="The Template Parameter of the Parameterable Element"/><publish:property name="Visibility" publish:category="UML" publish:description="The Visibility of the Named Element" publish:value="Public"/></publish:properties><contents Type="Class" name="RP DDP Relationship Diagram" publish:icon="_Kwp7AMpvEdyA6Npz6T0T-A_icon.jpeg" publish:imageType="GIF" publish:qualifiedname="ResourceProvisioning::Class Diagrams::RP DDP Relationship Diagram" xmi:id="_Kwp7AMpvEdyA6Npz6T0T-A" xsi:type="notation:Diagram"><publish:properties><publish:property name="Measurement Unit" publish:category="View" publish:description="The Measurement Unit of the Diagram" publish:value="Himetric"/><publish:property name="Name" publish:category="View" publish:description="The Name of the Diagram" publish:value="RP DDP Relationship Diagram"/><publish:property name="Styles" publish:category="View" publish:description="The Styles of the View"/></publish:properties><publish:partInfo name="ResourceProvisioning" publish:ismodellink="true" publish:partLowerX="183" publish:partLowerY="338" publish:partUpperX="37" publish:partUpperY="327" shape="rect" xmi:id="_EjUhMPpJEduVsYI7mfNDXQ"/><publish:partInfo name="ResourceProvisioning" publish:ismodellink="true" publish:partLowerX="193" publish:partLowerY="340" publish:partUpperX="27" publish:partUpperY="287" shape="rect" xmi:id="_EjUhMPpJEduVsYI7mfNDXQ"/></contents><contents Type="Class" name="RP Interface Diagram" publish:icon="_l3gcwNyoEdyY2qUBC6uXag_icon.jpeg" publish:imageType="GIF" publish:qualifiedname="ResourceProvisioning::Class Diagrams::RP Interface Diagram" xmi:id="_l3gcwNyoEdyY2qUBC6uXag" xsi:type="notation:Diagram"><publish:properties><publish:property name="Measurement Unit" publish:category="View" publish:description="The Measurement Unit of the Diagram" publish:value="Himetric"/><publish:property name="Name" publish:category="View" publish:description="The Name of the Diagram" publish:value="RP Interface Diagram"/><publish:property name="Styles" publish:category="View" publish:description="The Styles of the View"/></publish:properties><publish:partInfo coords="2084,1549,2181,1549,2171,1559,2171,949,2181,959,1296,959,1286,949,1286,883,1296,883,1296,949,1296,949,2181,949,2181,949,2181,1559,2181,1559,2084,1559,2084,1549" name="modifies TMD with" publish:ismodellink="false" shape="poly" xmi:id="_Uu6z4Ar6Ed2g7OahyJLk5A"/><publish:partInfo coords="1793,1478,1793,1160,1803,1160,1803,1478,1793,1478" name="uses" publish:ismodellink="false" shape="poly" xmi:id="_hg__QAr6Ed2g7OahyJLk5A"/><publish:partInfo coords="786,1597,786,1692,776,1692,776,1597,786,1597" name="uses" publish:ismodellink="false" shape="poly" xmi:id="_KA3psAriEd2g7OahyJLk5A"/><publish:partInfo coords="839,1747,923,1798,918,1807,834,1756,839,1747" name="Association" publish:ismodellink="false" shape="poly" xmi:id="_W-sAcArhEd2g7OahyJLk5A"/><publish:partInfo coords="746,1763,678,1816,672,1809,740,1756,746,1763" name="Association" publish:ismodellink="false" shape="poly" xmi:id="_DhF_UArhEd2g7OahyJLk5A"/><publish:partInfo coords="2084,1521,2148,1521,2138,1531,2138,990,2148,1000,1271,1000,1261,990,1261,908,1271,918,953,918,943,908,943,883,953,883,953,908,953,908,1271,908,1271,908,1271,990,1271,990,2148,990,2148,990,2148,1531,2148,1531,2084,1531,2084,1521" name="creates TMD with" publish:ismodellink="false" shape="poly" xmi:id="_a3Y4wAoPEd2zPMxbRUN0OA"/><publish:partInfo coords="1757,819,1757,753,1767,753,1767,819,1757,819" name="modifies TC Profile with" publish:ismodellink="false" shape="poly" xmi:id="_-7hNIAn1Ed2zPMxbRUN0OA"/><publish:partInfo coords="2304,819,2304,753,2314,753,2314,819,2304,819" name="creates TC Profile with" publish:ismodellink="false" shape="poly" xmi:id="_1JXI0AnwEd2zPMxbRUN0OA"/><publish:partInfo coords="412,227,412,323,402,323,402,227,412,227" name="creates TL with" publish:ismodellink="false" shape="poly" xmi:id="_yRUWUAfPEd2i3JAX-OUexw"/><publish:partInfo coords="1229,1220,1229,1142,1239,1142,1239,1220,1229,1220" name="craetes TP Pool with" publish:ismodellink="false" shape="poly" xmi:id="_EwqEsAb6Ed2_ftADVU4G6w"/><publish:partInfo coords="326,1220,326,1174,336,1174,336,1220,326,1220" name="creates GTP with" publish:ismodellink="false" shape="poly" xmi:id="_8Ri2QAbsEd2_ftADVU4G6w"/><publish:partInfo coords="678,1220,678,1158,688,1158,688,1220,678,1220" name="creates FTP with" publish:ismodellink="false" shape="poly" xmi:id="_ubqd0AbnEd2_ftADVU4G6w"/><publish:partInfo coords="1044,96,1044,243,1034,253,696,253,706,243,706,267,696,267,696,243,696,243,1034,243,1034,243,1034,96,1044,96" name="creates Equipment with" publish:ismodellink="false" shape="poly" xmi:id="_T-024AYcEd2HgpQ3_l2TFw"/><publish:partInfo coords="1595,1220,1595,1160,1605,1160,1605,1220,1595,1220" name="uses" publish:ismodellink="false" shape="poly" xmi:id="_kbdBkAFfEd2tcMzU8qWcPQ"/><publish:partInfo name="TransmissionDescriptorAssociatedResource" publish:ismodellink="false" publish:partLowerX="934" publish:partLowerY="1756" publish:partUpperX="629" publish:partUpperY="1692" shape="rect" xmi:id="_1Z73YArgEd2g7OahyJLk5A"/><publish:partInfo name="TransmissionDescriptorModifyData" publish:ismodellink="false" publish:partLowerX="1455" publish:partLowerY="883" publish:partUpperX="1200" publish:partUpperY="819" shape="rect" xmi:id="_N0mSsAohEd2zPMxbRUN0OA"/><publish:partInfo name="TransmissionDescriptorSetData" publish:ismodellink="false" publish:partLowerX="1400" publish:partLowerY="781" publish:partUpperX="906" publish:partUpperY="664" shape="rect" xmi:id="_JpYr8AogEd2zPMxbRUN0OA"/><publish:partInfo name="TransmissionDescriptorCreateData" publish:ismodellink="false" publish:partLowerX="1104" publish:partLowerY="883" publish:partUpperX="851" publish:partUpperY="819" shape="rect" xmi:id="__Rxq4N1cEdyrKNXnBMy96w"/><publish:partInfo name="TrafficConditioningProfileModifyData" publish:ismodellink="false" publish:partLowerX="2029" publish:partLowerY="753" publish:partUpperX="1502" publish:partUpperY="684" shape="rect" xmi:id="__IJwYAn0Ed2zPMxbRUN0OA"/><publish:partInfo name="TrafficConditioningProfileCreateData" publish:ismodellink="false" publish:partLowerX="2584" publish:partLowerY="753" publish:partUpperX="2057" publish:partUpperY="684" shape="rect" xmi:id="_-cXXwN1aEdyrKNXnBMy96w"/><publish:partInfo name="TopologicalLinkCreateData" publish:ismodellink="false" publish:partLowerX="430" publish:partLowerY="472" publish:partUpperX="25" publish:partUpperY="323" shape="rect" xmi:id="_lfaK8N1aEdyrKNXnBMy96w"/><publish:partInfo name="TerminationPointPoolCreateData" publish:ismodellink="false" publish:partLowerX="1528" publish:partLowerY="1142" publish:partUpperX="962" publish:partUpperY="1025" shape="rect" xmi:id="__AZHUN1ZEdyrKNXnBMy96w"/><publish:partInfo name="GroupTerminationPointCreateData" publish:ismodellink="false" publish:partLowerX="408" publish:partLowerY="1174" publish:partUpperX="9" publish:partUpperY="1025" shape="rect" xmi:id="_4a7xEAbsEd2_ftADVU4G6w"/><publish:partInfo name="FloatingTerminationPointCreateData" publish:ismodellink="false" publish:partLowerX="946" publish:partLowerY="1158" publish:partUpperX="430" publish:partUpperY="1025" shape="rect" xmi:id="_j1bK0N1ZEdyrKNXnBMy96w"/><publish:partInfo name="EquipmentCreateData" publish:ismodellink="false" publish:partLowerX="941" publish:partLowerY="416" publish:partUpperX="458" publish:partUpperY="267" shape="rect" xmi:id="_BU3soNywEdyY2qUBC6uXag"/><publish:partInfo name="TrafficConditioningProfileControlService" publish:ismodellink="false" publish:partLowerX="3106" publish:partLowerY="922" publish:partUpperX="1506" publish:partUpperY="819" shape="rect" xmi:id="_xt8UsNynEdyY2qUBC6uXag"/><publish:partInfo name="TopologicalLinkControlService" publish:ismodellink="false" publish:partLowerX="968" publish:partLowerY="227" publish:partUpperX="17" publish:partUpperY="140" shape="rect" xmi:id="_uapX8NynEdyY2qUBC6uXag"/><publish:partInfo name="SoftwareAndDataControlService" publish:ismodellink="false" publish:partLowerX="2148" publish:partLowerY="394" publish:partUpperX="1466" publish:partUpperY="275" shape="rect" xmi:id="_pCIbINynEdyY2qUBC6uXag"/><publish:partInfo name="TransmissionDescriptorControlService" publish:ismodellink="false" publish:partLowerX="2083" publish:partLowerY="1597" publish:partUpperX="13" publish:partUpperY="1478" shape="rect" xmi:id="_0XE6INynEdyY2qUBC6uXag"/><publish:partInfo name="GuiCutThroughControlService" publish:ismodellink="false" publish:partLowerX="2887" publish:partLowerY="236" publish:partUpperX="1117" publish:partUpperY="133" shape="rect" xmi:id="_mfamwNynEdyY2qUBC6uXag"/><publish:partInfo name="EquipmentProvisioningService" publish:ismodellink="false" publish:partLowerX="1276" publish:partLowerY="96" publish:partUpperX="291" publish:partUpperY="9" shape="rect" xmi:id="_hReiQNynEdyY2qUBC6uXag"/><publish:partInfo name="TerminationPointControlService" publish:ismodellink="false" publish:partLowerX="1648" publish:partLowerY="1418" publish:partUpperX="263" publish:partUpperY="1220" shape="rect" xmi:id="_fSjG4Lq6EdyA7v53CjAzng"/></contents><contents Type="Class" name="RP Common Resource Provisioning Service Interface Diagram" publish:icon="_dSElcPy8Edy9qu6lRYtp2g_icon.jpeg" publish:imageType="GIF" publish:qualifiedname="ResourceProvisioning::Class Diagrams::RP Common Resource Provisioning Service Interface Diagram" xmi:id="_dSElcPy8Edy9qu6lRYtp2g" xsi:type="notation:Diagram"><publish:properties><publish:property name="Measurement Unit" publish:category="View" publish:description="The Measurement Unit of the Diagram" publish:value="Himetric"/><publish:property name="Name" publish:category="View" publish:description="The Name of the Diagram" publish:value="RP Common Resource Provisioning Service Interface Diagram"/><publish:property name="Styles" publish:category="View" publish:description="The Styles of the View"/></publish:properties><publish:partInfo coords="1147,443,1147,371,1157,371,1157,443,1147,443" name="Dependency" publish:ismodellink="false" shape="poly" xmi:id="_g_61kPpeEdy3oJyJgWjfdA"/><publish:partInfo name="CommonResourceProvisioningService" publish:ismodellink="false" publish:partLowerX="1253" publish:partLowerY="547" publish:partUpperX="9" publish:partUpperY="444" shape="rect" xmi:id="_tlijoKlcEdy39Z05qVqfpQ"/></contents><contents Type="Class" name="RP Connection Control Service Interface Diagram" publish:icon="_UPrTsPzDEdy9qu6lRYtp2g_icon.jpeg" publish:imageType="GIF" publish:qualifiedname="ResourceProvisioning::Class Diagrams::RP Connection Control Service Interface Diagram" xmi:id="_UPrTsPzDEdy9qu6lRYtp2g" xsi:type="notation:Diagram"><publish:properties><publish:property name="Measurement Unit" publish:category="View" publish:description="The Measurement Unit of the Diagram" publish:value="Himetric"/><publish:property name="Name" publish:category="View" publish:description="The Name of the Diagram" publish:value="RP Connection Control Service Interface Diagram"/><publish:property name="Styles" publish:category="View" publish:description="The Styles of the View"/></publish:properties><publish:partInfo coords="127,303,127,994,117,984,224,984,224,994,117,994,117,994,117,303,127,303" name="creates SNC with" publish:ismodellink="false" shape="poly" xmi:id="_IuG4gPzEEdy9qu6lRYtp2g"/><publish:partInfo coords="1491,303,1491,957,1481,967,1213,967,1213,957,1481,957,1481,957,1481,303,1491,303" name="modifies SNC with" publish:ismodellink="false" shape="poly" xmi:id="_G4ieAPzEEdy9qu6lRYtp2g"/><publish:partInfo coords="2333,303,2333,373,2323,373,2323,303,2333,303" name="creates Route with" publish:ismodellink="false" shape="poly" xmi:id="_nIcoQPtJEdyRyo17Bs-IWQ"/><publish:partInfo coords="1769,303,1769,373,1759,373,1759,303,1769,303" name="modifies TPs with" publish:ismodellink="false" shape="poly" xmi:id="_cR6WEPXDEdyFSuWihON4JA"/><publish:partInfo name="SubnetworkConnectionSetData" publish:ismodellink="false" publish:partLowerX="1045" publish:partLowerY="885" publish:partUpperX="570" publish:partUpperY="497" shape="rect" xmi:id="_Igd2MLq6EdyA7v53CjAzng"/><publish:partInfo name="SubnetworkConnectionModifyData" publish:ismodellink="false" publish:partLowerX="1212" publish:partLowerY="1055" publish:partUpperX="828" publish:partUpperY="922" shape="rect" xmi:id="_Gtk8QLq6EdyA7v53CjAzng"/><publish:partInfo name="SubnetworkConnectionCreateData" publish:ismodellink="false" publish:partLowerX="789" publish:partLowerY="1055" publish:partUpperX="225" publish:partUpperY="922" shape="rect" xmi:id="_Mi6tELq8EdyA7v53CjAzng"/><publish:partInfo name="RouteCreateData" publish:ismodellink="false" publish:partLowerX="2536" publish:partLowerY="526" publish:partUpperX="2098" publish:partUpperY="374" shape="rect" xmi:id="_yc5TINysEdyY2qUBC6uXag"/><publish:partInfo name="ConnectionControlService" publish:ismodellink="false" publish:partLowerX="2750" publish:partLowerY="303" publish:partUpperX="9" publish:partUpperY="9" shape="rect" xmi:id="_eE4qcNynEdyY2qUBC6uXag"/></contents><contents Type="Class" name="RP Flow Domain Control Service Interface Diagram" publish:icon="_kYuNwAO8Ed2MqpipL0DPfA_icon.jpeg" publish:imageType="GIF" publish:qualifiedname="ResourceProvisioning::Class Diagrams::RP Flow Domain Control Service Interface Diagram" xmi:id="_kYuNwAO8Ed2MqpipL0DPfA" xsi:type="notation:Diagram"><publish:properties><publish:property name="Measurement Unit" publish:category="View" publish:description="The Measurement Unit of the Diagram" publish:value="Himetric"/><publish:property name="Name" publish:category="View" publish:description="The Name of the Diagram" publish:value="RP Flow Domain Control Service Interface Diagram"/><publish:property name="Styles" publish:category="View" publish:description="The Styles of the View"/></publish:properties><publish:partInfo coords="1699,302,1699,811,1689,811,1689,302,1699,302" name="modifies FD with" publish:ismodellink="false" shape="poly" xmi:id="_AK66gAVLEd2k6OkJh8ypgA"/><publish:partInfo coords="2355,302,2355,996,2345,1006,1711,1006,1711,996,2345,996,2345,996,2345,302,2355,302" name="modifies MFD with" publish:ismodellink="false" shape="poly" xmi:id="_-wnfsAVKEd2k6OkJh8ypgA"/><publish:partInfo coords="1266,302,1266,812,1256,812,1256,302,1266,302" name="modifies FDFr with" publish:ismodellink="false" shape="poly" xmi:id="_9clE8AVKEd2k6OkJh8ypgA"/><publish:partInfo coords="738,302,738,811,728,811,728,302,738,302" name="creates FDFr with" publish:ismodellink="false" shape="poly" xmi:id="_8AVwcAVKEd2k6OkJh8ypgA"/><publish:partInfo coords="47,302,47,1006,37,996,273,996,273,1006,37,1006,37,1006,37,302,47,302" name="creates MFD with" publish:ismodellink="false" shape="poly" xmi:id="_6bmnQAVKEd2k6OkJh8ypgA"/><publish:partInfo coords="290,302,290,811,280,811,280,302,290,302" name="creates FD with" publish:ismodellink="false" shape="poly" xmi:id="_4n08gAVKEd2k6OkJh8ypgA"/><publish:partInfo coords="1992,302,1992,386,1982,386,1982,302,1992,302" name="uses" publish:ismodellink="false" shape="poly" xmi:id="_rUOYcAVKEd2k6OkJh8ypgA"/><publish:partInfo name="MatrixFlowDomainModifydata" publish:ismodellink="false" publish:partLowerX="1710" publish:partLowerY="1035" publish:partUpperX="1231" publish:partUpperY="966" shape="rect" xmi:id="_SuiNgNy4EdyY2qUBC6uXag"/><publish:partInfo name="MatrixFlowDomainCreateData" publish:ismodellink="false" publish:partLowerX="752" publish:partLowerY="1049" publish:partUpperX="273" publish:partUpperY="964" shape="rect" xmi:id="_14lV4Ny3EdyY2qUBC6uXag"/><publish:partInfo name="FlowDomainModifyData" publish:ismodellink="false" publish:partLowerX="1960" publish:partLowerY="880" publish:partUpperX="1481" publish:partUpperY="811" shape="rect" xmi:id="_DmZwwNy4EdyY2qUBC6uXag"/><publish:partInfo name="FlowDomainCreateData" publish:ismodellink="false" publish:partLowerX="531" publish:partLowerY="896" publish:partUpperX="52" publish:partUpperY="811" shape="rect" xmi:id="_IOnuYN4_EdySY5hKwKv9GA"/><publish:partInfo name="FlowDomainFragmentSetData" publish:ismodellink="false" publish:partLowerX="1229" publish:partLowerY="737" publish:partUpperX="744" publish:partUpperY="601" shape="rect" xmi:id="_vtKrQN4REdyjuan7cJ_t3A"/><publish:partInfo name="FlowDomainFragmentModifyData" publish:ismodellink="false" publish:partLowerX="1458" publish:partLowerY="881" publish:partUpperX="1048" publish:partUpperY="812" shape="rect" xmi:id="_KX4roNy4EdyY2qUBC6uXag"/><publish:partInfo name="FlowDomainFragmentCreateData" publish:ismodellink="false" publish:partLowerX="994" publish:partLowerY="928" publish:partUpperX="560" publish:partUpperY="811" shape="rect" xmi:id="_ZNzMcNy3EdyY2qUBC6uXag"/><publish:partInfo name="FlowDomainControlService" publish:ismodellink="false" publish:partLowerX="2631" publish:partLowerY="301" publish:partUpperX="20" publish:partUpperY="9" shape="rect" xmi:id="_j8ZQYNynEdyY2qUBC6uXag"/></contents><contents Type="Class" name="RP Equipment Provisioning Service Interface Diagram" publish:icon="_AsYE4Ar1Ed2g7OahyJLk5A_icon.jpeg" publish:imageType="GIF" publish:qualifiedname="ResourceProvisioning::Class Diagrams::RP Equipment Provisioning Service Interface Diagram" xmi:id="_AsYE4Ar1Ed2g7OahyJLk5A" xsi:type="notation:Diagram"><publish:properties><publish:property name="Measurement Unit" publish:category="View" publish:description="The Measurement Unit of the Diagram" publish:value="Himetric"/><publish:property name="Name" publish:category="View" publish:description="The Name of the Diagram" publish:value="RP Equipment Provisioning Service Interface Diagram"/><publish:property name="Styles" publish:category="View" publish:description="The Styles of the View"/></publish:properties><publish:partInfo coords="499,608,499,545,509,545,509,608,499,608" name="creates Equipment with" publish:ismodellink="false" shape="poly" xmi:id="_T-024AYcEd2HgpQ3_l2TFw"/><publish:partInfo name="EquipmentCreateData" publish:ismodellink="false" publish:partLowerX="750" publish:partLowerY="546" publish:partUpperX="267" publish:partUpperY="397" shape="rect" xmi:id="_BU3soNywEdyY2qUBC6uXag"/><publish:partInfo name="EquipmentProvisioningService" publish:ismodellink="false" publish:partLowerX="1007" publish:partLowerY="694" publish:partUpperX="9" publish:partUpperY="609" shape="rect" xmi:id="_hReiQNynEdyY2qUBC6uXag"/></contents><contents Type="Class" name="RP Gui Cut Through Control Service Interface Diagram" publish:icon="_LWbXUAr2Ed2g7OahyJLk5A_icon.jpeg" publish:imageType="GIF" publish:qualifiedname="ResourceProvisioning::Class Diagrams::RP Gui Cut Through Control Service Interface Diagram" xmi:id="_LWbXUAr2Ed2g7OahyJLk5A" xsi:type="notation:Diagram"><publish:properties><publish:property name="Measurement Unit" publish:category="View" publish:description="The Measurement Unit of the Diagram" publish:value="Himetric"/><publish:property name="Name" publish:category="View" publish:description="The Name of the Diagram" publish:value="RP Gui Cut Through Control Service Interface Diagram"/><publish:property name="Styles" publish:category="View" publish:description="The Styles of the View"/></publish:properties><publish:partInfo coords="940,110,940,159,930,159,930,110,940,110" name="uses" publish:ismodellink="false" shape="poly" xmi:id="_WFErUAr2Ed2g7OahyJLk5A"/><publish:partInfo name="GuiCutThroughProfileInfo" publish:ismodellink="false" publish:partLowerX="1147" publish:partLowerY="277" publish:partUpperX="716" publish:partUpperY="160" shape="rect" xmi:id="_8zn_8Ny4EdyY2qUBC6uXag"/><publish:partInfo name="GuiCutThroughControlService" publish:ismodellink="false" publish:partLowerX="1853" publish:partLowerY="110" publish:partUpperX="9" publish:partUpperY="9" shape="rect" xmi:id="_mfamwNynEdyY2qUBC6uXag"/></contents><contents Type="Class" name="RP Termination Point Control Service Interface Diagram" publish:icon="_aFZ3wAr3Ed2g7OahyJLk5A_icon.jpeg" publish:imageType="GIF" publish:qualifiedname="ResourceProvisioning::Class Diagrams::RP Termination Point Control Service Interface Diagram" xmi:id="_aFZ3wAr3Ed2g7OahyJLk5A" xsi:type="notation:Diagram"><publish:properties><publish:property name="Measurement Unit" publish:category="View" publish:description="The Measurement Unit of the Diagram" publish:value="Himetric"/><publish:property name="Name" publish:category="View" publish:description="The Name of the Diagram" publish:value="RP Termination Point Control Service Interface Diagram"/><publish:property name="Styles" publish:category="View" publish:description="The Styles of the View"/></publish:properties><publish:partInfo coords="1229,659,1229,582,1239,582,1239,659,1229,659" name="craetes TP Pool with" publish:ismodellink="false" shape="poly" xmi:id="_EwqEsAb6Ed2_ftADVU4G6w"/><publish:partInfo coords="326,659,326,614,336,614,336,659,326,659" name="creates GTP with" publish:ismodellink="false" shape="poly" xmi:id="_8Ri2QAbsEd2_ftADVU4G6w"/><publish:partInfo coords="678,659,678,598,688,598,688,659,678,659" name="creates FTP with" publish:ismodellink="false" shape="poly" xmi:id="_ubqd0AbnEd2_ftADVU4G6w"/><publish:partInfo coords="1595,659,1595,600,1605,600,1605,659,1595,659" name="uses" publish:ismodellink="false" shape="poly" xmi:id="_kbdBkAFfEd2tcMzU8qWcPQ"/><publish:partInfo name="TerminationPointPoolCreateData" publish:ismodellink="false" publish:partLowerX="1528" publish:partLowerY="583" publish:partUpperX="962" publish:partUpperY="466" shape="rect" xmi:id="__AZHUN1ZEdyrKNXnBMy96w"/><publish:partInfo name="GroupTerminationPointCreateData" publish:ismodellink="false" publish:partLowerX="408" publish:partLowerY="615" publish:partUpperX="9" publish:partUpperY="466" shape="rect" xmi:id="_4a7xEAbsEd2_ftADVU4G6w"/><publish:partInfo name="FloatingTerminationPointCreateData" publish:ismodellink="false" publish:partLowerX="946" publish:partLowerY="599" publish:partUpperX="430" publish:partUpperY="466" shape="rect" xmi:id="_j1bK0N1ZEdyrKNXnBMy96w"/><publish:partInfo name="TerminationPointControlService" publish:ismodellink="false" publish:partLowerX="1648" publish:partLowerY="858" publish:partUpperX="263" publish:partUpperY="660" shape="rect" xmi:id="_fSjG4Lq6EdyA7v53CjAzng"/></contents><contents Type="Class" name="RP Topological Link Control Service Interface Diagram" publish:icon="_IXKe8Ar4Ed2g7OahyJLk5A_icon.jpeg" publish:imageType="GIF" publish:qualifiedname="ResourceProvisioning::Class Diagrams::RP Topological Link Control Service Interface Diagram" xmi:id="_IXKe8Ar4Ed2g7OahyJLk5A" xsi:type="notation:Diagram"><publish:properties><publish:property name="Measurement Unit" publish:category="View" publish:description="The Measurement Unit of the Diagram" publish:value="Himetric"/><publish:property name="Name" publish:category="View" publish:description="The Name of the Diagram" publish:value="RP Topological Link Control Service Interface Diagram"/><publish:property name="Styles" publish:category="View" publish:description="The Styles of the View"/></publish:properties><publish:partInfo coords="478,640,478,583,488,583,488,640,478,640" name="creates TL with" publish:ismodellink="false" shape="poly" xmi:id="_yRUWUAfPEd2i3JAX-OUexw"/><publish:partInfo name="TopologicalLinkCreateData" publish:ismodellink="false" publish:partLowerX="690" publish:partLowerY="584" publish:partUpperX="285" publish:partUpperY="435" shape="rect" xmi:id="_lfaK8N1aEdyrKNXnBMy96w"/><publish:partInfo name="TopologicalLinkControlService" publish:ismodellink="false" publish:partLowerX="966" publish:partLowerY="726" publish:partUpperX="9" publish:partUpperY="641" shape="rect" xmi:id="_uapX8NynEdyY2qUBC6uXag"/></contents><contents Type="Class" name="RP Traffic Conditioning Profile Control Service Interface Diagram" publish:icon="_2TKRgAr4Ed2g7OahyJLk5A_icon.jpeg" publish:imageType="GIF" publish:qualifiedname="ResourceProvisioning::Class Diagrams::RP Traffic Conditioning Profile Control Service Interface Diagram" xmi:id="_2TKRgAr4Ed2g7OahyJLk5A" xsi:type="notation:Diagram"><publish:properties><publish:property name="Measurement Unit" publish:category="View" publish:description="The Measurement Unit of the Diagram" publish:value="Himetric"/><publish:property name="Name" publish:category="View" publish:description="The Name of the Diagram" publish:value="RP Traffic Conditioning Profile Control Service Interface Diagram"/><publish:property name="Styles" publish:category="View" publish:description="The Styles of the View"/></publish:properties><publish:partInfo coords="828,658,828,711,818,711,818,658,828,658" name="uses" publish:ismodellink="false" shape="poly" xmi:id="_iAaUkAr5Ed2g7OahyJLk5A"/><publish:partInfo coords="899,557,899,503,909,503,909,557,899,557" name="modifies TC Profile with" publish:ismodellink="false" shape="poly" xmi:id="_-7hNIAn1Ed2zPMxbRUN0OA"/><publish:partInfo coords="721,557,721,503,731,503,731,557,721,557" name="creates TC Profile with" publish:ismodellink="false" shape="poly" xmi:id="_1JXI0AnwEd2zPMxbRUN0OA"/><publish:partInfo name="TrafficConditioningProfileModifyData" publish:ismodellink="false" publish:partLowerX="1350" publish:partLowerY="503" publish:partUpperX="823" publish:partUpperY="434" shape="rect" xmi:id="__IJwYAn0Ed2zPMxbRUN0OA"/><publish:partInfo name="TrafficConditioningProfileCreateData" publish:ismodellink="false" publish:partLowerX="806" publish:partLowerY="503" publish:partUpperX="279" publish:partUpperY="434" shape="rect" xmi:id="_-cXXwN1aEdyrKNXnBMy96w"/><publish:partInfo name="TrafficConditioningProfileControlService" publish:ismodellink="false" publish:partLowerX="1640" publish:partLowerY="658" publish:partUpperX="9" publish:partUpperY="557" shape="rect" xmi:id="_xt8UsNynEdyY2qUBC6uXag"/></contents><contents Type="Class" name="RP Transmission Descriptor Control Service Interface Diagram" publish:icon="_229FoAr5Ed2g7OahyJLk5A_icon.jpeg" publish:imageType="GIF" publish:qualifiedname="ResourceProvisioning::Class Diagrams::RP Transmission Descriptor Control Service Interface Diagram" xmi:id="_229FoAr5Ed2g7OahyJLk5A" xsi:type="notation:Diagram"><publish:properties><publish:property name="Measurement Unit" publish:category="View" publish:description="The Measurement Unit of the Diagram" publish:value="Himetric"/><publish:property name="Name" publish:category="View" publish:description="The Name of the Diagram" publish:value="RP Transmission Descriptor Control Service Interface Diagram"/><publish:property name="Styles" publish:category="View" publish:description="The Styles of the View"/></publish:properties><publish:partInfo coords="580,852,580,953,570,953,570,852,580,852" name="uses" publish:ismodellink="false" shape="poly" xmi:id="_KA3psAriEd2g7OahyJLk5A"/><publish:partInfo coords="536,1025,468,1078,461,1070,529,1017,536,1025" name="Association" publish:ismodellink="false" shape="poly" xmi:id="_DhF_UArhEd2g7OahyJLk5A"/><publish:partInfo coords="629,1009,713,1060,707,1068,623,1017,629,1009" name="Association" publish:ismodellink="false" shape="poly" xmi:id="_W-sAcArhEd2g7OahyJLk5A"/><publish:partInfo coords="1569,852,1569,938,1559,938,1559,852,1569,852" name="uses" publish:ismodellink="false" shape="poly" xmi:id="_hg__QAr6Ed2g7OahyJLk5A"/><publish:partInfo coords="1248,735,1248,663,1258,663,1258,735,1248,735" name="modifies TMD with" publish:ismodellink="false" shape="poly" xmi:id="_Uu6z4Ar6Ed2g7OahyJLk5A"/><publish:partInfo coords="846,735,846,664,856,664,856,735,846,735" name="creates TMD with" publish:ismodellink="false" shape="poly" xmi:id="_a3Y4wAoPEd2zPMxbRUN0OA"/><publish:partInfo name="TransmissionDescriptorAssociatedResource" publish:ismodellink="false" publish:partLowerX="723" publish:partLowerY="1018" publish:partUpperX="418" publish:partUpperY="954" shape="rect" xmi:id="_1Z73YArgEd2g7OahyJLk5A"/><publish:partInfo name="TransmissionDescriptorModifyData" publish:ismodellink="false" publish:partLowerX="1390" publish:partLowerY="664" publish:partUpperX="1135" publish:partUpperY="600" shape="rect" xmi:id="_N0mSsAohEd2zPMxbRUN0OA"/><publish:partInfo name="TransmissionDescriptorCreateData" publish:ismodellink="false" publish:partLowerX="981" publish:partLowerY="664" publish:partUpperX="728" publish:partUpperY="600" shape="rect" xmi:id="__Rxq4N1cEdyrKNXnBMy96w"/><publish:partInfo name="TransmissionDescriptorSetData" publish:ismodellink="false" publish:partLowerX="1308" publish:partLowerY="551" publish:partUpperX="814" publish:partUpperY="434" shape="rect" xmi:id="_JpYr8AogEd2zPMxbRUN0OA"/><publish:partInfo name="TransmissionDescriptorControlService" publish:ismodellink="false" publish:partLowerX="2112" publish:partLowerY="853" publish:partUpperX="9" publish:partUpperY="736" shape="rect" xmi:id="_0XE6INynEdyY2qUBC6uXag"/></contents><contents Type="Class" name="Copy_1_RP Connection Control Service Interface Diagram" publish:icon="_mEaIMBHNEd20eKELI8CYPA_icon.jpeg" publish:imageType="GIF" publish:qualifiedname="ResourceProvisioning::Class Diagrams::Copy_1_RP Connection Control Service Interface Diagram" xmi:id="_mEaIMBHNEd20eKELI8CYPA" xsi:type="notation:Diagram"><publish:properties><publish:property name="Measurement Unit" publish:category="View" publish:description="The Measurement Unit of the Diagram" publish:value="Himetric"/><publish:property name="Name" publish:category="View" publish:description="The Name of the Diagram" publish:value="Copy_1_RP Connection Control Service Interface Diagram"/><publish:property name="Styles" publish:category="View" publish:description="The Styles of the View"/></publish:properties><publish:partInfo name="SubnetworkConnectionSetData" publish:ismodellink="false" publish:partLowerX="888" publish:partLowerY="576" publish:partUpperX="413" publish:partUpperY="188" shape="rect" xmi:id="_Igd2MLq6EdyA7v53CjAzng"/><publish:partInfo name="SubnetworkConnectionModifyData" publish:ismodellink="false" publish:partLowerX="1055" publish:partLowerY="758" publish:partUpperX="671" publish:partUpperY="625" shape="rect" xmi:id="_Gtk8QLq6EdyA7v53CjAzng"/><publish:partInfo name="SubnetworkConnectionCreateData" publish:ismodellink="false" publish:partLowerX="635" publish:partLowerY="758" publish:partUpperX="71" publish:partUpperY="625" shape="rect" xmi:id="_Mi6tELq8EdyA7v53CjAzng"/></contents></packagedElement>