<?xml version="1.0" encoding="UTF-8"?><packagedElement xmlns:publish="http://www.ibm.com/Rational/XTools/Publish" xmlns:xmi="http://www.omg.org/XMI" xmlns:com.ibm.xtools.notation="http:///com/ibm/xtools/notation.ecore" xmlns:uml="http://www.eclipse.org/uml2/1.0.0/UML" xmlns:xsi="http://www.w3.org/2001/XMLSchema-instance" name="Class Diagrams" publish:diagramFormat="GIF" publish:icon="_gGpuEO2KEduD1d0J9j2p4g_icon.jpeg" publish:modelname="Framework" publish:qualifiedname="Framework::Class Diagrams" publish:toplevelguid="_vtw3wO2IEduD1d0J9j2p4g" xmi:id="_gGpuEO2KEduD1d0J9j2p4g" xmi:version="2.0" xsi:type="uml:Package"><publish:properties><publish:property name="Alias" publish:category="UML" publish:description="Alias property of the UML element"/><publish:property name="Keywords" publish:category="UML" publish:description="Keywords property of the UML element"/><publish:property name="Name" publish:category="UML" publish:description="The Name of the Named Element" publish:value="Class Diagrams"/><publish:property name="Name Expression" publish:category="UML" publish:description="The Name Expression of the Named Element"/><publish:property name="Namespace" publish:category="UML" publish:description="The Namespace of the Named Element" publish:value="&lt;Model&gt; Framework"/><publish:property name="Nesting Package" publish:category="UML" publish:description="The Nesting Package of the Package" publish:value="&lt;Model&gt; Framework"/><publish:property name="Owned Template Signature" publish:category="UML" publish:description="The Owned Template Signature of the Templateable Element"/><publish:property name="Owner" publish:category="UML" publish:description="The Owner of the Element" publish:value="&lt;Model&gt; Framework"/><publish:property name="Owning Template Parameter" publish:category="UML" publish:description="The Owning Template Parameter of the Parameterable Element"/><publish:property name="Qualified Name" publish:category="UML" publish:description="The Qualified Name of the Named Element" publish:value="Framework::Class Diagrams"/><publish:property name="Stereotype" publish:category="UML"/><publish:property name="Template Parameter" publish:category="UML" publish:description="The Template Parameter of the Parameterable Element"/><publish:property name="Visibility" publish:category="UML" publish:description="The Visibility of the Named Element" publish:value="Public"/></publish:properties><contents Type="Class" name="FMW Common Object Class Diagram" publish:icon="__2wfIO2JEduD1d0J9j2p4g_icon.jpeg" publish:imageType="GIF" publish:qualifiedname="Framework::Class Diagrams::FMW Common Object Class Diagram" xmi:id="__2wfIO2JEduD1d0J9j2p4g" xsi:type="notation:Diagram"><publish:properties><publish:property name="Measurement Unit" publish:category="View" publish:description="The Measurement Unit of the Diagram" publish:value="Himetric"/><publish:property name="Name" publish:category="View" publish:description="The Name of the Diagram" publish:value="FMW Common Object Class Diagram"/><publish:property name="Styles" publish:category="View" publish:description="The Styles of the View"/></publish:properties><publish:partInfo name="CommonObjectInfo" publish:ismodellink="false" publish:partLowerX="467" publish:partLowerY="192" publish:partUpperX="9" publish:partUpperY="9" shape="rect" xmi:id="_o9aZcA6yEdyd7PUNb-IYCQ"/><publish:partInfo name="ManagementDomain" publish:ismodellink="false" publish:partLowerX="338" publish:partLowerY="299" publish:partUpperX="125" publish:partUpperY="233" shape="rect" xmi:id="_3BAfcPx8EduuuoHTWmKVyQ"/></contents><contents Type="Class" name="FMW Notifications Diagram" publish:icon="_cnCQIPx-EduuuoHTWmKVyQ_icon.jpeg" publish:imageType="GIF" publish:qualifiedname="Framework::Class Diagrams::FMW Notifications Diagram" xmi:id="_cnCQIPx-EduuuoHTWmKVyQ" xsi:type="notation:Diagram"><publish:properties><publish:property name="Measurement Unit" publish:category="View" publish:description="The Measurement Unit of the Diagram" publish:value="Himetric"/><publish:property name="Name" publish:category="View" publish:description="The Name of the Diagram" publish:value="FMW Notifications Diagram"/><publish:property name="Styles" publish:category="View" publish:description="The Styles of the View"/></publish:properties><publish:partInfo coords="740,695,740,546,750,546,750,695,740,695" name="Dependency" publish:ismodellink="false" shape="poly" xmi:id="_LpfxEJmnEdyyzpZ_RxHd0w"/><publish:partInfo coords="951,741,1206,741,1196,751,1196,509,1206,519,1078,519,1078,509,1206,509,1206,509,1206,751,1206,751,951,751,951,741" name="Dependency" publish:ismodellink="false" shape="poly" xmi:id="_K6IJoJmnEdyyzpZ_RxHd0w"/><publish:partInfo coords="846,687,914,643,919,651,851,695,846,687" name="Dependency" publish:ismodellink="false" shape="poly" xmi:id="_KX8CkJmnEdyyzpZ_RxHd0w"/><publish:partInfo coords="565,757,302,757,292,747,292,439,302,439,302,747,302,747,565,747,565,757" name="Dependency" publish:ismodellink="false" shape="poly" xmi:id="_GY1vwJmnEdyyzpZ_RxHd0w"/><publish:partInfo coords="655,704,583,660,588,651,660,695,655,704" name="Dependency" publish:ismodellink="false" shape="poly" xmi:id="_E2qLUJmnEdyyzpZ_RxHd0w"/><publish:partInfo name="MultiEventNotifications" publish:ismodellink="false" publish:partLowerX="950" publish:partLowerY="815" publish:partUpperX="565" publish:partUpperY="696" shape="rect" xmi:id="_CyL5kPygEduuuoHTWmKVyQ"/><publish:partInfo name="LogStateChangeNotification" publish:ismodellink="false" publish:partLowerX="1625" publish:partLowerY="417" publish:partUpperX="1303" publish:partUpperY="319" shape="rect" xmi:id="_I5_pgPyZEduuuoHTWmKVyQ"/><publish:partInfo name="LogProcessingErrorAlarmNotification" publish:ismodellink="false" publish:partLowerX="1445" publish:partLowerY="284" publish:partUpperX="1172" publish:partUpperY="197" shape="rect" xmi:id="_I6FwIPyZEduuuoHTWmKVyQ"/><publish:partInfo name="LogCapacityThresholdAlarmNotification" publish:ismodellink="false" publish:partLowerX="1286" publish:partLowerY="422" publish:partUpperX="931" publish:partUpperY="319" shape="rect" xmi:id="_I5_pifyZEduuuoHTWmKVyQ"/><publish:partInfo name="LogAttributeValueChangeNotification" publish:ismodellink="false" publish:partLowerX="1131" publish:partLowerY="301" publish:partUpperX="843" publish:partUpperY="198" shape="rect" xmi:id="_I55i4PyZEduuuoHTWmKVyQ"/><publish:partInfo name="HeartbeatNotification" publish:ismodellink="false" publish:partLowerX="630" publish:partLowerY="548" publish:partUpperX="456" publish:partUpperY="482" shape="rect" xmi:id="_BOh20PySEduuuoHTWmKVyQ"/><publish:partInfo name="FileTransferStatusNotification" publish:ismodellink="false" publish:partLowerX="625" publish:partLowerY="315" publish:partUpperX="283" publish:partUpperY="196" shape="rect" xmi:id="_1GRWcPyPEduuuoHTWmKVyQ"/><publish:partInfo name="ObjectDiscoveryNotification" publish:ismodellink="false" publish:partLowerX="527" publish:partLowerY="440" publish:partUpperX="186" publish:partUpperY="337" shape="rect" xmi:id="_J8mGEPyFEduuuoHTWmKVyQ"/><publish:partInfo name="StateChangeNotification" publish:ismodellink="false" publish:partLowerX="718" publish:partLowerY="652" publish:partUpperX="343" publish:partUpperY="581" shape="rect" xmi:id="_4ueNMPyEEduuuoHTWmKVyQ"/><publish:partInfo name="AttributeValueChangeNotification" publish:ismodellink="false" publish:partLowerX="1160" publish:partLowerY="652" publish:partUpperX="785" publish:partUpperY="581" shape="rect" xmi:id="_q6wlsPyEEduuuoHTWmKVyQ"/><publish:partInfo name="ObjectCreationNotification" publish:ismodellink="false" publish:partLowerX="1079" publish:partLowerY="548" publish:partUpperX="887" publish:partUpperY="482" shape="rect" xmi:id="_jvAJoPyEEduuuoHTWmKVyQ"/><publish:partInfo name="ObjectDeletionNotification" publish:ismodellink="false" publish:partLowerX="848" publish:partLowerY="547" publish:partUpperX="659" publish:partUpperY="481" shape="rect" xmi:id="_yDFIsPyDEduuuoHTWmKVyQ"/><publish:partInfo name="EventInformation" publish:ismodellink="false" publish:partLowerX="904" publish:partLowerY="426" publish:partUpperX="604" publish:partUpperY="323" shape="rect" xmi:id="_zfXP8PpTEduVsYI7mfNDXQ"/><publish:partInfo name="CommonEventInformation" publish:ismodellink="false" publish:partLowerX="946" publish:partLowerY="180" publish:partUpperX="561" publish:partUpperY="77" shape="rect" xmi:id="_76bRYPpLEduVsYI7mfNDXQ"/></contents><contents Type="Class" name="FMW Data Types Class Diagram" publish:icon="_upNBACPOEdypgfGA_0P3-g_icon.jpeg" publish:imageType="GIF" publish:qualifiedname="Framework::Class Diagrams::FMW Data Types Class Diagram" xmi:id="_upNBACPOEdypgfGA_0P3-g" xsi:type="notation:Diagram"><publish:properties><publish:property name="Measurement Unit" publish:category="View" publish:description="The Measurement Unit of the Diagram" publish:value="Himetric"/><publish:property name="Name" publish:category="View" publish:description="The Name of the Diagram" publish:value="FMW Data Types Class Diagram"/><publish:property name="Styles" publish:category="View" publish:description="The Styles of the View"/></publish:properties><publish:partInfo name="ResourceFulfillmentState" publish:ismodellink="false" publish:partLowerX="1034" publish:partLowerY="238" publish:partUpperX="783" publish:partUpperY="133" shape="rect" xmi:id="_4Y8NoPx6EduuuoHTWmKVyQ"/><publish:partInfo name="PerceivedSeverity" publish:ismodellink="false" publish:partLowerX="155" publish:partLowerY="369" publish:partUpperX="9" publish:partUpperY="232" shape="rect" xmi:id="_CbVSEPybEduuuoHTWmKVyQ"/><publish:partInfo name="OperationStatus" publish:ismodellink="false" publish:partLowerX="144" publish:partLowerY="210" publish:partUpperX="9" publish:partUpperY="105" shape="rect" xmi:id="_uy1awPyVEduuuoHTWmKVyQ"/><publish:partInfo name="ObjectType??" publish:ismodellink="false" publish:partLowerX="438" publish:partLowerY="581" publish:partUpperX="200" publish:partUpperY="109" shape="rect" xmi:id="_o8h4cPpVEduVsYI7mfNDXQ"/><publish:partInfo name="ObjectName" publish:ismodellink="false" publish:partLowerX="122" publish:partLowerY="446" publish:partUpperX="9" publish:partUpperY="394" shape="rect" xmi:id="_Pt7dcPoSEduSgtmTzBJnVw"/><publish:partInfo name="ItuTTime" publish:ismodellink="false" publish:partLowerX="1041" publish:partLowerY="61" publish:partUpperX="950" publish:partUpperY="9" shape="rect" xmi:id="_2KarIPx7EduuuoHTWmKVyQ"/><publish:partInfo name="FileTransferStatus" publish:ismodellink="false" publish:partLowerX="931" publish:partLowerY="98" publish:partUpperX="783" publish:partUpperY="9" shape="rect" xmi:id="_lysCMPyQEduuuoHTWmKVyQ"/><publish:partInfo name="EventType??" publish:ismodellink="false" publish:partLowerX="768" publish:partLowerY="337" publish:partUpperX="521" publish:partUpperY="9" shape="rect" xmi:id="_3QQ9cPpNEduVsYI7mfNDXQ"/><publish:partInfo name="BackupStatus" publish:ismodellink="false" publish:partLowerX="1022" publish:partLowerY="574" publish:partUpperX="469" publish:partUpperY="501" shape="rect" xmi:id="_hJtSoPyVEduuuoHTWmKVyQ"/><publish:partInfo name="AttributeValuePair" publish:ismodellink="false" publish:partLowerX="323" publish:partLowerY="82" publish:partUpperX="9" publish:partUpperY="9" shape="rect" xmi:id="_8_P-sPo7EduVsYI7mfNDXQ"/></contents><contents Type="Class" name="FMW Common Object Provisioning Class Diagram" publish:icon="_iGOcACSnEdyqcomT-DTtQQ_icon.jpeg" publish:imageType="GIF" publish:qualifiedname="Framework::Class Diagrams::FMW Common Object Provisioning Class Diagram" xmi:id="_iGOcACSnEdyqcomT-DTtQQ" xsi:type="notation:Diagram"><publish:properties><publish:property name="Measurement Unit" publish:category="View" publish:description="The Measurement Unit of the Diagram" publish:value="Himetric"/><publish:property name="Name" publish:category="View" publish:description="The Name of the Diagram" publish:value="FMW Common Object Provisioning Class Diagram"/><publish:property name="Styles" publish:category="View" publish:description="The Styles of the View"/></publish:properties><publish:partInfo name="CommonObjectModifyData" publish:ismodellink="false" publish:partLowerX="397" publish:partLowerY="607" publish:partUpperX="199" publish:partUpperY="541" shape="rect" xmi:id="_QXAswbqbEdyA7v53CjAzng"/><publish:partInfo name="CommonObjectCreateData" publish:ismodellink="false" publish:partLowerX="695" publish:partLowerY="612" publish:partUpperX="426" publish:partUpperY="541" shape="rect" xmi:id="_fJJBQKf4EdyBvu4QgH3iCw"/><publish:partInfo name="Common" publish:ismodellink="false" publish:partLowerX="695" publish:partLowerY="96" publish:partUpperX="133" publish:partUpperY="9" shape="rect" xmi:id="_ccpu0JjvEdyuNMSCXkXoCg"/><publish:partInfo name="CommonObjectSetData" publish:ismodellink="false" publish:partLowerX="639" publish:partLowerY="483" publish:partUpperX="181" publish:partUpperY="332" shape="rect" xmi:id="_MPswEP_FEduKKLvC_EB00A"/><publish:partInfo name="CommonObjectProvisioning" publish:ismodellink="false" publish:partLowerX="825" publish:partLowerY="267" publish:partUpperX="9" publish:partUpperY="148" shape="rect" xmi:id="_8KmqACVOEdyiv86aejkLcA"/></contents><contents Type="Class" name="Operation Exceptions Class Diagram" publish:icon="_ikI6QCVbEdyiv86aejkLcA_icon.jpeg" publish:imageType="GIF" publish:qualifiedname="Framework::Class Diagrams::Operation Exceptions Class Diagram" xmi:id="_ikI6QCVbEdyiv86aejkLcA" xsi:type="notation:Diagram"><publish:properties><publish:property name="Measurement Unit" publish:category="View" publish:description="The Measurement Unit of the Diagram" publish:value="Himetric"/><publish:property name="Name" publish:category="View" publish:description="The Name of the Diagram" publish:value="Operation Exceptions Class Diagram"/><publish:property name="Styles" publish:category="View" publish:description="The Styles of the View"/></publish:properties><publish:partInfo name="COMM_LOSS" publish:ismodellink="false" publish:partLowerX="1009" publish:partLowerY="80" publish:partUpperX="692" publish:partUpperY="9" shape="rect" xmi:id="_KvzCEJEZEdypurMa9DXJyw"/><publish:partInfo name="TP_INVALID_ENDPOINT" publish:ismodellink="false" publish:partLowerX="326" publish:partLowerY="442" publish:partUpperX="9" publish:partUpperY="371" shape="rect" xmi:id="_sZQBYCVfEdyiv86aejkLcA"/><publish:partInfo name="TIMESLOT_IN_USE" publish:ismodellink="false" publish:partLowerX="1009" publish:partLowerY="354" publish:partUpperX="692" publish:partUpperY="283" shape="rect" xmi:id="_jbWSQCVfEdyiv86aejkLcA"/><publish:partInfo name="NOT_IN_VALID_STATE" publish:ismodellink="false" publish:partLowerX="1009" publish:partLowerY="263" publish:partUpperX="692" publish:partUpperY="192" shape="rect" xmi:id="_VvFWkCVfEdyiv86aejkLcA"/><publish:partInfo name="ACCESS_DENIED" publish:ismodellink="false" publish:partLowerX="326" publish:partLowerY="80" publish:partUpperX="9" publish:partUpperY="9" shape="rect" xmi:id="_MGUFgCVfEdyiv86aejkLcA"/><publish:partInfo name="NE_COMM_LOSS" publish:ismodellink="false" publish:partLowerX="326" publish:partLowerY="263" publish:partUpperX="9" publish:partUpperY="192" shape="rect" xmi:id="_6VdIcCVdEdyiv86aejkLcA"/><publish:partInfo name="UNABLE_TO_COMPLY" publish:ismodellink="false" publish:partLowerX="668" publish:partLowerY="442" publish:partUpperX="351" publish:partUpperY="371" shape="rect" xmi:id="_rYlggCVdEdyiv86aejkLcA"/><publish:partInfo name="PROTECTION_EFFORT_NOT_MET" publish:ismodellink="false" publish:partLowerX="668" publish:partLowerY="354" publish:partUpperX="351" publish:partUpperY="283" shape="rect" xmi:id="_YfesgCVdEdyiv86aejkLcA"/><publish:partInfo name="CAPACITY_EXCEEDED" publish:ismodellink="false" publish:partLowerX="668" publish:partLowerY="80" publish:partUpperX="351" publish:partUpperY="9" shape="rect" xmi:id="_ExQ1cCVdEdyiv86aejkLcA"/><publish:partInfo name="OBJECT_IN_USE" publish:ismodellink="false" publish:partLowerX="326" publish:partLowerY="354" publish:partUpperX="9" publish:partUpperY="283" shape="rect" xmi:id="_412MUCVcEdyiv86aejkLcA"/><publish:partInfo name="UNSUPPORTED_ROUTING_CONSTRAINTS" publish:ismodellink="false" publish:partLowerX="1009" publish:partLowerY="442" publish:partUpperX="692" publish:partUpperY="371" shape="rect" xmi:id="_rqaFwCVcEdyiv86aejkLcA"/><publish:partInfo name="USERLABEL_IN_USE" publish:ismodellink="false" publish:partLowerX="668" publish:partLowerY="533" publish:partUpperX="351" publish:partUpperY="462" shape="rect" xmi:id="_gSxfICVcEdyiv86aejkLcA"/><publish:partInfo name="ENTITY_NOT_FOUND" publish:ismodellink="false" publish:partLowerX="326" publish:partLowerY="172" publish:partUpperX="9" publish:partUpperY="101" shape="rect" xmi:id="_TAYcACVcEdyiv86aejkLcA"/><publish:partInfo name="INVALID_INPUT" publish:ismodellink="false" publish:partLowerX="1009" publish:partLowerY="172" publish:partUpperX="692" publish:partUpperY="101" shape="rect" xmi:id="_uArPACVbEdyiv86aejkLcA"/><publish:partInfo name="NOT_IMPLEMENTED" publish:ismodellink="false" publish:partLowerX="668" publish:partLowerY="263" publish:partUpperX="351" publish:partUpperY="192" shape="rect" xmi:id="_c9oFECVYEdyiv86aejkLcA"/><publish:partInfo name="INTERNAL_ERROR" publish:ismodellink="false" publish:partLowerX="668" publish:partLowerY="172" publish:partUpperX="351" publish:partUpperY="101" shape="rect" xmi:id="_RoIsICVbEdyiv86aejkLcA"/></contents></packagedElement>