<?xml version="1.0" encoding="UTF-8"?><uml:Model xmlns:uml="http://www.eclipse.org/uml2/1.0.0/UML" name="ResourceProvisioning" xmlns:publish="http://www.ibm.com/Rational/XTools/Publish" publish:diagramFormat="PNG" publish:icon="-1274735677_icon.png" publish:modelname="ResourceProvisioning" publish:profiles="Standard, Default, Deployment, mTOP UML Profile" publish:qualifiedname="ResourceProvisioning" publish:sortOrder="storage" publish:toplevelguid="_E.jU.hMP.pJE.d.uV.sYI7.m.fNDXQ" xmlns:xmi="http://www.omg.org/XMI" xmi:id="_E.jU.hMP.pJE.d.uV.sYI7.m.fNDXQ" xmi:version="2.0" xmlns:com.ibm.xtools.notation="http:///com/ibm/xtools/notation.ecore" xmlns:xsi="http://www.w3.org/2001/XMLSchema-instance" xsi:type="uml:Model"><publish:properties><publish:property canonicalName="Alias" name="Alias" publish:category="UML"/><publish:property canonicalName="Keywords" name="Keywords" publish:category="UML"/><publish:property canonicalName="name" name="Name" publish:category="UML" publish:value="ResourceProvisioning"/><publish:property canonicalName="nameExpression" name="Name Expression" publish:category="UML"/><publish:property canonicalName="namespace" name="Namespace" publish:category="UML"/><publish:property canonicalName="nestingPackage" name="Nesting Package" publish:category="UML"/><publish:property canonicalName="ownedTemplateSignature" name="Owned Template Signature" publish:category="UML"/><publish:property canonicalName="owner" name="Owner" publish:category="UML"/><publish:property canonicalName="owningTemplateParameter" name="Owning Template Parameter" publish:category="UML"/><publish:property canonicalName="qualifiedName" name="Qualified Name" publish:category="UML" publish:value="ResourceProvisioning"/><publish:property canonicalName="Stereotype" name="Stereotype" publish:category="UML"/><publish:property canonicalName="templateParameter" name="Template Parameter" publish:category="UML"/><publish:property canonicalName="viewpoint" name="Viewpoint" publish:category="UML"/><publish:property canonicalName="visibility" name="Visibility" publish:category="UML" publish:value="Public"/></publish:properties><appliedProfiles><profile name="Standard" visibility="public"/><profile name="Default" visibility="public"/><profile name="Deployment" visibility="public"/><profile name="mTOP UML Profile" visibility="public"/></appliedProfiles><ownedComment annotatedElement="_E.jU.hMP.pJE.d.uV.sYI7.m.fNDXQ" body="Changes done between Release 2.1 and 3.0:&#13;&#10;&#13;&#10;- Call Control Service Interface Diagram added&#13;&#10;- Interfaces::CallControlService added&#13;&#10;- Interfaces::CallControlService::addConnections added&#13;&#10;? Interfaces::CallControlService::addRoute?? added&#13;&#10;- Interfaces::CallControlService::establishCall added&#13;&#10;- Interfaces::CallControlService::modifyCall added&#13;&#10;- Interfaces::CallControlService::modifyDiversityAndCorouting added&#13;&#10;- Interfaces::CallControlService::releaseCall added&#13;&#10;- Interfaces::CallControlService::removeConnections added&#13;&#10;? Interfaces::CallControlService::removeRoute?? added&#13;&#10;? Interfaces::CallControlService::setIntendedRoute?? added&#13;&#10;? Interfaces::CallControlService::setRoutesAdminState?? added&#13;&#10;? Interfaces::CallControlService::switchRoute?? added&#13;&#10;&#13;&#10;- Multi Layer SNPP Link Control Service Interface Diagram added&#13;&#10;- Interfaces::MultiLayerSNPPLinkControlService added&#13;&#10;- Interfaces::MultiLayerSNPPLinkControlService::assignSignallingController added&#13;&#10;- Interfaces::MultiLayerSNPPLinkControlService::deassignSignallingController added&#13;&#10;- Interfaces::MultiLayerSNPPLinkControlService::disableSignalling added&#13;&#10;- Interfaces::MultiLayerSNPPLinkControlService::enableSignalling added&#13;&#10;- Interfaces::MultiLayerSNPPLinkControlService::setSignallingProtocolAndParameters added&#13;&#10;- Interfaces::MultiLayerSNPPLinkControlService::modifySignallingProtocolParameters added&#13;&#10;- Interfaces::MultiLayerSNPPLinkControlService::setMlsnppLinkTnaName added&#13;&#10;&#13;&#10;- Multi Layer SNPP Control Service Interface Diagram added&#13;&#10;- Interfaces::MultiLayerSNPPControlService added&#13;&#10;- Interfaces::MultiLayerSNPPControlService::setMlsnppTnaName added&#13;&#10;&#13;&#10;- Interfaces::RemoteUnitControlService added&#13;&#10;- Interfaces::RemoteUnitControlService::createRemoteUnit added&#13;&#10;- Interfaces::RemoteUnitControlService::deleteRemoteUnit added&#13;&#10;- Interfaces::RemoteUnitControlService::modifyRemoteUnit added&#13;&#10;- Interfaces::CommonResourceProvisioningService::resetResource added&#13;&#10;&#13;&#10;- Type Definitions::CallCreateData added&#13;&#10;- Type Definitions::CallModifyData added&#13;&#10;- Type Definitions::ConnectionCreateData added&#13;&#10;- Type Definitions::RoutingInfo added&#13;&#10;- Type Definitions::SnpTnaData added&#13;&#10;- Type Definitions::SnpTnaPair added&#13;&#10;- Type Definitions::SnppTnaPair added&#13;&#10;- Type Definitions::Authentication added&#13;&#10;- Type Definitions::EquipmentHolderCreateData added&#13;&#10;- Type Definitions::EquipmentHolderModifyData added&#13;&#10;- Type Definitions::EquipmentHolderSetData added&#13;&#10;- Type Definitions::EquipmentModifyData added&#13;&#10;- Type Definitions::PhysicalTerminationPointCreateData added&#13;&#10;- Type Definitions::PhysicalTerminationPointModifyData added&#13;&#10;- Type Definitions::RemoteUnitCreateData added&#13;&#10;- Type Definitions::RemoteUnitModifyData added&#13;&#10;- Type Definitions::TerminationPointSetData added&#13;&#10;- Type Definitions::AuthenticationMode added" isDocumentation="true" isURL="false" name="&lt;Unnamed Comment&gt;" publish:icon="352661282_icon.png" publish:qualifiedname="ResourceProvisioning::&lt;Comment&gt;" xmi:id="_.pXU.n.cARTE.eC-.l6U8.aO.qMI.w" xsi:type="uml:Comment"><publish:properties><publish:property canonicalName="body" name="Body" publish:category="UML" publish:value="Changes done between Release 2.1 and 3.0:..."/><publish:property canonicalName="Keywords" name="Keywords" publish:category="UML"/><publish:property canonicalName="owner" name="Owner" publish:category="UML" publish:ismodellink="true" publish:value="ResourceProvisioning" xmi:id="_E.jU.hMP.pJE.d.uV.sYI7.m.fNDXQ"/><publish:property canonicalName="Stereotype" name="Stereotype" publish:category="UML" publish:value="documentation"/></publish:properties></ownedComment><packageImport name="&lt;Unnamed PackageImport&gt;" publish:icon="-1945822395_icon.png" publish:qualifiedname="ResourceProvisioning::&lt;PackageImport&gt;" xmi:id="_E.jU.hNP.pJE.d.uV.sYI7.m.fNDXQ" xsi:type="uml:PackageImport"><publish:properties><publish:property canonicalName="importedPackage" name="Imported Package" publish:category="UML" publish:value="«modelLibrary» UMLPrimitiveTypes"/><publish:property canonicalName="importingNamespace" name="Importing Namespace" publish:category="UML" publish:ismodellink="true" publish:value="ResourceProvisioning" xmi:id="_E.jU.hMP.pJE.d.uV.sYI7.m.fNDXQ"/><publish:property canonicalName="Keywords" name="Keywords" publish:category="UML"/><publish:property canonicalName="owner" name="Owner" publish:category="UML" publish:ismodellink="true" publish:value="ResourceProvisioning" xmi:id="_E.jU.hMP.pJE.d.uV.sYI7.m.fNDXQ"/><publish:property canonicalName="Stereotype" name="Stereotype" publish:category="UML"/><publish:property canonicalName="visibility" name="Visibility" publish:category="UML" publish:value="Public"/></publish:properties></packageImport><packageImport name="&lt;Unnamed PackageImport&gt;" publish:icon="-1945822395_icon.png" publish:qualifiedname="ResourceProvisioning::&lt;PackageImport&gt;" xmi:id="_R.kXD.cM.p.vE.d.yA6N.p.z6T0T-A" xsi:type="uml:PackageImport"><publish:properties><publish:property canonicalName="importedPackage" name="Imported Package" publish:category="UML" publish:value="NetworkResourceFulfillment"/><publish:property canonicalName="importingNamespace" name="Importing Namespace" publish:category="UML" publish:ismodellink="true" publish:value="ResourceProvisioning" xmi:id="_E.jU.hMP.pJE.d.uV.sYI7.m.fNDXQ"/><publish:property canonicalName="Keywords" name="Keywords" publish:category="UML"/><publish:property canonicalName="owner" name="Owner" publish:category="UML" publish:ismodellink="true" publish:value="ResourceProvisioning" xmi:id="_E.jU.hMP.pJE.d.uV.sYI7.m.fNDXQ"/><publish:property canonicalName="Stereotype" name="Stereotype" publish:category="UML"/><publish:property canonicalName="visibility" name="Visibility" publish:category="UML" publish:value="Public"/></publish:properties></packageImport><packageImport name="&lt;Unnamed PackageImport&gt;" publish:icon="-1945822395_icon.png" publish:qualifiedname="ResourceProvisioning::&lt;PackageImport&gt;" xmi:id="_P.d.p.zMHBPE.eKY.r.vY.g.uXIH.e.g" xsi:type="uml:PackageImport"><publish:properties><publish:property canonicalName="importedPackage" name="Imported Package" publish:category="UML" publish:value="ManageResourceInventory"/><publish:property canonicalName="importingNamespace" name="Importing Namespace" publish:category="UML" publish:ismodellink="true" publish:value="ResourceProvisioning" xmi:id="_E.jU.hMP.pJE.d.uV.sYI7.m.fNDXQ"/><publish:property canonicalName="Keywords" name="Keywords" publish:category="UML"/><publish:property canonicalName="owner" name="Owner" publish:category="UML" publish:ismodellink="true" publish:value="ResourceProvisioning" xmi:id="_E.jU.hMP.pJE.d.uV.sYI7.m.fNDXQ"/><publish:property canonicalName="Stereotype" name="Stereotype" publish:category="UML"/><publish:property canonicalName="visibility" name="Visibility" publish:category="UML" publish:value="Public"/></publish:properties></packageImport><packagedElement name="&lt;Unnamed Association&gt;" publish:icon="-100318193_icon.png" publish:qualifiedname="ResourceProvisioning::&lt;Association&gt;" xmi:id="_D.hF_UA.r.hE.d2.g7O.a.h.yJL.k5A" xsi:type="uml:Association"><publish:properties><publish:property canonicalName="Alias" name="Alias" publish:category="UML"/><publish:property canonicalName="isAbstract" name="Is Abstract" publish:category="UML" publish:value="false"/><publish:property canonicalName="isDerived" name="Is Derived" publish:category="UML" publish:value="false"/><publish:property canonicalName="isLeaf" name="Is Leaf" publish:category="UML" publish:value="false"/><publish:property canonicalName="Keywords" name="Keywords" publish:category="UML"/><publish:property canonicalName="Kind" name="Kind" publish:category="UML" publish:value="2 - composition"/><publish:property canonicalName="name" name="Name" publish:category="UML"/><publish:property canonicalName="nameExpression" name="Name Expression" publish:category="UML"/><publish:property canonicalName="namespace" name="Namespace" publish:category="UML" publish:ismodellink="true" publish:value="ResourceProvisioning" xmi:id="_E.jU.hMP.pJE.d.uV.sYI7.m.fNDXQ"/><publish:property canonicalName="ownedTemplateSignature" name="Owned Template Signature" publish:category="UML"/><publish:property canonicalName="owner" name="Owner" publish:category="UML" publish:ismodellink="true" publish:value="ResourceProvisioning" xmi:id="_E.jU.hMP.pJE.d.uV.sYI7.m.fNDXQ"/><publish:property canonicalName="owningTemplateParameter" name="Owning Template Parameter" publish:category="UML"/><publish:property canonicalName="package" name="Package" publish:category="UML" publish:ismodellink="true" publish:value="ResourceProvisioning" xmi:id="_E.jU.hMP.pJE.d.uV.sYI7.m.fNDXQ"/><publish:property canonicalName="qualifiedName" name="Qualified Name" publish:category="UML"/><publish:property canonicalName="representation" name="Representation" publish:category="UML"/><publish:property canonicalName="Stereotype" name="Stereotype" publish:category="UML"/><publish:property canonicalName="templateParameter" name="Template Parameter" publish:category="UML"/><publish:property canonicalName="visibility" name="Visibility" publish:category="UML" publish:value="Public"/></publish:properties><ownedEnd name="&lt;Unnamed Property&gt;" publish:icon="436543296_icon.png" publish:is_association="true" publish:qualifiedname="ResourceProvisioning::&lt;Association&gt;::&lt;Property&gt;" publish:type="TransmissionDescriptorAssociatedResource" publish:typeid="_1Z73YA.r.gE.d2.g7O.a.h.yJL.k5A" xmi:id="_D.hP.wU.w.r.hE.d2.g7O.a.h.yJL.k5A" xsi:type="uml:Property"><publish:properties><publish:property canonicalName="aggregation" name="Aggregation" publish:category="UML" publish:value="None"/><publish:property canonicalName="Alias" name="Alias" publish:category="UML"/><publish:property canonicalName="association" name="Association" publish:category="UML" publish:ismodellink="false" publish:value="(tp:TerminationPoint)" xmi:id="_D.hF_UA.r.hE.d2.g7O.a.h.yJL.k5A"/><publish:property canonicalName="associationEnd" name="Association End" publish:category="UML"/><publish:property canonicalName="class" name="Class" publish:category="UML"/><publish:property canonicalName="datatype" name="Datatype" publish:category="UML"/><publish:property canonicalName="default" name="Default" publish:category="UML"/><publish:property canonicalName="defaultValue" name="Default Value" publish:category="UML"/><publish:property canonicalName="isComposite" name="Is Composite" publish:category="UML" publish:value="false"/><publish:property canonicalName="isDerived" name="Is Derived" publish:category="UML" publish:value="false"/><publish:property canonicalName="isDerivedUnion" name="Is Derived Union" publish:category="UML" publish:value="false"/><publish:property canonicalName="isLeaf" name="Is Leaf" publish:category="UML" publish:value="false"/><publish:property canonicalName="isOrdered" name="Is Ordered" publish:category="UML" publish:value="false"/><publish:property canonicalName="isReadOnly" name="Is Read Only" publish:category="UML" publish:value="false"/><publish:property canonicalName="isStatic" name="Is Static" publish:category="UML" publish:value="false"/><publish:property canonicalName="isUnique" name="Is Unique" publish:category="UML" publish:value="true"/><publish:property canonicalName="Keywords" name="Keywords" publish:category="UML"/><publish:property canonicalName="lower" name="Lower" publish:category="UML" publish:value="1"/><publish:property canonicalName="lowerValue" name="Lower Value" publish:category="UML"/><publish:property canonicalName="Multiplicity" name="Multiplicity" publish:category="UML" publish:value="None (1)"/><publish:property canonicalName="name" name="Name" publish:category="UML"/><publish:property canonicalName="nameExpression" name="Name Expression" publish:category="UML"/><publish:property canonicalName="namespace" name="Namespace" publish:category="UML" publish:ismodellink="false" publish:value="(tp:TerminationPoint)" xmi:id="_D.hF_UA.r.hE.d2.g7O.a.h.yJL.k5A"/><publish:property canonicalName="opposite" name="Opposite" publish:category="UML"/><publish:property canonicalName="owner" name="Owner" publish:category="UML" publish:ismodellink="false" publish:value="(tp:TerminationPoint)" xmi:id="_D.hF_UA.r.hE.d2.g7O.a.h.yJL.k5A"/><publish:property canonicalName="owningAssociation" name="Owning Association" publish:category="UML" publish:ismodellink="false" publish:value="(tp:TerminationPoint)" xmi:id="_D.hF_UA.r.hE.d2.g7O.a.h.yJL.k5A"/><publish:property canonicalName="owningTemplateParameter" name="Owning Template Parameter" publish:category="UML"/><publish:property canonicalName="qualifiedName" name="Qualified Name" publish:category="UML"/><publish:property canonicalName="Stereotype" name="Stereotype" publish:category="UML" publish:value="mTOPAttribute"/><publish:property canonicalName="templateParameter" name="Template Parameter" publish:category="UML"/><publish:property canonicalName="type" name="Type" publish:category="UML" publish:ismodellink="false" publish:value="«choice» TransmissionDescriptorAssociatedResource" xmi:id="_1Z73YA.r.gE.d2.g7O.a.h.yJL.k5A"/><publish:property canonicalName="upper" name="Upper" publish:category="UML" publish:value="1"/><publish:property canonicalName="upperValue" name="Upper Value" publish:category="UML"/><publish:property canonicalName="visibility" name="Visibility" publish:category="UML" publish:value="Private"/></publish:properties></ownedEnd></packagedElement><packagedElement name="&lt;Unnamed Association&gt;" publish:icon="-100318193_icon.png" publish:qualifiedname="ResourceProvisioning::&lt;Association&gt;" xmi:id="_W-.sA.cA.r.hE.d2.g7O.a.h.yJL.k5A" xsi:type="uml:Association"><publish:properties><publish:property canonicalName="Alias" name="Alias" publish:category="UML"/><publish:property canonicalName="isAbstract" name="Is Abstract" publish:category="UML" publish:value="false"/><publish:property canonicalName="isDerived" name="Is Derived" publish:category="UML" publish:value="false"/><publish:property canonicalName="isLeaf" name="Is Leaf" publish:category="UML" publish:value="false"/><publish:property canonicalName="Keywords" name="Keywords" publish:category="UML"/><publish:property canonicalName="Kind" name="Kind" publish:category="UML" publish:value="2 - composition"/><publish:property canonicalName="name" name="Name" publish:category="UML"/><publish:property canonicalName="nameExpression" name="Name Expression" publish:category="UML"/><publish:property canonicalName="namespace" name="Namespace" publish:category="UML" publish:ismodellink="true" publish:value="ResourceProvisioning" xmi:id="_E.jU.hMP.pJE.d.uV.sYI7.m.fNDXQ"/><publish:property canonicalName="ownedTemplateSignature" name="Owned Template Signature" publish:category="UML"/><publish:property canonicalName="owner" name="Owner" publish:category="UML" publish:ismodellink="true" publish:value="ResourceProvisioning" xmi:id="_E.jU.hMP.pJE.d.uV.sYI7.m.fNDXQ"/><publish:property canonicalName="owningTemplateParameter" name="Owning Template Parameter" publish:category="UML"/><publish:property canonicalName="package" name="Package" publish:category="UML" publish:ismodellink="true" publish:value="ResourceProvisioning" xmi:id="_E.jU.hMP.pJE.d.uV.sYI7.m.fNDXQ"/><publish:property canonicalName="qualifiedName" name="Qualified Name" publish:category="UML"/><publish:property canonicalName="representation" name="Representation" publish:category="UML"/><publish:property canonicalName="Stereotype" name="Stereotype" publish:category="UML"/><publish:property canonicalName="templateParameter" name="Template Parameter" publish:category="UML"/><publish:property canonicalName="visibility" name="Visibility" publish:category="UML" publish:value="Public"/></publish:properties><ownedEnd name="&lt;Unnamed Property&gt;" publish:icon="436543296_icon.png" publish:is_association="true" publish:qualifiedname="ResourceProvisioning::&lt;Association&gt;::&lt;Property&gt;" publish:type="TransmissionDescriptorAssociatedResource" publish:typeid="_1Z73YA.r.gE.d2.g7O.a.h.yJL.k5A" xmi:id="_W-.sA.dQ.r.hE.d2.g7O.a.h.yJL.k5A" xsi:type="uml:Property"><publish:properties><publish:property canonicalName="aggregation" name="Aggregation" publish:category="UML" publish:value="None"/><publish:property canonicalName="Alias" name="Alias" publish:category="UML"/><publish:property canonicalName="association" name="Association" publish:category="UML" publish:ismodellink="false" publish:value="(mfd:MatrixFlowDomain)" xmi:id="_W-.sA.cA.r.hE.d2.g7O.a.h.yJL.k5A"/><publish:property canonicalName="associationEnd" name="Association End" publish:category="UML"/><publish:property canonicalName="class" name="Class" publish:category="UML"/><publish:property canonicalName="datatype" name="Datatype" publish:category="UML"/><publish:property canonicalName="default" name="Default" publish:category="UML"/><publish:property canonicalName="defaultValue" name="Default Value" publish:category="UML"/><publish:property canonicalName="isComposite" name="Is Composite" publish:category="UML" publish:value="false"/><publish:property canonicalName="isDerived" name="Is Derived" publish:category="UML" publish:value="false"/><publish:property canonicalName="isDerivedUnion" name="Is Derived Union" publish:category="UML" publish:value="false"/><publish:property canonicalName="isLeaf" name="Is Leaf" publish:category="UML" publish:value="false"/><publish:property canonicalName="isOrdered" name="Is Ordered" publish:category="UML" publish:value="false"/><publish:property canonicalName="isReadOnly" name="Is Read Only" publish:category="UML" publish:value="false"/><publish:property canonicalName="isStatic" name="Is Static" publish:category="UML" publish:value="false"/><publish:property canonicalName="isUnique" name="Is Unique" publish:category="UML" publish:value="true"/><publish:property canonicalName="Keywords" name="Keywords" publish:category="UML"/><publish:property canonicalName="lower" name="Lower" publish:category="UML" publish:value="1"/><publish:property canonicalName="lowerValue" name="Lower Value" publish:category="UML"/><publish:property canonicalName="Multiplicity" name="Multiplicity" publish:category="UML" publish:value="None (1)"/><publish:property canonicalName="name" name="Name" publish:category="UML"/><publish:property canonicalName="nameExpression" name="Name Expression" publish:category="UML"/><publish:property canonicalName="namespace" name="Namespace" publish:category="UML" publish:ismodellink="false" publish:value="(mfd:MatrixFlowDomain)" xmi:id="_W-.sA.cA.r.hE.d2.g7O.a.h.yJL.k5A"/><publish:property canonicalName="opposite" name="Opposite" publish:category="UML"/><publish:property canonicalName="owner" name="Owner" publish:category="UML" publish:ismodellink="false" publish:value="(mfd:MatrixFlowDomain)" xmi:id="_W-.sA.cA.r.hE.d2.g7O.a.h.yJL.k5A"/><publish:property canonicalName="owningAssociation" name="Owning Association" publish:category="UML" publish:ismodellink="false" publish:value="(mfd:MatrixFlowDomain)" xmi:id="_W-.sA.cA.r.hE.d2.g7O.a.h.yJL.k5A"/><publish:property canonicalName="owningTemplateParameter" name="Owning Template Parameter" publish:category="UML"/><publish:property canonicalName="qualifiedName" name="Qualified Name" publish:category="UML"/><publish:property canonicalName="Stereotype" name="Stereotype" publish:category="UML" publish:value="mTOPAttribute"/><publish:property canonicalName="templateParameter" name="Template Parameter" publish:category="UML"/><publish:property canonicalName="type" name="Type" publish:category="UML" publish:ismodellink="false" publish:value="«choice» TransmissionDescriptorAssociatedResource" xmi:id="_1Z73YA.r.gE.d2.g7O.a.h.yJL.k5A"/><publish:property canonicalName="upper" name="Upper" publish:category="UML" publish:value="1"/><publish:property canonicalName="upperValue" name="Upper Value" publish:category="UML"/><publish:property canonicalName="visibility" name="Visibility" publish:category="UML" publish:value="Private"/></publish:properties></ownedEnd></packagedElement></uml:Model>