<?xml version="1.0" encoding="UTF-8"?><packagedElement xmlns:publish="http://www.ibm.com/Rational/XTools/Publish" xmlns:xmi="http://www.omg.org/XMI" xmlns:com.ibm.xtools.notation="http:///com/ibm/xtools/notation.ecore" xmlns:uml="http://www.eclipse.org/uml2/1.0.0/UML" xmlns:xsi="http://www.w3.org/2001/XMLSchema-instance" name="Class Diagrams" publish:diagramFormat="GIF" publish:icon="__BhtsA6uEdyd7PUNb-IYCQ_icon.jpeg" publish:modelname="NetworkResourceBasic" publish:qualifiedname="NetworkResourceBasic::Class Diagrams" publish:toplevelguid="_CqFiEA6qEdyd7PUNb-IYCQ" xmi:id="__BhtsA6uEdyd7PUNb-IYCQ" xmi:version="2.0" xsi:type="uml:Package"><publish:properties><publish:property name="Alias" publish:category="UML" publish:description="Alias property of the UML element"/><publish:property name="Keywords" publish:category="UML" publish:description="Keywords property of the UML element"/><publish:property name="Name" publish:category="UML" publish:description="The Name of the Named Element" publish:value="Class Diagrams"/><publish:property name="Name Expression" publish:category="UML" publish:description="The Name Expression of the Named Element"/><publish:property name="Namespace" publish:category="UML" publish:description="The Namespace of the Named Element" publish:value="&lt;Model&gt; NetworkResourceBasic"/><publish:property name="Nesting Package" publish:category="UML" publish:description="The Nesting Package of the Package" publish:value="&lt;Model&gt; NetworkResourceBasic"/><publish:property name="Owned Template Signature" publish:category="UML" publish:description="The Owned Template Signature of the Templateable Element"/><publish:property name="Owner" publish:category="UML" publish:description="The Owner of the Element" publish:value="&lt;Model&gt; NetworkResourceBasic"/><publish:property name="Owning Template Parameter" publish:category="UML" publish:description="The Owning Template Parameter of the Parameterable Element"/><publish:property name="Qualified Name" publish:category="UML" publish:description="The Qualified Name of the Named Element" publish:value="NetworkResourceBasic::Class Diagrams"/><publish:property name="Stereotype" publish:category="UML"/><publish:property name="Template Parameter" publish:category="UML" publish:description="The Template Parameter of the Parameterable Element"/><publish:property name="Visibility" publish:category="UML" publish:description="The Visibility of the Named Element" publish:value="Public"/></publish:properties><contents Type="Class" name="NRB Class Diagram" publish:icon="_He14QA6vEdyd7PUNb-IYCQ_icon.jpeg" publish:imageType="GIF" publish:qualifiedname="NetworkResourceBasic::Class Diagrams::NRB Class Diagram" xmi:id="_He14QA6vEdyd7PUNb-IYCQ" xsi:type="notation:Diagram"><publish:properties><publish:property name="Measurement Unit" publish:category="View" publish:description="The Measurement Unit of the Diagram" publish:value="Himetric"/><publish:property name="Name" publish:category="View" publish:description="The Name of the Diagram" publish:value="NRB Class Diagram"/><publish:property name="Styles" publish:category="View" publish:description="The Styles of the View"/></publish:properties><publish:partInfo name="CommonResourceInfo" publish:ismodellink="false" publish:partLowerX="659" publish:partLowerY="380" publish:partUpperX="9" publish:partUpperY="261" shape="rect" xmi:id="_xd-pIA6uEdyd7PUNb-IYCQ"/></contents><contents Type="Class" name="Data Types Class Diagram" publish:icon="_IVfgYCPMEdypgfGA_0P3-g_icon.jpeg" publish:imageType="GIF" publish:qualifiedname="NetworkResourceBasic::Class Diagrams::Data Types Class Diagram" xmi:id="_IVfgYCPMEdypgfGA_0P3-g" xsi:type="notation:Diagram"><publish:properties><publish:property name="Measurement Unit" publish:category="View" publish:description="The Measurement Unit of the Diagram" publish:value="Himetric"/><publish:property name="Name" publish:category="View" publish:description="The Name of the Diagram" publish:value="Data Types Class Diagram"/><publish:property name="Styles" publish:category="View" publish:description="The Styles of the View"/></publish:properties><publish:partInfo name="UsageState" publish:ismodellink="false" publish:partLowerX="933" publish:partLowerY="1222" publish:partUpperX="685" publish:partUpperY="1121" shape="rect" xmi:id="_YDKJEHMeEdyMGrC9Msb2bA"/><publish:partInfo name="State" publish:ismodellink="false" publish:partLowerX="669" publish:partLowerY="1224" publish:partUpperX="421" publish:partUpperY="996" shape="rect" xmi:id="_3KC2oHMgEdyMGrC9Msb2bA"/><publish:partInfo name="OperationalState" publish:ismodellink="false" publish:partLowerX="412" publish:partLowerY="1224" publish:partUpperX="164" publish:partUpperY="1139" shape="rect" xmi:id="_tMGHIHMdEdyMGrC9Msb2bA"/><publish:partInfo name="ControlStatus" publish:ismodellink="false" publish:partLowerX="411" publish:partLowerY="1126" publish:partUpperX="163" publish:partUpperY="993" shape="rect" xmi:id="_CenNEHMfEdyMGrC9Msb2bA"/><publish:partInfo name="AvailabilityStatus" publish:ismodellink="false" publish:partLowerX="931" publish:partLowerY="1075" publish:partUpperX="683" publish:partUpperY="863" shape="rect" xmi:id="_e2NKMHMeEdyMGrC9Msb2bA"/><publish:partInfo name="AdministrativeState" publish:ismodellink="false" publish:partLowerX="670" publish:partLowerY="963" publish:partUpperX="422" publish:partUpperY="862" shape="rect" xmi:id="_Oc5ZcHMeEdyMGrC9Msb2bA"/><publish:partInfo name="HolderStatus" publish:ismodellink="false" publish:partLowerX="410" publish:partLowerY="979" publish:partUpperX="162" publish:partUpperY="862" shape="rect" xmi:id="_RW9hYHMfEdyMGrC9Msb2bA"/><publish:partInfo name="ItuStateOrStatus" publish:ismodellink="false" publish:partLowerX="753" publish:partLowerY="848" publish:partUpperX="325" publish:partUpperY="652" shape="rect" xmi:id="_0-X4AHMaEdyMGrC9Msb2bA"/><publish:partInfo name="WorkingSubstate" publish:ismodellink="false" publish:partLowerX="1072" publish:partLowerY="494" publish:partUpperX="824" publish:partUpperY="393" shape="rect" xmi:id="_J2TT4HDQEdyh14mcAdaPNg"/><publish:partInfo name="UnknownSubstate" publish:ismodellink="false" publish:partLowerX="1072" publish:partLowerY="582" publish:partUpperX="824" publish:partUpperY="513" shape="rect" xmi:id="_qfr2UHDPEdyh14mcAdaPNg"/><publish:partInfo name="RetiringSubstate" publish:ismodellink="false" publish:partLowerX="811" publish:partLowerY="574" publish:partUpperX="561" publish:partUpperY="393" shape="rect" xmi:id="_wjwuEHDOEdyh14mcAdaPNg"/><publish:partInfo name="PlanningSubstate" publish:ismodellink="false" publish:partLowerX="545" publish:partLowerY="594" publish:partUpperX="297" publish:partUpperY="477" shape="rect" xmi:id="_NB3i4HDOEdyh14mcAdaPNg"/><publish:partInfo name="NonWorkingSubstate" publish:ismodellink="false" publish:partLowerX="545" publish:partLowerY="462" publish:partUpperX="297" publish:partUpperY="393" shape="rect" xmi:id="_rq1swHDNEdyh14mcAdaPNg"/><publish:partInfo name="InstallingSubstate" publish:ismodellink="false" publish:partLowerX="281" publish:partLowerY="558" publish:partUpperX="33" publish:partUpperY="393" shape="rect" xmi:id="_p-euEHDMEdyh14mcAdaPNg"/><publish:partInfo name="ResourceState" publish:ismodellink="false" publish:partLowerX="766" publish:partLowerY="340" publish:partUpperX="345" publish:partUpperY="189" shape="rect" xmi:id="_8NSukPpBEduVsYI7mfNDXQ"/><publish:partInfo name="LayerRate" publish:ismodellink="false" publish:partLowerX="716" publish:partLowerY="80" publish:partUpperX="453" publish:partUpperY="9" shape="rect" xmi:id="_eNqf0CPHEdypgfGA_0P3-g"/><publish:partInfo name="ObjectSource" publish:ismodellink="false" publish:partLowerX="991" publish:partLowerY="128" publish:partUpperX="740" publish:partUpperY="9" shape="rect" xmi:id="_6R9EQPo2EduVsYI7mfNDXQ"/><publish:partInfo name="TransmissionParameterList" publish:ismodellink="false" publish:partLowerX="435" publish:partLowerY="96" publish:partUpperX="9" publish:partUpperY="9" shape="rect" xmi:id="_37Bj8CPJEdypgfGA_0P3-g"/></contents><contents Type="Class" name="NRB DDP Relationship Diagram" publish:icon="_Qi53UFYMEdys97lG39tcpw_icon.jpeg" publish:imageType="GIF" publish:qualifiedname="NetworkResourceBasic::Class Diagrams::NRB DDP Relationship Diagram" xmi:id="_Qi53UFYMEdys97lG39tcpw" xsi:type="notation:Diagram"><publish:properties><publish:property name="Measurement Unit" publish:category="View" publish:description="The Measurement Unit of the Diagram" publish:value="Himetric"/><publish:property name="Name" publish:category="View" publish:description="The Name of the Diagram" publish:value="NRB DDP Relationship Diagram"/><publish:property name="Styles" publish:category="View" publish:description="The Styles of the View"/></publish:properties><publish:partInfo name="NetworkResourceBasic" publish:ismodellink="true" publish:partLowerX="175" publish:partLowerY="168" publish:partUpperX="19" publish:partUpperY="157" shape="rect" xmi:id="_CqFiEA6qEdyd7PUNb-IYCQ"/><publish:partInfo name="NetworkResourceBasic" publish:ismodellink="true" publish:partLowerX="185" publish:partLowerY="170" publish:partUpperX="9" publish:partUpperY="117" shape="rect" xmi:id="_CqFiEA6qEdyd7PUNb-IYCQ"/></contents><contents Type="Class" name="NRB Common Resource Provisioning Class Diagram" publish:icon="_NdebAKlcEdy39Z05qVqfpQ_icon.jpeg" publish:imageType="GIF" publish:qualifiedname="NetworkResourceBasic::Class Diagrams::NRB Common Resource Provisioning Class Diagram" xmi:id="_NdebAKlcEdy39Z05qVqfpQ" xsi:type="notation:Diagram"><publish:properties><publish:property name="Measurement Unit" publish:category="View" publish:description="The Measurement Unit of the Diagram" publish:value="Himetric"/><publish:property name="Name" publish:category="View" publish:description="The Name of the Diagram" publish:value="NRB Common Resource Provisioning Class Diagram"/><publish:property name="Styles" publish:category="View" publish:description="The Styles of the View"/></publish:properties><publish:partInfo name="CommonResourceCreateData" publish:ismodellink="false" publish:partLowerX="784" publish:partLowerY="394" publish:partUpperX="410" publish:partUpperY="323" shape="rect" xmi:id="_ZsO24KlcEdy39Z05qVqfpQ"/><publish:partInfo name="CommonResourceModifyData" publish:ismodellink="false" publish:partLowerX="383" publish:partLowerY="394" publish:partUpperX="9" publish:partUpperY="323" shape="rect" xmi:id="_ZbGqoKlcEdy39Z05qVqfpQ"/></contents></packagedElement>