<?xml version="1.0" encoding="UTF-8"?><packagedElement name="Class Diagrams" diagramFormat="GIF" xmlns:publish="http://www.ibm.com/Rational/XTools/Publish" publish:icon="-1710941566_icon.png" publish:modelname="NetworkResourceAssurance" publish:qualifiedname="NetworkResourceAssurance::Class Diagrams" publish:sortOrder="storage" publish:toplevelguid="_TIGM.oA6.qE.d.y.d7PUN.b-IYCQ" xmlns:xmi="http://www.omg.org/XMI" xmi:id="_.fF.j.vYB5.cE.d.y.jX65.v.z.eW.aBA" xmi:version="2.0" xmlns:com.ibm.xtools.notation="http:///com/ibm/xtools/notation.ecore" xmlns:uml="http://www.eclipse.org/uml2/1.0.0/UML" xmlns:xsi="http://www.w3.org/2001/XMLSchema-instance" xsi:type="uml:Package"><publish:properties><publish:property name="Alias" publish:category="UML" publish:description="Alias property of the UML element"/><publish:property name="Keywords" publish:category="UML" publish:description="Keywords property of the UML element"/><publish:property name="Name" publish:category="UML" publish:description="The Name of the Named Element" publish:value="Class Diagrams"/><publish:property name="Name Expression" publish:category="UML" publish:description="The Name Expression of the Named Element"/><publish:property name="Namespace" publish:category="UML" publish:description="The Namespace of the Named Element" publish:ismodellink="true" publish:value="&lt;Model&gt; NetworkResourceAssurance" xmi:id="_TIGM.oA6.qE.d.y.d7PUN.b-IYCQ"/><publish:property name="Nesting Package" publish:category="UML" publish:description="The Nesting Package of the Package" publish:ismodellink="true" publish:value="&lt;Model&gt; NetworkResourceAssurance" xmi:id="_TIGM.oA6.qE.d.y.d7PUN.b-IYCQ"/><publish:property name="Owned Template Signature" publish:category="UML" publish:description="The Owned Template Signature of the Templateable Element"/><publish:property name="Owner" publish:category="UML" publish:description="The Owner of the Element" publish:ismodellink="true" publish:value="&lt;Model&gt; NetworkResourceAssurance" xmi:id="_TIGM.oA6.qE.d.y.d7PUN.b-IYCQ"/><publish:property name="Owning Template Parameter" publish:category="UML" publish:description="The Owning Template Parameter of the Parameterable Element"/><publish:property name="Qualified Name" publish:category="UML" publish:description="The Qualified Name of the Named Element" publish:value="NetworkResourceAssurance::Class Diagrams"/><publish:property name="Stereotype" publish:category="UML"/><publish:property name="Template Parameter" publish:category="UML" publish:description="The Template Parameter of the Parameterable Element"/><publish:property name="Visibility" publish:category="UML" publish:description="The Visibility of the Named Element" publish:value="Public"/></publish:properties><contents Type="Class" isDefault="false" name="NRA Class Diagram" publish:icon="923080899_icon.png" publish:imageType="GIF" publish:qualifiedname="NetworkResourceAssurance::Class Diagrams::NRA Class Diagram" xmi:id="_.p.f9NAFVXE.d.y.a2.sE_.yD1P.fQ" xsi:type="notation:Diagram"><publish:properties><publish:property name="Measurement Unit" publish:category="View" publish:description="The Measurement Unit of the Diagram" publish:value="Himetric"/><publish:property name="Name" publish:category="View" publish:description="The Name of the Diagram" publish:value="NRA Class Diagram"/><publish:property name="Styles" publish:category="View" publish:description="The Styles of the View"/></publish:properties><publish:partInfo coords="305,569,305,462,315,462,315,569,305,569" name="TpContainsPmps" publish:ismodellink="false" shape="poly" xmi:id="_.l.b.mMMP.eBE.d2RD.t6.uV.a5.wH.g"/><publish:partInfo coords="618,608,618,78,628,68,723,68,723,78,628,78,628,78,628,608,618,608" name="Association" publish:ismodellink="false" shape="poly" xmi:id="_.j2.i7.oKXME.d2597.xQ-.kI.hBQ"/><publish:partInfo coords="879,708,879,779,869,779,869,708,879,708" name="Dependency" publish:ismodellink="false" shape="poly" xmi:id="_PF.y.c.kMT7E.d.yC6_0T.t.uYPCQ"/><publish:partInfo coords="1016,59,1391,59,1401,69,1401,353,1391,353,1391,69,1391,69,1016,69,1016,59" name="Association" publish:ismodellink="false" shape="poly" xmi:id="_9SP3.cFFUE.d.yZ.hYPB67.lKRA"/><publish:partInfo coords="1148,445,1080,445,1080,435,1148,435,1148,445" name="Generalization" publish:ismodellink="false" shape="poly" xmi:id="_2W.z.vUFFUE.d.yZ.hYPB67.lKRA"/><publish:partInfo coords="367,873,367,941,357,941,357,873,367,873" name="Dependency" publish:ismodellink="false" shape="poly" xmi:id="_H6094MRPE.d.y.oEOAT.f.pD7.o.g"/><publish:partInfo coords="367,717,367,789,357,789,357,717,367,717" name="Dependency" publish:ismodellink="false" shape="poly" xmi:id="_.pO.kE4MROE.d.y.oEOAT.f.pD7.o.g"/><publish:partInfo coords="859,608,859,493,869,493,869,608,859,608" name="Generalization" publish:ismodellink="false" shape="poly" xmi:id="_K.k.z.zUFY.vE.d.y.s97.lG39.t.c.p.w"/><publish:partInfo coords="723,69,299,69,309,59,309,136,299,136,299,59,299,59,723,59,723,69" name="Association" publish:ismodellink="false" shape="poly" xmi:id="_.xZ98.sFF.mE.d.yZ.hYPB67.lKRA"/><publish:partInfo coords="525,332,525,397,515,387,659,387,659,397,515,397,515,397,515,332,525,332" name="Generalization" publish:ismodellink="false" shape="poly" xmi:id="_MU.cYYFF.iE.d.yZ.hYPB67.lKRA"/><publish:partInfo coords="1394,681,1394,763,1384,763,1384,681,1394,681" name="Association" publish:ismodellink="false" shape="poly" xmi:id="_X19.k.sFF.rE.d.yZ.hYPB67.lKRA"/><publish:partInfo coords="538,569,538,468,548,458,659,458,659,468,548,468,548,468,548,569,538,569" name="Generalization" publish:ismodellink="false" shape="poly" xmi:id="_.cY6.iYFYUE.d.y.s97.lG39.t.c.p.w"/><publish:partInfo coords="1394,847,1394,930,1384,930,1384,847,1394,847" name="Dependency" publish:ismodellink="false" shape="poly" xmi:id="_2JMRQFYOE.d.y.s97.lG39.t.c.p.w"/><publish:partInfo coords="1214,763,1214,569,1224,579,1025,579,1015,569,1015,493,1025,493,1025,569,1025,569,1224,569,1224,569,1224,763,1214,763" name="Generalization" publish:ismodellink="false" shape="poly" xmi:id="_.w6.oM.kFYME.d.y.s97.lG39.t.c.p.w"/><publish:partInfo name="EquipmentProtectionGroup" publish:ismodellink="false" publish:partLowerX="1624" publish:partLowerY="534" publish:partUpperX="1147" publish:partUpperY="352" shape="rect" xmi:id="_.j.o.v.jIFFTE.d.yZ.hYPB67.lKRA"/><publish:partInfo name="TcaParameterProfile" publish:ismodellink="false" publish:partLowerX="1121" publish:partLowerY="709" publish:partUpperX="619" publish:partUpperY="607" shape="rect" xmi:id="_.r.bGJUFY.uE.d.y.s97.lG39.t.c.p.w"/><publish:partInfo name="ProtectionGroup" publish:ismodellink="false" publish:partLowerX="592" publish:partLowerY="333" publish:partUpperX="0" publish:partUpperY="135" shape="rect" xmi:id="_Q8_.tUFF.hE.d.yZ.hYPB67.lKRA"/><publish:partInfo name="PerformanceMonitoringThreshold" publish:ismodellink="false" publish:partLowerX="592" publish:partLowerY="1058" publish:partUpperX="135" publish:partUpperY="940" shape="rect" xmi:id="_W.k5.t.oFY.aE.d.y.s97.lG39.t.c.p.w"/><publish:partInfo name="PerformanceMonitoringParameter" publish:ismodellink="false" publish:partLowerX="575" publish:partLowerY="874" publish:partUpperX="143" publish:partUpperY="788" shape="rect" xmi:id="_.r3PU.wFYYE.d.y.s97.lG39.t.c.p.w"/><publish:partInfo name="PerformanceMonitoringPoint" publish:ismodellink="false" publish:partLowerX="583" publish:partLowerY="718" publish:partUpperX="134" publish:partUpperY="568" shape="rect" xmi:id="_.l.rQ.s8FYTE.d.y.s97.lG39.t.c.p.w"/><publish:partInfo name="AlarmSeverityAssignment" publish:ismodellink="false" publish:partLowerX="1627" publish:partLowerY="1079" publish:partUpperX="1144" publish:partUpperY="929" shape="rect" xmi:id="_.o.bM3QFYOE.d.y.s97.lG39.t.c.p.w"/><publish:partInfo name="AlarmSeverityAssignmentProfile" publish:ismodellink="false" publish:partLowerX="1638" publish:partLowerY="848" publish:partUpperX="1133" publish:partUpperY="762" shape="rect" xmi:id="_.rC.h4AP-.tE.d.uKKL.vC_EB00A"/><publish:partInfo name="ThresholdCrossingAlertParameter" publish:ismodellink="false" publish:partLowerX="1099" publish:partLowerY="944" publish:partUpperX="642" publish:partUpperY="778" shape="rect" xmi:id="_.sI.pE.cFY.xE.d.y.s97.lG39.t.c.p.w"/></contents><contents Type="Class" isDefault="false" name="NRA DDP Relationship Diagram" publish:icon="923080899_icon.png" publish:imageType="GIF" publish:qualifiedname="NetworkResourceAssurance::Class Diagrams::NRA DDP Relationship Diagram" xmi:id="_W8V.e.kFYME.d.y.s97.lG39.t.c.p.w" xsi:type="notation:Diagram"><publish:properties><publish:property name="Measurement Unit" publish:category="View" publish:description="The Measurement Unit of the Diagram" publish:value="Himetric"/><publish:property name="Name" publish:category="View" publish:description="The Name of the Diagram" publish:value="NRA DDP Relationship Diagram"/><publish:property name="Styles" publish:category="View" publish:description="The Styles of the View"/></publish:properties><publish:partInfo coords="80,219,80,154,90,154,90,219,80,219" name="PackageImport" publish:ismodellink="false" shape="poly" xmi:id="_.c.a2V.sFYME.d.y.s97.lG39.t.c.p.w"/><publish:partInfo name="NetworkResourceAssurance" publish:ismodellink="true" publish:partLowerX="193" publish:partLowerY="255" publish:partUpperX="10" publish:partUpperY="244" shape="rect" xmi:id="_TIGM.oA6.qE.d.y.d7PUN.b-IYCQ"/><publish:partInfo name="NetworkResourceAssurance" publish:ismodellink="true" publish:partLowerX="203" publish:partLowerY="257" publish:partUpperX="0" publish:partUpperY="207" shape="rect" xmi:id="_TIGM.oA6.qE.d.y.d7PUN.b-IYCQ"/></contents><contents Type="Class" isDefault="false" name="NRA Notifications Diagram" publish:icon="923080899_icon.png" publish:imageType="GIF" publish:qualifiedname="NetworkResourceAssurance::Class Diagrams::NRA Notifications Diagram" xmi:id="_4LC.tEFY2E.d.y.s97.lG39.t.c.p.w" xsi:type="notation:Diagram"><publish:properties><publish:property name="Measurement Unit" publish:category="View" publish:description="The Measurement Unit of the Diagram" publish:value="Himetric"/><publish:property name="Name" publish:category="View" publish:description="The Name of the Diagram" publish:value="NRA Notifications Diagram"/><publish:property name="Styles" publish:category="View" publish:description="The Styles of the View"/></publish:properties><publish:partInfo coords="396,157,396,101,406,101,406,157,396,157" name="Generalization" publish:ismodellink="false" shape="poly" xmi:id="_.vQAV.sFCZE.d.y.n.y.b.g.l.u.dW5L.g"/><publish:partInfo coords="752,158,752,101,762,101,762,158,752,158" name="Generalization" publish:ismodellink="false" shape="poly" xmi:id="_R47R.gFC.aE.d.y.n.y.b.g.l.u.dW5L.g"/><publish:partInfo coords="837,80,777,80,777,70,837,70,837,80" name="Generalization" publish:ismodellink="false" shape="poly" xmi:id="_II.tG.kF.b.aE.d.yH-M5V.e.rQW.s.w"/><publish:partInfo coords="501,375,501,257,511,257,511,375,501,375" name="Generalization" publish:ismodellink="false" shape="poly" xmi:id="_.p.w.xF.wFY_E.d.y.s97.lG39.t.c.p.w"/><publish:partInfo coords="658,376,658,257,668,257,668,376,658,376" name="Generalization" publish:ismodellink="false" shape="poly" xmi:id="_.dC6FUFY6E.d.y.s97.lG39.t.c.p.w"/><publish:partInfo name="ProtectionSwitchNotification" publish:ismodellink="false" publish:partLowerX="423" publish:partLowerY="338" publish:partUpperX="60" publish:partUpperY="156" shape="rect" xmi:id="_.i.h.t.eIFCZE.d.y.n.y.b.g.l.u.dW5L.g"/><publish:partInfo name="EquipmentProtectionSwitchNotification" publish:ismodellink="false" publish:partLowerX="1155" publish:partLowerY="323" publish:partUpperX="746" publish:partUpperY="157" shape="rect" xmi:id="_O.bSF8FC.aE.d.y.n.y.b.g.l.u.dW5L.g"/><publish:partInfo name="PmpStateChangeNotification" publish:ismodellink="false" publish:partLowerX="1216" publish:partLowerY="140" publish:partUpperX="836" publish:partUpperY="38" shape="rect" xmi:id="_.y.d.d.iIF.bZE.d.yH-M5V.e.rQW.s.w"/><publish:partInfo name="AlarmNotification" publish:ismodellink="false" publish:partLowerX="590" publish:partLowerY="780" publish:partUpperX="0" publish:partUpperY="374" shape="rect" xmi:id="_.mA.qRMFY_E.d.y.s97.lG39.t.c.p.w"/><publish:partInfo name="TCANotification" publish:ismodellink="false" publish:partLowerX="1109" publish:partLowerY="621" publish:partUpperX="600" publish:partUpperY="375" shape="rect" xmi:id="_H_H.p0FY3E.d.y.s97.lG39.t.c.p.w"/></contents><contents Type="Class" isDefault="false" name="Data Types Class Diagram" publish:icon="923080899_icon.png" publish:imageType="GIF" publish:qualifiedname="NetworkResourceAssurance::Class Diagrams::Data Types Class Diagram" xmi:id="_.p.oX.nIP.s.kE.d.y.b.z6.jV.d6YV.eQ" xsi:type="notation:Diagram"><publish:properties><publish:property name="Measurement Unit" publish:category="View" publish:description="The Measurement Unit of the Diagram" publish:value="Himetric"/><publish:property name="Name" publish:category="View" publish:description="The Name of the Diagram" publish:value="Data Types Class Diagram"/><publish:property name="Styles" publish:category="View" publish:description="The Styles of the View"/></publish:properties><publish:partInfo name="ItuArcStateOrStatus" publish:ismodellink="false" publish:partLowerX="620" publish:partLowerY="132" publish:partUpperX="233" publish:partUpperY="13" shape="rect" xmi:id="_.e4-.sQP.s.kE.d.y.b.z6.jV.d6YV.eQ"/><publish:partInfo name="NalmTIInterval" publish:ismodellink="false" publish:partLowerX="747" publish:partLowerY="419" publish:partUpperX="469" publish:partUpperY="334" shape="rect" xmi:id="_.i_PKMHM.gE.d.yMG.rC9M.s.b2.bA"/><publish:partInfo name="NalmQIInterval" publish:ismodellink="false" publish:partLowerX="442" publish:partLowerY="419" publish:partUpperX="164" publish:partUpperY="334" shape="rect" xmi:id="_G1QA.sHM.gE.d.yMG.rC9M.s.b2.bA"/><publish:partInfo name="ArcState" publish:ismodellink="false" publish:partLowerX="859" publish:partLowerY="269" publish:partUpperX="581" publish:partUpperY="153" shape="rect" xmi:id="_.u.vL_.oHM.fE.d.yMG.rC9M.s.b2.bA"/><publish:partInfo name="ArcQIStatus" publish:ismodellink="false" publish:partLowerX="573" publish:partLowerY="252" publish:partUpperX="295" publish:partUpperY="152" shape="rect" xmi:id="_.qMFLYHM.gE.d.yMG.rC9M.s.b2.bA"/><publish:partInfo name="AlarmStatus" publish:ismodellink="false" publish:partLowerX="285" publish:partLowerY="317" publish:partUpperX="7" publish:partUpperY="153" shape="rect" xmi:id="_.f1.zJ.gHM.fE.d.yMG.rC9M.s.b2.bA"/></contents><contents Type="Class" isDefault="false" name="NRA Equipment Protection Class Diagram" publish:icon="923080899_icon.png" publish:imageType="GIF" publish:qualifiedname="NetworkResourceAssurance::Class Diagrams::NRA Equipment Protection Class Diagram" xmi:id="_R04C.wB.g.uE.d2.k.dP--T2.z0Z.g" xsi:type="notation:Diagram"><publish:properties><publish:property name="Measurement Unit" publish:category="View" publish:description="The Measurement Unit of the Diagram" publish:value="Himetric"/><publish:property name="Name" publish:category="View" publish:description="The Name of the Diagram" publish:value="NRA Equipment Protection Class Diagram"/><publish:property name="Styles" publish:category="View" publish:description="The Styles of the View"/></publish:properties><publish:partInfo coords="247,197,247,277,237,277,237,197,247,197" name="Association" publish:ismodellink="false" shape="poly" xmi:id="_9SP3.cFFUE.d.yZ.hYPB67.lKRA"/><publish:partInfo coords="474,294,543,294,543,304,474,304,474,294" name="Generalization" publish:ismodellink="false" shape="poly" xmi:id="_2W.z.vUFFUE.d.yZ.hYPB67.lKRA"/><publish:partInfo name="EquipmentProtectionGroup" publish:ismodellink="false" publish:partLowerX="477" publish:partLowerY="458" publish:partUpperX="0" publish:partUpperY="276" shape="rect" xmi:id="_.j.o.v.jIFFTE.d.yZ.hYPB67.lKRA"/></contents></packagedElement>