<?xml version="1.0" encoding="UTF-8"?><publish:packages xmlns:publish="http://www.ibm.com/Rational/XTools/Publish" xmlns:xmi="http://www.omg.org/XMI"><publish:package name="Type Definitions" publish:icon="-1710941566_icon.png" publish:qualifiedname="NetworkResourceAssurance::Type Definitions" xmi:id="_.fH0AUFYOE.d.y.s97.lG39.t.c.p.w"/><publish:package name="Data Object Classes" publish:icon="-1710941566_icon.png" publish:qualifiedname="NetworkResourceAssurance::Data Object Classes" xmi:id="_.hNF.c.kB5.cE.d.y.jX65.v.z.eW.aBA"/><publish:package name="Notifications" publish:icon="-1710941566_icon.png" publish:qualifiedname="NetworkResourceAssurance::Notifications" xmi:id="_EPA1QFY3E.d.y.s97.lG39.t.c.p.w"/><publish:package name="Class Diagrams" publish:icon="-1710941566_icon.png" publish:qualifiedname="NetworkResourceAssurance::Class Diagrams" xmi:id="_.fF.j.vYB5.cE.d.y.jX65.v.z.eW.aBA"/><publish:package name="Class Diagrams" publish:icon="-1710941566_icon.png" publish:qualifiedname="NetworkResourceAssurance::Class Diagrams" xmi:id="_.fF.j.vYB5.cE.d.y.jX65.v.z.eW.aBA"/><publish:package name="Data Object Classes" publish:icon="-1710941566_icon.png" publish:qualifiedname="NetworkResourceAssurance::Data Object Classes" xmi:id="_.hNF.c.kB5.cE.d.y.jX65.v.z.eW.aBA"/><publish:package name="Type Definitions" publish:icon="-1710941566_icon.png" publish:qualifiedname="NetworkResourceAssurance::Type Definitions" xmi:id="_.fH0AUFYOE.d.y.s97.lG39.t.c.p.w"/><publish:package name="Notifications" publish:icon="-1710941566_icon.png" publish:qualifiedname="NetworkResourceAssurance::Notifications" xmi:id="_EPA1QFY3E.d.y.s97.lG39.t.c.p.w"/></publish:packages>