<?xml version="1.0" encoding="UTF-8"?><uml:Model name="NetworkResourceAssurance" diagramFormat="GIF" xmlns:publish="http://www.ibm.com/Rational/XTools/Publish" publish:icon="-1509615854_icon.png" publish:modelname="NetworkResourceAssurance" publish:profiles="Standard, Default, Deployment, mTOP UML Profile" publish:qualifiedname="NetworkResourceAssurance" publish:sortOrder="storage" publish:toplevelguid="_TIGM.oA6.qE.d.y.d7PUN.b-IYCQ" xmlns:xmi="http://www.omg.org/XMI" xmi:id="_TIGM.oA6.qE.d.y.d7PUN.b-IYCQ" xmi:version="2.0" xmlns:com.ibm.xtools.notation="http:///com/ibm/xtools/notation.ecore" xmlns:uml="http://www.eclipse.org/uml2/1.0.0/UML" xmlns:xsi="http://www.w3.org/2001/XMLSchema-instance" xsi:type="uml:Model"><publish:properties><publish:property name="Alias" publish:category="UML" publish:description="Alias property of the UML element"/><publish:property name="Keywords" publish:category="UML" publish:description="Keywords property of the UML element"/><publish:property name="Name" publish:category="UML" publish:description="The Name of the Named Element" publish:value="NetworkResourceAssurance"/><publish:property name="Name Expression" publish:category="UML" publish:description="The Name Expression of the Named Element"/><publish:property name="Namespace" publish:category="UML" publish:description="The Namespace of the Named Element"/><publish:property name="Nesting Package" publish:category="UML" publish:description="The Nesting Package of the Package"/><publish:property name="Owned Template Signature" publish:category="UML" publish:description="The Owned Template Signature of the Templateable Element"/><publish:property name="Owner" publish:category="UML" publish:description="The Owner of the Element"/><publish:property name="Owning Template Parameter" publish:category="UML" publish:description="The Owning Template Parameter of the Parameterable Element"/><publish:property name="Qualified Name" publish:category="UML" publish:description="The Qualified Name of the Named Element" publish:value="NetworkResourceAssurance"/><publish:property name="Stereotype" publish:category="UML"/><publish:property name="Template Parameter" publish:category="UML" publish:description="The Template Parameter of the Parameterable Element"/><publish:property name="Viewpoint" publish:category="UML" publish:description="The Viewpoint of the Model"/><publish:property name="Visibility" publish:category="UML" publish:description="The Visibility of the Named Element" publish:value="Public"/></publish:properties><appliedProfiles><profile name="Standard" visibility="public"/><profile name="Default" visibility="public"/><profile name="Deployment" visibility="public"/><profile name="mTOP UML Profile" visibility="public"/></appliedProfiles><ownedComment annotatedElement="_TIGM.oA6.qE.d.y.d7PUN.b-IYCQ" body="- naming relationship for TcaParameterProfile added&#13;&#10;- TerminationPoint added to NRA Class Diagram" isDocumentation="true" isURL="false" name="&lt;Unnamed Comment&gt;" publish:icon="33888884_icon.png" publish:qualifiedname="NetworkResourceAssurance::&lt;Comment&gt;" xmi:id="_GN0G.wKXNE.d2597.xQ-.kI.hBQ" xsi:type="uml:Comment"><publish:properties><publish:property name="Body" publish:category="UML" publish:description="The Body of the Comment" publish:value="- naming relationship for TcaParameterProfile added..."/><publish:property name="Keywords" publish:category="UML" publish:description="Keywords property of the UML element"/><publish:property name="Owner" publish:category="UML" publish:description="The Owner of the Element" publish:ismodellink="true" publish:value="&lt;Model&gt; NetworkResourceAssurance" xmi:id="_TIGM.oA6.qE.d.y.d7PUN.b-IYCQ"/><publish:property name="Stereotype" publish:category="UML" publish:value="documentation"/></publish:properties></ownedComment><packageImport name="&lt;Unnamed PackageImport&gt;" publish:icon="-1408951691_icon.png" publish:qualifiedname="NetworkResourceAssurance::&lt;PackageImport&gt;" xmi:id="_TIGM.pA6.qE.d.y.d7PUN.b-IYCQ" xsi:type="uml:PackageImport"><publish:properties><publish:property name="Imported Package" publish:category="UML" publish:description="The Imported Package of the Package Import" publish:value="&lt;&lt;modelLibrary&gt;&gt; &lt;Model&gt; UML Primitive Types"/><publish:property name="Importing Namespace" publish:category="UML" publish:description="The Importing Namespace of the Package Import" publish:ismodellink="true" publish:value="&lt;Model&gt; NetworkResourceAssurance" xmi:id="_TIGM.oA6.qE.d.y.d7PUN.b-IYCQ"/><publish:property name="Keywords" publish:category="UML" publish:description="Keywords property of the UML element"/><publish:property name="Owner" publish:category="UML" publish:description="The Owner of the Element" publish:ismodellink="true" publish:value="&lt;Model&gt; NetworkResourceAssurance" xmi:id="_TIGM.oA6.qE.d.y.d7PUN.b-IYCQ"/><publish:property name="Stereotype" publish:category="UML"/><publish:property name="Visibility" publish:category="UML" publish:description="The Visibility of the Package Import" publish:value="Public"/></publish:properties></packageImport><packageImport name="&lt;Unnamed PackageImport&gt;" publish:icon="-1408951691_icon.png" publish:qualifiedname="NetworkResourceAssurance::&lt;PackageImport&gt;" xmi:id="_.c.a2V.sFYME.d.y.s97.lG39.t.c.p.w" xsi:type="uml:PackageImport"><publish:properties><publish:property name="Imported Package" publish:category="UML" publish:description="The Imported Package of the Package Import" publish:value="&lt;Model&gt; NetworkResourceBasic"/><publish:property name="Importing Namespace" publish:category="UML" publish:description="The Importing Namespace of the Package Import" publish:ismodellink="true" publish:value="&lt;Model&gt; NetworkResourceAssurance" xmi:id="_TIGM.oA6.qE.d.y.d7PUN.b-IYCQ"/><publish:property name="Keywords" publish:category="UML" publish:description="Keywords property of the UML element"/><publish:property name="Owner" publish:category="UML" publish:description="The Owner of the Element" publish:ismodellink="true" publish:value="&lt;Model&gt; NetworkResourceAssurance" xmi:id="_TIGM.oA6.qE.d.y.d7PUN.b-IYCQ"/><publish:property name="Stereotype" publish:category="UML"/><publish:property name="Visibility" publish:category="UML" publish:description="The Visibility of the Package Import" publish:value="Public"/></publish:properties></packageImport></uml:Model>