<?xml version="1.0" encoding="UTF-8"?><uml:Model xmlns:uml="http://www.eclipse.org/uml2/1.0.0/UML" name="TestManagement" xmlns:publish="http://www.ibm.com/Rational/XTools/Publish" publish:diagramFormat="PNG" publish:icon="-1576708494_icon.png" publish:modelname="TestManagement" publish:profiles="Standard, Default, Deployment, mTOP UML Profile" publish:qualifiedname="TestManagement" publish:sortOrder="storage" publish:toplevelguid="_.nU.p.i8P-.rE.d.uKKL.vC_EB00A" xmlns:xmi="http://www.omg.org/XMI" xmi:id="_.nU.p.i8P-.rE.d.uKKL.vC_EB00A" xmi:version="2.0" xmlns:com.ibm.xtools.notation="http:///com/ibm/xtools/notation.ecore" xmlns:xsi="http://www.w3.org/2001/XMLSchema-instance" xsi:type="uml:Model"><appliedProfiles><profile name="Standard" visibility="public"/><profile name="Default" visibility="public"/><profile name="Deployment" visibility="public"/><profile name="mTOP UML Profile" visibility="public"/></appliedProfiles><packagedElement name="Interfaces" publish:diagramFormat="PNG" publish:icon="-536527158_icon.png" publish:modelname="TestManagement" publish:qualifiedname="TestManagement::Interfaces" publish:sortOrder="storage" publish:toplevelguid="_.nU.p.i8P-.rE.d.uKKL.vC_EB00A" xmi:id="_0.wP.lYP-.rE.d.uKKL.vC_EB00A" xsi:type="uml:Package"><packagedElement name="TestControlService" publish:icon="1275413217_icon.png" publish:qualifiedname="TestManagement::Interfaces::TestControlService" xmi:id="_2T.pPUF4.cE.eSDM.rD.hR.i.p.u.f.g" xsi:type="uml:Interface"><ownedOperation name="startTest" publish:icon="2131048053_icon.png" publish:qualifiedname="TestManagement::Interfaces::TestControlService::startTest" xmi:id="_X.gE_AF4.dE.eSDM.rD.hR.i.p.u.f.g" xsi:type="uml:Operation"/><ownedOperation name="suspendTest" publish:icon="2131048053_icon.png" publish:qualifiedname="TestManagement::Interfaces::TestControlService::suspendTest" xmi:id="_32Y.uQF45E.eSDM.rD.hR.i.p.u.f.g" xsi:type="uml:Operation"/><ownedOperation name="resumeTest" publish:icon="2131048053_icon.png" publish:qualifiedname="TestManagement::Interfaces::TestControlService::resumeTest" xmi:id="_G.n1.wYF46E.eSDM.rD.hR.i.p.u.f.g" xsi:type="uml:Operation"/><ownedOperation name="stopTest" publish:icon="2131048053_icon.png" publish:qualifiedname="TestManagement::Interfaces::TestControlService::stopTest" xmi:id="_P8H_MF46E.eSDM.rD.hR.i.p.u.f.g" xsi:type="uml:Operation"/><ownedOperation name="getTestResults" publish:icon="2131048053_icon.png" publish:qualifiedname="TestManagement::Interfaces::TestControlService::getTestResults" xmi:id="_.a.cFW8F46E.eSDM.rD.hR.i.p.u.f.g" xsi:type="uml:Operation"/><ownedOperation name="deleteTest" publish:icon="2131048053_icon.png" publish:qualifiedname="TestManagement::Interfaces::TestControlService::deleteTest" xmi:id="_2.z.nX.wF47E.eSDM.rD.hR.i.p.u.f.g" xsi:type="uml:Operation"/></packagedElement><packagedElement name="TestSpecControlService" publish:icon="1275413217_icon.png" publish:qualifiedname="TestManagement::Interfaces::TestSpecControlService" xmi:id="_KX.vP.gF68E.eSDM.rD.hR.i.p.u.f.g" xsi:type="uml:Interface"><ownedOperation name="createTestSpec" publish:icon="2131048053_icon.png" publish:qualifiedname="TestManagement::Interfaces::TestSpecControlService::createTestSpec" xmi:id="_Q.i.a.pEF68E.eSDM.rD.hR.i.p.u.f.g" xsi:type="uml:Operation"/><ownedOperation name="modifyTestSpec" publish:icon="2131048053_icon.png" publish:qualifiedname="TestManagement::Interfaces::TestSpecControlService::modifyTestSpec" xmi:id="_GW.oDIF6_E.eSDM.rD.hR.i.p.u.f.g" xsi:type="uml:Operation"/><ownedOperation name="getTestSpec" publish:icon="2131048053_icon.png" publish:qualifiedname="TestManagement::Interfaces::TestSpecControlService::getTestSpec" xmi:id="_I9L.j.wF7BE.eSDM.rD.hR.i.p.u.f.g" xsi:type="uml:Operation"/><ownedOperation name="deleteTestSpec" publish:icon="2131048053_icon.png" publish:qualifiedname="TestManagement::Interfaces::TestSpecControlService::deleteTestSpec" xmi:id="_.p.mG9.wF7BE.eSDM.rD.hR.i.p.u.f.g" xsi:type="uml:Operation"/></packagedElement><packagedElement name="retrievesResults" publish:icon="67455910_icon.png" publish:qualifiedname="TestManagement::Interfaces::retrievesResults" xmi:id="_1T06YF7HE.eSDM.rD.hR.i.p.u.f.g" xsi:type="uml:Dependency"/><packagedElement name="createsTestSpecWith" publish:icon="67455910_icon.png" publish:qualifiedname="TestManagement::Interfaces::createsTestSpecWith" xmi:id="_DF.k.zAF7IE.eSDM.rD.hR.i.p.u.f.g" xsi:type="uml:Dependency"/><packagedElement name="retrieveTestSpec" publish:icon="67455910_icon.png" publish:qualifiedname="TestManagement::Interfaces::retrieveTestSpec" xmi:id="_T.gA.lIF7IE.eSDM.rD.hR.i.p.u.f.g" xsi:type="uml:Dependency"/><packagedElement name="modifyTestSpecWith" publish:icon="67455910_icon.png" publish:qualifiedname="TestManagement::Interfaces::modifyTestSpecWith" xmi:id="_P9-.zYF7JE.eSDM.rD.hR.i.p.u.f.g" xsi:type="uml:Dependency"/><packagedElement name="creates Tests with" publish:icon="67455910_icon.png" publish:qualifiedname="TestManagement::Interfaces::creates Tests with" xmi:id="_I8.k.t.sF7.rE.eSDM.rD.hR.i.p.u.f.g" xsi:type="uml:Dependency"/></packagedElement><packagedElement name="Type Definitions" publish:diagramFormat="PNG" publish:icon="-536527158_icon.png" publish:modelname="TestManagement" publish:qualifiedname="TestManagement::Type Definitions" publish:sortOrder="storage" publish:toplevelguid="_.nU.p.i8P-.rE.d.uKKL.vC_EB00A" xmi:id="_D.m.vO0P_IE.d.uKKL.vC_EB00A" xsi:type="uml:Package"><packagedElement name="ThresholdRule" publish:icon="855981068_icon.png" publish:qualifiedname="TestManagement::Type Definitions::ThresholdRule" xmi:id="_OK.v.d8F42E.eSDM.rD.hR.i.p.u.f.g" xsi:type="uml:DataType"><ownedAttribute name="name" publish:icon="-1576714487_icon.png" publish:qualifiedname="TestManagement::Type Definitions::ThresholdRule::name" xmi:id="_T.oLXAF42E.eSDM.rD.hR.i.p.u.f.g" xsi:type="uml:Property"/><ownedAttribute name="description" publish:icon="-1576714487_icon.png" publish:qualifiedname="TestManagement::Type Definitions::ThresholdRule::description" xmi:id="_U6.k.zAF42E.eSDM.rD.hR.i.p.u.f.g" xsi:type="uml:Property"/><ownedAttribute name="thresholdRuleCondition" publish:icon="-1576714487_icon.png" publish:qualifiedname="TestManagement::Type Definitions::ThresholdRule::thresholdRuleCondition" publish:type="Trigger" xmi:id="_W.n.h.dAF42E.eSDM.rD.hR.i.p.u.f.g" xsi:type="uml:Property"/><ownedAttribute name="thresholdRuleSeverity" publish:icon="-1576714487_icon.png" publish:qualifiedname="TestManagement::Type Definitions::ThresholdRule::thresholdRuleSeverity" publish:type="PerceivedSeverity" xmi:id="_Z1.sCIF42E.eSDM.rD.hR.i.p.u.f.g" xsi:type="uml:Property"/><ownedAttribute name="conformanceTargetLower" publish:icon="-1576714487_icon.png" publish:qualifiedname="TestManagement::Type Definitions::ThresholdRule::conformanceTargetLower" publish:type="String" xmi:id="_.c-L.dEF42E.eSDM.rD.hR.i.p.u.f.g" xsi:type="uml:Property"/><ownedAttribute name="conformanceComparatorLower" publish:icon="-1576714487_icon.png" publish:qualifiedname="TestManagement::Type Definitions::ThresholdRule::conformanceComparatorLower" publish:type="String" xmi:id="_.i.i.t.c.oF42E.eSDM.rD.hR.i.p.u.f.g" xsi:type="uml:Property"/><ownedAttribute name="conformanceComparatorUpper" publish:icon="-1576714487_icon.png" publish:qualifiedname="TestManagement::Type Definitions::ThresholdRule::conformanceComparatorUpper" publish:type="String" xmi:id="_.rTIJYF42E.eSDM.rD.hR.i.p.u.f.g" xsi:type="uml:Property"/><ownedAttribute name="conformanceTargetUpper" publish:icon="-1576714487_icon.png" publish:qualifiedname="TestManagement::Type Definitions::ThresholdRule::conformanceTargetUpper" xmi:id="_.uA.yC.cF42E.eSDM.rD.hR.i.p.u.f.g" xsi:type="uml:Property"/><ownedAttribute name="conformancePeriod" publish:icon="-1576714487_icon.png" publish:qualifiedname="TestManagement::Type Definitions::ThresholdRule::conformancePeriod" publish:type="String" xmi:id="_0AQ4.oF42E.eSDM.rD.hR.i.p.u.f.g" xsi:type="uml:Property"/><ownedAttribute name="action" publish:icon="-1576714487_icon.png" publish:qualifiedname="TestManagement::Type Definitions::ThresholdRule::action" xmi:id="_3.w.z.yEF42E.eSDM.rD.hR.i.p.u.f.g" xsi:type="uml:Property"/></packagedElement><packagedElement name="TestMode" publish:icon="-821742887_icon.png" publish:qualifiedname="TestManagement::Type Definitions::TestMode" xmi:id="_.q0LQ.cF4.eE.eSDM.rD.hR.i.p.u.f.g" xsi:type="uml:Enumeration"><ownedLiteral name="PROACTIVE" publish:icon="1292192740_icon.png" publish:qualifiedname="TestManagement::Type Definitions::TestMode::PROACTIVE" xmi:id="_0Z.t.nUF4.eE.eSDM.rD.hR.i.p.u.f.g" xsi:type="uml:EnumerationLiteral"/><ownedLiteral name="ONDEMAND" publish:icon="1292192740_icon.png" publish:qualifiedname="TestManagement::Type Definitions::TestMode::ONDEMAND" xmi:id="_5.k.d08F4.eE.eSDM.rD.hR.i.p.u.f.g" xsi:type="uml:EnumerationLiteral"/></packagedElement><packagedElement name="TestType" publish:icon="-821742887_icon.png" publish:qualifiedname="TestManagement::Type Definitions::TestType" xmi:id="_J1.sA.sF4.fE.eSDM.rD.hR.i.p.u.f.g" xsi:type="uml:Enumeration"><ownedLiteral name="VENDOR_EXT" publish:icon="1292192740_icon.png" publish:qualifiedname="TestManagement::Type Definitions::TestType::VENDOR_EXT" xmi:id="_NE.pQAF4.fE.eSDM.rD.hR.i.p.u.f.g" xsi:type="uml:EnumerationLiteral"/><ownedLiteral name="AIS" publish:icon="1292192740_icon.png" publish:qualifiedname="TestManagement::Type Definitions::TestType::AIS" xmi:id="_O3PPAF4.fE.eSDM.rD.hR.i.p.u.f.g" xsi:type="uml:EnumerationLiteral"/><ownedLiteral name="CCM" publish:icon="1292192740_icon.png" publish:qualifiedname="TestManagement::Type Definitions::TestType::CCM" xmi:id="_RV.m.u4F4.fE.eSDM.rD.hR.i.p.u.f.g" xsi:type="uml:EnumerationLiteral"/><ownedLiteral name="CV" publish:icon="1292192740_icon.png" publish:qualifiedname="TestManagement::Type Definitions::TestType::CV" xmi:id="_S.g-V0F4.fE.eSDM.rD.hR.i.p.u.f.g" xsi:type="uml:EnumerationLiteral"/><ownedLiteral name="CFM_LB" publish:icon="1292192740_icon.png" publish:qualifiedname="TestManagement::Type Definitions::TestType::CFM_LB" xmi:id="_V.e.kIUF4.fE.eSDM.rD.hR.i.p.u.f.g" xsi:type="uml:EnumerationLiteral"/><ownedLiteral name="CFM_LT" publish:icon="1292192740_icon.png" publish:qualifiedname="TestManagement::Type Definitions::TestType::CFM_LT" xmi:id="_W.oB.q.wF4.fE.eSDM.rD.hR.i.p.u.f.g" xsi:type="uml:EnumerationLiteral"/><ownedLiteral name="EFM_LB" publish:icon="1292192740_icon.png" publish:qualifiedname="TestManagement::Type Definitions::TestType::EFM_LB" xmi:id="_.aAF.y.wF4.fE.eSDM.rD.hR.i.p.u.f.g" xsi:type="uml:EnumerationLiteral"/><ownedLiteral name="LCK" publish:icon="1292192740_icon.png" publish:qualifiedname="TestManagement::Type Definitions::TestType::LCK" xmi:id="_.dAB.u.oF4.fE.eSDM.rD.hR.i.p.u.f.g" xsi:type="uml:EnumerationLiteral"/><ownedLiteral name="SE_FL" publish:icon="1292192740_icon.png" publish:qualifiedname="TestManagement::Type Definitions::TestType::SE_FL" xmi:id="_.d6.sAEF4.fE.eSDM.rD.hR.i.p.u.f.g" xsi:type="uml:EnumerationLiteral"/><ownedLiteral name="SES_FL" publish:icon="1292192740_icon.png" publish:qualifiedname="TestManagement::Type Definitions::TestType::SES_FL" xmi:id="_.fB8.jEF4.fE.eSDM.rD.hR.i.p.u.f.g" xsi:type="uml:EnumerationLiteral"/><ownedLiteral name="OW_FD" publish:icon="1292192740_icon.png" publish:qualifiedname="TestManagement::Type Definitions::TestType::OW_FD" xmi:id="_.h.u.wH.kF4.fE.eSDM.rD.hR.i.p.u.f.g" xsi:type="uml:EnumerationLiteral"/><ownedLiteral name="OW_FDV" publish:icon="1292192740_icon.png" publish:qualifiedname="TestManagement::Type Definitions::TestType::OW_FDV" xmi:id="_.i.wRO8F4.fE.eSDM.rD.hR.i.p.u.f.g" xsi:type="uml:EnumerationLiteral"/><ownedLiteral name="TW_FD" publish:icon="1292192740_icon.png" publish:qualifiedname="TestManagement::Type Definitions::TestType::TW_FD" xmi:id="_.lDX6AF4.fE.eSDM.rD.hR.i.p.u.f.g" xsi:type="uml:EnumerationLiteral"/><ownedLiteral name="TW_FDV" publish:icon="1292192740_icon.png" publish:qualifiedname="TestManagement::Type Definitions::TestType::TW_FDV" xmi:id="_.l-.f.e.cF4.fE.eSDM.rD.hR.i.p.u.f.g" xsi:type="uml:EnumerationLiteral"/><ownedLiteral name="DE_FL" publish:icon="1292192740_icon.png" publish:qualifiedname="TestManagement::Type Definitions::TestType::DE_FL" xmi:id="_.p.l9UYF4.fE.eSDM.rD.hR.i.p.u.f.g" xsi:type="uml:EnumerationLiteral"/><ownedLiteral name="IP_PING" publish:icon="1292192740_icon.png" publish:qualifiedname="TestManagement::Type Definitions::TestType::IP_PING" xmi:id="_.q.t.b50F4.fE.eSDM.rD.hR.i.p.u.f.g" xsi:type="uml:EnumerationLiteral"/><ownedLiteral name="IP_TRT" publish:icon="1292192740_icon.png" publish:qualifiedname="TestManagement::Type Definitions::TestType::IP_TRT" xmi:id="_.r_I.yQF4.fE.eSDM.rD.hR.i.p.u.f.g" xsi:type="uml:EnumerationLiteral"/><ownedLiteral name="PPPoE" publish:icon="1292192740_icon.png" publish:qualifiedname="TestManagement::Type Definitions::TestType::PPPoE" xmi:id="_.uHKO.sF4.fE.eSDM.rD.hR.i.p.u.f.g" xsi:type="uml:EnumerationLiteral"/><ownedLiteral name="PCLT" publish:icon="1292192740_icon.png" publish:qualifiedname="TestManagement::Type Definitions::TestType::PCLT" xmi:id="_.vKT.t.wF4.fE.eSDM.rD.hR.i.p.u.f.g" xsi:type="uml:EnumerationLiteral"/><ownedLiteral name="CETI" publish:icon="1292192740_icon.png" publish:qualifiedname="TestManagement::Type Definitions::TestType::CETI" xmi:id="_.wD95.oF4.fE.eSDM.rD.hR.i.p.u.f.g" xsi:type="uml:EnumerationLiteral"/><ownedLiteral name="CETO" publish:icon="1292192740_icon.png" publish:qualifiedname="TestManagement::Type Definitions::TestType::CETO" xmi:id="_.xJ.nTEF4.fE.eSDM.rD.hR.i.p.u.f.g" xsi:type="uml:EnumerationLiteral"/><ownedLiteral name="RFC2544" publish:icon="1292192740_icon.png" publish:qualifiedname="TestManagement::Type Definitions::TestType::RFC2544" xmi:id="_.z.t.lE.oF4.fE.eSDM.rD.hR.i.p.u.f.g" xsi:type="uml:EnumerationLiteral"/></packagedElement><packagedElement name="TestAdminState" publish:icon="-821742887_icon.png" publish:qualifiedname="TestManagement::Type Definitions::TestAdminState" xmi:id="_.eH4SEF4.gE.eSDM.rD.hR.i.p.u.f.g" xsi:type="uml:Enumeration"><ownedLiteral name="LOCKED" publish:icon="1292192740_icon.png" publish:qualifiedname="TestManagement::Type Definitions::TestAdminState::LOCKED" xmi:id="_.oB.w.hQF4.gE.eSDM.rD.hR.i.p.u.f.g" xsi:type="uml:EnumerationLiteral"/><ownedLiteral name="UNLOCKED" publish:icon="1292192740_icon.png" publish:qualifiedname="TestManagement::Type Definitions::TestAdminState::UNLOCKED" xmi:id="_.pEOD0F4.gE.eSDM.rD.hR.i.p.u.f.g" xsi:type="uml:EnumerationLiteral"/></packagedElement><packagedElement name="TestState" publish:icon="-821742887_icon.png" publish:qualifiedname="TestManagement::Type Definitions::TestState" xmi:id="_-DUT8F4.gE.eSDM.rD.hR.i.p.u.f.g" xsi:type="uml:Enumeration"><ownedLiteral name="STARTING" publish:icon="1292192740_icon.png" publish:qualifiedname="TestManagement::Type Definitions::TestState::STARTING" xmi:id="__.yS-QF4.gE.eSDM.rD.hR.i.p.u.f.g" xsi:type="uml:EnumerationLiteral"/><ownedLiteral name="ONGOING" publish:icon="1292192740_icon.png" publish:qualifiedname="TestManagement::Type Definitions::TestState::ONGOING" xmi:id="_EP2.u.sF4.hE.eSDM.rD.hR.i.p.u.f.g" xsi:type="uml:EnumerationLiteral"/><ownedLiteral name="COMPLETED" publish:icon="1292192740_icon.png" publish:qualifiedname="TestManagement::Type Definitions::TestState::COMPLETED" xmi:id="_F1.sEEF4.hE.eSDM.rD.hR.i.p.u.f.g" xsi:type="uml:EnumerationLiteral"/><ownedLiteral name="STOPPED" publish:icon="1292192740_icon.png" publish:qualifiedname="TestManagement::Type Definitions::TestState::STOPPED" xmi:id="_HP.o5.kF4.hE.eSDM.rD.hR.i.p.u.f.g" xsi:type="uml:EnumerationLiteral"/><ownedLiteral name="FAILED" publish:icon="1292192740_icon.png" publish:qualifiedname="TestManagement::Type Definitions::TestState::FAILED" xmi:id="_L.qE.d.gF4.hE.eSDM.rD.hR.i.p.u.f.g" xsi:type="uml:EnumerationLiteral"/><ownedLiteral name="UNKNOWN" publish:icon="1292192740_icon.png" publish:qualifiedname="TestManagement::Type Definitions::TestState::UNKNOWN" xmi:id="_M7A.g8F4.hE.eSDM.rD.hR.i.p.u.f.g" xsi:type="uml:EnumerationLiteral"/></packagedElement><packagedElement name="TestParameterValueInUse" publish:icon="855981068_icon.png" publish:qualifiedname="TestManagement::Type Definitions::TestParameterValueInUse" xmi:id="_.iLU.gEF4.lE.eSDM.rD.hR.i.p.u.f.g" xsi:type="uml:DataType"><ownedAttribute name="tpValue" publish:icon="-1576714487_icon.png" publish:qualifiedname="TestManagement::Type Definitions::TestParameterValueInUse::tpValue" xmi:id="_.xLAL.cF4.lE.eSDM.rD.hR.i.p.u.f.g" xsi:type="uml:Property"/><ownedAttribute name="tpRef" publish:icon="-1576714487_icon.png" publish:is_association="true" publish:qualifiedname="TestManagement::Type Definitions::TestParameterValueInUse::tpRef" publish:type="TestParameter" publish:typeid="_9.p8F.cF4.yE.eSDM.rD.hR.i.p.u.f.g" xmi:id="_H.e3.b.kF7VE.eSDM.rD.hR.i.p.u.f.g" xsi:type="uml:Property"/></packagedElement><packagedElement name="TestMeasureDefinition" publish:icon="855981068_icon.png" publish:qualifiedname="TestManagement::Type Definitions::TestMeasureDefinition" xmi:id="_-.a.nV.cF4.nE.eSDM.rD.hR.i.p.u.f.g" xsi:type="uml:DataType"><ownedAttribute name="name" publish:icon="-1576714487_icon.png" publish:qualifiedname="TestManagement::Type Definitions::TestMeasureDefinition::name" publish:type="String" xmi:id="_BJ.a.eAF4.oE.eSDM.rD.hR.i.p.u.f.g" xsi:type="uml:Property"/><ownedAttribute name="description" publish:icon="-1576714487_icon.png" publish:qualifiedname="TestManagement::Type Definitions::TestMeasureDefinition::description" publish:type="String" xmi:id="_G.y.n.iMF4.oE.eSDM.rD.hR.i.p.u.f.g" xsi:type="uml:Property"/><ownedAttribute name="unitOfMeasure" publish:icon="-1576714487_icon.png" publish:qualifiedname="TestManagement::Type Definitions::TestMeasureDefinition::unitOfMeasure" xmi:id="_K8H.uMF4.oE.eSDM.rD.hR.i.p.u.f.g" xsi:type="uml:Property"/><ownedAttribute name="captureFrequency" publish:icon="-1576714487_icon.png" publish:qualifiedname="TestManagement::Type Definitions::TestMeasureDefinition::captureFrequency" publish:type="String" xmi:id="_SA.fI0F4.oE.eSDM.rD.hR.i.p.u.f.g" xsi:type="uml:Property"/><ownedAttribute name="capturePeriod" publish:icon="-1576714487_icon.png" publish:qualifiedname="TestManagement::Type Definitions::TestMeasureDefinition::capturePeriod" xmi:id="_Y.hX.b4F4.oE.eSDM.rD.hR.i.p.u.f.g" xsi:type="uml:Property"/><ownedAttribute name="valueType" publish:icon="-1576714487_icon.png" publish:qualifiedname="TestManagement::Type Definitions::TestMeasureDefinition::valueType" xmi:id="_.j4W.s0F4.pE.eSDM.rD.hR.i.p.u.f.g" xsi:type="uml:Property"/><ownedAttribute name="thresholdRule" publish:icon="-1576714487_icon.png" publish:is_association="true" publish:qualifiedname="TestManagement::Type Definitions::TestMeasureDefinition::thresholdRule" publish:type="ThresholdRule" publish:typeid="_OK.v.d8F42E.eSDM.rD.hR.i.p.u.f.g" xmi:id="_.e9.m.h.sF43E.eSDM.rD.hR.i.p.u.f.g" xsi:type="uml:Property"/></packagedElement><packagedElement name="TestMeasureValue" publish:icon="855981068_icon.png" publish:qualifiedname="TestManagement::Type Definitions::TestMeasureValue" xmi:id="_0K.jE.wF4.wE.eSDM.rD.hR.i.p.u.f.g" xsi:type="uml:DataType"><ownedAttribute name="tmRef" publish:icon="-1576714487_icon.png" publish:qualifiedname="TestManagement::Type Definitions::TestMeasureValue::tmRef" publish:type="String" xmi:id="__9.qG.cF4.wE.eSDM.rD.hR.i.p.u.f.g" xsi:type="uml:Property"/><ownedAttribute name="tmValue" publish:icon="-1576714487_icon.png" publish:qualifiedname="TestManagement::Type Definitions::TestMeasureValue::tmValue" xmi:id="_.qD.hU8F4.xE.eSDM.rD.hR.i.p.u.f.g" xsi:type="uml:Property"/><ownedAttribute name="testMeasureDefinition" publish:icon="-1576714487_icon.png" publish:is_association="true" publish:qualifiedname="TestManagement::Type Definitions::TestMeasureValue::testMeasureDefinition" publish:type="TestMeasureDefinition" publish:typeid="_-.a.nV.cF4.nE.eSDM.rD.hR.i.p.u.f.g" xmi:id="_Y.a.a.zMF7UE.eSDM.rD.hR.i.p.u.f.g" xsi:type="uml:Property"/></packagedElement><packagedElement publish:icon="67455910_icon.png" publish:qualifiedname="TestManagement::Type Definitions::&lt;Dependency&gt;" xmi:id="_81_.x8F4.wE.eSDM.rD.hR.i.p.u.f.g" xsi:type="uml:Dependency"/><packagedElement name="TestParameter" publish:icon="855981068_icon.png" publish:qualifiedname="TestManagement::Type Definitions::TestParameter" xmi:id="_9.p8F.cF4.yE.eSDM.rD.hR.i.p.u.f.g" xsi:type="uml:DataType"><ownedAttribute name="name" publish:icon="-1576714487_icon.png" publish:qualifiedname="TestManagement::Type Definitions::TestParameter::name" xmi:id="_LVTCMF4.zE.eSDM.rD.hR.i.p.u.f.g" xsi:type="uml:Property"/><ownedAttribute name="description" publish:icon="-1576714487_icon.png" publish:qualifiedname="TestManagement::Type Definitions::TestParameter::description" publish:type="String" xmi:id="_S1OX.cF4.zE.eSDM.rD.hR.i.p.u.f.g" xsi:type="uml:Property"/><ownedAttribute name="unique" publish:icon="-1576714487_icon.png" publish:qualifiedname="TestManagement::Type Definitions::TestParameter::unique" xmi:id="_ZK.s.r.wF4.zE.eSDM.rD.hR.i.p.u.f.g" xsi:type="uml:Property"/><ownedAttribute name="canBeOverridden" publish:icon="-1576714487_icon.png" publish:qualifiedname="TestManagement::Type Definitions::TestParameter::canBeOverridden" publish:type="Boolean" xmi:id="_.dD.t.k.sF4.zE.eSDM.rD.hR.i.p.u.f.g" xsi:type="uml:Property"/><ownedAttribute name="minCardinality" publish:icon="-1576714487_icon.png" publish:qualifiedname="TestManagement::Type Definitions::TestParameter::minCardinality" xmi:id="_.mE2OAF4.zE.eSDM.rD.hR.i.p.u.f.g" xsi:type="uml:Property"/><ownedAttribute name="maxCardinality" publish:icon="-1576714487_icon.png" publish:qualifiedname="TestManagement::Type Definitions::TestParameter::maxCardinality" xmi:id="_.oF.tS.gF4.zE.eSDM.rD.hR.i.p.u.f.g" xsi:type="uml:Property"/><ownedAttribute name="testParameterValue" publish:icon="-1576714487_icon.png" publish:is_association="true" publish:qualifiedname="TestManagement::Type Definitions::TestParameter::testParameterValue" publish:type="TestParameterValue" publish:typeid="_.vY.q34F41E.eSDM.rD.hR.i.p.u.f.g" xmi:id="_9.fJ.qYF41E.eSDM.rD.hR.i.p.u.f.g" xsi:type="uml:Property"/><ownedAttribute name="extensible" publish:icon="-1576714487_icon.png" publish:qualifiedname="TestManagement::Type Definitions::TestParameter::extensible" publish:type="Boolean" xmi:id="_.tDFD0F7VE.eSDM.rD.hR.i.p.u.f.g" xsi:type="uml:Property"/><ownedAttribute name="package" publish:icon="-1576714487_icon.png" publish:is_association="false" publish:qualifiedname="TestManagement::Type Definitions::TestParameter::package" publish:type="TestParameter" publish:typeid="_9.p8F.cF4.yE.eSDM.rD.hR.i.p.u.f.g" xmi:id="_.wZ.c30F7XE.eSDM.rD.hR.i.p.u.f.g" xsi:type="uml:Property"/></packagedElement><packagedElement publish:icon="67455910_icon.png" publish:qualifiedname="TestManagement::Type Definitions::&lt;Dependency&gt;" xmi:id="_2.rT.p8F4.zE.eSDM.rD.hR.i.p.u.f.g" xsi:type="uml:Dependency"/><packagedElement name="TestSpecVersion" publish:icon="855981068_icon.png" publish:qualifiedname="TestManagement::Type Definitions::TestSpecVersion" xmi:id="_.pH_Z.cF40E.eSDM.rD.hR.i.p.u.f.g" xsi:type="uml:DataType"><ownedAttribute name="testSpecRevisionName" publish:icon="-1576714487_icon.png" publish:qualifiedname="TestManagement::Type Definitions::TestSpecVersion::testSpecRevisionName" xmi:id="_.r.o.pYUF40E.eSDM.rD.hR.i.p.u.f.g" xsi:type="uml:Property"/><ownedAttribute name="testSpecRevisionNumber" publish:icon="-1576714487_icon.png" publish:qualifiedname="TestManagement::Type Definitions::TestSpecVersion::testSpecRevisionNumber" xmi:id="_.v.j.o.nMF40E.eSDM.rD.hR.i.p.u.f.g" xsi:type="uml:Property"/><ownedAttribute name="testSpecRevisionReason" publish:icon="-1576714487_icon.png" publish:qualifiedname="TestManagement::Type Definitions::TestSpecVersion::testSpecRevisionReason" xmi:id="_.y51.uAF40E.eSDM.rD.hR.i.p.u.f.g" xsi:type="uml:Property"/></packagedElement><packagedElement name="TestParameterValue" publish:icon="855981068_icon.png" publish:qualifiedname="TestManagement::Type Definitions::TestParameterValue" xmi:id="_.vY.q34F41E.eSDM.rD.hR.i.p.u.f.g" xsi:type="uml:DataType"><ownedAttribute name="tpValue" publish:icon="-1576714487_icon.png" publish:qualifiedname="TestManagement::Type Definitions::TestParameterValue::tpValue" xmi:id="_3.bSD.cF41E.eSDM.rD.hR.i.p.u.f.g" xsi:type="uml:Property"/></packagedElement><packagedElement publish:icon="218434738_icon.png" publish:qualifiedname="TestManagement::Type Definitions::&lt;Association&gt;" xmi:id="_9.fD.j.wF41E.eSDM.rD.hR.i.p.u.f.g" xsi:type="uml:Association"><ownedEnd name="resourceTestParameter" publish:icon="-1408938540_icon.png" publish:is_association="true" publish:qualifiedname="TestManagement::Type Definitions::&lt;Association&gt;::resourceTestParameter" publish:type="TestParameter" publish:typeid="_9.p8F.cF4.yE.eSDM.rD.hR.i.p.u.f.g" xmi:id="_9.fP.xAF41E.eSDM.rD.hR.i.p.u.f.g" xsi:type="uml:Property"/></packagedElement><packagedElement publish:icon="218434738_icon.png" publish:qualifiedname="TestManagement::Type Definitions::&lt;Association&gt;" xmi:id="_.e9.hCIF43E.eSDM.rD.hR.i.p.u.f.g" xsi:type="uml:Association"><ownedEnd name="resourceTestMeasure" publish:icon="-1408938540_icon.png" publish:is_association="true" publish:qualifiedname="TestManagement::Type Definitions::&lt;Association&gt;::resourceTestMeasure" publish:type="TestMeasureDefinition" publish:typeid="_-.a.nV.cF4.nE.eSDM.rD.hR.i.p.u.f.g" xmi:id="_.e9.tPYF43E.eSDM.rD.hR.i.p.u.f.g" xsi:type="uml:Property"/></packagedElement><packagedElement name="TestData" publish:icon="855981068_icon.png" publish:qualifiedname="TestManagement::Type Definitions::TestData" xmi:id="_I.b0.r8F45E.eSDM.rD.hR.i.p.u.f.g" xsi:type="uml:DataType"><ownedAttribute name="testMode" publish:icon="-1576714487_icon.png" publish:is_association="false" publish:qualifiedname="TestManagement::Type Definitions::TestData::testMode" publish:type="TestMode" publish:typeid="_.q0LQ.cF4.eE.eSDM.rD.hR.i.p.u.f.g" xmi:id="_L.kI.bEF7FE.eSDM.rD.hR.i.p.u.f.g" xsi:type="uml:Property"/><ownedAttribute name="testType" publish:icon="-1576714487_icon.png" publish:is_association="false" publish:qualifiedname="TestManagement::Type Definitions::TestData::testType" publish:type="TestType" publish:typeid="_J1.sA.sF4.fE.eSDM.rD.hR.i.p.u.f.g" xmi:id="_OBY.g.oF7FE.eSDM.rD.hR.i.p.u.f.g" xsi:type="uml:Property"/><ownedAttribute name="testAdminState" publish:icon="-1576714487_icon.png" publish:is_association="false" publish:qualifiedname="TestManagement::Type Definitions::TestData::testAdminState" publish:type="TestAdminState" publish:typeid="_.eH4SEF4.gE.eSDM.rD.hR.i.p.u.f.g" xmi:id="_S.a.iSMF7FE.eSDM.rD.hR.i.p.u.f.g" xsi:type="uml:Property"/><ownedAttribute name="testSchedule" publish:icon="-1576714487_icon.png" publish:is_association="false" publish:qualifiedname="TestManagement::Type Definitions::TestData::testSchedule" publish:type="TestSchedule" publish:typeid="_.e0U5YF7FE.eSDM.rD.hR.i.p.u.f.g" xmi:id="_WJ0AUF7FE.eSDM.rD.hR.i.p.u.f.g" xsi:type="uml:Property"/><ownedAttribute name="entityUnderTestList" publish:icon="-1576714487_icon.png" publish:qualifiedname="TestManagement::Type Definitions::TestData::entityUnderTestList" xmi:id="_67MA8F7GE.eSDM.rD.hR.i.p.u.f.g" xsi:type="uml:Property"/></packagedElement><packagedElement name="TestFilter" publish:icon="-821742887_icon.png" publish:qualifiedname="TestManagement::Type Definitions::TestFilter" xmi:id="_.g2.mG0F47E.eSDM.rD.hR.i.p.u.f.g" xsi:type="uml:Enumeration"><ownedLiteral name="ALL" publish:icon="1292192740_icon.png" publish:qualifiedname="TestManagement::Type Definitions::TestFilter::ALL" xmi:id="_.iF.n.e.sF47E.eSDM.rD.hR.i.p.u.f.g" xsi:type="uml:EnumerationLiteral"/><ownedLiteral name="MEASURES" publish:icon="1292192740_icon.png" publish:qualifiedname="TestManagement::Type Definitions::TestFilter::MEASURES" xmi:id="_.jBIE.sF47E.eSDM.rD.hR.i.p.u.f.g" xsi:type="uml:EnumerationLiteral"/></packagedElement><packagedElement name="TestSpecData" publish:icon="855981068_icon.png" publish:qualifiedname="TestManagement::Type Definitions::TestSpecData" xmi:id="_Y.b.jI.gF68E.eSDM.rD.hR.i.p.u.f.g" xsi:type="uml:DataType"><ancestor name="CommonObjectCreateData" publish:icon="855981068_icon.png" publish:qualifiedname="Framework::Type Definitions::CommonObjectCreateData" xmi:id="_.fJJBQK.f4E.d.yB.v.u4Q.gH3.iC.w" xsi:type="uml:DataType"><inheritedAttribute anchor="#_.fJJBQ.q.f4E.d.yB.v.u4Q.gH3.iC.w" name="name" publish:icon="-1576714487_icon.png" publish:qualifiedname="Framework::Type Definitions::CommonObjectCreateData::name" xmi:id="_.fJJBQK.f4E.d.yB.v.u4Q.gH3.iC.w" xsi:type="uml:Property"/></ancestor><ancestor name="CommonObjectSetData" publish:icon="855981068_icon.png" publish:qualifiedname="Framework::Type Definitions::CommonObjectSetData" xmi:id="_MP.s.wEP_FE.d.uKKL.vC_EB00A" xsi:type="uml:DataType"><inheritedAttribute anchor="#__DK.n4P_FE.d.uKKL.vC_EB00A" name="userLabel" publish:icon="-1576714487_icon.png" publish:qualifiedname="Framework::Type Definitions::CommonObjectSetData::userLabel" xmi:id="_MP.s.wEP_FE.d.uKKL.vC_EB00A" xsi:type="uml:Property"/><inheritedAttribute anchor="#__DK.n4__FE.d.uKKL.vC_EB00A" name="forceUniqueness" publish:icon="-1576714487_icon.png" publish:qualifiedname="Framework::Type Definitions::CommonObjectSetData::forceUniqueness" xmi:id="_MP.s.wEP_FE.d.uKKL.vC_EB00A" xsi:type="uml:Property"/><inheritedAttribute anchor="#__DK.n5.v_FE.d.uKKL.vC_EB00A" name="owner" publish:icon="-1576714487_icon.png" publish:qualifiedname="Framework::Type Definitions::CommonObjectSetData::owner" xmi:id="_MP.s.wEP_FE.d.uKKL.vC_EB00A" xsi:type="uml:Property"/><inheritedAttribute anchor="#_.u.gC.h.cB.t1E.d29JJ.r_.hKM.p.fA" name="nativeEmsName" publish:icon="-1576714487_icon.png" publish:qualifiedname="Framework::Type Definitions::CommonObjectSetData::nativeEmsName" xmi:id="_MP.s.wEP_FE.d.uKKL.vC_EB00A" xsi:type="uml:Property"/><inheritedAttribute anchor="#_.mJC.tUK.mSE.d.y39Z05.qV.q.f.pQ" name="aliasNameList" publish:icon="-1576714487_icon.png" publish:qualifiedname="Framework::Type Definitions::CommonObjectSetData::aliasNameList" xmi:id="_MP.s.wEP_FE.d.uKKL.vC_EB00A" xsi:type="uml:Property"/><inheritedAttribute anchor="#__DK.n6.f_FE.d.uKKL.vC_EB00A" name="additionalInfo" publish:icon="-1576714487_icon.png" publish:qualifiedname="Framework::Type Definitions::CommonObjectSetData::additionalInfo" xmi:id="_MP.s.wEP_FE.d.uKKL.vC_EB00A" xsi:type="uml:Property"/></ancestor><ownedAttribute name="testType" publish:icon="-1576714487_icon.png" publish:is_association="false" publish:qualifiedname="TestManagement::Type Definitions::TestSpecData::testType" publish:type="TestType" publish:typeid="_J1.sA.sF4.fE.eSDM.rD.hR.i.p.u.f.g" xmi:id="_.b.s.tXQF68E.eSDM.rD.hR.i.p.u.f.g" xsi:type="uml:Property"/><ownedAttribute name="testSpecVersion" publish:icon="-1576714487_icon.png" publish:is_association="false" publish:qualifiedname="TestManagement::Type Definitions::TestSpecData::testSpecVersion" publish:type="TestSpecVersion" publish:typeid="_.pH_Z.cF40E.eSDM.rD.hR.i.p.u.f.g" xmi:id="_N.eUJ.cF69E.eSDM.rD.hR.i.p.u.f.g" xsi:type="uml:Property"/><ownedAttribute name="testParameterList" publish:icon="-1576714487_icon.png" publish:is_association="true" publish:qualifiedname="TestManagement::Type Definitions::TestSpecData::testParameterList" publish:type="TestParameter" publish:typeid="_9.p8F.cF4.yE.eSDM.rD.hR.i.p.u.f.g" xmi:id="_Y-.o.yAF69E.eSDM.rD.hR.i.p.u.f.g" xsi:type="uml:Property"/><ownedAttribute name="testMeasureList" publish:icon="-1576714487_icon.png" publish:is_association="true" publish:qualifiedname="TestManagement::Type Definitions::TestSpecData::testMeasureList" publish:type="TestMeasureDefinition" publish:typeid="_-.a.nV.cF4.nE.eSDM.rD.hR.i.p.u.f.g" xmi:id="_.wF.qX8F69E.eSDM.rD.hR.i.p.u.f.g" xsi:type="uml:Property"/><ownedAttribute name="containsTestSpecRefList" publish:icon="-1576714487_icon.png" publish:is_association="true" publish:qualifiedname="TestManagement::Type Definitions::TestSpecData::containsTestSpecRefList" publish:type="TestSpecData" publish:typeid="_Y.b.jI.gF68E.eSDM.rD.hR.i.p.u.f.g" xmi:id="_DI7N.gF6-E.eSDM.rD.hR.i.p.u.f.g" xsi:type="uml:Property"/><ownedAttribute name="containedByTestSpecRef" publish:icon="-1576714487_icon.png" publish:is_association="true" publish:qualifiedname="TestManagement::Type Definitions::TestSpecData::containedByTestSpecRef" publish:type="TestSpecData" publish:typeid="_Y.b.jI.gF68E.eSDM.rD.hR.i.p.u.f.g" xmi:id="_DJAGAF6-E.eSDM.rD.hR.i.p.u.f.g" xsi:type="uml:Property"/></packagedElement><packagedElement publish:icon="218434738_icon.png" publish:qualifiedname="TestManagement::Type Definitions::&lt;Association&gt;" xmi:id="_Y-.j5.gF69E.eSDM.rD.hR.i.p.u.f.g" xsi:type="uml:Association"><ownedEnd name="testSpecDataType" publish:icon="-1408938540_icon.png" publish:is_association="true" publish:qualifiedname="TestManagement::Type Definitions::&lt;Association&gt;::testSpecDataType" publish:type="TestSpecData" publish:typeid="_Y.b.jI.gF68E.eSDM.rD.hR.i.p.u.f.g" xmi:id="_Y-.uR.kF69E.eSDM.rD.hR.i.p.u.f.g" xsi:type="uml:Property"/></packagedElement><packagedElement publish:icon="218434738_icon.png" publish:qualifiedname="TestManagement::Type Definitions::&lt;Association&gt;" xmi:id="_.wF.l.f.cF69E.eSDM.rD.hR.i.p.u.f.g" xsi:type="uml:Association"><ownedEnd name="testSpecDataType" publish:icon="-1408938540_icon.png" publish:is_association="true" publish:qualifiedname="TestManagement::Type Definitions::&lt;Association&gt;::testSpecDataType" publish:type="TestSpecData" publish:typeid="_Y.b.jI.gF68E.eSDM.rD.hR.i.p.u.f.g" xmi:id="_.wF.v3.gF69E.eSDM.rD.hR.i.p.u.f.g" xsi:type="uml:Property"/></packagedElement><packagedElement publish:icon="201672024_icon.png" publish:qualifiedname="TestManagement::Type Definitions::&lt;Association&gt;" xmi:id="_DI2VAF6-E.eSDM.rD.hR.i.p.u.f.g" xsi:type="uml:Association"/><packagedElement name="TestSpecModifyData" publish:icon="855981068_icon.png" publish:qualifiedname="TestManagement::Type Definitions::TestSpecModifyData" xmi:id="_X99GMF6_E.eSDM.rD.hR.i.p.u.f.g" xsi:type="uml:DataType"><ancestor name="CommonResourceModifyData" publish:icon="855981068_icon.png" publish:qualifiedname="NetworkResourceBasic::Type Definitions::CommonResourceModifyData" xmi:id="_Z.bG.q.oK.l.cE.d.y39Z05.qV.q.f.pQ" xsi:type="uml:DataType"><inheritedAttribute anchor="#_Z.bG.q.q6.l.cE.d.y39Z05.qV.q.f.pQ" name="networkAccessDomain" publish:icon="-1576714487_icon.png" publish:qualifiedname="NetworkResourceBasic::Type Definitions::CommonResourceModifyData::networkAccessDomain" xmi:id="_Z.bG.q.oK.l.cE.d.y39Z05.qV.q.f.pQ" xsi:type="uml:Property"/></ancestor><ancestor name="CommonObjectModifyData" publish:icon="855981068_icon.png" publish:qualifiedname="Framework::Type Definitions::CommonObjectModifyData" xmi:id="_QXA.s.w.b.q.bE.d.yA7.v53C.jA.z.n.g" xsi:type="uml:DataType"/><ancestor name="CommonObjectSetData" publish:icon="855981068_icon.png" publish:qualifiedname="Framework::Type Definitions::CommonObjectSetData" xmi:id="_MP.s.wEP_FE.d.uKKL.vC_EB00A" xsi:type="uml:DataType"><inheritedAttribute anchor="#__DK.n4P_FE.d.uKKL.vC_EB00A" name="userLabel" publish:icon="-1576714487_icon.png" publish:qualifiedname="Framework::Type Definitions::CommonObjectSetData::userLabel" xmi:id="_MP.s.wEP_FE.d.uKKL.vC_EB00A" xsi:type="uml:Property"/><inheritedAttribute anchor="#__DK.n4__FE.d.uKKL.vC_EB00A" name="forceUniqueness" publish:icon="-1576714487_icon.png" publish:qualifiedname="Framework::Type Definitions::CommonObjectSetData::forceUniqueness" xmi:id="_MP.s.wEP_FE.d.uKKL.vC_EB00A" xsi:type="uml:Property"/><inheritedAttribute anchor="#__DK.n5.v_FE.d.uKKL.vC_EB00A" name="owner" publish:icon="-1576714487_icon.png" publish:qualifiedname="Framework::Type Definitions::CommonObjectSetData::owner" xmi:id="_MP.s.wEP_FE.d.uKKL.vC_EB00A" xsi:type="uml:Property"/><inheritedAttribute anchor="#_.u.gC.h.cB.t1E.d29JJ.r_.hKM.p.fA" name="nativeEmsName" publish:icon="-1576714487_icon.png" publish:qualifiedname="Framework::Type Definitions::CommonObjectSetData::nativeEmsName" xmi:id="_MP.s.wEP_FE.d.uKKL.vC_EB00A" xsi:type="uml:Property"/><inheritedAttribute anchor="#_.mJC.tUK.mSE.d.y39Z05.qV.q.f.pQ" name="aliasNameList" publish:icon="-1576714487_icon.png" publish:qualifiedname="Framework::Type Definitions::CommonObjectSetData::aliasNameList" xmi:id="_MP.s.wEP_FE.d.uKKL.vC_EB00A" xsi:type="uml:Property"/><inheritedAttribute anchor="#__DK.n6.f_FE.d.uKKL.vC_EB00A" name="additionalInfo" publish:icon="-1576714487_icon.png" publish:qualifiedname="Framework::Type Definitions::CommonObjectSetData::additionalInfo" xmi:id="_MP.s.wEP_FE.d.uKKL.vC_EB00A" xsi:type="uml:Property"/></ancestor><ownedAttribute name="testSpecVersion" publish:icon="-1576714487_icon.png" publish:is_association="false" publish:qualifiedname="TestManagement::Type Definitions::TestSpecModifyData::testSpecVersion" publish:type="TestSpecVersion" publish:typeid="_.pH_Z.cF40E.eSDM.rD.hR.i.p.u.f.g" xmi:id="_.pXQUUF6_E.eSDM.rD.hR.i.p.u.f.g" xsi:type="uml:Property"/><ownedAttribute name="testParameterList" publish:icon="-1576714487_icon.png" publish:is_association="true" publish:qualifiedname="TestManagement::Type Definitions::TestSpecModifyData::testParameterList" publish:type="TestParameter" publish:typeid="_9.p8F.cF4.yE.eSDM.rD.hR.i.p.u.f.g" xmi:id="_.w.p.p.j4F6_E.eSDM.rD.hR.i.p.u.f.g" xsi:type="uml:Property"/><ownedAttribute name="testMeasureList" publish:icon="-1576714487_icon.png" publish:is_association="true" publish:qualifiedname="TestManagement::Type Definitions::TestSpecModifyData::testMeasureList" publish:type="TestMeasureDefinition" publish:typeid="_-.a.nV.cF4.nE.eSDM.rD.hR.i.p.u.f.g" xmi:id="_9.c7.pIF6_E.eSDM.rD.hR.i.p.u.f.g" xsi:type="uml:Property"/><ownedAttribute name="containsTestSpecRefList" publish:icon="-1576714487_icon.png" publish:is_association="true" publish:qualifiedname="TestManagement::Type Definitions::TestSpecModifyData::containsTestSpecRefList" publish:type="TestSpecModifyData" publish:typeid="_X99GMF6_E.eSDM.rD.hR.i.p.u.f.g" xmi:id="_E-6M0F7AE.eSDM.rD.hR.i.p.u.f.g" xsi:type="uml:Property"/><ownedAttribute name="containedByTestSpecRef" publish:icon="-1576714487_icon.png" publish:is_association="true" publish:qualifiedname="TestManagement::Type Definitions::TestSpecModifyData::containedByTestSpecRef" publish:type="TestSpecModifyData" publish:typeid="_X99GMF6_E.eSDM.rD.hR.i.p.u.f.g" xmi:id="_E-_.sYF7AE.eSDM.rD.hR.i.p.u.f.g" xsi:type="uml:Property"/></packagedElement><packagedElement publish:icon="218434738_icon.png" publish:qualifiedname="TestManagement::Type Definitions::&lt;Association&gt;" xmi:id="_.w.p.lS.cF6_E.eSDM.rD.hR.i.p.u.f.g" xsi:type="uml:Association"><ownedEnd name="testSpecModifyData" publish:icon="-1408938540_icon.png" publish:is_association="true" publish:qualifiedname="TestManagement::Type Definitions::&lt;Association&gt;::testSpecModifyData" publish:type="TestSpecModifyData" publish:typeid="_X99GMF6_E.eSDM.rD.hR.i.p.u.f.g" xmi:id="_.w.p.vD.cF6_E.eSDM.rD.hR.i.p.u.f.g" xsi:type="uml:Property"/></packagedElement><packagedElement publish:icon="218434738_icon.png" publish:qualifiedname="TestManagement::Type Definitions::&lt;Association&gt;" xmi:id="_9.c3X.sF6_E.eSDM.rD.hR.i.p.u.f.g" xsi:type="uml:Association"><ownedEnd name="testSpecModifyData" publish:icon="-1408938540_icon.png" publish:is_association="true" publish:qualifiedname="TestManagement::Type Definitions::&lt;Association&gt;::testSpecModifyData" publish:type="TestSpecModifyData" publish:typeid="_X99GMF6_E.eSDM.rD.hR.i.p.u.f.g" xmi:id="_9.dBI.sF6_E.eSDM.rD.hR.i.p.u.f.g" xsi:type="uml:Property"/></packagedElement><packagedElement publish:icon="201672024_icon.png" publish:qualifiedname="TestManagement::Type Definitions::&lt;Association&gt;" xmi:id="_E-1UUF7AE.eSDM.rD.hR.i.p.u.f.g" xsi:type="uml:Association"/><packagedElement name="TestSetData" publish:icon="855981068_icon.png" publish:qualifiedname="TestManagement::Type Definitions::TestSetData" xmi:id="_SY.e.u.oF7DE.eSDM.rD.hR.i.p.u.f.g" xsi:type="uml:DataType"><ownedAttribute name="testName" publish:icon="-1576714487_icon.png" publish:qualifiedname="TestManagement::Type Definitions::TestSetData::testName" publish:type="ObjectName" xmi:id="_W.x.cS8F7DE.eSDM.rD.hR.i.p.u.f.g" xsi:type="uml:Property"/><ownedAttribute name="testMode" publish:icon="-1576714487_icon.png" publish:is_association="false" publish:qualifiedname="TestManagement::Type Definitions::TestSetData::testMode" publish:type="TestMode" publish:typeid="_.q0LQ.cF4.eE.eSDM.rD.hR.i.p.u.f.g" xmi:id="_.a.r.w.z.cF7DE.eSDM.rD.hR.i.p.u.f.g" xsi:type="uml:Property"/><ownedAttribute name="testType" publish:icon="-1576714487_icon.png" publish:is_association="false" publish:qualifiedname="TestManagement::Type Definitions::TestSetData::testType" publish:type="TestType" publish:typeid="_J1.sA.sF4.fE.eSDM.rD.hR.i.p.u.f.g" xmi:id="_.d3X.z0F7DE.eSDM.rD.hR.i.p.u.f.g" xsi:type="uml:Property"/><ownedAttribute name="testAdminState" publish:icon="-1576714487_icon.png" publish:is_association="false" publish:qualifiedname="TestManagement::Type Definitions::TestSetData::testAdminState" publish:type="TestAdminState" publish:typeid="_.eH4SEF4.gE.eSDM.rD.hR.i.p.u.f.g" xmi:id="_.l.fZ8MF7DE.eSDM.rD.hR.i.p.u.f.g" xsi:type="uml:Property"/><ownedAttribute name="testParameterValueInUseType" publish:icon="-1576714487_icon.png" publish:is_association="false" publish:qualifiedname="TestManagement::Type Definitions::TestSetData::testParameterValueInUseType" publish:type="TestParameterValueInUse" publish:typeid="_.iLU.gEF4.lE.eSDM.rD.hR.i.p.u.f.g" xmi:id="_0EO3.kF7DE.eSDM.rD.hR.i.p.u.f.g" xsi:type="uml:Property"/><ownedAttribute name="testSpecification" publish:icon="-1576714487_icon.png" publish:qualifiedname="TestManagement::Type Definitions::TestSetData::testSpecification" publish:type="ObjectName" xmi:id="_3.aW.e0F7DE.eSDM.rD.hR.i.p.u.f.g" xsi:type="uml:Property"/><ownedAttribute name="testMeasures" publish:icon="-1576714487_icon.png" publish:is_association="false" publish:qualifiedname="TestManagement::Type Definitions::TestSetData::testMeasures" publish:type="TestMeasureDefinition" publish:typeid="_-.a.nV.cF4.nE.eSDM.rD.hR.i.p.u.f.g" xmi:id="_5.c920F7DE.eSDM.rD.hR.i.p.u.f.g" xsi:type="uml:Property"/></packagedElement><packagedElement name="TestSchedule" publish:icon="855981068_icon.png" publish:qualifiedname="TestManagement::Type Definitions::TestSchedule" xmi:id="_.e0U5YF7FE.eSDM.rD.hR.i.p.u.f.g" xsi:type="uml:DataType"><ownedAttribute name="startTimeType" publish:icon="-1576714487_icon.png" publish:is_association="false" publish:qualifiedname="TestManagement::Type Definitions::TestSchedule::startTimeType" publish:type="Time" publish:typeid="_5.z.w7UF7FE.eSDM.rD.hR.i.p.u.f.g" xmi:id="_.h.h.q.pYF7FE.eSDM.rD.hR.i.p.u.f.g" xsi:type="uml:Property"/><ownedAttribute name="startTime" publish:icon="-1576714487_icon.png" publish:qualifiedname="TestManagement::Type Definitions::TestSchedule::startTime" publish:type="dateTime" xmi:id="_EH.zW8F7GE.eSDM.rD.hR.i.p.u.f.g" xsi:type="uml:Property"/><ownedAttribute name="relativeStartTime" publish:icon="-1576714487_icon.png" publish:qualifiedname="TestManagement::Type Definitions::TestSchedule::relativeStartTime" publish:type="Integer" xmi:id="_.d.a5.y4F7GE.eSDM.rD.hR.i.p.u.f.g" xsi:type="uml:Property"/><ownedAttribute name="stopTimeType" publish:icon="-1576714487_icon.png" publish:is_association="false" publish:qualifiedname="TestManagement::Type Definitions::TestSchedule::stopTimeType" publish:type="Time" publish:typeid="_5.z.w7UF7FE.eSDM.rD.hR.i.p.u.f.g" xmi:id="_.kB7KMF7GE.eSDM.rD.hR.i.p.u.f.g" xsi:type="uml:Property"/><ownedAttribute name="stopTime" publish:icon="-1576714487_icon.png" publish:qualifiedname="TestManagement::Type Definitions::TestSchedule::stopTime" publish:type="dateTime" xmi:id="_.kB7KM.l7GE.eSDM.rD.hR.i.p.u.f.g" xsi:type="uml:Property"/><ownedAttribute name="relativeStopTime" publish:icon="-1576714487_icon.png" publish:qualifiedname="TestManagement::Type Definitions::TestSchedule::relativeStopTime" publish:type="Integer" xmi:id="_.kB7.xQF7GE.eSDM.rD.hR.i.p.u.f.g" xsi:type="uml:Property"/><ownedAttribute name="recurringFrequency" publish:icon="-1576714487_icon.png" publish:qualifiedname="TestManagement::Type Definitions::TestSchedule::recurringFrequency" publish:type="Integer" xmi:id="_.s.aC.r.sF7GE.eSDM.rD.hR.i.p.u.f.g" xsi:type="uml:Property"/></packagedElement><packagedElement name="Time" publish:icon="-821742887_icon.png" publish:qualifiedname="TestManagement::Type Definitions::Time" xmi:id="_5.z.w7UF7FE.eSDM.rD.hR.i.p.u.f.g" xsi:type="uml:Enumeration"><ownedLiteral name="FIXED" publish:icon="1292192740_icon.png" publish:qualifiedname="TestManagement::Type Definitions::Time::FIXED" xmi:id="_7.fL7UF7FE.eSDM.rD.hR.i.p.u.f.g" xsi:type="uml:EnumerationLiteral"/><ownedLiteral name="IMMEDIATE" publish:icon="1292192740_icon.png" publish:qualifiedname="TestManagement::Type Definitions::Time::IMMEDIATE" xmi:id="_8.k.d.hUF7FE.eSDM.rD.hR.i.p.u.f.g" xsi:type="uml:EnumerationLiteral"/><ownedLiteral name="RELATIVE" publish:icon="1292192740_icon.png" publish:qualifiedname="TestManagement::Type Definitions::Time::RELATIVE" xmi:id="_9.xD3UF7FE.eSDM.rD.hR.i.p.u.f.g" xsi:type="uml:EnumerationLiteral"/></packagedElement><packagedElement publish:icon="218434738_icon.png" publish:qualifiedname="TestManagement::Type Definitions::&lt;Association&gt;" xmi:id="_Y.aV6.sF7UE.eSDM.rD.hR.i.p.u.f.g" xsi:type="uml:Association"><ownedEnd name="resourceTestMeasureValue" publish:icon="-1408938540_icon.png" publish:is_association="true" publish:qualifiedname="TestManagement::Type Definitions::&lt;Association&gt;::resourceTestMeasureValue" publish:type="TestMeasureValue" publish:typeid="_0K.jE.wF4.wE.eSDM.rD.hR.i.p.u.f.g" xmi:id="_Y.a.gS.wF7UE.eSDM.rD.hR.i.p.u.f.g" xsi:type="uml:Property"/></packagedElement><packagedElement publish:icon="218434738_icon.png" publish:qualifiedname="TestManagement::Type Definitions::&lt;Association&gt;" xmi:id="_H.e.zKIF7VE.eSDM.rD.hR.i.p.u.f.g" xsi:type="uml:Association"><ownedEnd name="testParameterValueInUse" publish:icon="-1408938540_icon.png" publish:is_association="true" publish:qualifiedname="TestManagement::Type Definitions::&lt;Association&gt;::testParameterValueInUse" publish:type="TestParameterValueInUse" publish:typeid="_.iLU.gEF4.lE.eSDM.rD.hR.i.p.u.f.g" xmi:id="_H.e8UEF7VE.eSDM.rD.hR.i.p.u.f.g" xsi:type="uml:Property"/></packagedElement><packagedElement name="TimePeriod" publish:icon="855981068_icon.png" publish:qualifiedname="TestManagement::Type Definitions::TimePeriod" xmi:id="_.nC.xP0F4.oE.eSDM.rD.hR.i.p.u.f.g" xsi:type="uml:DataType"><ownedAttribute name="startDateTime" publish:icon="-1576714487_icon.png" publish:qualifiedname="TestManagement::Type Definitions::TimePeriod::startDateTime" publish:type="dateTime" xmi:id="_RUMOEF4.pE.eSDM.rD.hR.i.p.u.f.g" xsi:type="uml:Property"/><ownedAttribute name="endDateTime" publish:icon="-1576714487_icon.png" publish:qualifiedname="TestManagement::Type Definitions::TimePeriod::endDateTime" publish:type="dateTime" xmi:id="_T.fM.tEF4.pE.eSDM.rD.hR.i.p.u.f.g" xsi:type="uml:Property"/></packagedElement><packagedElement name="TestType" publish:icon="855981068_icon.png" publish:qualifiedname="TestManagement::Type Definitions::TestType" xmi:id="_2NEZQF74E.eSDM.rD.hR.i.p.u.f.g" xsi:type="uml:DataType"><ownedAttribute name="testName" publish:icon="-1576714487_icon.png" publish:qualifiedname="TestManagement::Type Definitions::TestType::testName" publish:type="ObjectName" xmi:id="_5S9MIF74E.eSDM.rD.hR.i.p.u.f.g" xsi:type="uml:Property"/><ownedAttribute name="testType" publish:icon="-1576714487_icon.png" publish:is_association="false" publish:qualifiedname="TestManagement::Type Definitions::TestType::testType" publish:type="TestType" publish:typeid="_J1.sA.sF4.fE.eSDM.rD.hR.i.p.u.f.g" xmi:id="_9.wBNUF74E.eSDM.rD.hR.i.p.u.f.g" xsi:type="uml:Property"/></packagedElement><packagedElement name="EntityUnderTest" publish:icon="855981068_icon.png" publish:qualifiedname="TestManagement::Type Definitions::EntityUnderTest" xmi:id="_R.a8UYF_.sE.eSDM.rD.hR.i.p.u.f.g" xsi:type="uml:DataType"><ownedAttribute name="entityTestRef" publish:icon="-1576714487_icon.png" publish:qualifiedname="TestManagement::Type Definitions::EntityUnderTest::entityTestRef" publish:type="ObjectName" xmi:id="_V.vQ.pQF_.sE.eSDM.rD.hR.i.p.u.f.g" xsi:type="uml:Property"/><ownedAttribute name="testSpecification" publish:icon="-1576714487_icon.png" publish:is_association="true" publish:qualifiedname="TestManagement::Type Definitions::EntityUnderTest::testSpecification" publish:type="TestSpecification" publish:typeid="_.nMOD.kF4.kE.eSDM.rD.hR.i.p.u.f.g" xmi:id="_.qK.v2AF_.sE.eSDM.rD.hR.i.p.u.f.g" xsi:type="uml:Property"/><ownedAttribute name="testParameterValueInUse" publish:icon="-1576714487_icon.png" publish:is_association="true" publish:qualifiedname="TestManagement::Type Definitions::EntityUnderTest::testParameterValueInUse" publish:type="TestParameterValueInUse" publish:typeid="_.iLU.gEF4.lE.eSDM.rD.hR.i.p.u.f.g" xmi:id="_27B.q.kF_.sE.eSDM.rD.hR.i.p.u.f.g" xsi:type="uml:Property"/><ownedAttribute name="testMeasureValue" publish:icon="-1576714487_icon.png" publish:is_association="true" publish:qualifiedname="TestManagement::Type Definitions::EntityUnderTest::testMeasureValue" publish:type="TestMeasureValue" publish:typeid="_0K.jE.wF4.wE.eSDM.rD.hR.i.p.u.f.g" xmi:id="_A.g0.gIF_.tE.eSDM.rD.hR.i.p.u.f.g" xsi:type="uml:Property"/></packagedElement><packagedElement publish:icon="218434738_icon.png" publish:qualifiedname="TestManagement::Type Definitions::&lt;Association&gt;" xmi:id="_.qK.q9.gF_.sE.eSDM.rD.hR.i.p.u.f.g" xsi:type="uml:Association"><ownedEnd name="entityUnderTest" publish:icon="-1408938540_icon.png" publish:is_association="true" publish:qualifiedname="TestManagement::Type Definitions::&lt;Association&gt;::entityUnderTest" publish:type="EntityUnderTest" publish:typeid="_R.a8UYF_.sE.eSDM.rD.hR.i.p.u.f.g" xmi:id="_.qK1V.kF_.sE.eSDM.rD.hR.i.p.u.f.g" xsi:type="uml:Property"/></packagedElement><packagedElement publish:icon="218434738_icon.png" publish:qualifiedname="TestManagement::Type Definitions::&lt;Association&gt;" xmi:id="_269ZIF_.sE.eSDM.rD.hR.i.p.u.f.g" xsi:type="uml:Association"><ownedEnd name="entityUnderTest" publish:icon="-1408938540_icon.png" publish:is_association="true" publish:qualifiedname="TestManagement::Type Definitions::&lt;Association&gt;::entityUnderTest" publish:type="EntityUnderTest" publish:typeid="_R.a8UYF_.sE.eSDM.rD.hR.i.p.u.f.g" xmi:id="_27HKIF_.sE.eSDM.rD.hR.i.p.u.f.g" xsi:type="uml:Property"/></packagedElement><packagedElement publish:icon="218434738_icon.png" publish:qualifiedname="TestManagement::Type Definitions::&lt;Association&gt;" xmi:id="_A.g.v.n.oF_.tE.eSDM.rD.hR.i.p.u.f.g" xsi:type="uml:Association"><ownedEnd name="entityUnderTest" publish:icon="-1408938540_icon.png" publish:is_association="true" publish:qualifiedname="TestManagement::Type Definitions::&lt;Association&gt;::entityUnderTest" publish:type="EntityUnderTest" publish:typeid="_R.a8UYF_.sE.eSDM.rD.hR.i.p.u.f.g" xmi:id="_A.g5Y.oF_.tE.eSDM.rD.hR.i.p.u.f.g" xsi:type="uml:Property"/></packagedElement><packagedElement name="TestReturned" publish:icon="855981068_icon.png" publish:qualifiedname="TestManagement::Type Definitions::TestReturned" xmi:id="_P3.fV.oGCRE.eSDM.rD.hR.i.p.u.f.g" xsi:type="uml:DataType"><ownedAttribute name="testName" publish:icon="-1576714487_icon.png" publish:qualifiedname="TestManagement::Type Definitions::TestReturned::testName" publish:type="ObjectType" xmi:id="_R.wU.f.gGCRE.eSDM.rD.hR.i.p.u.f.g" xsi:type="uml:Property"/><ownedAttribute name="testType" publish:icon="-1576714487_icon.png" publish:is_association="false" publish:qualifiedname="TestManagement::Type Definitions::TestReturned::testType" publish:type="TestType" publish:typeid="_2NEZQF74E.eSDM.rD.hR.i.p.u.f.g" xmi:id="_XIL8EGCRE.eSDM.rD.hR.i.p.u.f.g" xsi:type="uml:Property"/></packagedElement></packagedElement><packagedElement name="Class Diagrams" publish:diagramFormat="PNG" publish:icon="-536527158_icon.png" publish:modelname="TestManagement" publish:qualifiedname="TestManagement::Class Diagrams" publish:sortOrder="storage" publish:toplevelguid="_.nU.p.i8P-.rE.d.uKKL.vC_EB00A" xmi:id="__W04QB8VE.d.y.bT.c3B.lJ.s.a9Q" xsi:type="uml:Package"/><packagedElement name="Data Object Classes" publish:diagramFormat="PNG" publish:icon="-536527158_icon.png" publish:modelname="TestManagement" publish:qualifiedname="TestManagement::Data Object Classes" publish:sortOrder="storage" publish:toplevelguid="_.nU.p.i8P-.rE.d.uKKL.vC_EB00A" xmi:id="_A.vW.j.wF4.eE.eSDM.rD.hR.i.p.u.f.g" xsi:type="uml:Package"><packagedElement name="Test" publish:icon="-33208880_icon.png" publish:qualifiedname="TestManagement::Data Object Classes::Test" xmi:id="_P.yAD.kF4.eE.eSDM.rD.hR.i.p.u.f.g" xsi:type="uml:Class"><ancestor name="CommonObjectInfo" publish:icon="-33208880_icon.png" publish:qualifiedname="Framework::Data Object Classes::CommonObjectInfo" xmi:id="_.o9.aZ.cA6.yE.d.y.d7PUN.b-IYCQ" xsi:type="uml:Class"><inheritedAttribute anchor="#_.x.d-.pJA6.uE.d.y.d7PUN.b-IYCQ" name="name" publish:icon="1476740532_icon.png" publish:qualifiedname="Framework::Data Object Classes::CommonObjectInfo::name" xmi:id="_.o9.aZ.cA6.yE.d.y.d7PUN.b-IYCQ" xsi:type="uml:Property"/><inheritedAttribute anchor="#_.x.d-.pMA6.uE.d.y.d7PUN.b-IYCQ" name="discoveredName" publish:icon="-1576714487_icon.png" publish:qualifiedname="Framework::Data Object Classes::CommonObjectInfo::discoveredName" xmi:id="_.o9.aZ.cA6.yE.d.y.d7PUN.b-IYCQ" xsi:type="uml:Property"/><inheritedAttribute anchor="#_.x.d-.pM.w6.uE.d.y.d7PUN.b-IYCQ" name="namingOsRef" publish:icon="-1576714487_icon.png" publish:qualifiedname="Framework::Data Object Classes::CommonObjectInfo::namingOsRef" xmi:id="_.o9.aZ.cA6.yE.d.y.d7PUN.b-IYCQ" xsi:type="uml:Property"/><inheritedAttribute anchor="#_.h.wRYUB.t3E.d29JJ.r_.hKM.p.fA" name="nativeEmsName" publish:icon="-1576714487_icon.png" publish:qualifiedname="Framework::Data Object Classes::CommonObjectInfo::nativeEmsName" xmi:id="_.o9.aZ.cA6.yE.d.y.d7PUN.b-IYCQ" xsi:type="uml:Property"/><inheritedAttribute anchor="#_.x.d-.pOQ6.uE.d.y.d7PUN.b-IYCQ" name="aliasNameList" publish:icon="-1576714487_icon.png" publish:qualifiedname="Framework::Data Object Classes::CommonObjectInfo::aliasNameList" xmi:id="_.o9.aZ.cA6.yE.d.y.d7PUN.b-IYCQ" xsi:type="uml:Property"/><inheritedAttribute anchor="#_4.z.dIQA62E.d.y.d7PUN.b-IYCQ" name="userLabel" publish:icon="-1576714487_icon.png" publish:qualifiedname="Framework::Data Object Classes::CommonObjectInfo::userLabel" xmi:id="_.o9.aZ.cA6.yE.d.y.d7PUN.b-IYCQ" xsi:type="uml:Property"/><inheritedAttribute anchor="#_.x.d-.pK.g6.uE.d.y.d7PUN.b-IYCQ" name="owner" publish:icon="-1576714487_icon.png" publish:qualifiedname="Framework::Data Object Classes::CommonObjectInfo::owner" xmi:id="_.o9.aZ.cA6.yE.d.y.d7PUN.b-IYCQ" xsi:type="uml:Property"/><inheritedAttribute anchor="#_.x.d-.pQQ6.uE.d.y.d7PUN.b-IYCQ" name="additionalInfo" publish:icon="-1576714487_icon.png" publish:qualifiedname="Framework::Data Object Classes::CommonObjectInfo::additionalInfo" xmi:id="_.o9.aZ.cA6.yE.d.y.d7PUN.b-IYCQ" xsi:type="uml:Property"/></ancestor><ownedAttribute name="testMode" publish:icon="-1576714487_icon.png" publish:is_association="false" publish:qualifiedname="TestManagement::Data Object Classes::Test::testMode" publish:type="TestMode" publish:typeid="_.q0LQ.cF4.eE.eSDM.rD.hR.i.p.u.f.g" xmi:id="_.c.b.hI0F4.eE.eSDM.rD.hR.i.p.u.f.g" xsi:type="uml:Property"><defaultValue name="ONDEMAND" publish:icon="570760462_icon.png" publish:qualifiedname="TestManagement::Data Object Classes::Test::testMode::ONDEMAND" xmi:id="__Q2T.gF4.fE.eSDM.rD.hR.i.p.u.f.g" xsi:type="uml:InstanceValue"/></ownedAttribute><ownedAttribute name="testType" publish:icon="-1576714487_icon.png" publish:is_association="false" publish:qualifiedname="TestManagement::Data Object Classes::Test::testType" publish:type="TestType" publish:typeid="_J1.sA.sF4.fE.eSDM.rD.hR.i.p.u.f.g" xmi:id="_D.nS.k.wF4.fE.eSDM.rD.hR.i.p.u.f.g" xsi:type="uml:Property"/><ownedAttribute name="testAdminState" publish:icon="-1576714487_icon.png" publish:is_association="false" publish:qualifiedname="TestManagement::Data Object Classes::Test::testAdminState" publish:type="TestAdminState" publish:typeid="_.eH4SEF4.gE.eSDM.rD.hR.i.p.u.f.g" xmi:id="_XQ.w.pQF4.gE.eSDM.rD.hR.i.p.u.f.g" xsi:type="uml:Property"/><ownedAttribute name="testSchedule" publish:icon="-1576714487_icon.png" publish:is_association="false" publish:qualifiedname="TestManagement::Data Object Classes::Test::testSchedule" publish:type="TestSchedule" publish:typeid="_.e0U5YF7FE.eSDM.rD.hR.i.p.u.f.g" xmi:id="_.y.a8.i.oF4.gE.eSDM.rD.hR.i.p.u.f.g" xsi:type="uml:Property"/><ownedAttribute name="testState" publish:icon="-1576714487_icon.png" publish:is_association="false" publish:qualifiedname="TestManagement::Data Object Classes::Test::testState" publish:type="TestState" publish:typeid="_-DUT8F4.gE.eSDM.rD.hR.i.p.u.f.g" xmi:id="_7K.iI8F4.gE.eSDM.rD.hR.i.p.u.f.g" xsi:type="uml:Property"/><ownedAttribute name="terminationPointData" publish:icon="-1576714487_icon.png" publish:qualifiedname="TestManagement::Data Object Classes::Test::terminationPointData" publish:type="TerminationPointData" xmi:id="_7.iLW.cF4.sE.eSDM.rD.hR.i.p.u.f.g" xsi:type="uml:Property"/><ownedAttribute name="testScheduleType" publish:icon="-1576714487_icon.png" publish:is_association="true" publish:qualifiedname="TestManagement::Data Object Classes::Test::testScheduleType" publish:type="TestSchedule" publish:typeid="_.e0U5YF7FE.eSDM.rD.hR.i.p.u.f.g" xmi:id="_.rTV.a8F7JE.eSDM.rD.hR.i.p.u.f.g" xsi:type="uml:Property"/><ownedAttribute name="entityUnderTest" publish:icon="-1576714487_icon.png" publish:is_association="true" publish:qualifiedname="TestManagement::Data Object Classes::Test::entityUnderTest" publish:type="EntityUnderTest" publish:typeid="_R.a8UYF_.sE.eSDM.rD.hR.i.p.u.f.g" xmi:id="_.d.d_P.gF_.sE.eSDM.rD.hR.i.p.u.f.g" xsi:type="uml:Property"/></packagedElement><packagedElement name="TestSpecification" publish:icon="-33208880_icon.png" publish:qualifiedname="TestManagement::Data Object Classes::TestSpecification" xmi:id="_.nMOD.kF4.kE.eSDM.rD.hR.i.p.u.f.g" xsi:type="uml:Class"><ancestor name="CommonObjectInfo" publish:icon="-33208880_icon.png" publish:qualifiedname="Framework::Data Object Classes::CommonObjectInfo" xmi:id="_.o9.aZ.cA6.yE.d.y.d7PUN.b-IYCQ" xsi:type="uml:Class"><inheritedAttribute anchor="#_.x.d-.pJA6.uE.d.y.d7PUN.b-IYCQ" name="name" publish:icon="1476740532_icon.png" publish:qualifiedname="Framework::Data Object Classes::CommonObjectInfo::name" xmi:id="_.o9.aZ.cA6.yE.d.y.d7PUN.b-IYCQ" xsi:type="uml:Property"/><inheritedAttribute anchor="#_.x.d-.pMA6.uE.d.y.d7PUN.b-IYCQ" name="discoveredName" publish:icon="-1576714487_icon.png" publish:qualifiedname="Framework::Data Object Classes::CommonObjectInfo::discoveredName" xmi:id="_.o9.aZ.cA6.yE.d.y.d7PUN.b-IYCQ" xsi:type="uml:Property"/><inheritedAttribute anchor="#_.x.d-.pM.w6.uE.d.y.d7PUN.b-IYCQ" name="namingOsRef" publish:icon="-1576714487_icon.png" publish:qualifiedname="Framework::Data Object Classes::CommonObjectInfo::namingOsRef" xmi:id="_.o9.aZ.cA6.yE.d.y.d7PUN.b-IYCQ" xsi:type="uml:Property"/><inheritedAttribute anchor="#_.h.wRYUB.t3E.d29JJ.r_.hKM.p.fA" name="nativeEmsName" publish:icon="-1576714487_icon.png" publish:qualifiedname="Framework::Data Object Classes::CommonObjectInfo::nativeEmsName" xmi:id="_.o9.aZ.cA6.yE.d.y.d7PUN.b-IYCQ" xsi:type="uml:Property"/><inheritedAttribute anchor="#_.x.d-.pOQ6.uE.d.y.d7PUN.b-IYCQ" name="aliasNameList" publish:icon="-1576714487_icon.png" publish:qualifiedname="Framework::Data Object Classes::CommonObjectInfo::aliasNameList" xmi:id="_.o9.aZ.cA6.yE.d.y.d7PUN.b-IYCQ" xsi:type="uml:Property"/><inheritedAttribute anchor="#_4.z.dIQA62E.d.y.d7PUN.b-IYCQ" name="userLabel" publish:icon="-1576714487_icon.png" publish:qualifiedname="Framework::Data Object Classes::CommonObjectInfo::userLabel" xmi:id="_.o9.aZ.cA6.yE.d.y.d7PUN.b-IYCQ" xsi:type="uml:Property"/><inheritedAttribute anchor="#_.x.d-.pK.g6.uE.d.y.d7PUN.b-IYCQ" name="owner" publish:icon="-1576714487_icon.png" publish:qualifiedname="Framework::Data Object Classes::CommonObjectInfo::owner" xmi:id="_.o9.aZ.cA6.yE.d.y.d7PUN.b-IYCQ" xsi:type="uml:Property"/><inheritedAttribute anchor="#_.x.d-.pQQ6.uE.d.y.d7PUN.b-IYCQ" name="additionalInfo" publish:icon="-1576714487_icon.png" publish:qualifiedname="Framework::Data Object Classes::CommonObjectInfo::additionalInfo" xmi:id="_.o9.aZ.cA6.yE.d.y.d7PUN.b-IYCQ" xsi:type="uml:Property"/></ancestor><ownedAttribute name="testMeasure" publish:icon="-1576714487_icon.png" publish:is_association="true" publish:qualifiedname="TestManagement::Data Object Classes::TestSpecification::testMeasure" publish:type="TestMeasureDefinition" publish:typeid="_-.a.nV.cF4.nE.eSDM.rD.hR.i.p.u.f.g" xmi:id="_3.r.j.x.kF4.pE.eSDM.rD.hR.i.p.u.f.g" xsi:type="uml:Property"/><ownedAttribute name="testType" publish:icon="-1576714487_icon.png" publish:is_association="false" publish:qualifiedname="TestManagement::Data Object Classes::TestSpecification::testType" publish:type="TestType" publish:typeid="_J1.sA.sF4.fE.eSDM.rD.hR.i.p.u.f.g" xmi:id="_.eQ6.iMF40E.eSDM.rD.hR.i.p.u.f.g" xsi:type="uml:Property"/><ownedAttribute name="testSpecVersion" publish:icon="-1576714487_icon.png" publish:is_association="false" publish:qualifiedname="TestManagement::Data Object Classes::TestSpecification::testSpecVersion" publish:type="TestSpecVersion" publish:typeid="_.pH_Z.cF40E.eSDM.rD.hR.i.p.u.f.g" xmi:id="_.iGCZ.oF40E.eSDM.rD.hR.i.p.u.f.g" xsi:type="uml:Property"/><ownedAttribute name="testParameter" publish:icon="-1576714487_icon.png" publish:is_association="true" publish:qualifiedname="TestManagement::Data Object Classes::TestSpecification::testParameter" publish:type="TestParameter" publish:typeid="_9.p8F.cF4.yE.eSDM.rD.hR.i.p.u.f.g" xmi:id="_8.e7Y8F40E.eSDM.rD.hR.i.p.u.f.g" xsi:type="uml:Property"/><ownedAttribute name="containsTestSpecRefList" publish:icon="-1576714487_icon.png" publish:is_association="true" publish:qualifiedname="TestManagement::Data Object Classes::TestSpecification::containsTestSpecRefList" publish:type="TestSpecification" publish:typeid="_.nMOD.kF4.kE.eSDM.rD.hR.i.p.u.f.g" xmi:id="_.d.s2.tQF7AE.eSDM.rD.hR.i.p.u.f.g" xsi:type="uml:Property"/><ownedAttribute name="containedByTestSpecRef" publish:icon="-1576714487_icon.png" publish:is_association="true" publish:qualifiedname="TestManagement::Data Object Classes::TestSpecification::containedByTestSpecRef" publish:type="TestSpecification" publish:typeid="_.nMOD.kF4.kE.eSDM.rD.hR.i.p.u.f.g" xmi:id="_.d.s7.l.wF7AE.eSDM.rD.hR.i.p.u.f.g" xsi:type="uml:Property"/></packagedElement><packagedElement publish:icon="218434738_icon.png" publish:qualifiedname="TestManagement::Data Object Classes::&lt;Association&gt;" xmi:id="_3.r.d.q8F4.pE.eSDM.rD.hR.i.p.u.f.g" xsi:type="uml:Association"><ownedEnd name="resourceTestSpecification" publish:icon="-1408938540_icon.png" publish:is_association="true" publish:qualifiedname="TestManagement::Data Object Classes::&lt;Association&gt;::resourceTestSpecification" publish:type="TestSpecification" publish:typeid="_.nMOD.kF4.kE.eSDM.rD.hR.i.p.u.f.g" xmi:id="_3.r.q.fQF4.pE.eSDM.rD.hR.i.p.u.f.g" xsi:type="uml:Property"/></packagedElement><packagedElement publish:icon="218434738_icon.png" publish:qualifiedname="TestManagement::Data Object Classes::&lt;Association&gt;" xmi:id="_7.iFP0F4.sE.eSDM.rD.hR.i.p.u.f.g" xsi:type="uml:Association"><ownedEnd name="resourceTest" publish:icon="-1408938540_icon.png" publish:is_association="true" publish:qualifiedname="TestManagement::Data Object Classes::&lt;Association&gt;::resourceTest" publish:type="Test" publish:typeid="_P.yAD.kF4.eE.eSDM.rD.hR.i.p.u.f.g" xmi:id="_7.iSEIF4.sE.eSDM.rD.hR.i.p.u.f.g" xsi:type="uml:Property"/></packagedElement><packagedElement publish:icon="218434738_icon.png" publish:qualifiedname="TestManagement::Data Object Classes::&lt;Association&gt;" xmi:id="_8.e0.rQF40E.eSDM.rD.hR.i.p.u.f.g" xsi:type="uml:Association"><ownedEnd name="resourceTestSpecification" publish:icon="-1408938540_icon.png" publish:is_association="true" publish:qualifiedname="TestManagement::Data Object Classes::&lt;Association&gt;::resourceTestSpecification" publish:type="TestSpecification" publish:typeid="_.nMOD.kF4.kE.eSDM.rD.hR.i.p.u.f.g" xmi:id="_8.fCG.oF40E.eSDM.rD.hR.i.p.u.f.g" xsi:type="uml:Property"/></packagedElement><packagedElement publish:icon="201672024_icon.png" publish:qualifiedname="TestManagement::Data Object Classes::&lt;Association&gt;" xmi:id="_.d.s.x0.wF7AE.eSDM.rD.hR.i.p.u.f.g" xsi:type="uml:Association"/><packagedElement publish:icon="218434738_icon.png" publish:qualifiedname="TestManagement::Data Object Classes::&lt;Association&gt;" xmi:id="_.rTRJ.gF7JE.eSDM.rD.hR.i.p.u.f.g" xsi:type="uml:Association"><ownedEnd name="resourceTest" publish:icon="-1408938540_icon.png" publish:is_association="true" publish:qualifiedname="TestManagement::Data Object Classes::&lt;Association&gt;::resourceTest" publish:type="Test" publish:typeid="_P.yAD.kF4.eE.eSDM.rD.hR.i.p.u.f.g" xmi:id="_.rT.a6.gF7JE.eSDM.rD.hR.i.p.u.f.g" xsi:type="uml:Property"/></packagedElement><packagedElement publish:icon="218434738_icon.png" publish:qualifiedname="TestManagement::Data Object Classes::&lt;Association&gt;" xmi:id="_.d.d6XAF_.sE.eSDM.rD.hR.i.p.u.f.g" xsi:type="uml:Association"><ownedEnd name="test" publish:icon="-1408938540_icon.png" publish:is_association="true" publish:qualifiedname="TestManagement::Data Object Classes::&lt;Association&gt;::test" publish:type="Test" publish:typeid="_P.yAD.kF4.eE.eSDM.rD.hR.i.p.u.f.g" xmi:id="_.d.eEIAF_.sE.eSDM.rD.hR.i.p.u.f.g" xsi:type="uml:Property"/></packagedElement></packagedElement></uml:Model>