<?xml version="1.0" encoding="UTF-8"?><uml:Model xmlns:uml="http://www.eclipse.org/uml2/1.0.0/UML" name="TestManagement" xmlns:publish="http://www.ibm.com/Rational/XTools/Publish" publish:diagramFormat="PNG" publish:icon="-1576708494_icon.png" publish:modelname="TestManagement" publish:profiles="Standard, Default, Deployment, mTOP UML Profile" publish:qualifiedname="TestManagement" publish:sortOrder="storage" publish:toplevelguid="_.nU.p.i8P-.rE.d.uKKL.vC_EB00A" xmlns:xmi="http://www.omg.org/XMI" xmi:id="_.nU.p.i8P-.rE.d.uKKL.vC_EB00A" xmi:version="2.0" xmlns:com.ibm.xtools.notation="http:///com/ibm/xtools/notation.ecore" xmlns:xsi="http://www.w3.org/2001/XMLSchema-instance" xsi:type="uml:Model"><publish:properties><publish:property canonicalName="Alias" name="Alias" publish:category="UML"/><publish:property canonicalName="Keywords" name="Keywords" publish:category="UML"/><publish:property canonicalName="name" name="Name" publish:category="UML" publish:value="TestManagement"/><publish:property canonicalName="nameExpression" name="Name Expression" publish:category="UML"/><publish:property canonicalName="namespace" name="Namespace" publish:category="UML"/><publish:property canonicalName="nestingPackage" name="Nesting Package" publish:category="UML"/><publish:property canonicalName="ownedTemplateSignature" name="Owned Template Signature" publish:category="UML"/><publish:property canonicalName="owner" name="Owner" publish:category="UML"/><publish:property canonicalName="owningTemplateParameter" name="Owning Template Parameter" publish:category="UML"/><publish:property canonicalName="qualifiedName" name="Qualified Name" publish:category="UML" publish:value="TestManagement"/><publish:property canonicalName="Stereotype" name="Stereotype" publish:category="UML"/><publish:property canonicalName="templateParameter" name="Template Parameter" publish:category="UML"/><publish:property canonicalName="viewpoint" name="Viewpoint" publish:category="UML"/><publish:property canonicalName="visibility" name="Visibility" publish:category="UML" publish:value="Public"/></publish:properties><appliedProfiles><profile name="Standard" visibility="public"/><profile name="Default" visibility="public"/><profile name="Deployment" visibility="public"/><profile name="mTOP UML Profile" visibility="public"/></appliedProfiles><ownedComment annotatedElement="_.nU.p.i8P-.rE.d.uKKL.vC_EB00A" body="Changes done between Release 2.1 and 3.0:&#13;&#10;&#13;&#10;- Interfaces::AlarmControlService::setAlarmReporting: Documentation updated to cover setting of alarm reporting for Connections&#13;&#10;- Protection Interface Diagram added&#13;&#10;- Interfaces::ProtectionControlService::createProtectionGroup added&#13;&#10;- Interfaces::ProtectionControlService::deleteProtectionGroup added&#13;&#10;- Interfaces::ProtectionControlService::modifyProtectionGroup added&#13;&#10;&#13;&#10;- Type Definitions::SwitchData::pgRef converted into a navigable relationship&#13;&#10;- Type Definitions::SwitchData::protectedTpRef converted into a navigable relationship&#13;&#10;- Type Definitions::SwitchData::switchToTpRef converted into a navigable relationship&#13;&#10;&#13;&#10;- Type Definitions::ProtectionGroupSetData added&#13;&#10;- Type Definitions::ProtectionGroupCreateData added&#13;&#10;- Type Definitions::ProtectionGroupModifyData added" isDocumentation="true" isURL="false" name="&lt;Unnamed Comment&gt;" publish:icon="-1677378987_icon.png" publish:qualifiedname="TestManagement::&lt;Comment&gt;" xmi:id="_.t70.tYARTE.eC-.l6U8.aO.qMI.w" xsi:type="uml:Comment"><publish:properties><publish:property canonicalName="body" name="Body" publish:category="UML" publish:value="Changes done between Release 2.1 and 3.0:..."/><publish:property canonicalName="Keywords" name="Keywords" publish:category="UML"/><publish:property canonicalName="owner" name="Owner" publish:category="UML" publish:ismodellink="true" publish:value="TestManagement" xmi:id="_.nU.p.i8P-.rE.d.uKKL.vC_EB00A"/><publish:property canonicalName="Stereotype" name="Stereotype" publish:category="UML" publish:value="documentation"/></publish:properties></ownedComment><packageImport name="&lt;Unnamed PackageImport&gt;" publish:icon="67443055_icon.png" publish:qualifiedname="TestManagement::&lt;PackageImport&gt;" xmi:id="_.nU.p.i9P-.rE.d.uKKL.vC_EB00A" xsi:type="uml:PackageImport"><publish:properties><publish:property canonicalName="importedPackage" name="Imported Package" publish:category="UML" publish:value="«modelLibrary» UMLPrimitiveTypes"/><publish:property canonicalName="importingNamespace" name="Importing Namespace" publish:category="UML" publish:ismodellink="true" publish:value="TestManagement" xmi:id="_.nU.p.i8P-.rE.d.uKKL.vC_EB00A"/><publish:property canonicalName="Keywords" name="Keywords" publish:category="UML"/><publish:property canonicalName="owner" name="Owner" publish:category="UML" publish:ismodellink="true" publish:value="TestManagement" xmi:id="_.nU.p.i8P-.rE.d.uKKL.vC_EB00A"/><publish:property canonicalName="Stereotype" name="Stereotype" publish:category="UML"/><publish:property canonicalName="visibility" name="Visibility" publish:category="UML" publish:value="Public"/></publish:properties></packageImport><packageImport name="&lt;Unnamed PackageImport&gt;" publish:icon="67443055_icon.png" publish:qualifiedname="TestManagement::&lt;PackageImport&gt;" xmi:id="_.w.c.h.kQD.qBE.d.yN.g.bQAJB.aB.gA" xsi:type="uml:PackageImport"><publish:properties><publish:property canonicalName="importedPackage" name="Imported Package" publish:category="UML" publish:value="NetworkResourceAssurance"/><publish:property canonicalName="importingNamespace" name="Importing Namespace" publish:category="UML" publish:ismodellink="true" publish:value="TestManagement" xmi:id="_.nU.p.i8P-.rE.d.uKKL.vC_EB00A"/><publish:property canonicalName="Keywords" name="Keywords" publish:category="UML"/><publish:property canonicalName="owner" name="Owner" publish:category="UML" publish:ismodellink="true" publish:value="TestManagement" xmi:id="_.nU.p.i8P-.rE.d.uKKL.vC_EB00A"/><publish:property canonicalName="Stereotype" name="Stereotype" publish:category="UML"/><publish:property canonicalName="visibility" name="Visibility" publish:category="UML" publish:value="Public"/></publish:properties></packageImport></uml:Model>