<?xml version="1.0" encoding="UTF-8"?><publish:packages xmlns:publish="http://www.ibm.com/Rational/XTools/Publish" xmlns:xmi="http://www.omg.org/XMI"><publish:package name="Class Diagrams" publish:icon="2097501736_icon.png" publish:qualifiedname="TestManagement::Class Diagrams" xmi:id="__W04QB8VE.d.y.bT.c3B.lJ.s.a9Q"/><publish:package name="Interfaces" publish:icon="2097501736_icon.png" publish:qualifiedname="TestManagement::Interfaces" xmi:id="_0.wP.lYP-.rE.d.uKKL.vC_EB00A"/><publish:package name="Data Object Classes" publish:icon="2097501736_icon.png" publish:qualifiedname="TestManagement::Data Object Classes" xmi:id="_A.vW.j.wF4.eE.eSDM.rD.hR.i.p.u.f.g"/><publish:package name="Type Definitions" publish:icon="2097501736_icon.png" publish:qualifiedname="TestManagement::Type Definitions" xmi:id="_D.m.vO0P_IE.d.uKKL.vC_EB00A"/><publish:package name="Interfaces" publish:icon="2097501736_icon.png" publish:qualifiedname="TestManagement::Interfaces" xmi:id="_0.wP.lYP-.rE.d.uKKL.vC_EB00A"/><publish:package name="Type Definitions" publish:icon="2097501736_icon.png" publish:qualifiedname="TestManagement::Type Definitions" xmi:id="_D.m.vO0P_IE.d.uKKL.vC_EB00A"/><publish:package name="Class Diagrams" publish:icon="2097501736_icon.png" publish:qualifiedname="TestManagement::Class Diagrams" xmi:id="__W04QB8VE.d.y.bT.c3B.lJ.s.a9Q"/><publish:package name="Data Object Classes" publish:icon="2097501736_icon.png" publish:qualifiedname="TestManagement::Data Object Classes" xmi:id="_A.vW.j.wF4.eE.eSDM.rD.hR.i.p.u.f.g"/></publish:packages>