<?xml version="1.0" encoding="UTF-8"?><packagedElement name="Data Object Classes" xmlns:publish="http://www.ibm.com/Rational/XTools/Publish" publish:diagramFormat="PNG" publish:icon="-1325065473_icon.png" publish:modelname="NetworkResourceBasic" publish:qualifiedname="NetworkResourceBasic::Data Object Classes" publish:sortOrder="storage" publish:toplevelguid="_C.qF.iEA6.qE.d.y.d7PUN.b-IYCQ" xmlns:xmi="http://www.omg.org/XMI" xmi:id="_.qT.kQ4A6.uE.d.y.d7PUN.b-IYCQ" xmi:version="2.0" xmlns:com.ibm.xtools.notation="http:///com/ibm/xtools/notation.ecore" xmlns:uml="http://www.eclipse.org/uml2/1.0.0/UML" xmlns:xsi="http://www.w3.org/2001/XMLSchema-instance" xsi:type="uml:Package"><publish:properties><publish:property canonicalName="Alias" name="Alias" publish:category="UML"/><publish:property canonicalName="Keywords" name="Keywords" publish:category="UML"/><publish:property canonicalName="name" name="Name" publish:category="UML" publish:value="Data Object Classes"/><publish:property canonicalName="nameExpression" name="Name Expression" publish:category="UML"/><publish:property canonicalName="namespace" name="Namespace" publish:category="UML" publish:ismodellink="true" publish:value="NetworkResourceBasic" xmi:id="_C.qF.iEA6.qE.d.y.d7PUN.b-IYCQ"/><publish:property canonicalName="nestingPackage" name="Nesting Package" publish:category="UML" publish:ismodellink="true" publish:value="NetworkResourceBasic" xmi:id="_C.qF.iEA6.qE.d.y.d7PUN.b-IYCQ"/><publish:property canonicalName="ownedTemplateSignature" name="Owned Template Signature" publish:category="UML"/><publish:property canonicalName="owner" name="Owner" publish:category="UML" publish:ismodellink="true" publish:value="NetworkResourceBasic" xmi:id="_C.qF.iEA6.qE.d.y.d7PUN.b-IYCQ"/><publish:property canonicalName="owningTemplateParameter" name="Owning Template Parameter" publish:category="UML"/><publish:property canonicalName="qualifiedName" name="Qualified Name" publish:category="UML" publish:value="NetworkResourceBasic::Data Object Classes"/><publish:property canonicalName="Stereotype" name="Stereotype" publish:category="UML"/><publish:property canonicalName="templateParameter" name="Template Parameter" publish:category="UML"/><publish:property canonicalName="visibility" name="Visibility" publish:category="UML" publish:value="Public"/></publish:properties><packagedElement name="CommonResourceInfo" publish:icon="1292180129_icon.png" publish:qualifiedname="NetworkResourceBasic::Data Object Classes::CommonResourceInfo" xmi:id="_.x.d-.pIA6.uE.d.y.d7PUN.b-IYCQ" xsi:type="uml:Class"><publish:properties><publish:property canonicalName="Alias" name="Alias" publish:category="UML"/><publish:property canonicalName="classifierBehavior" name="Classifier Behavior" publish:category="UML"/><publish:property canonicalName="isAbstract" name="Is Abstract" publish:category="UML" publish:value="true"/><publish:property canonicalName="isActive" name="Is Active" publish:category="UML" publish:value="false"/><publish:property canonicalName="isLeaf" name="Is Leaf" publish:category="UML" publish:value="false"/><publish:property canonicalName="Keywords" name="Keywords" publish:category="UML"/><publish:property canonicalName="name" name="Name" publish:category="UML" publish:value="CommonResourceInfo"/><publish:property canonicalName="nameExpression" name="Name Expression" publish:category="UML"/><publish:property canonicalName="namespace" name="Namespace" publish:category="UML" publish:ismodellink="false" publish:value="Data Object Classes" xmi:id="_.qT.kQ4A6.uE.d.y.d7PUN.b-IYCQ"/><publish:property canonicalName="ownedTemplateSignature" name="Owned Template Signature" publish:category="UML"/><publish:property canonicalName="owner" name="Owner" publish:category="UML" publish:ismodellink="false" publish:value="Data Object Classes" xmi:id="_.qT.kQ4A6.uE.d.y.d7PUN.b-IYCQ"/><publish:property canonicalName="owningTemplateParameter" name="Owning Template Parameter" publish:category="UML"/><publish:property canonicalName="package" name="Package" publish:category="UML" publish:ismodellink="false" publish:value="Data Object Classes" xmi:id="_.qT.kQ4A6.uE.d.y.d7PUN.b-IYCQ"/><publish:property canonicalName="qualifiedName" name="Qualified Name" publish:category="UML" publish:value="NetworkResourceBasic::Data Object Classes::CommonResourceInfo"/><publish:property canonicalName="representation" name="Representation" publish:category="UML"/><publish:property canonicalName="Stereotype" name="Stereotype" publish:category="UML"/><publish:property canonicalName="templateParameter" name="Template Parameter" publish:category="UML"/><publish:property canonicalName="visibility" name="Visibility" publish:category="UML" publish:value="Public"/></publish:properties><ownedComment annotatedElement="_.x.d-.pIA6.uE.d.y.d7PUN.b-IYCQ" body="This object class defines the attributes that are common to all resource objects.&#13;&#10;Traceability: R_TMF518_NRB_I_0001." isDocumentation="true" isURL="false" name="&lt;Unnamed Comment&gt;" publish:icon="1023744610_icon.png" publish:qualifiedname="NetworkResourceBasic::Data Object Classes::CommonResourceInfo::&lt;Comment&gt;" xmi:id="_.x.d-.pIQ6.uE.d.y.d7PUN.b-IYCQ" xsi:type="uml:Comment"><publish:properties><publish:property canonicalName="body" name="Body" publish:category="UML" publish:value="This object class defines the attributes that are common to all resource objects...."/><publish:property canonicalName="Keywords" name="Keywords" publish:category="UML"/><publish:property canonicalName="owner" name="Owner" publish:category="UML" publish:ismodellink="false" publish:value="CommonResourceInfo" xmi:id="_.x.d-.pIA6.uE.d.y.d7PUN.b-IYCQ"/><publish:property canonicalName="Stereotype" name="Stereotype" publish:category="UML" publish:value="documentation"/></publish:properties></ownedComment><generalization name="&lt;Unnamed Generalization&gt;" publish:icon="-452650376_icon.png" publish:qualifiedname="NetworkResourceBasic::Data Object Classes::CommonResourceInfo::&lt;Generalization&gt;" xmi:id="_QP.qP0A6-E.d.y1D.qAHM.bUTO.w" xsi:type="uml:Generalization"><publish:properties><publish:property canonicalName="general" name="General" publish:category="UML"/><publish:property canonicalName="isSubstitutable" name="Is Substitutable" publish:category="UML" publish:value="true"/><publish:property canonicalName="Keywords" name="Keywords" publish:category="UML"/><publish:property canonicalName="owner" name="Owner" publish:category="UML" publish:ismodellink="false" publish:value="CommonResourceInfo" xmi:id="_.x.d-.pIA6.uE.d.y.d7PUN.b-IYCQ"/><publish:property canonicalName="specific" name="Specific" publish:category="UML" publish:ismodellink="false" publish:value="CommonResourceInfo" xmi:id="_.x.d-.pIA6.uE.d.y.d7PUN.b-IYCQ"/><publish:property canonicalName="Stereotype" name="Stereotype" publish:category="UML"/></publish:properties></generalization><ownedAttribute name="source" publish:icon="923081473_icon.png" publish:is_association="false" publish:qualifiedname="NetworkResourceBasic::Data Object Classes::CommonResourceInfo::source" publish:type="ObjectSource" publish:typeid="_6R9EQP.o2E.d.uV.sYI7.m.fNDXQ" xmi:id="_.x.d-.pN.g6.uE.d.y.d7PUN.b-IYCQ" xsi:type="uml:Property"><publish:properties><publish:property canonicalName="aggregation" name="Aggregation" publish:category="UML" publish:value="None"/><publish:property canonicalName="Alias" name="Alias" publish:category="UML"/><publish:property canonicalName="association" name="Association" publish:category="UML"/><publish:property canonicalName="associationEnd" name="Association End" publish:category="UML"/><publish:property canonicalName="class" name="Class" publish:category="UML" publish:ismodellink="false" publish:value="CommonResourceInfo" xmi:id="_.x.d-.pIA6.uE.d.y.d7PUN.b-IYCQ"/><publish:property canonicalName="datatype" name="Datatype" publish:category="UML"/><publish:property canonicalName="default" name="Default" publish:category="UML" publish:value="UNKNOWN"/><publish:property canonicalName="defaultValue" name="Default Value" publish:category="UML" publish:nohref="true" publish:value="UNKNOWN"/><publish:property canonicalName="isComposite" name="Is Composite" publish:category="UML" publish:value="false"/><publish:property canonicalName="isDerived" name="Is Derived" publish:category="UML" publish:value="false"/><publish:property canonicalName="isDerivedUnion" name="Is Derived Union" publish:category="UML" publish:value="false"/><publish:property canonicalName="isLeaf" name="Is Leaf" publish:category="UML" publish:value="false"/><publish:property canonicalName="isOrdered" name="Is Ordered" publish:category="UML" publish:value="false"/><publish:property canonicalName="isReadOnly" name="Is Read Only" publish:category="UML" publish:value="true"/><publish:property canonicalName="isStatic" name="Is Static" publish:category="UML" publish:value="false"/><publish:property canonicalName="isUnique" name="Is Unique" publish:category="UML" publish:value="true"/><publish:property canonicalName="Keywords" name="Keywords" publish:category="UML" publish:value="profile=xml"/><publish:property canonicalName="lower" name="Lower" publish:category="UML" publish:value="1"/><publish:property canonicalName="lowerValue" name="Lower Value" publish:category="UML"/><publish:property canonicalName="Multiplicity" name="Multiplicity" publish:category="UML" publish:value="1"/><publish:property canonicalName="name" name="Name" publish:category="UML" publish:value="source"/><publish:property canonicalName="nameExpression" name="Name Expression" publish:category="UML"/><publish:property canonicalName="namespace" name="Namespace" publish:category="UML" publish:ismodellink="false" publish:value="CommonResourceInfo" xmi:id="_.x.d-.pIA6.uE.d.y.d7PUN.b-IYCQ"/><publish:property canonicalName="opposite" name="Opposite" publish:category="UML"/><publish:property canonicalName="owner" name="Owner" publish:category="UML" publish:ismodellink="false" publish:value="CommonResourceInfo" xmi:id="_.x.d-.pIA6.uE.d.y.d7PUN.b-IYCQ"/><publish:property canonicalName="owningAssociation" name="Owning Association" publish:category="UML"/><publish:property canonicalName="owningTemplateParameter" name="Owning Template Parameter" publish:category="UML"/><publish:property canonicalName="qualifiedName" name="Qualified Name" publish:category="UML" publish:value="NetworkResourceBasic::Data Object Classes::CommonResourceInfo::source"/><publish:property canonicalName="Stereotype" name="Stereotype" publish:category="UML"/><publish:property canonicalName="templateParameter" name="Template Parameter" publish:category="UML"/><publish:property canonicalName="type" name="Type" publish:category="UML" publish:ismodellink="false" publish:value="ObjectSource" xmi:id="_6R9EQP.o2E.d.uV.sYI7.m.fNDXQ"/><publish:property canonicalName="upper" name="Upper" publish:category="UML" publish:value="1"/><publish:property canonicalName="upperValue" name="Upper Value" publish:category="UML"/><publish:property canonicalName="visibility" name="Visibility" publish:category="UML" publish:value="Public"/></publish:properties><ownedComment annotatedElement="_.x.d-.pN.g6.uE.d.y.d7PUN.b-IYCQ" body="Traceability: R_TMF518_NRB_I_0001 and R_TMF518_NRB_I_0002." isDocumentation="true" isURL="false" name="&lt;Unnamed Comment&gt;" publish:icon="1023744610_icon.png" publish:qualifiedname="NetworkResourceBasic::Data Object Classes::CommonResourceInfo::source::&lt;Comment&gt;" xmi:id="_FH.lH.wHA.cE.d.y.c.rJN.s.dA4.sP.g" xsi:type="uml:Comment"><publish:properties><publish:property canonicalName="body" name="Body" publish:category="UML" publish:value="Traceability: R_TMF518_NRB_I_0001 and R_TMF518_NRB_I_0002."/><publish:property canonicalName="Keywords" name="Keywords" publish:category="UML"/><publish:property anchor="#_.x.d-.pN.g6.uE.d.y.d7PUN.b-IYCQ" canonicalName="owner" name="Owner" publish:category="UML" publish:ismodellink="false" publish:value="«profile=xml» source" xmi:id="_.x.d-.pIA6.uE.d.y.d7PUN.b-IYCQ"/><publish:property canonicalName="Stereotype" name="Stereotype" publish:category="UML" publish:value="documentation"/></publish:properties></ownedComment><defaultValue name="UNKNOWN" publish:icon="1812274008_icon.png" publish:qualifiedname="NetworkResourceBasic::Data Object Classes::CommonResourceInfo::source::UNKNOWN" xmi:id="_X.z.q.mMCM.qE.d.y7G.r.fA.i1CT.wQ" xsi:type="uml:InstanceValue"><publish:properties><publish:property canonicalName="Alias" name="Alias" publish:category="UML"/><publish:property canonicalName="instance" name="Instance" publish:category="UML" publish:ismodellink="false" publish:value="UNKNOWN" xmi:id="_.mA.oOMP.o4E.d.uV.sYI7.m.fNDXQ"/><publish:property canonicalName="Keywords" name="Keywords" publish:category="UML"/><publish:property canonicalName="name" name="Name" publish:category="UML" publish:value="UNKNOWN"/><publish:property canonicalName="nameExpression" name="Name Expression" publish:category="UML"/><publish:property canonicalName="namespace" name="Namespace" publish:category="UML"/><publish:property anchor="#_.x.d-.pN.g6.uE.d.y.d7PUN.b-IYCQ" canonicalName="owner" name="Owner" publish:category="UML" publish:ismodellink="false" publish:value="«profile=xml» source" xmi:id="_.x.d-.pIA6.uE.d.y.d7PUN.b-IYCQ"/><publish:property canonicalName="owningTemplateParameter" name="Owning Template Parameter" publish:category="UML"/><publish:property canonicalName="qualifiedName" name="Qualified Name" publish:category="UML" publish:value="UNKNOWN"/><publish:property canonicalName="Stereotype" name="Stereotype" publish:category="UML"/><publish:property canonicalName="templateParameter" name="Template Parameter" publish:category="UML"/><publish:property canonicalName="type" name="Type" publish:category="UML" publish:ismodellink="false" publish:value="ObjectSource" xmi:id="_6R9EQP.o2E.d.uV.sYI7.m.fNDXQ"/><publish:property canonicalName="visibility" name="Visibility" publish:category="UML" publish:value="Public"/></publish:properties></defaultValue></ownedAttribute><ownedAttribute name="resourceState" publish:icon="-301655413_icon.png" publish:is_association="false" publish:qualifiedname="NetworkResourceBasic::Data Object Classes::CommonResourceInfo::resourceState" publish:type="ResourceState" publish:typeid="_D.q.n30J.e.tE.d6.c.mO2I.tK.y.pX.g" xmi:id="_.x.d-.pP.g6.uE.d.y.d7PUN.b-IYCQ" xsi:type="uml:Property"><publish:properties><publish:property canonicalName="aggregation" name="Aggregation" publish:category="UML" publish:value="None"/><publish:property canonicalName="Alias" name="Alias" publish:category="UML"/><publish:property canonicalName="association" name="Association" publish:category="UML"/><publish:property canonicalName="associationEnd" name="Association End" publish:category="UML"/><publish:property canonicalName="class" name="Class" publish:category="UML" publish:ismodellink="false" publish:value="CommonResourceInfo" xmi:id="_.x.d-.pIA6.uE.d.y.d7PUN.b-IYCQ"/><publish:property canonicalName="datatype" name="Datatype" publish:category="UML"/><publish:property canonicalName="default" name="Default" publish:category="UML" publish:value="UNKNOWN"/><publish:property canonicalName="defaultValue" name="Default Value" publish:category="UML" publish:nohref="true" publish:value="UNKNOWN"/><publish:property canonicalName="isComposite" name="Is Composite" publish:category="UML" publish:value="false"/><publish:property canonicalName="isDerived" name="Is Derived" publish:category="UML" publish:value="false"/><publish:property canonicalName="isDerivedUnion" name="Is Derived Union" publish:category="UML" publish:value="false"/><publish:property canonicalName="isLeaf" name="Is Leaf" publish:category="UML" publish:value="false"/><publish:property canonicalName="isOrdered" name="Is Ordered" publish:category="UML" publish:value="false"/><publish:property canonicalName="isReadOnly" name="Is Read Only" publish:category="UML" publish:value="true"/><publish:property canonicalName="isStatic" name="Is Static" publish:category="UML" publish:value="false"/><publish:property canonicalName="isUnique" name="Is Unique" publish:category="UML" publish:value="true"/><publish:property canonicalName="Keywords" name="Keywords" publish:category="UML" publish:value="profile=xml"/><publish:property canonicalName="lower" name="Lower" publish:category="UML" publish:value="1"/><publish:property canonicalName="lowerValue" name="Lower Value" publish:category="UML"/><publish:property canonicalName="Multiplicity" name="Multiplicity" publish:category="UML" publish:value="1"/><publish:property canonicalName="name" name="Name" publish:category="UML" publish:value="resourceState"/><publish:property canonicalName="nameExpression" name="Name Expression" publish:category="UML"/><publish:property canonicalName="namespace" name="Namespace" publish:category="UML" publish:ismodellink="false" publish:value="CommonResourceInfo" xmi:id="_.x.d-.pIA6.uE.d.y.d7PUN.b-IYCQ"/><publish:property canonicalName="opposite" name="Opposite" publish:category="UML"/><publish:property canonicalName="owner" name="Owner" publish:category="UML" publish:ismodellink="false" publish:value="CommonResourceInfo" xmi:id="_.x.d-.pIA6.uE.d.y.d7PUN.b-IYCQ"/><publish:property canonicalName="owningAssociation" name="Owning Association" publish:category="UML"/><publish:property canonicalName="owningTemplateParameter" name="Owning Template Parameter" publish:category="UML"/><publish:property canonicalName="qualifiedName" name="Qualified Name" publish:category="UML" publish:value="NetworkResourceBasic::Data Object Classes::CommonResourceInfo::resourceState"/><publish:property canonicalName="Stereotype" name="Stereotype" publish:category="UML"/><publish:property canonicalName="templateParameter" name="Template Parameter" publish:category="UML"/><publish:property canonicalName="type" name="Type" publish:category="UML" publish:ismodellink="false" publish:value="ResourceState" xmi:id="_D.q.n30J.e.tE.d6.c.mO2I.tK.y.pX.g"/><publish:property canonicalName="upper" name="Upper" publish:category="UML" publish:value="1"/><publish:property canonicalName="upperValue" name="Upper Value" publish:category="UML"/><publish:property canonicalName="visibility" name="Visibility" publish:category="UML" publish:value="Public"/></publish:properties><ownedComment annotatedElement="_.x.d-.pP.g6.uE.d.y.d7PUN.b-IYCQ" body="Traceability: R_TMF518_NRB_I_0001.&#13;&#10;See SD2-17_EnhancedResourceStates supporting document." isDocumentation="true" isURL="false" name="&lt;Unnamed Comment&gt;" publish:icon="1023744610_icon.png" publish:qualifiedname="NetworkResourceBasic::Data Object Classes::CommonResourceInfo::resourceState::&lt;Comment&gt;" xmi:id="_.x.d-.pP.w6.uE.d.y.d7PUN.b-IYCQ" xsi:type="uml:Comment"><publish:properties><publish:property canonicalName="body" name="Body" publish:category="UML" publish:value="Traceability: R_TMF518_NRB_I_0001...."/><publish:property canonicalName="Keywords" name="Keywords" publish:category="UML"/><publish:property anchor="#_.x.d-.pP.g6.uE.d.y.d7PUN.b-IYCQ" canonicalName="owner" name="Owner" publish:category="UML" publish:ismodellink="false" publish:value="«profile=xml» resourceState" xmi:id="_.x.d-.pIA6.uE.d.y.d7PUN.b-IYCQ"/><publish:property canonicalName="Stereotype" name="Stereotype" publish:category="UML" publish:value="documentation"/></publish:properties></ownedComment><ownedComment annotatedElement="_.x.d-.pP.g6.uE.d.y.d7PUN.b-IYCQ" body="..\SD\SD2-17_EnhancedResourceStates.pdf" isDocumentation="false" isURL="true" name="&lt;Unnamed Comment&gt;" publish:icon="100998000_icon.png" publish:qualifiedname="NetworkResourceBasic::Data Object Classes::CommonResourceInfo::resourceState::&lt;Comment&gt;" xmi:id="_EI-.m.cJEWE.d.y.p.u.rM.a9DXJ.y.w" xsi:type="uml:Comment"><publish:properties><publish:property canonicalName="body" name="Body" publish:category="UML" publish:value="..\SD\SD2-17_EnhancedResourceStates.pdf"/><publish:property canonicalName="Display Name" name="Display Name" publish:category="URL"/><publish:property canonicalName="Icon" name="Icon" publish:category="URL"/><publish:property canonicalName="Keywords" name="Keywords" publish:category="UML"/><publish:property anchor="#_.x.d-.pP.g6.uE.d.y.d7PUN.b-IYCQ" canonicalName="owner" name="Owner" publish:category="UML" publish:ismodellink="false" publish:value="«profile=xml» resourceState" xmi:id="_.x.d-.pIA6.uE.d.y.d7PUN.b-IYCQ"/><publish:property canonicalName="Stereotype" name="Stereotype" publish:category="UML" publish:value="URL"/><publish:property canonicalName="Type" name="Type" publish:category="URL"/></publish:properties></ownedComment><defaultValue name="UNKNOWN" publish:icon="1812274008_icon.png" publish:qualifiedname="NetworkResourceBasic::Data Object Classes::CommonResourceInfo::resourceState::UNKNOWN" xmi:id="_.z.o-R.wJ.e.vE.d6.c.mO2I.tK.y.pX.g" xsi:type="uml:InstanceValue"><publish:properties><publish:property canonicalName="Alias" name="Alias" publish:category="UML"/><publish:property canonicalName="instance" name="Instance" publish:category="UML" publish:ismodellink="false" publish:value="UNKNOWN" xmi:id="_6L7TUJ.e.tE.d6.c.mO2I.tK.y.pX.g"/><publish:property canonicalName="Keywords" name="Keywords" publish:category="UML"/><publish:property canonicalName="name" name="Name" publish:category="UML" publish:value="UNKNOWN"/><publish:property canonicalName="nameExpression" name="Name Expression" publish:category="UML"/><publish:property canonicalName="namespace" name="Namespace" publish:category="UML"/><publish:property anchor="#_.x.d-.pP.g6.uE.d.y.d7PUN.b-IYCQ" canonicalName="owner" name="Owner" publish:category="UML" publish:ismodellink="false" publish:value="«profile=xml» resourceState" xmi:id="_.x.d-.pIA6.uE.d.y.d7PUN.b-IYCQ"/><publish:property canonicalName="owningTemplateParameter" name="Owning Template Parameter" publish:category="UML"/><publish:property canonicalName="qualifiedName" name="Qualified Name" publish:category="UML" publish:value="UNKNOWN"/><publish:property canonicalName="Stereotype" name="Stereotype" publish:category="UML"/><publish:property canonicalName="templateParameter" name="Template Parameter" publish:category="UML"/><publish:property canonicalName="type" name="Type" publish:category="UML" publish:ismodellink="false" publish:value="ResourceState" xmi:id="_D.q.n30J.e.tE.d6.c.mO2I.tK.y.pX.g"/><publish:property canonicalName="visibility" name="Visibility" publish:category="UML" publish:value="Public"/></publish:properties></defaultValue></ownedAttribute><ownedAttribute name="networkAccessDomain" publish:icon="923081473_icon.png" publish:qualifiedname="NetworkResourceBasic::Data Object Classes::CommonResourceInfo::networkAccessDomain" publish:type="String" xmi:id="_NS.qL.sG.g.tE.d.y.bU.dE.k71.hLJA" xsi:type="uml:Property"><publish:properties><publish:property canonicalName="aggregation" name="Aggregation" publish:category="UML" publish:value="None"/><publish:property canonicalName="Alias" name="Alias" publish:category="UML"/><publish:property canonicalName="association" name="Association" publish:category="UML"/><publish:property canonicalName="associationEnd" name="Association End" publish:category="UML"/><publish:property canonicalName="class" name="Class" publish:category="UML" publish:ismodellink="false" publish:value="CommonResourceInfo" xmi:id="_.x.d-.pIA6.uE.d.y.d7PUN.b-IYCQ"/><publish:property canonicalName="datatype" name="Datatype" publish:category="UML"/><publish:property canonicalName="default" name="Default" publish:category="UML" publish:value="empty string"/><publish:property canonicalName="defaultValue" name="Default Value" publish:category="UML" publish:nohref="true" publish:value="()"/><publish:property canonicalName="isComposite" name="Is Composite" publish:category="UML" publish:value="false"/><publish:property canonicalName="isDerived" name="Is Derived" publish:category="UML" publish:value="false"/><publish:property canonicalName="isDerivedUnion" name="Is Derived Union" publish:category="UML" publish:value="false"/><publish:property canonicalName="isLeaf" name="Is Leaf" publish:category="UML" publish:value="false"/><publish:property canonicalName="isOrdered" name="Is Ordered" publish:category="UML" publish:value="false"/><publish:property canonicalName="isReadOnly" name="Is Read Only" publish:category="UML" publish:value="false"/><publish:property canonicalName="isStatic" name="Is Static" publish:category="UML" publish:value="false"/><publish:property canonicalName="isUnique" name="Is Unique" publish:category="UML" publish:value="true"/><publish:property canonicalName="Keywords" name="Keywords" publish:category="UML"/><publish:property canonicalName="lower" name="Lower" publish:category="UML" publish:value="1"/><publish:property canonicalName="lowerValue" name="Lower Value" publish:category="UML"/><publish:property canonicalName="Multiplicity" name="Multiplicity" publish:category="UML" publish:value="1"/><publish:property canonicalName="name" name="Name" publish:category="UML" publish:value="networkAccessDomain"/><publish:property canonicalName="nameExpression" name="Name Expression" publish:category="UML"/><publish:property canonicalName="namespace" name="Namespace" publish:category="UML" publish:ismodellink="false" publish:value="CommonResourceInfo" xmi:id="_.x.d-.pIA6.uE.d.y.d7PUN.b-IYCQ"/><publish:property canonicalName="opposite" name="Opposite" publish:category="UML"/><publish:property canonicalName="owner" name="Owner" publish:category="UML" publish:ismodellink="false" publish:value="CommonResourceInfo" xmi:id="_.x.d-.pIA6.uE.d.y.d7PUN.b-IYCQ"/><publish:property canonicalName="owningAssociation" name="Owning Association" publish:category="UML"/><publish:property canonicalName="owningTemplateParameter" name="Owning Template Parameter" publish:category="UML"/><publish:property canonicalName="qualifiedName" name="Qualified Name" publish:category="UML" publish:value="NetworkResourceBasic::Data Object Classes::CommonResourceInfo::networkAccessDomain"/><publish:property canonicalName="Stereotype" name="Stereotype" publish:category="UML"/><publish:property canonicalName="templateParameter" name="Template Parameter" publish:category="UML"/><publish:property canonicalName="type" name="Type" publish:category="UML" publish:value="String"/><publish:property canonicalName="upper" name="Upper" publish:category="UML" publish:value="1"/><publish:property canonicalName="upperValue" name="Upper Value" publish:category="UML"/><publish:property canonicalName="visibility" name="Visibility" publish:category="UML" publish:value="Public"/></publish:properties><ownedComment annotatedElement="_NS.qL.sG.g.tE.d.y.bU.dE.k71.hLJA" body="This attribute contains a free-format string used to associate the resource to a Network Access Domain." isDocumentation="true" isURL="false" name="&lt;Unnamed Comment&gt;" publish:icon="1023744610_icon.png" publish:qualifiedname="NetworkResourceBasic::Data Object Classes::CommonResourceInfo::networkAccessDomain::&lt;Comment&gt;" xmi:id="_NS.qL.sW.g.tE.d.y.bU.dE.k71.hLJA" xsi:type="uml:Comment"><publish:properties><publish:property canonicalName="body" name="Body" publish:category="UML" publish:value="This attribute contains a free-format string used to associate the resource to a Network Access Domain."/><publish:property canonicalName="Keywords" name="Keywords" publish:category="UML"/><publish:property anchor="#_NS.qL.sG.g.tE.d.y.bU.dE.k71.hLJA" canonicalName="owner" name="Owner" publish:category="UML" publish:ismodellink="false" publish:value="networkAccessDomain" xmi:id="_.x.d-.pIA6.uE.d.y.d7PUN.b-IYCQ"/><publish:property canonicalName="Stereotype" name="Stereotype" publish:category="UML" publish:value="documentation"/></publish:properties></ownedComment><defaultValue name="&lt;Unnamed OpaqueExpression&gt;" publish:icon="-419095724_icon.png" publish:qualifiedname="NetworkResourceBasic::Data Object Classes::CommonResourceInfo::networkAccessDomain::&lt;OpaqueExpression&gt;" xmi:id="_NS.qL.s.m.g.tE.d.y.bU.dE.k71.hLJA" xsi:type="uml:OpaqueExpression"><publish:properties><publish:property canonicalName="Alias" name="Alias" publish:category="UML"/><publish:property canonicalName="behavior" name="Behavior" publish:category="UML"/><publish:property canonicalName="body" name="Body" publish:category="UML" publish:value="empty string"/><publish:property canonicalName="Keywords" name="Keywords" publish:category="UML"/><publish:property canonicalName="language" name="Language" publish:category="UML"/><publish:property canonicalName="name" name="Name" publish:category="UML"/><publish:property canonicalName="nameExpression" name="Name Expression" publish:category="UML"/><publish:property canonicalName="namespace" name="Namespace" publish:category="UML"/><publish:property anchor="#_NS.qL.sG.g.tE.d.y.bU.dE.k71.hLJA" canonicalName="owner" name="Owner" publish:category="UML" publish:ismodellink="false" publish:value="networkAccessDomain" xmi:id="_.x.d-.pIA6.uE.d.y.d7PUN.b-IYCQ"/><publish:property canonicalName="owningTemplateParameter" name="Owning Template Parameter" publish:category="UML"/><publish:property canonicalName="qualifiedName" name="Qualified Name" publish:category="UML"/><publish:property canonicalName="result" name="Result" publish:category="UML"/><publish:property canonicalName="Stereotype" name="Stereotype" publish:category="UML"/><publish:property canonicalName="templateParameter" name="Template Parameter" publish:category="UML"/><publish:property canonicalName="type" name="Type" publish:category="UML" publish:value="String"/><publish:property canonicalName="visibility" name="Visibility" publish:category="UML" publish:value="Public"/></publish:properties></defaultValue></ownedAttribute><ownedAttribute name="ituStateAndStatusList" publish:icon="-301655413_icon.png" publish:is_association="false" publish:qualifiedname="NetworkResourceBasic::Data Object Classes::CommonResourceInfo::ituStateAndStatusList" publish:type="ItuStateAndStatusList" publish:typeid="_9.b.aU0J.e.yE.d6.c.mO2I.tK.y.pX.g" xmi:id="_2-N.c.wG.g.tE.d.y.bU.dE.k71.hLJA" xsi:type="uml:Property"><publish:properties><publish:property canonicalName="aggregation" name="Aggregation" publish:category="UML" publish:value="None"/><publish:property canonicalName="Alias" name="Alias" publish:category="UML"/><publish:property canonicalName="association" name="Association" publish:category="UML"/><publish:property canonicalName="associationEnd" name="Association End" publish:category="UML"/><publish:property canonicalName="class" name="Class" publish:category="UML" publish:ismodellink="false" publish:value="CommonResourceInfo" xmi:id="_.x.d-.pIA6.uE.d.y.d7PUN.b-IYCQ"/><publish:property canonicalName="datatype" name="Datatype" publish:category="UML"/><publish:property canonicalName="default" name="Default" publish:category="UML"/><publish:property canonicalName="defaultValue" name="Default Value" publish:category="UML"/><publish:property canonicalName="isComposite" name="Is Composite" publish:category="UML" publish:value="false"/><publish:property canonicalName="isDerived" name="Is Derived" publish:category="UML" publish:value="false"/><publish:property canonicalName="isDerivedUnion" name="Is Derived Union" publish:category="UML" publish:value="false"/><publish:property canonicalName="isLeaf" name="Is Leaf" publish:category="UML" publish:value="false"/><publish:property canonicalName="isOrdered" name="Is Ordered" publish:category="UML" publish:value="false"/><publish:property canonicalName="isReadOnly" name="Is Read Only" publish:category="UML" publish:value="false"/><publish:property canonicalName="isStatic" name="Is Static" publish:category="UML" publish:value="false"/><publish:property canonicalName="isUnique" name="Is Unique" publish:category="UML" publish:value="true"/><publish:property canonicalName="Keywords" name="Keywords" publish:category="UML"/><publish:property canonicalName="lower" name="Lower" publish:category="UML" publish:value="0"/><publish:property canonicalName="lowerValue" name="Lower Value" publish:category="UML" publish:nohref="true" publish:value="(0)"/><publish:property canonicalName="Multiplicity" name="Multiplicity" publish:category="UML" publish:value="0..1"/><publish:property canonicalName="name" name="Name" publish:category="UML" publish:value="ituStateAndStatusList"/><publish:property canonicalName="nameExpression" name="Name Expression" publish:category="UML"/><publish:property canonicalName="namespace" name="Namespace" publish:category="UML" publish:ismodellink="false" publish:value="CommonResourceInfo" xmi:id="_.x.d-.pIA6.uE.d.y.d7PUN.b-IYCQ"/><publish:property canonicalName="opposite" name="Opposite" publish:category="UML"/><publish:property canonicalName="owner" name="Owner" publish:category="UML" publish:ismodellink="false" publish:value="CommonResourceInfo" xmi:id="_.x.d-.pIA6.uE.d.y.d7PUN.b-IYCQ"/><publish:property canonicalName="owningAssociation" name="Owning Association" publish:category="UML"/><publish:property canonicalName="owningTemplateParameter" name="Owning Template Parameter" publish:category="UML"/><publish:property canonicalName="qualifiedName" name="Qualified Name" publish:category="UML" publish:value="NetworkResourceBasic::Data Object Classes::CommonResourceInfo::ituStateAndStatusList"/><publish:property canonicalName="Stereotype" name="Stereotype" publish:category="UML"/><publish:property canonicalName="templateParameter" name="Template Parameter" publish:category="UML"/><publish:property canonicalName="type" name="Type" publish:category="UML" publish:ismodellink="false" publish:value="ItuStateAndStatusList" xmi:id="_9.b.aU0J.e.yE.d6.c.mO2I.tK.y.pX.g"/><publish:property canonicalName="upper" name="Upper" publish:category="UML" publish:value="1"/><publish:property canonicalName="upperValue" name="Upper Value" publish:category="UML" publish:nohref="true" publish:value="(1)"/><publish:property canonicalName="visibility" name="Visibility" publish:category="UML" publish:value="Public"/></publish:properties><ownedComment annotatedElement="_2-N.c.wG.g.tE.d.y.bU.dE.k71.hLJA" body="Traceability: R_TMF518_NRB_I_0001 and R_TMF518_NRB_I_0004.&#13;&#10;See supporting document SD1-8_encodingX731M3100." isDocumentation="true" isURL="false" name="&lt;Unnamed Comment&gt;" publish:icon="1023744610_icon.png" publish:qualifiedname="NetworkResourceBasic::Data Object Classes::CommonResourceInfo::ituStateAndStatusList::&lt;Comment&gt;" xmi:id="_1BD.o.wHA.eE.d.y.c.rJN.s.dA4.sP.g" xsi:type="uml:Comment"><publish:properties><publish:property canonicalName="body" name="Body" publish:category="UML" publish:value="Traceability: R_TMF518_NRB_I_0001 and R_TMF518_NRB_I_0004...."/><publish:property canonicalName="Keywords" name="Keywords" publish:category="UML"/><publish:property anchor="#_2-N.c.wG.g.tE.d.y.bU.dE.k71.hLJA" canonicalName="owner" name="Owner" publish:category="UML" publish:ismodellink="false" publish:value="ituStateAndStatusList" xmi:id="_.x.d-.pIA6.uE.d.y.d7PUN.b-IYCQ"/><publish:property canonicalName="Stereotype" name="Stereotype" publish:category="UML" publish:value="documentation"/></publish:properties></ownedComment><ownedComment annotatedElement="_2-N.c.wG.g.tE.d.y.bU.dE.k71.hLJA" body="..\..\Framework\SD\SD1-8_encodingX731M3100.pdf" isDocumentation="false" isURL="true" name="&lt;Unnamed Comment&gt;" publish:icon="100998000_icon.png" publish:qualifiedname="NetworkResourceBasic::Data Object Classes::CommonResourceInfo::ituStateAndStatusList::&lt;Comment&gt;" xmi:id="_1.r.m.oIP.s.nE.d.y.b.z6.jV.d6YV.eQ" xsi:type="uml:Comment"><publish:properties><publish:property canonicalName="body" name="Body" publish:category="UML" publish:value="..\..\Framework\SD\SD1-8_encodingX731M3100.pdf"/><publish:property canonicalName="Display Name" name="Display Name" publish:category="URL"/><publish:property canonicalName="Icon" name="Icon" publish:category="URL"/><publish:property canonicalName="Keywords" name="Keywords" publish:category="UML"/><publish:property anchor="#_2-N.c.wG.g.tE.d.y.bU.dE.k71.hLJA" canonicalName="owner" name="Owner" publish:category="UML" publish:ismodellink="false" publish:value="ituStateAndStatusList" xmi:id="_.x.d-.pIA6.uE.d.y.d7PUN.b-IYCQ"/><publish:property canonicalName="Stereotype" name="Stereotype" publish:category="UML" publish:value="URL"/><publish:property canonicalName="Type" name="Type" publish:category="URL"/></publish:properties></ownedComment><upperValue name="&lt;Unnamed LiteralUnlimitedNatural&gt;" publish:icon="-419095995_icon.png" publish:qualifiedname="NetworkResourceBasic::Data Object Classes::CommonResourceInfo::ituStateAndStatusList::&lt;LiteralUnlimitedNatural&gt;" xmi:id="_EG.u.yMW.g.uE.d.y.bU.dE.k71.hLJA" xsi:type="uml:LiteralUnlimitedNatural"><publish:properties><publish:property canonicalName="Alias" name="Alias" publish:category="UML"/><publish:property canonicalName="Keywords" name="Keywords" publish:category="UML"/><publish:property canonicalName="name" name="Name" publish:category="UML"/><publish:property canonicalName="nameExpression" name="Name Expression" publish:category="UML"/><publish:property canonicalName="namespace" name="Namespace" publish:category="UML"/><publish:property anchor="#_2-N.c.wG.g.tE.d.y.bU.dE.k71.hLJA" canonicalName="owner" name="Owner" publish:category="UML" publish:ismodellink="false" publish:value="ituStateAndStatusList" xmi:id="_.x.d-.pIA6.uE.d.y.d7PUN.b-IYCQ"/><publish:property canonicalName="owningTemplateParameter" name="Owning Template Parameter" publish:category="UML"/><publish:property canonicalName="qualifiedName" name="Qualified Name" publish:category="UML"/><publish:property canonicalName="Stereotype" name="Stereotype" publish:category="UML"/><publish:property canonicalName="templateParameter" name="Template Parameter" publish:category="UML"/><publish:property canonicalName="type" name="Type" publish:category="UML"/><publish:property canonicalName="value" name="Value" publish:category="UML" publish:value="1"/><publish:property canonicalName="visibility" name="Visibility" publish:category="UML" publish:value="Public"/></publish:properties></upperValue><lowerValue name="&lt;Unnamed LiteralInteger&gt;" publish:icon="1711610710_icon.png" publish:qualifiedname="NetworkResourceBasic::Data Object Classes::CommonResourceInfo::ituStateAndStatusList::&lt;LiteralInteger&gt;" xmi:id="_EG.u.yMG.g.uE.d.y.bU.dE.k71.hLJA" xsi:type="uml:LiteralInteger"><publish:properties><publish:property canonicalName="Alias" name="Alias" publish:category="UML"/><publish:property canonicalName="Keywords" name="Keywords" publish:category="UML"/><publish:property canonicalName="name" name="Name" publish:category="UML"/><publish:property canonicalName="nameExpression" name="Name Expression" publish:category="UML"/><publish:property canonicalName="namespace" name="Namespace" publish:category="UML"/><publish:property anchor="#_2-N.c.wG.g.tE.d.y.bU.dE.k71.hLJA" canonicalName="owner" name="Owner" publish:category="UML" publish:ismodellink="false" publish:value="ituStateAndStatusList" xmi:id="_.x.d-.pIA6.uE.d.y.d7PUN.b-IYCQ"/><publish:property canonicalName="owningTemplateParameter" name="Owning Template Parameter" publish:category="UML"/><publish:property canonicalName="qualifiedName" name="Qualified Name" publish:category="UML"/><publish:property canonicalName="Stereotype" name="Stereotype" publish:category="UML"/><publish:property canonicalName="templateParameter" name="Template Parameter" publish:category="UML"/><publish:property canonicalName="type" name="Type" publish:category="UML"/><publish:property canonicalName="value" name="Value" publish:category="UML" publish:value="0"/><publish:property canonicalName="visibility" name="Visibility" publish:category="UML" publish:value="Public"/></publish:properties></lowerValue></ownedAttribute><ownedAttribute name="meiAttributes" publish:icon="923081473_icon.png" publish:qualifiedname="NetworkResourceBasic::Data Object Classes::CommonResourceInfo::meiAttributes" publish:type="MultiEventInventoryAttributes" xmi:id="_.d9.r40H.pLE.eCBW5.cXQ.g0.v1Q" xsi:type="uml:Property"><publish:properties><publish:property canonicalName="aggregation" name="Aggregation" publish:category="UML" publish:value="None"/><publish:property canonicalName="Alias" name="Alias" publish:category="UML"/><publish:property canonicalName="association" name="Association" publish:category="UML"/><publish:property canonicalName="associationEnd" name="Association End" publish:category="UML"/><publish:property canonicalName="class" name="Class" publish:category="UML" publish:ismodellink="false" publish:value="CommonResourceInfo" xmi:id="_.x.d-.pIA6.uE.d.y.d7PUN.b-IYCQ"/><publish:property canonicalName="datatype" name="Datatype" publish:category="UML"/><publish:property canonicalName="default" name="Default" publish:category="UML" publish:value="NA"/><publish:property canonicalName="defaultValue" name="Default Value" publish:category="UML" publish:nohref="true" publish:value="()"/><publish:property canonicalName="isComposite" name="Is Composite" publish:category="UML" publish:value="false"/><publish:property canonicalName="isDerived" name="Is Derived" publish:category="UML" publish:value="false"/><publish:property canonicalName="isDerivedUnion" name="Is Derived Union" publish:category="UML" publish:value="false"/><publish:property canonicalName="isLeaf" name="Is Leaf" publish:category="UML" publish:value="false"/><publish:property canonicalName="isOrdered" name="Is Ordered" publish:category="UML" publish:value="false"/><publish:property canonicalName="isReadOnly" name="Is Read Only" publish:category="UML" publish:value="true"/><publish:property canonicalName="isStatic" name="Is Static" publish:category="UML" publish:value="false"/><publish:property canonicalName="isUnique" name="Is Unique" publish:category="UML" publish:value="true"/><publish:property canonicalName="Keywords" name="Keywords" publish:category="UML"/><publish:property canonicalName="lower" name="Lower" publish:category="UML" publish:value="0"/><publish:property canonicalName="lowerValue" name="Lower Value" publish:category="UML" publish:nohref="true" publish:value="(0)"/><publish:property canonicalName="Multiplicity" name="Multiplicity" publish:category="UML" publish:value="0..1"/><publish:property canonicalName="name" name="Name" publish:category="UML" publish:value="meiAttributes"/><publish:property canonicalName="nameExpression" name="Name Expression" publish:category="UML"/><publish:property canonicalName="namespace" name="Namespace" publish:category="UML" publish:ismodellink="false" publish:value="CommonResourceInfo" xmi:id="_.x.d-.pIA6.uE.d.y.d7PUN.b-IYCQ"/><publish:property canonicalName="opposite" name="Opposite" publish:category="UML"/><publish:property canonicalName="owner" name="Owner" publish:category="UML" publish:ismodellink="false" publish:value="CommonResourceInfo" xmi:id="_.x.d-.pIA6.uE.d.y.d7PUN.b-IYCQ"/><publish:property canonicalName="owningAssociation" name="Owning Association" publish:category="UML"/><publish:property canonicalName="owningTemplateParameter" name="Owning Template Parameter" publish:category="UML"/><publish:property canonicalName="qualifiedName" name="Qualified Name" publish:category="UML" publish:value="NetworkResourceBasic::Data Object Classes::CommonResourceInfo::meiAttributes"/><publish:property canonicalName="Stereotype" name="Stereotype" publish:category="UML"/><publish:property canonicalName="templateParameter" name="Template Parameter" publish:category="UML"/><publish:property canonicalName="type" name="Type" publish:category="UML"/><publish:property canonicalName="upper" name="Upper" publish:category="UML" publish:value="1"/><publish:property canonicalName="upperValue" name="Upper Value" publish:category="UML" publish:nohref="true" publish:value="(1)"/><publish:property canonicalName="visibility" name="Visibility" publish:category="UML" publish:value="Public"/></publish:properties><ownedComment annotatedElement="_.d9.r40H.pLE.eCBW5.cXQ.g0.v1Q" body="This attribute is used when an object instance is embedded in the inventory layout payload of a Multi-Event Inventory (MEI) notification. It provides the time at which the network element (NE) detected the inventory change and an indication of the type of inventory update, e.g., Object Creation." isDocumentation="true" isURL="false" name="&lt;Unnamed Comment&gt;" publish:icon="1023744610_icon.png" publish:qualifiedname="NetworkResourceBasic::Data Object Classes::CommonResourceInfo::meiAttributes::&lt;Comment&gt;" xmi:id="_.p.s.aJ.wH.pLE.eCBW5.cXQ.g0.v1Q" xsi:type="uml:Comment"><publish:properties><publish:property canonicalName="body" name="Body" publish:category="UML" publish:value="This attribute is used when an object instance is embedded in the inventory layout payload of a Multi-Event Inventory (MEI) notification. It provides the time at which the network element (NE) detected the inventory change and an indication of the type of inventory update, e.g., Object Creation."/><publish:property canonicalName="Keywords" name="Keywords" publish:category="UML"/><publish:property anchor="#_.d9.r40H.pLE.eCBW5.cXQ.g0.v1Q" canonicalName="owner" name="Owner" publish:category="UML" publish:ismodellink="false" publish:value="meiAttributes" xmi:id="_.x.d-.pIA6.uE.d.y.d7PUN.b-IYCQ"/><publish:property canonicalName="Stereotype" name="Stereotype" publish:category="UML" publish:value="documentation"/></publish:properties></ownedComment><upperValue name="&lt;Unnamed LiteralUnlimitedNatural&gt;" publish:icon="-419095995_icon.png" publish:qualifiedname="NetworkResourceBasic::Data Object Classes::CommonResourceInfo::meiAttributes::&lt;LiteralUnlimitedNatural&gt;" xmi:id="_0.wEE.cX.pLE.eCBW5.cXQ.g0.v1Q" xsi:type="uml:LiteralUnlimitedNatural"><publish:properties><publish:property canonicalName="Alias" name="Alias" publish:category="UML"/><publish:property canonicalName="Keywords" name="Keywords" publish:category="UML"/><publish:property canonicalName="name" name="Name" publish:category="UML"/><publish:property canonicalName="nameExpression" name="Name Expression" publish:category="UML"/><publish:property canonicalName="namespace" name="Namespace" publish:category="UML"/><publish:property anchor="#_.d9.r40H.pLE.eCBW5.cXQ.g0.v1Q" canonicalName="owner" name="Owner" publish:category="UML" publish:ismodellink="false" publish:value="meiAttributes" xmi:id="_.x.d-.pIA6.uE.d.y.d7PUN.b-IYCQ"/><publish:property canonicalName="owningTemplateParameter" name="Owning Template Parameter" publish:category="UML"/><publish:property canonicalName="qualifiedName" name="Qualified Name" publish:category="UML"/><publish:property canonicalName="Stereotype" name="Stereotype" publish:category="UML"/><publish:property canonicalName="templateParameter" name="Template Parameter" publish:category="UML"/><publish:property canonicalName="type" name="Type" publish:category="UML"/><publish:property canonicalName="value" name="Value" publish:category="UML" publish:value="1"/><publish:property canonicalName="visibility" name="Visibility" publish:category="UML" publish:value="Public"/></publish:properties></upperValue><lowerValue name="&lt;Unnamed LiteralInteger&gt;" publish:icon="1711610710_icon.png" publish:qualifiedname="NetworkResourceBasic::Data Object Classes::CommonResourceInfo::meiAttributes::&lt;LiteralInteger&gt;" xmi:id="_0.wEE.cH.pLE.eCBW5.cXQ.g0.v1Q" xsi:type="uml:LiteralInteger"><publish:properties><publish:property canonicalName="Alias" name="Alias" publish:category="UML"/><publish:property canonicalName="Keywords" name="Keywords" publish:category="UML"/><publish:property canonicalName="name" name="Name" publish:category="UML"/><publish:property canonicalName="nameExpression" name="Name Expression" publish:category="UML"/><publish:property canonicalName="namespace" name="Namespace" publish:category="UML"/><publish:property anchor="#_.d9.r40H.pLE.eCBW5.cXQ.g0.v1Q" canonicalName="owner" name="Owner" publish:category="UML" publish:ismodellink="false" publish:value="meiAttributes" xmi:id="_.x.d-.pIA6.uE.d.y.d7PUN.b-IYCQ"/><publish:property canonicalName="owningTemplateParameter" name="Owning Template Parameter" publish:category="UML"/><publish:property canonicalName="qualifiedName" name="Qualified Name" publish:category="UML"/><publish:property canonicalName="Stereotype" name="Stereotype" publish:category="UML"/><publish:property canonicalName="templateParameter" name="Template Parameter" publish:category="UML"/><publish:property canonicalName="type" name="Type" publish:category="UML"/><publish:property canonicalName="value" name="Value" publish:category="UML" publish:value="0"/><publish:property canonicalName="visibility" name="Visibility" publish:category="UML" publish:value="Public"/></publish:properties></lowerValue><defaultValue name="&lt;Unnamed OpaqueExpression&gt;" publish:icon="-419095724_icon.png" publish:qualifiedname="NetworkResourceBasic::Data Object Classes::CommonResourceInfo::meiAttributes::&lt;OpaqueExpression&gt;" xmi:id="_D.j.e1.cH.pME.eCBW5.cXQ.g0.v1Q" xsi:type="uml:OpaqueExpression"><publish:properties><publish:property canonicalName="Alias" name="Alias" publish:category="UML"/><publish:property canonicalName="behavior" name="Behavior" publish:category="UML"/><publish:property canonicalName="body" name="Body" publish:category="UML" publish:value="NA"/><publish:property canonicalName="Keywords" name="Keywords" publish:category="UML"/><publish:property canonicalName="language" name="Language" publish:category="UML"/><publish:property canonicalName="name" name="Name" publish:category="UML"/><publish:property canonicalName="nameExpression" name="Name Expression" publish:category="UML"/><publish:property canonicalName="namespace" name="Namespace" publish:category="UML"/><publish:property anchor="#_.d9.r40H.pLE.eCBW5.cXQ.g0.v1Q" canonicalName="owner" name="Owner" publish:category="UML" publish:ismodellink="false" publish:value="meiAttributes" xmi:id="_.x.d-.pIA6.uE.d.y.d7PUN.b-IYCQ"/><publish:property canonicalName="owningTemplateParameter" name="Owning Template Parameter" publish:category="UML"/><publish:property canonicalName="qualifiedName" name="Qualified Name" publish:category="UML"/><publish:property canonicalName="result" name="Result" publish:category="UML"/><publish:property canonicalName="Stereotype" name="Stereotype" publish:category="UML"/><publish:property canonicalName="templateParameter" name="Template Parameter" publish:category="UML"/><publish:property canonicalName="type" name="Type" publish:category="UML"/><publish:property canonicalName="visibility" name="Visibility" publish:category="UML" publish:value="Public"/></publish:properties></defaultValue></ownedAttribute></packagedElement></packagedElement>