<?xml version="1.0" encoding="UTF-8"?><packagedElement name="Class Diagrams" xmlns:publish="http://www.ibm.com/Rational/XTools/Publish" publish:diagramFormat="PNG" publish:icon="-1325065473_icon.png" publish:modelname="NetworkResourceBasic" publish:qualifiedname="NetworkResourceBasic::Class Diagrams" publish:sortOrder="storage" publish:toplevelguid="_C.qF.iEA6.qE.d.y.d7PUN.b-IYCQ" xmlns:xmi="http://www.omg.org/XMI" xmi:id="__B.h.t.sA6.uE.d.y.d7PUN.b-IYCQ" xmi:version="2.0" xmlns:com.ibm.xtools.notation="http:///com/ibm/xtools/notation.ecore" xmlns:uml="http://www.eclipse.org/uml2/1.0.0/UML" xmlns:xsi="http://www.w3.org/2001/XMLSchema-instance" xsi:type="uml:Package"><publish:properties><publish:property canonicalName="Alias" name="Alias" publish:category="UML"/><publish:property canonicalName="Keywords" name="Keywords" publish:category="UML"/><publish:property canonicalName="name" name="Name" publish:category="UML" publish:value="Class Diagrams"/><publish:property canonicalName="nameExpression" name="Name Expression" publish:category="UML"/><publish:property canonicalName="namespace" name="Namespace" publish:category="UML" publish:ismodellink="true" publish:value="NetworkResourceBasic" xmi:id="_C.qF.iEA6.qE.d.y.d7PUN.b-IYCQ"/><publish:property canonicalName="nestingPackage" name="Nesting Package" publish:category="UML" publish:ismodellink="true" publish:value="NetworkResourceBasic" xmi:id="_C.qF.iEA6.qE.d.y.d7PUN.b-IYCQ"/><publish:property canonicalName="ownedTemplateSignature" name="Owned Template Signature" publish:category="UML"/><publish:property canonicalName="owner" name="Owner" publish:category="UML" publish:ismodellink="true" publish:value="NetworkResourceBasic" xmi:id="_C.qF.iEA6.qE.d.y.d7PUN.b-IYCQ"/><publish:property canonicalName="owningTemplateParameter" name="Owning Template Parameter" publish:category="UML"/><publish:property canonicalName="qualifiedName" name="Qualified Name" publish:category="UML" publish:value="NetworkResourceBasic::Class Diagrams"/><publish:property canonicalName="Stereotype" name="Stereotype" publish:category="UML"/><publish:property canonicalName="templateParameter" name="Template Parameter" publish:category="UML"/><publish:property canonicalName="visibility" name="Visibility" publish:category="UML" publish:value="Public"/></publish:properties><contents Type="Class" isDefault="false" name="NRB Class Diagram" publish:icon="-1677387246_icon.png" publish:imageType="PNG" publish:qualifiedname="NetworkResourceBasic::Class Diagrams::NRB Class Diagram" xmi:id="_H.e14QA6.vE.d.y.d7PUN.b-IYCQ" xsi:type="notation:Diagram"><publish:properties><publish:property canonicalName="description" name="Description" publish:category="View"/><publish:property canonicalName="graphLayout" name="Graph Layout" publish:category="View" publish:value="VerticalOrthogonalHierarchical"/><publish:property canonicalName="labelLayout" name="Label Layout" publish:category="View" publish:value="None"/><publish:property canonicalName="linkLayout" name="Link Layout" publish:category="View" publish:value="None"/><publish:property canonicalName="measurementUnit" name="Measurement Unit" publish:category="View" publish:value="Himetric"/><publish:property canonicalName="name" name="Name" publish:category="View" publish:value="NRB Class Diagram"/><publish:property canonicalName="pageHeight" name="Page Height" publish:category="View" publish:value="100"/><publish:property canonicalName="pageWidth" name="Page Width" publish:category="View" publish:value="100"/><publish:property canonicalName="pageX" name="Page X" publish:category="View" publish:value="0"/><publish:property canonicalName="pageY" name="Page Y" publish:category="View" publish:value="0"/><publish:property canonicalName="styles" name="Styles" publish:category="View"/><publish:property canonicalName="useAliasName" name="Use Alias Name" publish:category="View" publish:value="false"/></publish:properties><publish:partInfo name="Generalization" publish:ismodellink="false" publish:partLowerX="0" publish:partLowerY="0" publish:partUpperX="0" publish:partUpperY="0" shape="rect" xmi:id="_QP.qP0A6-E.d.y1D.qAHM.bUTO.w"/><publish:partInfo coords="251,261,251,45,261,45,261,261,251,261" name="Generalization" publish:ismodellink="false" shape="poly" xmi:id="_QP.qP0A6-E.d.y1D.qAHM.bUTO.w"/><publish:partInfo anchor="#_.d9.r40H.pLE.eCBW5.cXQ.g0.v1Q" name="meiAttributes" publish:ismodellink="false" publish:partLowerX="522" publish:partLowerY="379" publish:partUpperX="16" publish:partUpperY="363" shape="rect" xmi:id="_.x.d-.pIA6.uE.d.y.d7PUN.b-IYCQ"/><publish:partInfo anchor="#_2-N.c.wG.g.tE.d.y.bU.dE.k71.hLJA" name="ituStateAndStatusList" publish:ismodellink="false" publish:partLowerX="522" publish:partLowerY="363" publish:partUpperX="16" publish:partUpperY="347" shape="rect" xmi:id="_.x.d-.pIA6.uE.d.y.d7PUN.b-IYCQ"/><publish:partInfo anchor="#_NS.qL.sG.g.tE.d.y.bU.dE.k71.hLJA" name="networkAccessDomain" publish:ismodellink="false" publish:partLowerX="522" publish:partLowerY="347" publish:partUpperX="16" publish:partUpperY="331" shape="rect" xmi:id="_.x.d-.pIA6.uE.d.y.d7PUN.b-IYCQ"/><publish:partInfo anchor="#_.x.d-.pP.g6.uE.d.y.d7PUN.b-IYCQ" name="resourceState" publish:ismodellink="false" publish:partLowerX="522" publish:partLowerY="331" publish:partUpperX="16" publish:partUpperY="315" shape="rect" xmi:id="_.x.d-.pIA6.uE.d.y.d7PUN.b-IYCQ"/><publish:partInfo anchor="#_.x.d-.pN.g6.uE.d.y.d7PUN.b-IYCQ" name="source" publish:ismodellink="false" publish:partLowerX="522" publish:partLowerY="315" publish:partUpperX="16" publish:partUpperY="299" shape="rect" xmi:id="_.x.d-.pIA6.uE.d.y.d7PUN.b-IYCQ"/><publish:partInfo name="CommonResourceInfo" publish:ismodellink="false" publish:partLowerX="531" publish:partLowerY="384" publish:partUpperX="9" publish:partUpperY="261" shape="rect" xmi:id="_.x.d-.pIA6.uE.d.y.d7PUN.b-IYCQ"/></contents><contents Type="Class" isDefault="false" name="Data Types Class Diagram" publish:icon="-1677387246_icon.png" publish:imageType="PNG" publish:qualifiedname="NetworkResourceBasic::Class Diagrams::Data Types Class Diagram" xmi:id="_IV.f.gYCPME.d.y.p.g.fGA_0P3-.g" xsi:type="notation:Diagram"><publish:properties><publish:property canonicalName="description" name="Description" publish:category="View"/><publish:property canonicalName="graphLayout" name="Graph Layout" publish:category="View" publish:value="VerticalOrthogonalHierarchical"/><publish:property canonicalName="labelLayout" name="Label Layout" publish:category="View" publish:value="None"/><publish:property canonicalName="linkLayout" name="Link Layout" publish:category="View" publish:value="None"/><publish:property canonicalName="measurementUnit" name="Measurement Unit" publish:category="View" publish:value="Himetric"/><publish:property canonicalName="name" name="Name" publish:category="View" publish:value="Data Types Class Diagram"/><publish:property canonicalName="pageHeight" name="Page Height" publish:category="View" publish:value="100"/><publish:property canonicalName="pageWidth" name="Page Width" publish:category="View" publish:value="100"/><publish:property canonicalName="pageX" name="Page X" publish:category="View" publish:value="0"/><publish:property canonicalName="pageY" name="Page Y" publish:category="View" publish:value="0"/><publish:property canonicalName="styles" name="Styles" publish:category="View"/><publish:property canonicalName="useAliasName" name="Use Alias Name" publish:category="View" publish:value="false"/></publish:properties><publish:partInfo anchor="#_.fY.cKAHM.dE.d.yMG.rC9M.s.b2.bA" name="X721_USAGE_STATE" publish:ismodellink="false" publish:partLowerX="795" publish:partLowerY="495" publish:partUpperX="488" publish:partUpperY="479" shape="rect" xmi:id="_9.b.aU0J.e.yE.d6.c.mO2I.tK.y.pX.g"/><publish:partInfo anchor="#_.bDH.v.kHM.dE.d.yMG.rC9M.s.b2.bA" name="X721_UNKNOWN_STATUS" publish:ismodellink="false" publish:partLowerX="795" publish:partLowerY="479" publish:partUpperX="488" publish:partUpperY="463" shape="rect" xmi:id="_9.b.aU0J.e.yE.d6.c.mO2I.tK.y.pX.g"/><publish:partInfo anchor="#_W77Q.sHM.dE.d.yMG.rC9M.s.b2.bA" name="X721_STATE" publish:ismodellink="false" publish:partLowerX="795" publish:partLowerY="463" publish:partUpperX="488" publish:partUpperY="447" shape="rect" xmi:id="_9.b.aU0J.e.yE.d6.c.mO2I.tK.y.pX.g"/><publish:partInfo anchor="#_SIORIHM.dE.d.yMG.rC9M.s.b2.bA" name="X721_OPERATIONAL_STATE" publish:ismodellink="false" publish:partLowerX="795" publish:partLowerY="447" publish:partUpperX="488" publish:partUpperY="431" shape="rect" xmi:id="_9.b.aU0J.e.yE.d6.c.mO2I.tK.y.pX.g"/><publish:partInfo anchor="#_N-.p.z.sHM.dE.d.yMG.rC9M.s.b2.bA" name="X721_CONTROL_STATUS" publish:ismodellink="false" publish:partLowerX="795" publish:partLowerY="431" publish:partUpperX="488" publish:partUpperY="415" shape="rect" xmi:id="_9.b.aU0J.e.yE.d6.c.mO2I.tK.y.pX.g"/><publish:partInfo anchor="#_H.z.u.i.gHM.dE.d.yMG.rC9M.s.b2.bA" name="X721_AVAILABILITY_STATUS" publish:ismodellink="false" publish:partLowerX="795" publish:partLowerY="415" publish:partUpperX="488" publish:partUpperY="399" shape="rect" xmi:id="_9.b.aU0J.e.yE.d6.c.mO2I.tK.y.pX.g"/><publish:partInfo anchor="#_9V.lI.oHM.cE.d.yMG.rC9M.s.b2.bA" name="X721_ADMINISTRATIVE_STATE" publish:ismodellink="false" publish:partLowerX="795" publish:partLowerY="399" publish:partUpperX="488" publish:partUpperY="383" shape="rect" xmi:id="_9.b.aU0J.e.yE.d6.c.mO2I.tK.y.pX.g"/><publish:partInfo anchor="#_.g6T.a0HM.cE.d.yMG.rC9M.s.b2.bA" name="M3100_HOLDER_STATUS" publish:ismodellink="false" publish:partLowerX="795" publish:partLowerY="383" publish:partUpperX="488" publish:partUpperY="367" shape="rect" xmi:id="_9.b.aU0J.e.yE.d6.c.mO2I.tK.y.pX.g"/><publish:partInfo anchor="#_.a.eF.lUHM.cE.d.yMG.rC9M.s.b2.bA" name="M3100_CIRCUIT_PACK_TYPE" publish:ismodellink="false" publish:partLowerX="795" publish:partLowerY="367" publish:partUpperX="488" publish:partUpperY="351" shape="rect" xmi:id="_9.b.aU0J.e.yE.d6.c.mO2I.tK.y.pX.g"/><publish:partInfo name="ItuStateAndStatusList" publish:ismodellink="false" publish:partLowerX="805" publish:partLowerY="500" publish:partUpperX="482" publish:partUpperY="301" shape="rect" xmi:id="_9.b.aU0J.e.yE.d6.c.mO2I.tK.y.pX.g"/><publish:partInfo name="WORKING_UNKNOWN" publish:ismodellink="false" publish:partLowerX="253" publish:partLowerY="448" publish:partUpperX="16" publish:partUpperY="432" shape="rect" xmi:id="_B.s.m2.h.p.e.uE.d6.c.mO2I.tK.y.pX.g"/><publish:partInfo name="WORKING_DEACTIVATED" publish:ismodellink="false" publish:partLowerX="253" publish:partLowerY="432" publish:partUpperX="16" publish:partUpperY="416" shape="rect" xmi:id="_B.s.m2.g5.e.uE.d6.c.mO2I.tK.y.pX.g"/><publish:partInfo name="WORKING_ACTIVATED" publish:ismodellink="false" publish:partLowerX="253" publish:partLowerY="416" publish:partUpperX="16" publish:partUpperY="400" shape="rect" xmi:id="_B.s.m2.gJ.e.uE.d6.c.mO2I.tK.y.pX.g"/><publish:partInfo name="UNKNOWN" publish:ismodellink="false" publish:partLowerX="253" publish:partLowerY="400" publish:partUpperX="16" publish:partUpperY="384" shape="rect" xmi:id="_6L7TUJ.e.tE.d6.c.mO2I.tK.y.pX.g"/><publish:partInfo name="RETIRING_DECOMMISSIONED" publish:ismodellink="false" publish:partLowerX="253" publish:partLowerY="384" publish:partUpperX="16" publish:partUpperY="368" shape="rect" xmi:id="_.xOR.b0J.e.tE.d6.c.mO2I.tK.y.pX.g"/><publish:partInfo name="RETIRING_WITHDRAWN_ACTIVE" publish:ismodellink="false" publish:partLowerX="253" publish:partLowerY="368" publish:partUpperX="16" publish:partUpperY="352" shape="rect" xmi:id="_.xOIR8Z.e.tE.d6.c.mO2I.tK.y.pX.g"/><publish:partInfo name="RETIRING_RECOVERED" publish:ismodellink="false" publish:partLowerX="253" publish:partLowerY="352" publish:partUpperX="16" publish:partUpperY="336" shape="rect" xmi:id="_.xOIR7.p.e.tE.d6.c.mO2I.tK.y.pX.g"/><publish:partInfo name="RETIRING_UNKNOWN" publish:ismodellink="false" publish:partLowerX="253" publish:partLowerY="336" publish:partUpperX="16" publish:partUpperY="320" shape="rect" xmi:id="_.xOIR7J.e.tE.d6.c.mO2I.tK.y.pX.g"/><publish:partInfo name="RETIRING_STORED" publish:ismodellink="false" publish:partLowerX="253" publish:partLowerY="320" publish:partUpperX="16" publish:partUpperY="304" shape="rect" xmi:id="_.xOIR6Z.e.tE.d6.c.mO2I.tK.y.pX.g"/><publish:partInfo name="RETIRING_DEINTEGRATED" publish:ismodellink="false" publish:partLowerX="253" publish:partLowerY="304" publish:partUpperX="16" publish:partUpperY="288" shape="rect" xmi:id="_.xOIR5.p.e.tE.d6.c.mO2I.tK.y.pX.g"/><publish:partInfo name="RETIRING_WITHDRAWN_UNAVAILABLE" publish:ismodellink="false" publish:partLowerX="253" publish:partLowerY="288" publish:partUpperX="16" publish:partUpperY="272" shape="rect" xmi:id="_.xOIR45.e.tE.d6.c.mO2I.tK.y.pX.g"/><publish:partInfo name="RETIRING_DEINSTALLED" publish:ismodellink="false" publish:partLowerX="253" publish:partLowerY="272" publish:partUpperX="16" publish:partUpperY="256" shape="rect" xmi:id="_.xOIR4J.e.tE.d6.c.mO2I.tK.y.pX.g"/><publish:partInfo name="PLANNING_ORDERED" publish:ismodellink="false" publish:partLowerX="253" publish:partLowerY="256" publish:partUpperX="16" publish:partUpperY="240" shape="rect" xmi:id="_.r.w.uOCJ.e.tE.d6.c.mO2I.tK.y.pX.g"/><publish:partInfo name="PLANNING_UNKNOWN" publish:ismodellink="false" publish:partLowerX="253" publish:partLowerY="240" publish:partUpperX="16" publish:partUpperY="224" shape="rect" xmi:id="_.r.w.uOB.p.e.tE.d6.c.mO2I.tK.y.pX.g"/><publish:partInfo name="PLANNING_INITIAL_PLAN" publish:ismodellink="false" publish:partLowerX="253" publish:partLowerY="224" publish:partUpperX="16" publish:partUpperY="208" shape="rect" xmi:id="_.r.w.uOA5.e.tE.d6.c.mO2I.tK.y.pX.g"/><publish:partInfo name="PLANNING_PLANNED" publish:ismodellink="false" publish:partLowerX="253" publish:partLowerY="208" publish:partUpperX="16" publish:partUpperY="192" shape="rect" xmi:id="_.r.w.uOAJ.e.tE.d6.c.mO2I.tK.y.pX.g"/><publish:partInfo name="NON_WORKING_UNKNOWN" publish:ismodellink="false" publish:partLowerX="253" publish:partLowerY="192" publish:partUpperX="16" publish:partUpperY="176" shape="rect" xmi:id="_YK.u.e0J.e.tE.d6.c.mO2I.tK.y.pX.g"/><publish:partInfo name="INSTALLING_INTEGRATED" publish:ismodellink="false" publish:partLowerX="253" publish:partLowerY="176" publish:partUpperX="16" publish:partUpperY="160" shape="rect" xmi:id="_J.y.f1B.p.e.tE.d6.c.mO2I.tK.y.pX.g"/><publish:partInfo name="INSTALLING_REJECTED" publish:ismodellink="false" publish:partLowerX="253" publish:partLowerY="160" publish:partUpperX="16" publish:partUpperY="144" shape="rect" xmi:id="_J.y.f1A5.e.tE.d6.c.mO2I.tK.y.pX.g"/><publish:partInfo name="INSTALLING_COMMISSIONED" publish:ismodellink="false" publish:partLowerX="253" publish:partLowerY="144" publish:partUpperX="16" publish:partUpperY="128" shape="rect" xmi:id="_J.y.f1AJ.e.tE.d6.c.mO2I.tK.y.pX.g"/><publish:partInfo name="INSTALLING_UNKNOWN" publish:ismodellink="false" publish:partLowerX="253" publish:partLowerY="128" publish:partUpperX="16" publish:partUpperY="112" shape="rect" xmi:id="_J.yWECZ.e.tE.d6.c.mO2I.tK.y.pX.g"/><publish:partInfo name="INSTALLING_ACCEPTED" publish:ismodellink="false" publish:partLowerX="253" publish:partLowerY="112" publish:partUpperX="16" publish:partUpperY="96" shape="rect" xmi:id="_J.yWEB.p.e.tE.d6.c.mO2I.tK.y.pX.g"/><publish:partInfo name="INSTALLING_DELIVERED" publish:ismodellink="false" publish:partLowerX="253" publish:partLowerY="96" publish:partUpperX="16" publish:partUpperY="80" shape="rect" xmi:id="_J.yWEA5.e.tE.d6.c.mO2I.tK.y.pX.g"/><publish:partInfo name="INSTALLING_INSTALLED" publish:ismodellink="false" publish:partLowerX="253" publish:partLowerY="80" publish:partUpperX="16" publish:partUpperY="64" shape="rect" xmi:id="_J.yWEAJ.e.tE.d6.c.mO2I.tK.y.pX.g"/><publish:partInfo name="ResourceState" publish:ismodellink="false" publish:partLowerX="262" publish:partLowerY="453" publish:partUpperX="9" publish:partUpperY="14" shape="rect" xmi:id="_D.q.n30J.e.tE.d6.c.mO2I.tK.y.pX.g"/><publish:partInfo name="BUSY" publish:ismodellink="false" publish:partLowerX="1068" publish:partLowerY="863" publish:partUpperX="831" publish:partUpperY="847" shape="rect" xmi:id="_.dBR.o4HM.eE.d.yMG.rC9M.s.b2.bA"/><publish:partInfo name="ACTIVE" publish:ismodellink="false" publish:partLowerX="1068" publish:partLowerY="847" publish:partUpperX="831" publish:partUpperY="831" shape="rect" xmi:id="_YDKJE.nM.eE.d.yMG.rC9M.s.b2.bA"/><publish:partInfo name="IDLE" publish:ismodellink="false" publish:partLowerX="1068" publish:partLowerY="831" publish:partUpperX="831" publish:partUpperY="815" shape="rect" xmi:id="_YDKJEXM.eE.d.yMG.rC9M.s.b2.bA"/><publish:partInfo name="UsageState" publish:ismodellink="false" publish:partLowerX="1078" publish:partLowerY="868" publish:partUpperX="825" publish:partUpperY="765" shape="rect" xmi:id="_YDKJEHM.eE.d.yMG.rC9M.s.b2.bA"/><publish:partInfo name="X721_UNKNOWN_STATUS" publish:ismodellink="false" publish:partLowerX="809" publish:partLowerY="866" publish:partUpperX="572" publish:partUpperY="850" shape="rect" xmi:id="_.u.p92.lHM.hE.d.yMG.rC9M.s.b2.bA"/><publish:partInfo name="M3100_HOLDER_STATUS" publish:ismodellink="false" publish:partLowerX="809" publish:partLowerY="850" publish:partUpperX="572" publish:partUpperY="834" shape="rect" xmi:id="_.u.p92.hHM.hE.d.yMG.rC9M.s.b2.bA"/><publish:partInfo name="X721_CONTROL_STATUS" publish:ismodellink="false" publish:partLowerX="809" publish:partLowerY="834" publish:partUpperX="572" publish:partUpperY="818" shape="rect" xmi:id="_.u.p92.g.nM.hE.d.yMG.rC9M.s.b2.bA"/><publish:partInfo name="X721_AVAILABILITY_STATUS" publish:ismodellink="false" publish:partLowerX="809" publish:partLowerY="818" publish:partUpperX="572" publish:partUpperY="802" shape="rect" xmi:id="_.u.p92.gHM.hE.d.yMG.rC9M.s.b2.bA"/><publish:partInfo name="X721_USAGE_STATE" publish:ismodellink="false" publish:partLowerX="809" publish:partLowerY="802" publish:partUpperX="572" publish:partUpperY="786" shape="rect" xmi:id="_.u.p3.v5HM.hE.d.yMG.rC9M.s.b2.bA"/><publish:partInfo name="X721_ADMINISTRATIVE_STATE" publish:ismodellink="false" publish:partLowerX="809" publish:partLowerY="786" publish:partUpperX="572" publish:partUpperY="770" shape="rect" xmi:id="_.u.p3.v4.nM.hE.d.yMG.rC9M.s.b2.bA"/><publish:partInfo name="X721_OPERATIONAL_STATE" publish:ismodellink="false" publish:partLowerX="809" publish:partLowerY="770" publish:partUpperX="572" publish:partUpperY="754" shape="rect" xmi:id="_.u.p3.v4HM.hE.d.yMG.rC9M.s.b2.bA"/><publish:partInfo name="UNKNOWN" publish:ismodellink="false" publish:partLowerX="809" publish:partLowerY="754" publish:partUpperX="572" publish:partUpperY="738" shape="rect" xmi:id="_3KC2.oXM.gE.d.yMG.rC9M.s.b2.bA"/><publish:partInfo name="State" publish:ismodellink="false" publish:partLowerX="818" publish:partLowerY="871" publish:partUpperX="565" publish:partUpperY="688" shape="rect" xmi:id="_3KC2.oHM.gE.d.yMG.rC9M.s.b2.bA"/><publish:partInfo name="ENABLED" publish:ismodellink="false" publish:partLowerX="548" publish:partLowerY="865" publish:partUpperX="311" publish:partUpperY="849" shape="rect" xmi:id="__F-50HM.dE.d.yMG.rC9M.s.b2.bA"/><publish:partInfo name="DISABLED" publish:ismodellink="false" publish:partLowerX="548" publish:partLowerY="849" publish:partUpperX="311" publish:partUpperY="833" shape="rect" xmi:id="_.tMGHIXM.dE.d.yMG.rC9M.s.b2.bA"/><publish:partInfo name="OperationalState" publish:ismodellink="false" publish:partLowerX="557" publish:partLowerY="870" publish:partUpperX="304" publish:partUpperY="783" shape="rect" xmi:id="_.tMGHIHM.dE.d.yMG.rC9M.s.b2.bA"/><publish:partInfo name="SUSPENDED" publish:ismodellink="false" publish:partLowerX="547" publish:partLowerY="767" publish:partUpperX="310" publish:partUpperY="751" shape="rect" xmi:id="_OD.dJQHM.fE.d.yMG.rC9M.s.b2.bA"/><publish:partInfo name="RESERVED_FOR_TEST" publish:ismodellink="false" publish:partLowerX="547" publish:partLowerY="751" publish:partUpperX="310" publish:partUpperY="735" shape="rect" xmi:id="_K0.o.c0HM.fE.d.yMG.rC9M.s.b2.bA"/><publish:partInfo name="PART_OF_SERVICES_LOCKED" publish:ismodellink="false" publish:partLowerX="547" publish:partLowerY="735" publish:partUpperX="310" publish:partUpperY="719" shape="rect" xmi:id="_IZM8MHM.fE.d.yMG.rC9M.s.b2.bA"/><publish:partInfo name="SUBJECT_TO_TEST" publish:ismodellink="false" publish:partLowerX="547" publish:partLowerY="719" publish:partUpperX="310" publish:partUpperY="703" shape="rect" xmi:id="_C.e.nNE.nM.fE.d.yMG.rC9M.s.b2.bA"/><publish:partInfo name="UNKNOWN" publish:ismodellink="false" publish:partLowerX="547" publish:partLowerY="703" publish:partUpperX="310" publish:partUpperY="687" shape="rect" xmi:id="_C.e.nNEXM.fE.d.yMG.rC9M.s.b2.bA"/><publish:partInfo name="ControlStatus" publish:ismodellink="false" publish:partLowerX="556" publish:partLowerY="772" publish:partUpperX="303" publish:partUpperY="637" shape="rect" xmi:id="_C.e.nNEHM.fE.d.yMG.rC9M.s.b2.bA"/><publish:partInfo name="LOG_FULL" publish:ismodellink="false" publish:partLowerX="1067" publish:partLowerY="718" publish:partUpperX="830" publish:partUpperY="702" shape="rect" xmi:id="_-Z.oU.sHM.eE.d.yMG.rC9M.s.b2.bA"/><publish:partInfo name="NOT_INSTALLED" publish:ismodellink="false" publish:partLowerX="1067" publish:partLowerY="702" publish:partUpperX="830" publish:partUpperY="686" shape="rect" xmi:id="_8.eTQ.cHM.eE.d.yMG.rC9M.s.b2.bA"/><publish:partInfo name="DEGRADED" publish:ismodellink="false" publish:partLowerX="1067" publish:partLowerY="686" publish:partUpperX="830" publish:partUpperY="670" shape="rect" xmi:id="_7S.o.u.kHM.eE.d.yMG.rC9M.s.b2.bA"/><publish:partInfo name="DEPENDENCY" publish:ismodellink="false" publish:partLowerX="1067" publish:partLowerY="670" publish:partUpperX="830" publish:partUpperY="654" shape="rect" xmi:id="_5WK.a0HM.eE.d.yMG.rC9M.s.b2.bA"/><publish:partInfo name="OFF_DUTY" publish:ismodellink="false" publish:partLowerX="1067" publish:partLowerY="654" publish:partUpperX="830" publish:partUpperY="638" shape="rect" xmi:id="_3.u.y0YHM.eE.d.yMG.rC9M.s.b2.bA"/><publish:partInfo name="OFF_LINE" publish:ismodellink="false" publish:partLowerX="1067" publish:partLowerY="638" publish:partUpperX="830" publish:partUpperY="622" shape="rect" xmi:id="_2VL9IHM.eE.d.yMG.rC9M.s.b2.bA"/><publish:partInfo name="POWER_OFF" publish:ismodellink="false" publish:partLowerX="1067" publish:partLowerY="622" publish:partUpperX="830" publish:partUpperY="606" shape="rect" xmi:id="_0.zX.lEHM.eE.d.yMG.rC9M.s.b2.bA"/><publish:partInfo name="FAILED" publish:ismodellink="false" publish:partLowerX="1067" publish:partLowerY="606" publish:partUpperX="830" publish:partUpperY="590" shape="rect" xmi:id="_.zX.d.n.wHM.eE.d.yMG.rC9M.s.b2.bA"/><publish:partInfo name="IN_TEST" publish:ismodellink="false" publish:partLowerX="1067" publish:partLowerY="590" publish:partUpperX="830" publish:partUpperY="574" shape="rect" xmi:id="_.e2NKM.nM.eE.d.yMG.rC9M.s.b2.bA"/><publish:partInfo name="UNKNOWN" publish:ismodellink="false" publish:partLowerX="1067" publish:partLowerY="574" publish:partUpperX="830" publish:partUpperY="558" shape="rect" xmi:id="_.e2NKMXM.eE.d.yMG.rC9M.s.b2.bA"/><publish:partInfo name="AvailabilityStatus" publish:ismodellink="false" publish:partLowerX="1077" publish:partLowerY="723" publish:partUpperX="824" publish:partUpperY="508" shape="rect" xmi:id="_.e2NKMHM.eE.d.yMG.rC9M.s.b2.bA"/><publish:partInfo name="SHUTTING_DOWN" publish:ismodellink="false" publish:partLowerX="806" publish:partLowerY="605" publish:partUpperX="569" publish:partUpperY="589" shape="rect" xmi:id="_VYQ.pEHM.eE.d.yMG.rC9M.s.b2.bA"/><publish:partInfo name="UNLOCKED" publish:ismodellink="false" publish:partLowerX="806" publish:partLowerY="589" publish:partUpperX="569" publish:partUpperY="573" shape="rect" xmi:id="_O.c5Z.c.nM.eE.d.yMG.rC9M.s.b2.bA"/><publish:partInfo name="LOCKED" publish:ismodellink="false" publish:partLowerX="806" publish:partLowerY="573" publish:partUpperX="569" publish:partUpperY="557" shape="rect" xmi:id="_O.c5Z.cXM.eE.d.yMG.rC9M.s.b2.bA"/><publish:partInfo name="AdministrativeState" publish:ismodellink="false" publish:partLowerX="816" publish:partLowerY="610" publish:partUpperX="563" publish:partUpperY="507" shape="rect" xmi:id="_O.c5Z.cHM.eE.d.yMG.rC9M.s.b2.bA"/><publish:partInfo name="UNKNOWN_TYPE" publish:ismodellink="false" publish:partLowerX="546" publish:partLowerY="621" publish:partUpperX="309" publish:partUpperY="605" shape="rect" xmi:id="_.c.c.j80HM.fE.d.yMG.rC9M.s.b2.bA"/><publish:partInfo name="NOT_IN_THE_ACCEPTABLE_LIST" publish:ismodellink="false" publish:partLowerX="546" publish:partLowerY="605" publish:partUpperX="309" publish:partUpperY="589" shape="rect" xmi:id="_Z.x.j.vIHM.fE.d.yMG.rC9M.s.b2.bA"/><publish:partInfo name="IN_THE_ACCEPTABLE_LIST" publish:ismodellink="false" publish:partLowerX="546" publish:partLowerY="589" publish:partUpperX="309" publish:partUpperY="573" shape="rect" xmi:id="_RW9.hY.nM.fE.d.yMG.rC9M.s.b2.bA"/><publish:partInfo name="HOLDER_EMPTY" publish:ismodellink="false" publish:partLowerX="546" publish:partLowerY="573" publish:partUpperX="309" publish:partUpperY="557" shape="rect" xmi:id="_RW9.hYXM.fE.d.yMG.rC9M.s.b2.bA"/><publish:partInfo name="HolderStatus" publish:ismodellink="false" publish:partLowerX="556" publish:partLowerY="626" publish:partUpperX="303" publish:partUpperY="507" shape="rect" xmi:id="_RW9.hYHM.fE.d.yMG.rC9M.s.b2.bA"/><publish:partInfo anchor="#_9.uBIMSPHE.d.y.p.g.fGA_0P3-.g" name="layerRateValues" publish:ismodellink="false" publish:partLowerX="697" publish:partLowerY="77" publish:partUpperX="457" publish:partUpperY="61" shape="rect" xmi:id="_.eN.q.f0CPHE.d.y.p.g.fGA_0P3-.g"/><publish:partInfo name="LayerRate" publish:ismodellink="false" publish:partLowerX="706" publish:partLowerY="82" publish:partUpperX="450" publish:partUpperY="9" shape="rect" xmi:id="_.eN.q.f0CPHE.d.y.p.g.fGA_0P3-.g"/><publish:partInfo name="UNKNOWN" publish:ismodellink="false" publish:partLowerX="984" publish:partLowerY="125" publish:partUpperX="744" publish:partUpperY="109" shape="rect" xmi:id="_.mA.oOMP.o4E.d.uV.sYI7.m.fNDXQ"/><publish:partInfo name="OS" publish:ismodellink="false" publish:partLowerX="984" publish:partLowerY="109" publish:partUpperX="744" publish:partUpperY="93" shape="rect" xmi:id="_.jU.xE4P.o4E.d.uV.sYI7.m.fNDXQ"/><publish:partInfo name="NETWORK_EMS" publish:ismodellink="false" publish:partLowerX="984" publish:partLowerY="93" publish:partUpperX="744" publish:partUpperY="77" shape="rect" xmi:id="_.e9Z.cAP.o4E.d.uV.sYI7.m.fNDXQ"/><publish:partInfo name="NETWORK_ME" publish:ismodellink="false" publish:partLowerX="984" publish:partLowerY="77" publish:partUpperX="744" publish:partUpperY="61" shape="rect" xmi:id="_M.uY.jUP.o3E.d.uV.sYI7.m.fNDXQ"/><publish:partInfo name="ObjectSource" publish:ismodellink="false" publish:partLowerX="994" publish:partLowerY="130" publish:partUpperX="738" publish:partUpperY="9" shape="rect" xmi:id="_6R9EQP.o2E.d.uV.sYI7.m.fNDXQ"/><publish:partInfo anchor="#__.uP.o.oCPJE.d.y.p.g.fGA_0P3-.g" name="transmissionParameterList" publish:ismodellink="false" publish:partLowerX="770" publish:partLowerY="248" publish:partUpperX="530" publish:partUpperY="232" shape="rect" xmi:id="_37B.j8CPJE.d.y.p.g.fGA_0P3-.g"/><publish:partInfo anchor="#__.uD.bY.iPJE.d.y.p.g.fGA_0P3-.g" name="layerRate" publish:ismodellink="false" publish:partLowerX="770" publish:partLowerY="232" publish:partUpperX="530" publish:partUpperY="216" shape="rect" xmi:id="_37B.j8CPJE.d.y.p.g.fGA_0P3-.g"/><publish:partInfo name="TransmissionParameterList" publish:ismodellink="false" publish:partLowerX="779" publish:partLowerY="253" publish:partUpperX="523" publish:partUpperY="164" shape="rect" xmi:id="_37B.j8CPJE.d.y.p.g.fGA_0P3-.g"/></contents><contents Type="Class" isDefault="false" name="NRB DDP Relationship Diagram" publish:icon="-1677387246_icon.png" publish:imageType="PNG" publish:qualifiedname="NetworkResourceBasic::Class Diagrams::NRB DDP Relationship Diagram" xmi:id="_Q.i53UFYME.d.y.s97.lG39.t.c.p.w" xsi:type="notation:Diagram"><publish:properties><publish:property canonicalName="description" name="Description" publish:category="View"/><publish:property canonicalName="graphLayout" name="Graph Layout" publish:category="View" publish:value="VerticalOrthogonalHierarchical"/><publish:property canonicalName="labelLayout" name="Label Layout" publish:category="View" publish:value="None"/><publish:property canonicalName="linkLayout" name="Link Layout" publish:category="View" publish:value="None"/><publish:property canonicalName="measurementUnit" name="Measurement Unit" publish:category="View" publish:value="Himetric"/><publish:property canonicalName="name" name="Name" publish:category="View" publish:value="NRB DDP Relationship Diagram"/><publish:property canonicalName="pageHeight" name="Page Height" publish:category="View" publish:value="100"/><publish:property canonicalName="pageWidth" name="Page Width" publish:category="View" publish:value="100"/><publish:property canonicalName="pageX" name="Page X" publish:category="View" publish:value="0"/><publish:property canonicalName="pageY" name="Page Y" publish:category="View" publish:value="0"/><publish:property canonicalName="styles" name="Styles" publish:category="View"/><publish:property canonicalName="useAliasName" name="Use Alias Name" publish:category="View" publish:value="false"/></publish:properties><publish:partInfo name="PackageImport" publish:ismodellink="false" publish:partLowerX="97" publish:partLowerY="103" publish:partUpperX="48" publish:partUpperY="88" shape="rect" xmi:id="_AU1Q.wFYNE.d.y.s97.lG39.t.c.p.w"/><publish:partInfo coords="74,128,74,64,84,64,84,128,74,128" name="PackageImport" publish:ismodellink="false" shape="poly" xmi:id="_AU1Q.wFYNE.d.y.s97.lG39.t.c.p.w"/><publish:partInfo name="NetworkResourceBasic" publish:ismodellink="true" publish:partLowerX="162" publish:partLowerY="167" publish:partUpperX="13" publish:partUpperY="155" shape="rect" xmi:id="_C.qF.iEA6.qE.d.y.d7PUN.b-IYCQ"/><publish:partInfo name="NetworkResourceBasic" publish:ismodellink="true" publish:partLowerX="169" publish:partLowerY="174" publish:partUpperX="9" publish:partUpperY="117" shape="rect" xmi:id="_C.qF.iEA6.qE.d.y.d7PUN.b-IYCQ"/></contents><contents Type="Class" isDefault="false" name="NRB Common Resource Provisioning Class Diagram" publish:icon="-1677387246_icon.png" publish:imageType="PNG" publish:qualifiedname="NetworkResourceBasic::Class Diagrams::NRB Common Resource Provisioning Class Diagram" xmi:id="_N.d.e.bAK.l.cE.d.y39Z05.qV.q.f.pQ" xsi:type="notation:Diagram"><publish:properties><publish:property canonicalName="description" name="Description" publish:category="View"/><publish:property canonicalName="graphLayout" name="Graph Layout" publish:category="View" publish:value="VerticalOrthogonalHierarchical"/><publish:property canonicalName="labelLayout" name="Label Layout" publish:category="View" publish:value="None"/><publish:property canonicalName="linkLayout" name="Link Layout" publish:category="View" publish:value="None"/><publish:property canonicalName="measurementUnit" name="Measurement Unit" publish:category="View" publish:value="Himetric"/><publish:property canonicalName="name" name="Name" publish:category="View" publish:value="NRB Common Resource Provisioning Class Diagram"/><publish:property canonicalName="pageHeight" name="Page Height" publish:category="View" publish:value="100"/><publish:property canonicalName="pageWidth" name="Page Width" publish:category="View" publish:value="100"/><publish:property canonicalName="pageX" name="Page X" publish:category="View" publish:value="0"/><publish:property canonicalName="pageY" name="Page Y" publish:category="View" publish:value="0"/><publish:property canonicalName="styles" name="Styles" publish:category="View"/><publish:property canonicalName="useAliasName" name="Use Alias Name" publish:category="View" publish:value="false"/></publish:properties><publish:partInfo name="Generalization" publish:ismodellink="false" publish:partLowerX="0" publish:partLowerY="0" publish:partUpperX="0" publish:partUpperY="0" shape="rect" xmi:id="_T-5EIK.l.dE.d.y39Z05.qV.q.f.pQ"/><publish:partInfo coords="156,324,156,277,216,277,216,240,226,240,226,287,166,287,166,324,156,324" name="Generalization" publish:ismodellink="false" shape="poly" xmi:id="_T-5EIK.l.dE.d.y39Z05.qV.q.f.pQ"/><publish:partInfo name="Generalization" publish:ismodellink="false" publish:partLowerX="0" publish:partLowerY="0" publish:partUpperX="0" publish:partUpperY="0" shape="rect" xmi:id="_R1W.k.wK.l.dE.d.y39Z05.qV.q.f.pQ"/><publish:partInfo coords="464,323,464,240,474,240,474,323,464,323" name="Generalization" publish:ismodellink="false" shape="poly" xmi:id="_R1W.k.wK.l.dE.d.y39Z05.qV.q.f.pQ"/><publish:partInfo anchor="#_M2Y-UL.q.eE.d.yA7.v53C.jA.z.n.g" name="networkAccessDomain" publish:ismodellink="false" publish:partLowerX="633" publish:partLowerY="391" publish:partUpperX="392" publish:partUpperY="375" shape="rect" xmi:id="_Z.sO24K.l.cE.d.y39Z05.qV.q.f.pQ"/><publish:partInfo name="CommonResourceCreateData" publish:ismodellink="false" publish:partLowerX="643" publish:partLowerY="396" publish:partUpperX="386" publish:partUpperY="323" shape="rect" xmi:id="_Z.sO24K.l.cE.d.y39Z05.qV.q.f.pQ"/><publish:partInfo anchor="#_Z.bG.q.q6.l.cE.d.y39Z05.qV.q.f.pQ" name="networkAccessDomain" publish:ismodellink="false" publish:partLowerX="257" publish:partLowerY="392" publish:partUpperX="16" publish:partUpperY="376" shape="rect" xmi:id="_Z.bG.q.oK.l.cE.d.y39Z05.qV.q.f.pQ"/><publish:partInfo name="CommonResourceModifyData" publish:ismodellink="false" publish:partLowerX="266" publish:partLowerY="397" publish:partUpperX="9" publish:partUpperY="324" shape="rect" xmi:id="_Z.bG.q.oK.l.cE.d.y39Z05.qV.q.f.pQ"/></contents></packagedElement>