<?xml version="1.0" encoding="UTF-8"?><uml:Model xmlns:uml="http://www.eclipse.org/uml2/1.0.0/UML" name="NetworkResourceBasic" xmlns:publish="http://www.ibm.com/Rational/XTools/Publish" publish:diagramFormat="PNG" publish:icon="1292180043_icon.png" publish:modelname="NetworkResourceBasic" publish:profiles="Standard, Default, Deployment, null" publish:qualifiedname="NetworkResourceBasic" publish:sortOrder="storage" publish:toplevelguid="_C.qF.iEA6.qE.d.y.d7PUN.b-IYCQ" xmlns:xmi="http://www.omg.org/XMI" xmi:id="_C.qF.iEA6.qE.d.y.d7PUN.b-IYCQ" xmi:version="2.0" xmlns:com.ibm.xtools.notation="http:///com/ibm/xtools/notation.ecore" xmlns:xsi="http://www.w3.org/2001/XMLSchema-instance" xsi:type="uml:Model"><publish:properties><publish:property canonicalName="Alias" name="Alias" publish:category="UML"/><publish:property canonicalName="Keywords" name="Keywords" publish:category="UML"/><publish:property canonicalName="name" name="Name" publish:category="UML" publish:value="NetworkResourceBasic"/><publish:property canonicalName="nameExpression" name="Name Expression" publish:category="UML"/><publish:property canonicalName="namespace" name="Namespace" publish:category="UML"/><publish:property canonicalName="nestingPackage" name="Nesting Package" publish:category="UML"/><publish:property canonicalName="ownedTemplateSignature" name="Owned Template Signature" publish:category="UML"/><publish:property canonicalName="owner" name="Owner" publish:category="UML"/><publish:property canonicalName="owningTemplateParameter" name="Owning Template Parameter" publish:category="UML"/><publish:property canonicalName="qualifiedName" name="Qualified Name" publish:category="UML" publish:value="NetworkResourceBasic"/><publish:property canonicalName="Stereotype" name="Stereotype" publish:category="UML"/><publish:property canonicalName="templateParameter" name="Template Parameter" publish:category="UML"/><publish:property canonicalName="viewpoint" name="Viewpoint" publish:category="UML"/><publish:property canonicalName="visibility" name="Visibility" publish:category="UML" publish:value="Public"/></publish:properties><appliedProfiles><profile name="Standard" visibility="public"/><profile name="Default" visibility="public"/><profile name="Deployment" visibility="public"/><profile visibility="public"/></appliedProfiles><ownedComment annotatedElement="_C.qF.iEA6.qE.d.y.d7PUN.b-IYCQ" body="Changes done between Release 2.1 and 3.0:&#13;&#10;&#13;&#10;None" isDocumentation="true" isURL="false" name="&lt;Unnamed Comment&gt;" publish:icon="1023744610_icon.png" publish:qualifiedname="NetworkResourceBasic::&lt;Comment&gt;" xmi:id="_B.vMJEJ.e.xE.d6.c.mO2I.tK.y.pX.g" xsi:type="uml:Comment"><publish:properties><publish:property canonicalName="body" name="Body" publish:category="UML" publish:value="Changes done between Release 2.1 and 3.0:..."/><publish:property canonicalName="Keywords" name="Keywords" publish:category="UML"/><publish:property canonicalName="owner" name="Owner" publish:category="UML" publish:ismodellink="true" publish:value="NetworkResourceBasic" xmi:id="_C.qF.iEA6.qE.d.y.d7PUN.b-IYCQ"/><publish:property canonicalName="Stereotype" name="Stereotype" publish:category="UML" publish:value="documentation"/></publish:properties></ownedComment><packageImport name="&lt;Unnamed PackageImport&gt;" publish:icon="1275402941_icon.png" publish:qualifiedname="NetworkResourceBasic::&lt;PackageImport&gt;" xmi:id="_C.qF.iFA6.qE.d.y.d7PUN.b-IYCQ" xsi:type="uml:PackageImport"><publish:properties><publish:property canonicalName="importedPackage" name="Imported Package" publish:category="UML" publish:value="«modelLibrary» UMLPrimitiveTypes"/><publish:property canonicalName="importingNamespace" name="Importing Namespace" publish:category="UML" publish:ismodellink="true" publish:value="NetworkResourceBasic" xmi:id="_C.qF.iEA6.qE.d.y.d7PUN.b-IYCQ"/><publish:property canonicalName="Keywords" name="Keywords" publish:category="UML"/><publish:property canonicalName="owner" name="Owner" publish:category="UML" publish:ismodellink="true" publish:value="NetworkResourceBasic" xmi:id="_C.qF.iEA6.qE.d.y.d7PUN.b-IYCQ"/><publish:property canonicalName="Stereotype" name="Stereotype" publish:category="UML"/><publish:property canonicalName="visibility" name="Visibility" publish:category="UML" publish:value="Public"/></publish:properties></packageImport><packageImport name="&lt;Unnamed PackageImport&gt;" publish:icon="1275402941_icon.png" publish:qualifiedname="NetworkResourceBasic::&lt;PackageImport&gt;" xmi:id="_AU1Q.wFYNE.d.y.s97.lG39.t.c.p.w" xsi:type="uml:PackageImport"><publish:properties><publish:property canonicalName="importedPackage" name="Imported Package" publish:category="UML"/><publish:property canonicalName="importingNamespace" name="Importing Namespace" publish:category="UML" publish:ismodellink="true" publish:value="NetworkResourceBasic" xmi:id="_C.qF.iEA6.qE.d.y.d7PUN.b-IYCQ"/><publish:property canonicalName="Keywords" name="Keywords" publish:category="UML"/><publish:property canonicalName="owner" name="Owner" publish:category="UML" publish:ismodellink="true" publish:value="NetworkResourceBasic" xmi:id="_C.qF.iEA6.qE.d.y.d7PUN.b-IYCQ"/><publish:property canonicalName="Stereotype" name="Stereotype" publish:category="UML"/><publish:property canonicalName="visibility" name="Visibility" publish:category="UML" publish:value="Public"/></publish:properties></packageImport></uml:Model>