<?xml version="1.0" encoding="UTF-8"?><uml:Model xmlns:uml="http://www.eclipse.org/uml2/1.0.0/UML" name="NetworkResourceBasic" xmlns:publish="http://www.ibm.com/Rational/XTools/Publish" publish:diagramFormat="PNG" publish:icon="1292180043_icon.png" publish:modelname="NetworkResourceBasic" publish:profiles="Standard, Default, Deployment, null" publish:qualifiedname="NetworkResourceBasic" publish:sortOrder="storage" publish:toplevelguid="_C.qF.iEA6.qE.d.y.d7PUN.b-IYCQ" xmlns:xmi="http://www.omg.org/XMI" xmi:id="_C.qF.iEA6.qE.d.y.d7PUN.b-IYCQ" xmi:version="2.0" xmlns:com.ibm.xtools.notation="http:///com/ibm/xtools/notation.ecore" xmlns:xsi="http://www.w3.org/2001/XMLSchema-instance" xsi:type="uml:Model"><appliedProfiles><profile name="Standard" visibility="public"/><profile name="Default" visibility="public"/><profile name="Deployment" visibility="public"/><profile visibility="public"/></appliedProfiles><packagedElement name="Data Object Classes" publish:diagramFormat="PNG" publish:icon="-1325065473_icon.png" publish:modelname="NetworkResourceBasic" publish:qualifiedname="NetworkResourceBasic::Data Object Classes" publish:sortOrder="storage" publish:toplevelguid="_C.qF.iEA6.qE.d.y.d7PUN.b-IYCQ" xmi:id="_.qT.kQ4A6.uE.d.y.d7PUN.b-IYCQ" xsi:type="uml:Package"><packagedElement name="CommonResourceInfo" publish:icon="1292180129_icon.png" publish:qualifiedname="NetworkResourceBasic::Data Object Classes::CommonResourceInfo" xmi:id="_.x.d-.pIA6.uE.d.y.d7PUN.b-IYCQ" xsi:type="uml:Class"><ownedAttribute name="source" publish:icon="923081473_icon.png" publish:is_association="false" publish:qualifiedname="NetworkResourceBasic::Data Object Classes::CommonResourceInfo::source" publish:type="ObjectSource" publish:typeid="_6R9EQP.o2E.d.uV.sYI7.m.fNDXQ" xmi:id="_.x.d-.pN.g6.uE.d.y.d7PUN.b-IYCQ" xsi:type="uml:Property"><defaultValue name="UNKNOWN" publish:icon="1812274008_icon.png" publish:qualifiedname="NetworkResourceBasic::Data Object Classes::CommonResourceInfo::source::UNKNOWN" xmi:id="_X.z.q.mMCM.qE.d.y7G.r.fA.i1CT.wQ" xsi:type="uml:InstanceValue"/></ownedAttribute><ownedAttribute name="resourceState" publish:icon="-301655413_icon.png" publish:is_association="false" publish:qualifiedname="NetworkResourceBasic::Data Object Classes::CommonResourceInfo::resourceState" publish:type="ResourceState" publish:typeid="_D.q.n30J.e.tE.d6.c.mO2I.tK.y.pX.g" xmi:id="_.x.d-.pP.g6.uE.d.y.d7PUN.b-IYCQ" xsi:type="uml:Property"><defaultValue name="UNKNOWN" publish:icon="1812274008_icon.png" publish:qualifiedname="NetworkResourceBasic::Data Object Classes::CommonResourceInfo::resourceState::UNKNOWN" xmi:id="_.z.o-R.wJ.e.vE.d6.c.mO2I.tK.y.pX.g" xsi:type="uml:InstanceValue"/></ownedAttribute><ownedAttribute name="networkAccessDomain" publish:icon="923081473_icon.png" publish:qualifiedname="NetworkResourceBasic::Data Object Classes::CommonResourceInfo::networkAccessDomain" publish:type="String" xmi:id="_NS.qL.sG.g.tE.d.y.bU.dE.k71.hLJA" xsi:type="uml:Property"><defaultValue publish:icon="-419095724_icon.png" publish:qualifiedname="NetworkResourceBasic::Data Object Classes::CommonResourceInfo::networkAccessDomain::&lt;OpaqueExpression&gt;" xmi:id="_NS.qL.s.m.g.tE.d.y.bU.dE.k71.hLJA" xsi:type="uml:OpaqueExpression"/></ownedAttribute><ownedAttribute name="ituStateAndStatusList" publish:icon="-301655413_icon.png" publish:is_association="false" publish:qualifiedname="NetworkResourceBasic::Data Object Classes::CommonResourceInfo::ituStateAndStatusList" publish:type="ItuStateAndStatusList" publish:typeid="_9.b.aU0J.e.yE.d6.c.mO2I.tK.y.pX.g" xmi:id="_2-N.c.wG.g.tE.d.y.bU.dE.k71.hLJA" xsi:type="uml:Property"/><ownedAttribute name="meiAttributes" publish:icon="923081473_icon.png" publish:qualifiedname="NetworkResourceBasic::Data Object Classes::CommonResourceInfo::meiAttributes" publish:type="MultiEventInventoryAttributes" xmi:id="_.d9.r40H.pLE.eCBW5.cXQ.g0.v1Q" xsi:type="uml:Property"><defaultValue publish:icon="-419095724_icon.png" publish:qualifiedname="NetworkResourceBasic::Data Object Classes::CommonResourceInfo::meiAttributes::&lt;OpaqueExpression&gt;" xmi:id="_D.j.e1.cH.pME.eCBW5.cXQ.g0.v1Q" xsi:type="uml:OpaqueExpression"/></ownedAttribute></packagedElement></packagedElement><packagedElement name="Class Diagrams" publish:diagramFormat="PNG" publish:icon="-1325065473_icon.png" publish:modelname="NetworkResourceBasic" publish:qualifiedname="NetworkResourceBasic::Class Diagrams" publish:sortOrder="storage" publish:toplevelguid="_C.qF.iEA6.qE.d.y.d7PUN.b-IYCQ" xmi:id="__B.h.t.sA6.uE.d.y.d7PUN.b-IYCQ" xsi:type="uml:Package"/><packagedElement name="Type Definitions" publish:diagramFormat="PNG" publish:icon="-1325065473_icon.png" publish:modelname="NetworkResourceBasic" publish:qualifiedname="NetworkResourceBasic::Type Definitions" publish:sortOrder="storage" publish:toplevelguid="_C.qF.iEA6.qE.d.y.d7PUN.b-IYCQ" xmi:id="_7DA4UCO4E.d.y.p.g.fGA_0P3-.g" xsi:type="uml:Package"><packagedElement name="ControlState" publish:icon="1124407944_icon.png" publish:qualifiedname="NetworkResourceBasic::Type Definitions::ControlState" xmi:id="_3T.fFEE8GE.d.y.fL.r.y44X.cU.u.w" xsi:type="uml:Enumeration"><ownedLiteral name="LOCKED" publish:icon="-2147149193_icon.png" publish:qualifiedname="NetworkResourceBasic::Type Definitions::ControlState::LOCKED" xmi:id="_AGS-.gE8HE.d.y.fL.r.y44X.cU.u.w" xsi:type="uml:EnumerationLiteral"/><ownedLiteral name="UNLOCKED" publish:icon="-2147149193_icon.png" publish:qualifiedname="NetworkResourceBasic::Type Definitions::ControlState::UNLOCKED" xmi:id="_BNW.tME8HE.d.y.fL.r.y44X.cU.u.w" xsi:type="uml:EnumerationLiteral"/></packagedElement><packagedElement name="CommonResourceCreateData" publish:icon="-1694164445_icon.png" publish:qualifiedname="NetworkResourceBasic::Type Definitions::CommonResourceCreateData" xmi:id="_Z.sO24K.l.cE.d.y39Z05.qV.q.f.pQ" xsi:type="uml:DataType"><ownedAttribute name="networkAccessDomain" publish:icon="923081473_icon.png" publish:qualifiedname="NetworkResourceBasic::Type Definitions::CommonResourceCreateData::networkAccessDomain" publish:type="String" xmi:id="_M2Y-UL.q.eE.d.yA7.v53C.jA.z.n.g" xsi:type="uml:Property"><defaultValue publish:icon="-419095724_icon.png" publish:qualifiedname="NetworkResourceBasic::Type Definitions::CommonResourceCreateData::networkAccessDomain::&lt;OpaqueExpression&gt;" xmi:id="_M2Y-U.r.q.eE.d.yA7.v53C.jA.z.n.g" xsi:type="uml:OpaqueExpression"/></ownedAttribute></packagedElement><packagedElement name="CommonResourceModifyData" publish:icon="-1694164445_icon.png" publish:qualifiedname="NetworkResourceBasic::Type Definitions::CommonResourceModifyData" xmi:id="_Z.bG.q.oK.l.cE.d.y39Z05.qV.q.f.pQ" xsi:type="uml:DataType"><ownedAttribute name="networkAccessDomain" publish:icon="923081473_icon.png" publish:qualifiedname="NetworkResourceBasic::Type Definitions::CommonResourceModifyData::networkAccessDomain" publish:type="String" xmi:id="_Z.bG.q.q6.l.cE.d.y39Z05.qV.q.f.pQ" xsi:type="uml:Property"><defaultValue publish:icon="-419095724_icon.png" publish:qualifiedname="NetworkResourceBasic::Type Definitions::CommonResourceModifyData::networkAccessDomain::&lt;OpaqueExpression&gt;" xmi:id="_Z.bG.q.r.a.l.cE.d.y39Z05.qV.q.f.pQ" xsi:type="uml:OpaqueExpression"/></ownedAttribute></packagedElement><packagedElement name="ObjectSource" publish:icon="1124407944_icon.png" publish:qualifiedname="NetworkResourceBasic::Type Definitions::ObjectSource" xmi:id="_6R9EQP.o2E.d.uV.sYI7.m.fNDXQ" xsi:type="uml:Enumeration"><ownedLiteral name="NETWORK_ME" publish:icon="-2147149193_icon.png" publish:qualifiedname="NetworkResourceBasic::Type Definitions::ObjectSource::NETWORK_ME" xmi:id="_M.uY.jUP.o3E.d.uV.sYI7.m.fNDXQ" xsi:type="uml:EnumerationLiteral"/><ownedLiteral name="NETWORK_EMS" publish:icon="-2147149193_icon.png" publish:qualifiedname="NetworkResourceBasic::Type Definitions::ObjectSource::NETWORK_EMS" xmi:id="_.e9Z.cAP.o4E.d.uV.sYI7.m.fNDXQ" xsi:type="uml:EnumerationLiteral"/><ownedLiteral name="OS" publish:icon="-2147149193_icon.png" publish:qualifiedname="NetworkResourceBasic::Type Definitions::ObjectSource::OS" xmi:id="_.jU.xE4P.o4E.d.uV.sYI7.m.fNDXQ" xsi:type="uml:EnumerationLiteral"/><ownedLiteral name="UNKNOWN" publish:icon="-2147149193_icon.png" publish:qualifiedname="NetworkResourceBasic::Type Definitions::ObjectSource::UNKNOWN" xmi:id="_.mA.oOMP.o4E.d.uV.sYI7.m.fNDXQ" xsi:type="uml:EnumerationLiteral"/></packagedElement><packagedElement name="LayerRate" publish:icon="-737863194_icon.png" publish:qualifiedname="NetworkResourceBasic::Type Definitions::LayerRate" xmi:id="_.eN.q.f0CPHE.d.y.p.g.fGA_0P3-.g" xsi:type="uml:DataType"><ownedAttribute name="layerRateValues" publish:icon="923081473_icon.png" publish:qualifiedname="NetworkResourceBasic::Type Definitions::LayerRate::layerRateValues" publish:type="Integer" xmi:id="_9.uBIMSPHE.d.y.p.g.fGA_0P3-.g" xsi:type="uml:Property"/></packagedElement><packagedElement name="TransmissionParameterList" publish:icon="-737863194_icon.png" publish:qualifiedname="NetworkResourceBasic::Type Definitions::TransmissionParameterList" xmi:id="_37B.j8CPJE.d.y.p.g.fGA_0P3-.g" xsi:type="uml:DataType"><ownedAttribute name="layerRate" publish:icon="923081473_icon.png" publish:is_association="false" publish:qualifiedname="NetworkResourceBasic::Type Definitions::TransmissionParameterList::layerRate" publish:type="LayerRate" publish:typeid="_.eN.q.f0CPHE.d.y.p.g.fGA_0P3-.g" xmi:id="__.uD.bY.iPJE.d.y.p.g.fGA_0P3-.g" xsi:type="uml:Property"><defaultValue publish:icon="-419095724_icon.png" publish:qualifiedname="NetworkResourceBasic::Type Definitions::TransmissionParameterList::layerRate::&lt;OpaqueExpression&gt;" xmi:id="__.uJ.iASPJE.d.y.p.g.fGA_0P3-.g" xsi:type="uml:OpaqueExpression"/></ownedAttribute><ownedAttribute name="transmissionParameterList" publish:icon="923081473_icon.png" publish:qualifiedname="NetworkResourceBasic::Type Definitions::TransmissionParameterList::transmissionParameterList" publish:type="AttributeValuePair" xmi:id="__.uP.o.oCPJE.d.y.p.g.fGA_0P3-.g" xsi:type="uml:Property"><defaultValue publish:icon="-419095724_icon.png" publish:qualifiedname="NetworkResourceBasic::Type Definitions::TransmissionParameterList::transmissionParameterList::&lt;OpaqueExpression&gt;" xmi:id="__.uP.o.o.iPJE.d.y.p.g.fGA_0P3-.g" xsi:type="uml:OpaqueExpression"/></ownedAttribute></packagedElement><packagedElement name="OperationalState" publish:icon="1124407944_icon.png" publish:qualifiedname="NetworkResourceBasic::Type Definitions::OperationalState" xmi:id="_.tMGHIHM.dE.d.yMG.rC9M.s.b2.bA" xsi:type="uml:Enumeration"><ownedLiteral name="DISABLED" publish:icon="-2147149193_icon.png" publish:qualifiedname="NetworkResourceBasic::Type Definitions::OperationalState::DISABLED" xmi:id="_.tMGHIXM.dE.d.yMG.rC9M.s.b2.bA" xsi:type="uml:EnumerationLiteral"/><ownedLiteral name="ENABLED" publish:icon="-2147149193_icon.png" publish:qualifiedname="NetworkResourceBasic::Type Definitions::OperationalState::ENABLED" xmi:id="__F-50HM.dE.d.yMG.rC9M.s.b2.bA" xsi:type="uml:EnumerationLiteral"/></packagedElement><packagedElement name="AdministrativeState" publish:icon="1124407944_icon.png" publish:qualifiedname="NetworkResourceBasic::Type Definitions::AdministrativeState" xmi:id="_O.c5Z.cHM.eE.d.yMG.rC9M.s.b2.bA" xsi:type="uml:Enumeration"><ownedLiteral name="LOCKED" publish:icon="-2147149193_icon.png" publish:qualifiedname="NetworkResourceBasic::Type Definitions::AdministrativeState::LOCKED" xmi:id="_O.c5Z.cXM.eE.d.yMG.rC9M.s.b2.bA" xsi:type="uml:EnumerationLiteral"/><ownedLiteral name="UNLOCKED" publish:icon="-2147149193_icon.png" publish:qualifiedname="NetworkResourceBasic::Type Definitions::AdministrativeState::UNLOCKED" xmi:id="_O.c5Z.c.nM.eE.d.yMG.rC9M.s.b2.bA" xsi:type="uml:EnumerationLiteral"/><ownedLiteral name="SHUTTING_DOWN" publish:icon="-2147149193_icon.png" publish:qualifiedname="NetworkResourceBasic::Type Definitions::AdministrativeState::SHUTTING_DOWN" xmi:id="_VYQ.pEHM.eE.d.yMG.rC9M.s.b2.bA" xsi:type="uml:EnumerationLiteral"/></packagedElement><packagedElement name="UsageState" publish:icon="1124407944_icon.png" publish:qualifiedname="NetworkResourceBasic::Type Definitions::UsageState" xmi:id="_YDKJEHM.eE.d.yMG.rC9M.s.b2.bA" xsi:type="uml:Enumeration"><ownedLiteral name="IDLE" publish:icon="-2147149193_icon.png" publish:qualifiedname="NetworkResourceBasic::Type Definitions::UsageState::IDLE" xmi:id="_YDKJEXM.eE.d.yMG.rC9M.s.b2.bA" xsi:type="uml:EnumerationLiteral"/><ownedLiteral name="ACTIVE" publish:icon="-2147149193_icon.png" publish:qualifiedname="NetworkResourceBasic::Type Definitions::UsageState::ACTIVE" xmi:id="_YDKJE.nM.eE.d.yMG.rC9M.s.b2.bA" xsi:type="uml:EnumerationLiteral"/><ownedLiteral name="BUSY" publish:icon="-2147149193_icon.png" publish:qualifiedname="NetworkResourceBasic::Type Definitions::UsageState::BUSY" xmi:id="_.dBR.o4HM.eE.d.yMG.rC9M.s.b2.bA" xsi:type="uml:EnumerationLiteral"/></packagedElement><packagedElement name="AvailabilityStatus" publish:icon="1124407944_icon.png" publish:qualifiedname="NetworkResourceBasic::Type Definitions::AvailabilityStatus" xmi:id="_.e2NKMHM.eE.d.yMG.rC9M.s.b2.bA" xsi:type="uml:Enumeration"><ownedLiteral name="UNKNOWN" publish:icon="-2147149193_icon.png" publish:qualifiedname="NetworkResourceBasic::Type Definitions::AvailabilityStatus::UNKNOWN" xmi:id="_.e2NKMXM.eE.d.yMG.rC9M.s.b2.bA" xsi:type="uml:EnumerationLiteral"/><ownedLiteral name="IN_TEST" publish:icon="-2147149193_icon.png" publish:qualifiedname="NetworkResourceBasic::Type Definitions::AvailabilityStatus::IN_TEST" xmi:id="_.e2NKM.nM.eE.d.yMG.rC9M.s.b2.bA" xsi:type="uml:EnumerationLiteral"/><ownedLiteral name="FAILED" publish:icon="-2147149193_icon.png" publish:qualifiedname="NetworkResourceBasic::Type Definitions::AvailabilityStatus::FAILED" xmi:id="_.zX.d.n.wHM.eE.d.yMG.rC9M.s.b2.bA" xsi:type="uml:EnumerationLiteral"/><ownedLiteral name="POWER_OFF" publish:icon="-2147149193_icon.png" publish:qualifiedname="NetworkResourceBasic::Type Definitions::AvailabilityStatus::POWER_OFF" xmi:id="_0.zX.lEHM.eE.d.yMG.rC9M.s.b2.bA" xsi:type="uml:EnumerationLiteral"/><ownedLiteral name="OFF_LINE" publish:icon="-2147149193_icon.png" publish:qualifiedname="NetworkResourceBasic::Type Definitions::AvailabilityStatus::OFF_LINE" xmi:id="_2VL9IHM.eE.d.yMG.rC9M.s.b2.bA" xsi:type="uml:EnumerationLiteral"/><ownedLiteral name="OFF_DUTY" publish:icon="-2147149193_icon.png" publish:qualifiedname="NetworkResourceBasic::Type Definitions::AvailabilityStatus::OFF_DUTY" xmi:id="_3.u.y0YHM.eE.d.yMG.rC9M.s.b2.bA" xsi:type="uml:EnumerationLiteral"/><ownedLiteral name="DEPENDENCY" publish:icon="-2147149193_icon.png" publish:qualifiedname="NetworkResourceBasic::Type Definitions::AvailabilityStatus::DEPENDENCY" xmi:id="_5WK.a0HM.eE.d.yMG.rC9M.s.b2.bA" xsi:type="uml:EnumerationLiteral"/><ownedLiteral name="DEGRADED" publish:icon="-2147149193_icon.png" publish:qualifiedname="NetworkResourceBasic::Type Definitions::AvailabilityStatus::DEGRADED" xmi:id="_7S.o.u.kHM.eE.d.yMG.rC9M.s.b2.bA" xsi:type="uml:EnumerationLiteral"/><ownedLiteral name="NOT_INSTALLED" publish:icon="-2147149193_icon.png" publish:qualifiedname="NetworkResourceBasic::Type Definitions::AvailabilityStatus::NOT_INSTALLED" xmi:id="_8.eTQ.cHM.eE.d.yMG.rC9M.s.b2.bA" xsi:type="uml:EnumerationLiteral"/><ownedLiteral name="LOG_FULL" publish:icon="-2147149193_icon.png" publish:qualifiedname="NetworkResourceBasic::Type Definitions::AvailabilityStatus::LOG_FULL" xmi:id="_-Z.oU.sHM.eE.d.yMG.rC9M.s.b2.bA" xsi:type="uml:EnumerationLiteral"/></packagedElement><packagedElement name="ControlStatus" publish:icon="1124407944_icon.png" publish:qualifiedname="NetworkResourceBasic::Type Definitions::ControlStatus" xmi:id="_C.e.nNEHM.fE.d.yMG.rC9M.s.b2.bA" xsi:type="uml:Enumeration"><ownedLiteral name="UNKNOWN" publish:icon="-2147149193_icon.png" publish:qualifiedname="NetworkResourceBasic::Type Definitions::ControlStatus::UNKNOWN" xmi:id="_C.e.nNEXM.fE.d.yMG.rC9M.s.b2.bA" xsi:type="uml:EnumerationLiteral"/><ownedLiteral name="SUBJECT_TO_TEST" publish:icon="-2147149193_icon.png" publish:qualifiedname="NetworkResourceBasic::Type Definitions::ControlStatus::SUBJECT_TO_TEST" xmi:id="_C.e.nNE.nM.fE.d.yMG.rC9M.s.b2.bA" xsi:type="uml:EnumerationLiteral"/><ownedLiteral name="PART_OF_SERVICES_LOCKED" publish:icon="-2147149193_icon.png" publish:qualifiedname="NetworkResourceBasic::Type Definitions::ControlStatus::PART_OF_SERVICES_LOCKED" xmi:id="_IZM8MHM.fE.d.yMG.rC9M.s.b2.bA" xsi:type="uml:EnumerationLiteral"/><ownedLiteral name="RESERVED_FOR_TEST" publish:icon="-2147149193_icon.png" publish:qualifiedname="NetworkResourceBasic::Type Definitions::ControlStatus::RESERVED_FOR_TEST" xmi:id="_K0.o.c0HM.fE.d.yMG.rC9M.s.b2.bA" xsi:type="uml:EnumerationLiteral"/><ownedLiteral name="SUSPENDED" publish:icon="-2147149193_icon.png" publish:qualifiedname="NetworkResourceBasic::Type Definitions::ControlStatus::SUSPENDED" xmi:id="_OD.dJQHM.fE.d.yMG.rC9M.s.b2.bA" xsi:type="uml:EnumerationLiteral"/></packagedElement><packagedElement name="HolderStatus" publish:icon="1124407944_icon.png" publish:qualifiedname="NetworkResourceBasic::Type Definitions::HolderStatus" xmi:id="_RW9.hYHM.fE.d.yMG.rC9M.s.b2.bA" xsi:type="uml:Enumeration"><ownedLiteral name="HOLDER_EMPTY" publish:icon="-2147149193_icon.png" publish:qualifiedname="NetworkResourceBasic::Type Definitions::HolderStatus::HOLDER_EMPTY" xmi:id="_RW9.hYXM.fE.d.yMG.rC9M.s.b2.bA" xsi:type="uml:EnumerationLiteral"/><ownedLiteral name="IN_THE_ACCEPTABLE_LIST" publish:icon="-2147149193_icon.png" publish:qualifiedname="NetworkResourceBasic::Type Definitions::HolderStatus::IN_THE_ACCEPTABLE_LIST" xmi:id="_RW9.hY.nM.fE.d.yMG.rC9M.s.b2.bA" xsi:type="uml:EnumerationLiteral"/><ownedLiteral name="NOT_IN_THE_ACCEPTABLE_LIST" publish:icon="-2147149193_icon.png" publish:qualifiedname="NetworkResourceBasic::Type Definitions::HolderStatus::NOT_IN_THE_ACCEPTABLE_LIST" xmi:id="_Z.x.j.vIHM.fE.d.yMG.rC9M.s.b2.bA" xsi:type="uml:EnumerationLiteral"/><ownedLiteral name="UNKNOWN_TYPE" publish:icon="-2147149193_icon.png" publish:qualifiedname="NetworkResourceBasic::Type Definitions::HolderStatus::UNKNOWN_TYPE" xmi:id="_.c.c.j80HM.fE.d.yMG.rC9M.s.b2.bA" xsi:type="uml:EnumerationLiteral"/></packagedElement><packagedElement name="State" publish:icon="1124407944_icon.png" publish:qualifiedname="NetworkResourceBasic::Type Definitions::State" xmi:id="_3KC2.oHM.gE.d.yMG.rC9M.s.b2.bA" xsi:type="uml:Enumeration"><ownedAttribute name="VENDOR_SPECIFIC" publish:icon="923081473_icon.png" publish:qualifiedname="NetworkResourceBasic::Type Definitions::State::VENDOR_SPECIFIC" publish:type="String" xmi:id="_Z.f.y.iUHM.iE.d.yMG.rC9M.s.b2.bA" xsi:type="uml:Property"><defaultValue publish:icon="-419095724_icon.png" publish:qualifiedname="NetworkResourceBasic::Type Definitions::State::VENDOR_SPECIFIC::&lt;OpaqueExpression&gt;" xmi:id="_.lJ4K4HM.iE.d.yMG.rC9M.s.b2.bA" xsi:type="uml:OpaqueExpression"/></ownedAttribute><ownedLiteral name="UNKNOWN" publish:icon="-2147149193_icon.png" publish:qualifiedname="NetworkResourceBasic::Type Definitions::State::UNKNOWN" xmi:id="_3KC2.oXM.gE.d.yMG.rC9M.s.b2.bA" xsi:type="uml:EnumerationLiteral"/><ownedLiteral name="X721_OPERATIONAL_STATE" publish:icon="-2147149193_icon.png" publish:qualifiedname="NetworkResourceBasic::Type Definitions::State::X721_OPERATIONAL_STATE" xmi:id="_.u.p3.v4HM.hE.d.yMG.rC9M.s.b2.bA" xsi:type="uml:EnumerationLiteral"/><ownedLiteral name="X721_ADMINISTRATIVE_STATE" publish:icon="-2147149193_icon.png" publish:qualifiedname="NetworkResourceBasic::Type Definitions::State::X721_ADMINISTRATIVE_STATE" xmi:id="_.u.p3.v4.nM.hE.d.yMG.rC9M.s.b2.bA" xsi:type="uml:EnumerationLiteral"/><ownedLiteral name="X721_USAGE_STATE" publish:icon="-2147149193_icon.png" publish:qualifiedname="NetworkResourceBasic::Type Definitions::State::X721_USAGE_STATE" xmi:id="_.u.p3.v5HM.hE.d.yMG.rC9M.s.b2.bA" xsi:type="uml:EnumerationLiteral"/><ownedLiteral name="X721_AVAILABILITY_STATUS" publish:icon="-2147149193_icon.png" publish:qualifiedname="NetworkResourceBasic::Type Definitions::State::X721_AVAILABILITY_STATUS" xmi:id="_.u.p92.gHM.hE.d.yMG.rC9M.s.b2.bA" xsi:type="uml:EnumerationLiteral"/><ownedLiteral name="X721_CONTROL_STATUS" publish:icon="-2147149193_icon.png" publish:qualifiedname="NetworkResourceBasic::Type Definitions::State::X721_CONTROL_STATUS" xmi:id="_.u.p92.g.nM.hE.d.yMG.rC9M.s.b2.bA" xsi:type="uml:EnumerationLiteral"/><ownedLiteral name="M3100_HOLDER_STATUS" publish:icon="-2147149193_icon.png" publish:qualifiedname="NetworkResourceBasic::Type Definitions::State::M3100_HOLDER_STATUS" xmi:id="_.u.p92.hHM.hE.d.yMG.rC9M.s.b2.bA" xsi:type="uml:EnumerationLiteral"/><ownedLiteral name="X721_UNKNOWN_STATUS" publish:icon="-2147149193_icon.png" publish:qualifiedname="NetworkResourceBasic::Type Definitions::State::X721_UNKNOWN_STATUS" xmi:id="_.u.p92.lHM.hE.d.yMG.rC9M.s.b2.bA" xsi:type="uml:EnumerationLiteral"/></packagedElement><packagedElement name="ResourceState" publish:icon="-1408951650_icon.png" publish:qualifiedname="NetworkResourceBasic::Type Definitions::ResourceState" xmi:id="_D.q.n30J.e.tE.d6.c.mO2I.tK.y.pX.g" xsi:type="uml:Enumeration"><ownedLiteral name="INSTALLING_INSTALLED" publish:icon="-2147149193_icon.png" publish:qualifiedname="NetworkResourceBasic::Type Definitions::ResourceState::INSTALLING_INSTALLED" xmi:id="_J.yWEAJ.e.tE.d6.c.mO2I.tK.y.pX.g" xsi:type="uml:EnumerationLiteral"/><ownedLiteral name="INSTALLING_DELIVERED" publish:icon="-2147149193_icon.png" publish:qualifiedname="NetworkResourceBasic::Type Definitions::ResourceState::INSTALLING_DELIVERED" xmi:id="_J.yWEA5.e.tE.d6.c.mO2I.tK.y.pX.g" xsi:type="uml:EnumerationLiteral"/><ownedLiteral name="INSTALLING_ACCEPTED" publish:icon="-2147149193_icon.png" publish:qualifiedname="NetworkResourceBasic::Type Definitions::ResourceState::INSTALLING_ACCEPTED" xmi:id="_J.yWEB.p.e.tE.d6.c.mO2I.tK.y.pX.g" xsi:type="uml:EnumerationLiteral"/><ownedLiteral name="INSTALLING_UNKNOWN" publish:icon="-2147149193_icon.png" publish:qualifiedname="NetworkResourceBasic::Type Definitions::ResourceState::INSTALLING_UNKNOWN" xmi:id="_J.yWECZ.e.tE.d6.c.mO2I.tK.y.pX.g" xsi:type="uml:EnumerationLiteral"/><ownedLiteral name="INSTALLING_COMMISSIONED" publish:icon="-2147149193_icon.png" publish:qualifiedname="NetworkResourceBasic::Type Definitions::ResourceState::INSTALLING_COMMISSIONED" xmi:id="_J.y.f1AJ.e.tE.d6.c.mO2I.tK.y.pX.g" xsi:type="uml:EnumerationLiteral"/><ownedLiteral name="INSTALLING_REJECTED" publish:icon="-2147149193_icon.png" publish:qualifiedname="NetworkResourceBasic::Type Definitions::ResourceState::INSTALLING_REJECTED" xmi:id="_J.y.f1A5.e.tE.d6.c.mO2I.tK.y.pX.g" xsi:type="uml:EnumerationLiteral"/><ownedLiteral name="INSTALLING_INTEGRATED" publish:icon="-2147149193_icon.png" publish:qualifiedname="NetworkResourceBasic::Type Definitions::ResourceState::INSTALLING_INTEGRATED" xmi:id="_J.y.f1B.p.e.tE.d6.c.mO2I.tK.y.pX.g" xsi:type="uml:EnumerationLiteral"/><ownedLiteral name="NON_WORKING_UNKNOWN" publish:icon="-2147149193_icon.png" publish:qualifiedname="NetworkResourceBasic::Type Definitions::ResourceState::NON_WORKING_UNKNOWN" xmi:id="_YK.u.e0J.e.tE.d6.c.mO2I.tK.y.pX.g" xsi:type="uml:EnumerationLiteral"/><ownedLiteral name="PLANNING_PLANNED" publish:icon="-2147149193_icon.png" publish:qualifiedname="NetworkResourceBasic::Type Definitions::ResourceState::PLANNING_PLANNED" xmi:id="_.r.w.uOAJ.e.tE.d6.c.mO2I.tK.y.pX.g" xsi:type="uml:EnumerationLiteral"/><ownedLiteral name="PLANNING_INITIAL_PLAN" publish:icon="-2147149193_icon.png" publish:qualifiedname="NetworkResourceBasic::Type Definitions::ResourceState::PLANNING_INITIAL_PLAN" xmi:id="_.r.w.uOA5.e.tE.d6.c.mO2I.tK.y.pX.g" xsi:type="uml:EnumerationLiteral"/><ownedLiteral name="PLANNING_UNKNOWN" publish:icon="-2147149193_icon.png" publish:qualifiedname="NetworkResourceBasic::Type Definitions::ResourceState::PLANNING_UNKNOWN" xmi:id="_.r.w.uOB.p.e.tE.d6.c.mO2I.tK.y.pX.g" xsi:type="uml:EnumerationLiteral"/><ownedLiteral name="PLANNING_ORDERED" publish:icon="-2147149193_icon.png" publish:qualifiedname="NetworkResourceBasic::Type Definitions::ResourceState::PLANNING_ORDERED" xmi:id="_.r.w.uOCJ.e.tE.d6.c.mO2I.tK.y.pX.g" xsi:type="uml:EnumerationLiteral"/><ownedLiteral name="RETIRING_DEINSTALLED" publish:icon="-2147149193_icon.png" publish:qualifiedname="NetworkResourceBasic::Type Definitions::ResourceState::RETIRING_DEINSTALLED" xmi:id="_.xOIR4J.e.tE.d6.c.mO2I.tK.y.pX.g" xsi:type="uml:EnumerationLiteral"/><ownedLiteral name="RETIRING_WITHDRAWN_UNAVAILABLE" publish:icon="-2147149193_icon.png" publish:qualifiedname="NetworkResourceBasic::Type Definitions::ResourceState::RETIRING_WITHDRAWN_UNAVAILABLE" xmi:id="_.xOIR45.e.tE.d6.c.mO2I.tK.y.pX.g" xsi:type="uml:EnumerationLiteral"/><ownedLiteral name="RETIRING_DEINTEGRATED" publish:icon="-2147149193_icon.png" publish:qualifiedname="NetworkResourceBasic::Type Definitions::ResourceState::RETIRING_DEINTEGRATED" xmi:id="_.xOIR5.p.e.tE.d6.c.mO2I.tK.y.pX.g" xsi:type="uml:EnumerationLiteral"/><ownedLiteral name="RETIRING_STORED" publish:icon="-2147149193_icon.png" publish:qualifiedname="NetworkResourceBasic::Type Definitions::ResourceState::RETIRING_STORED" xmi:id="_.xOIR6Z.e.tE.d6.c.mO2I.tK.y.pX.g" xsi:type="uml:EnumerationLiteral"/><ownedLiteral name="RETIRING_UNKNOWN" publish:icon="-2147149193_icon.png" publish:qualifiedname="NetworkResourceBasic::Type Definitions::ResourceState::RETIRING_UNKNOWN" xmi:id="_.xOIR7J.e.tE.d6.c.mO2I.tK.y.pX.g" xsi:type="uml:EnumerationLiteral"/><ownedLiteral name="RETIRING_RECOVERED" publish:icon="-2147149193_icon.png" publish:qualifiedname="NetworkResourceBasic::Type Definitions::ResourceState::RETIRING_RECOVERED" xmi:id="_.xOIR7.p.e.tE.d6.c.mO2I.tK.y.pX.g" xsi:type="uml:EnumerationLiteral"/><ownedLiteral name="RETIRING_WITHDRAWN_ACTIVE" publish:icon="-2147149193_icon.png" publish:qualifiedname="NetworkResourceBasic::Type Definitions::ResourceState::RETIRING_WITHDRAWN_ACTIVE" xmi:id="_.xOIR8Z.e.tE.d6.c.mO2I.tK.y.pX.g" xsi:type="uml:EnumerationLiteral"/><ownedLiteral name="RETIRING_DECOMMISSIONED" publish:icon="-2147149193_icon.png" publish:qualifiedname="NetworkResourceBasic::Type Definitions::ResourceState::RETIRING_DECOMMISSIONED" xmi:id="_.xOR.b0J.e.tE.d6.c.mO2I.tK.y.pX.g" xsi:type="uml:EnumerationLiteral"/><ownedLiteral name="UNKNOWN" publish:icon="-2147149193_icon.png" publish:qualifiedname="NetworkResourceBasic::Type Definitions::ResourceState::UNKNOWN" xmi:id="_6L7TUJ.e.tE.d6.c.mO2I.tK.y.pX.g" xsi:type="uml:EnumerationLiteral"/><ownedLiteral name="WORKING_ACTIVATED" publish:icon="-2147149193_icon.png" publish:qualifiedname="NetworkResourceBasic::Type Definitions::ResourceState::WORKING_ACTIVATED" xmi:id="_B.s.m2.gJ.e.uE.d6.c.mO2I.tK.y.pX.g" xsi:type="uml:EnumerationLiteral"/><ownedLiteral name="WORKING_DEACTIVATED" publish:icon="-2147149193_icon.png" publish:qualifiedname="NetworkResourceBasic::Type Definitions::ResourceState::WORKING_DEACTIVATED" xmi:id="_B.s.m2.g5.e.uE.d6.c.mO2I.tK.y.pX.g" xsi:type="uml:EnumerationLiteral"/><ownedLiteral name="WORKING_UNKNOWN" publish:icon="-2147149193_icon.png" publish:qualifiedname="NetworkResourceBasic::Type Definitions::ResourceState::WORKING_UNKNOWN" xmi:id="_B.s.m2.h.p.e.uE.d6.c.mO2I.tK.y.pX.g" xsi:type="uml:EnumerationLiteral"/></packagedElement><packagedElement name="ItuStateAndStatusList" publish:icon="-1694164445_icon.png" publish:qualifiedname="NetworkResourceBasic::Type Definitions::ItuStateAndStatusList" xmi:id="_9.b.aU0J.e.yE.d6.c.mO2I.tK.y.pX.g" xsi:type="uml:DataType"><ownedAttribute name="M3100_CIRCUIT_PACK_TYPE" publish:icon="923081473_icon.png" publish:qualifiedname="NetworkResourceBasic::Type Definitions::ItuStateAndStatusList::M3100_CIRCUIT_PACK_TYPE" publish:type="String" xmi:id="_.a.eF.lUHM.cE.d.yMG.rC9M.s.b2.bA" xsi:type="uml:Property"/><ownedAttribute name="M3100_HOLDER_STATUS" publish:icon="923081473_icon.png" publish:is_association="false" publish:qualifiedname="NetworkResourceBasic::Type Definitions::ItuStateAndStatusList::M3100_HOLDER_STATUS" publish:type="HolderStatus" publish:typeid="_RW9.hYHM.fE.d.yMG.rC9M.s.b2.bA" xmi:id="_.g6T.a0HM.cE.d.yMG.rC9M.s.b2.bA" xsi:type="uml:Property"/><ownedAttribute name="X721_ADMINISTRATIVE_STATE" publish:icon="923081473_icon.png" publish:is_association="false" publish:qualifiedname="NetworkResourceBasic::Type Definitions::ItuStateAndStatusList::X721_ADMINISTRATIVE_STATE" publish:type="AdministrativeState" publish:typeid="_O.c5Z.cHM.eE.d.yMG.rC9M.s.b2.bA" xmi:id="_9V.lI.oHM.cE.d.yMG.rC9M.s.b2.bA" xsi:type="uml:Property"/><ownedAttribute name="X721_AVAILABILITY_STATUS" publish:icon="923081473_icon.png" publish:is_association="false" publish:qualifiedname="NetworkResourceBasic::Type Definitions::ItuStateAndStatusList::X721_AVAILABILITY_STATUS" publish:type="AvailabilityStatus" publish:typeid="_.e2NKMHM.eE.d.yMG.rC9M.s.b2.bA" xmi:id="_H.z.u.i.gHM.dE.d.yMG.rC9M.s.b2.bA" xsi:type="uml:Property"/><ownedAttribute name="X721_CONTROL_STATUS" publish:icon="923081473_icon.png" publish:is_association="false" publish:qualifiedname="NetworkResourceBasic::Type Definitions::ItuStateAndStatusList::X721_CONTROL_STATUS" publish:type="ControlStatus" publish:typeid="_C.e.nNEHM.fE.d.yMG.rC9M.s.b2.bA" xmi:id="_N-.p.z.sHM.dE.d.yMG.rC9M.s.b2.bA" xsi:type="uml:Property"/><ownedAttribute name="X721_OPERATIONAL_STATE" publish:icon="923081473_icon.png" publish:is_association="false" publish:qualifiedname="NetworkResourceBasic::Type Definitions::ItuStateAndStatusList::X721_OPERATIONAL_STATE" publish:type="OperationalState" publish:typeid="_.tMGHIHM.dE.d.yMG.rC9M.s.b2.bA" xmi:id="_SIORIHM.dE.d.yMG.rC9M.s.b2.bA" xsi:type="uml:Property"/><ownedAttribute name="X721_STATE" publish:icon="923081473_icon.png" publish:is_association="false" publish:qualifiedname="NetworkResourceBasic::Type Definitions::ItuStateAndStatusList::X721_STATE" publish:type="State" publish:typeid="_3KC2.oHM.gE.d.yMG.rC9M.s.b2.bA" xmi:id="_W77Q.sHM.dE.d.yMG.rC9M.s.b2.bA" xsi:type="uml:Property"/><ownedAttribute name="X721_UNKNOWN_STATUS" publish:icon="923081473_icon.png" publish:qualifiedname="NetworkResourceBasic::Type Definitions::ItuStateAndStatusList::X721_UNKNOWN_STATUS" publish:type="Boolean" xmi:id="_.bDH.v.kHM.dE.d.yMG.rC9M.s.b2.bA" xsi:type="uml:Property"/><ownedAttribute name="X721_USAGE_STATE" publish:icon="923081473_icon.png" publish:is_association="false" publish:qualifiedname="NetworkResourceBasic::Type Definitions::ItuStateAndStatusList::X721_USAGE_STATE" publish:type="UsageState" publish:typeid="_YDKJEHM.eE.d.yMG.rC9M.s.b2.bA" xmi:id="_.fY.cKAHM.dE.d.yMG.rC9M.s.b2.bA" xsi:type="uml:Property"/></packagedElement></packagedElement></uml:Model>