<?xml version="1.0" encoding="UTF-8"?><publish:packages xmlns:publish="http://www.ibm.com/Rational/XTools/Publish" xmlns:xmi="http://www.omg.org/XMI"><publish:package name="Logical Capacity ABE" publish:icon="-838513007_icon.png" publish:qualifiedname="mTOP-SM-SID-fragment::Logical View::Resource Domain::Resource ABE::LogicalResource ABE::Logical Capacity ABE" xmi:id="_47D8046A01083DDEA38F00DE_0"/><publish:package name="PhysicalResource Specification ABE" publish:icon="-838513007_icon.png" publish:qualifiedname="mTOP-SM-SID-fragment::Logical View::Resource Domain::Resource Specification ABE::PhysicalResource Specification ABE" xmi:id="_47D8046A01083DDEA3F70337"/><publish:package name="Component View" publish:icon="-838513007_icon.png" publish:qualifiedname="mTOP-SM-SID-fragment::Component View" xmi:id="_47D8046A010847D8046A010B"/><publish:package name="DeviceInterface ABE" publish:icon="-838513007_icon.png" publish:qualifiedname="mTOP-SM-SID-fragment::Logical View::Resource Domain::Resource ABE::LogicalResource ABE::DeviceInterface ABE" xmi:id="_47D8046A01083E2C94B202F2_0"/><publish:package name="Resource Domain" publish:icon="-838513007_icon.png" publish:qualifiedname="mTOP-SM-SID-fragment::Logical View::Resource Domain" xmi:id="_47D8046A010847D804AE0231"/><publish:package name="ResourceRole System View ABE" publish:icon="-838513007_icon.png" publish:qualifiedname="mTOP-SM-SID-fragment::Logical View::Resource Domain::Resource ABE::ResourceRole System View ABE" xmi:id="_47D8046A01083EFF97D602AC"/><publish:package name="Addendum Figures" publish:icon="-838513007_icon.png" publish:qualifiedname="mTOP-SM-SID-fragment::Logical View::Common Business Entities Domain::Party ABE::Addendum Figures" xmi:id="_47D8046A01083E389BB6023C"/><publish:package name="GeographicAddress" publish:icon="-838513007_icon.png" publish:qualifiedname="mTOP-SM-SID-fragment::Logical View::Common Business Entities Domain::Location ABE::Entities::Geographic Place::GeographicAddress" xmi:id="_47D8046A01083E8CF18102EF"/><publish:package name="Identification" publish:icon="-838513007_icon.png" publish:qualifiedname="mTOP-SM-SID-fragment::Logical View::Common Business Entities Domain::Party ABE::Entities::Identification" xmi:id="_47D8046A01083E961B52020F"/><publish:package name="Resource Order ABE" publish:icon="-838513007_icon.png" publish:qualifiedname="mTOP-SM-SID-fragment::Logical View::Resource Domain::Resource ABE::Resource Order ABE" xmi:id="_47D8046A010842D29EE30267"/><publish:package name="Symbology" publish:icon="-838513007_icon.png" publish:qualifiedname="mTOP-SM-SID-fragment::Logical View::Common Business Entities Domain::Location ABE::Entities::Geographic Place::Symbology" xmi:id="_47D8046A01083E8CF177001A"/><publish:package name="Service Package ABE" publish:icon="-838513007_icon.png" publish:qualifiedname="mTOP-SM-SID-fragment::Logical View::Service Domain::Service Specification ABE::CustomerFacing ServiceSpec ABE::Service Package ABE" xmi:id="_47D8046A01083E37AA2D0309_0"/><publish:package name="LogicalResource System View Figures" publish:icon="-838513007_icon.png" publish:qualifiedname="mTOP-SM-SID-fragment::Logical View::Resource Domain::Resource ABE::LogicalResource ABE::LogicalResource System View Figures" xmi:id="_47D8046A010843726F5400CB_0"/><publish:package name="Geographic Place" publish:icon="-838513007_icon.png" publish:qualifiedname="mTOP-SM-SID-fragment::Logical View::Common Business Entities Domain::Location ABE::Entities::Geographic Place" xmi:id="_47D8046A01083E8CED8A0340"/><publish:package name="Service ABE" publish:icon="-838513007_icon.png" publish:qualifiedname="mTOP-SM-SID-fragment::Logical View::Service Domain::Service ABE" xmi:id="_47D8046A01083D5091860236"/><publish:package name="ResourceFacing Service Role ABE" publish:icon="-838513007_icon.png" publish:qualifiedname="mTOP-SM-SID-fragment::Logical View::Service Domain::ResourceFacing Service ABE::ResourceFacing Service Role ABE" xmi:id="_47D8046A01083E37AE4B0124_0"/><publish:package name="Signaling Protocol Entities" publish:icon="-838513007_icon.png" publish:qualifiedname="mTOP-SM-SID-fragment::Logical View::Service Domain::Protocol Service Entities::Signaling Protocol Entities" xmi:id="_47D8046A01083E37AC1C022F"/><publish:package name="Service Level Specification Addendum FIgures" publish:icon="-838513007_icon.png" publish:qualifiedname="mTOP-SM-SID-fragment::Logical View::Service Domain::Service Level Spec ABE::Service Level Specification Addendum FIgures" xmi:id="_47D8046A01083D596B1D0357"/><publish:package name="CustomerFacing Service Role ABE" publish:icon="-838513007_icon.png" publish:qualifiedname="mTOP-SM-SID-fragment::Logical View::Service Domain::Service ABE::CustomerFacing Service ABE::CustomerFacing Service Role ABE" xmi:id="_47D8046A01083E37AE3F01EF_1"/><publish:package name="Value Network Role ABE" publish:icon="-838513007_icon.png" publish:qualifiedname="mTOP-SM-SID-fragment::Logical View::Resource Domain::Resource ABE::Value Network Role ABE" xmi:id="_47D8046A01083F007F28015F"/><publish:package name="Routing Protocol Entities" publish:icon="-838513007_icon.png" publish:qualifiedname="mTOP-SM-SID-fragment::Logical View::Service Domain::Protocol Service Entities::Routing Protocol Entities" xmi:id="_47D8046A01083E37AC320009"/><publish:package name="Product Price ABE" publish:icon="-838513007_icon.png" publish:qualifiedname="mTOP-SM-SID-fragment::Logical View::Product Domain::Product ABE::Product Price ABE" xmi:id="_47D8046A010841C7E8570285"/><publish:package name="Base Types ABE" publish:icon="-838513007_icon.png" publish:qualifiedname="mTOP-SM-SID-fragment::Logical View::Common Business Entities Domain::Base Types ABE" xmi:id="_47D8046A01083D801BAB03B0"/><publish:package name="Auxiliary Component ABE" publish:icon="-838513007_icon.png" publish:qualifiedname="mTOP-SM-SID-fragment::Logical View::Resource Domain::Resource ABE::PhysicalResource ABE::Auxiliary Component ABE" xmi:id="_47D8046A01083E2C3BF10021_0"/><publish:package name="Product Domain" publish:icon="-838513007_icon.png" publish:qualifiedname="mTOP-SM-SID-fragment::Logical View::Product Domain" xmi:id="_47D8046A010847D80496035A"/><publish:package name="Resource Domain Char Updates" publish:icon="-838513007_icon.png" publish:qualifiedname="mTOP-SM-SID-fragment::Logical View::Service Domain::Product, Service and Resource Domain Char Updates::Resource Domain Char Updates" xmi:id="_47D8046A010844242692005B"/><publish:package name="Local Place" publish:icon="-838513007_icon.png" publish:qualifiedname="mTOP-SM-SID-fragment::Logical View::Common Business Entities Domain::Location ABE::Entities::Local Place" xmi:id="_47D8046A01083E8CED9503DC"/><publish:package name="Service Addendum Figures MTOSI Additions" publish:icon="-838513007_icon.png" publish:qualifiedname="mTOP-SM-SID-fragment::Logical View::Service Domain::Service Addendum Figures MTOSI Additions" xmi:id="_47D8046A010843F1059A0251"/><publish:package name="Deployment View" publish:icon="-838513007_icon.png" publish:qualifiedname="mTOP-SM-SID-fragment::Deployment View" xmi:id="_47D8046A010847D8046A010C"/><publish:package name="Service Package ABE" publish:icon="-838513007_icon.png" publish:qualifiedname="mTOP-SM-SID-fragment::Logical View::Service Domain::CustomerFacing ServiceSpec ABE::Service Package ABE" xmi:id="_47D8046A01083E37AA2D0309"/><publish:package name="Entity Identifcation Figures" publish:icon="-838513007_icon.png" publish:qualifiedname="mTOP-SM-SID-fragment::Logical View::Common Business Entities Domain::Root Business Entities ABE::Entity Identifcation Figures" xmi:id="_47D8046A01083F4ACDAD02B4"/><publish:package name="Equipment Holder ABE" publish:icon="-838513007_icon.png" publish:qualifiedname="mTOP-SM-SID-fragment::Logical View::Resource Domain::Resource ABE::PhysicalResource ABE::Equipment Holder ABE" xmi:id="_47D8046A01083E2C3CEF038D_0"/><publish:package name="Characteristic ABE" publish:icon="-838513007_icon.png" publish:qualifiedname="mTOP-SM-SID-fragment::Logical View::Common Business Entities Domain::Root Business Entities ABE::Characteristic ABE" xmi:id="_47D8046A01084462ADB002F3"/><publish:package name="ResourceFacing Service ABE" publish:icon="-838513007_icon.png" publish:qualifiedname="mTOP-SM-SID-fragment::Logical View::Service Domain::Service ABE::ResourceFacing Service ABE" xmi:id="_47D8046A01083E379A590226_0"/><publish:package name="ResourceFacing Service Role ABE" publish:icon="-838513007_icon.png" publish:qualifiedname="mTOP-SM-SID-fragment::Logical View::Service Domain::Service ABE::ResourceFacing Service ABE::ResourceFacing Service Role ABE" xmi:id="_47D8046A01083E37AE4B0124_1"/><publish:package name="CustomerFacing Service ABE" publish:icon="-838513007_icon.png" publish:qualifiedname="mTOP-SM-SID-fragment::Logical View::Service Domain::Service ABE::CustomerFacing Service ABE" xmi:id="_47D8046A01083E379A3E03AE_0"/><publish:package name="QoS Service ABE" publish:icon="-838513007_icon.png" publish:qualifiedname="mTOP-SM-SID-fragment::Logical View::Service Domain::Service ABE::QoS Service ABE" xmi:id="_47D8046A01083DBCB818032F"/><publish:package name="Hardware ABE" publish:icon="-838513007_icon.png" publish:qualifiedname="mTOP-SM-SID-fragment::Logical View::Resource Domain::Resource ABE::PhysicalResource ABE::Hardware ABE" xmi:id="_47D8046A01083E2C3EF2015D_0"/><publish:package name="Use Case View" publish:icon="-838513007_icon.png" publish:qualifiedname="mTOP-SM-SID-fragment::Use Case View" xmi:id="_47D8046A010847D8046A010A"/><publish:package name="Service Management ABE" publish:icon="-838513007_icon.png" publish:qualifiedname="mTOP-SM-SID-fragment::Logical View::Service Domain::Service ABE::Service Management ABE" xmi:id="_47D8046A01083F00A39F00FB"/><publish:package name="Physical Device ABE" publish:icon="-838513007_icon.png" publish:qualifiedname="mTOP-SM-SID-fragment::Logical View::Resource Domain::Resource ABE::PhysicalResource ABE::Physical Device ABE" xmi:id="_47D8046A01083EA5D1780079_0"/><publish:package name="Entities" publish:icon="-838513007_icon.png" publish:qualifiedname="mTOP-SM-SID-fragment::Logical View::Common Business Entities Domain::Base Types ABE::Entities" xmi:id="_47D8046A01083E38A63B0234"/><publish:package name="5LR Figures" publish:icon="-838513007_icon.png" publish:qualifiedname="mTOP-SM-SID-fragment::Logical View::Resource Domain::Resource ABE::LogicalResource ABE::5LR Figures" xmi:id="_47D8046A01083EA4A4230099_0"/><publish:package name="Product, Service and Resource Domain Char Updates" publish:icon="-838513007_icon.png" publish:qualifiedname="mTOP-SM-SID-fragment::Logical View::Service Domain::Product, Service and Resource Domain Char Updates" xmi:id="_47D8046A0108442425440190"/><publish:package name="CustomerFacing Service ABE" publish:icon="-838513007_icon.png" publish:qualifiedname="mTOP-SM-SID-fragment::Logical View::Service Domain::CustomerFacing Service ABE" xmi:id="_47D8046A01083E379A3E03AE"/><publish:package name="Service Domain" publish:icon="-838513007_icon.png" publish:qualifiedname="mTOP-SM-SID-fragment::Logical View::Service Domain" xmi:id="_47D8046A010847D804A100F8"/><publish:package name="Addendum Figures" publish:icon="-838513007_icon.png" publish:qualifiedname="mTOP-SM-SID-fragment::Logical View::Common Business Entities Domain::Location ABE::Addendum Figures" xmi:id="_47D8046A01083E8CECE30318"/><publish:package name="Network ABE" publish:icon="-838513007_icon.png" publish:qualifiedname="mTOP-SM-SID-fragment::Logical View::Resource Domain::Resource ABE::LogicalResource ABE::Network ABE" xmi:id="_47D8046A01083E2C322B0390_0"/><publish:package name="LogicalResource ABE" publish:icon="-838513007_icon.png" publish:qualifiedname="mTOP-SM-SID-fragment::Logical View::Resource Domain::Resource ABE::LogicalResource ABE" xmi:id="_47D8046A01083DDEA0990115_0"/><publish:package name="Logical Device ABE" publish:icon="-838513007_icon.png" publish:qualifiedname="mTOP-SM-SID-fragment::Logical View::Resource Domain::Resource ABE::LogicalResource ABE::Logical Device ABE" xmi:id="_47D8046A01083EA5CF5E0166_0"/><publish:package name="LogicalResource Specification ABE" publish:icon="-838513007_icon.png" publish:qualifiedname="mTOP-SM-SID-fragment::Logical View::Resource Domain::Resource Specification ABE::LogicalResource Specification ABE" xmi:id="_47D8046A01083E2C58840228"/><publish:package name="CustomerFacing Service Role ABE" publish:icon="-838513007_icon.png" publish:qualifiedname="mTOP-SM-SID-fragment::Logical View::Service Domain::CustomerFacing Service ABE::CustomerFacing Service Role ABE" xmi:id="_47D8046A01083E37AE3F01EF_0"/><publish:package name="Physical Role ABE" publish:icon="-838513007_icon.png" publish:qualifiedname="mTOP-SM-SID-fragment::Logical View::Resource Domain::Resource ABE::PhysicalResource ABE::Physical Role ABE" xmi:id="_47D8046A01083DDEA2D603D3_1"/><publish:package name="ResourceFacing Service ABE" publish:icon="-838513007_icon.png" publish:qualifiedname="mTOP-SM-SID-fragment::Logical View::Service Domain::ResourceFacing Service ABE" xmi:id="_47D8046A01083E379A590226"/><publish:package name="Software ABE" publish:icon="-838513007_icon.png" publish:qualifiedname="mTOP-SM-SID-fragment::Logical View::Resource Domain::Resource ABE::LogicalResource ABE::Software ABE" xmi:id="_47D8046A01083E2C37230173_0"/><publish:package name="Logical Role ABE" publish:icon="-838513007_icon.png" publish:qualifiedname="mTOP-SM-SID-fragment::Logical View::Resource Domain::Resource ABE::LogicalResource ABE::Logical Role ABE" xmi:id="_47D8046A01083DDEA2E102A3_1"/><publish:package name="Statistics ABE" publish:icon="-838513007_icon.png" publish:qualifiedname="mTOP-SM-SID-fragment::Logical View::Resource Domain::Resource ABE::LogicalResource ABE::Statistics ABE" xmi:id="_47D8046A01083E2C63210199_0"/><publish:package name="CustomerFacing ServiceSpec Role ABE" publish:icon="-838513007_icon.png" publish:qualifiedname="mTOP-SM-SID-fragment::Logical View::Service Domain::Service Specification ABE::CustomerFacing ServiceSpec ABE::CustomerFacing ServiceSpec Role ABE" xmi:id="_47D8046A01083E37B1970222_0"/><publish:package name="CompoundResource Specification ABE" publish:icon="-838513007_icon.png" publish:qualifiedname="mTOP-SM-SID-fragment::Logical View::Resource Domain::Resource Specification ABE::CompoundResource Specification ABE" xmi:id="_47D8046A01083EFFA04800A2"/><publish:package name="Party ABE" publish:icon="-838513007_icon.png" publish:qualifiedname="mTOP-SM-SID-fragment::Logical View::Common Business Entities Domain::Party ABE" xmi:id="_47D8046A01083D812BC602C5"/><publish:package name="Resource ABE" publish:icon="-838513007_icon.png" publish:qualifiedname="mTOP-SM-SID-fragment::Logical View::Resource Domain::Resource ABE" xmi:id="_47D8046A0108430ADC580046"/><publish:package name="Entities" publish:icon="-838513007_icon.png" publish:qualifiedname="mTOP-SM-SID-fragment::Logical View::Common Business Entities Domain::Location ABE::Entities" xmi:id="_47D8046A01083E8CECD000F4"/><publish:package name="CompoundResource ABE" publish:icon="-838513007_icon.png" publish:qualifiedname="mTOP-SM-SID-fragment::Logical View::Resource Domain::Resource ABE::CompoundResource ABE" xmi:id="_47D8046A01083EF8CA2200A3"/><publish:package name="Address ABE" publish:icon="-838513007_icon.png" publish:qualifiedname="mTOP-SM-SID-fragment::Logical View::Resource Domain::Resource ABE::LogicalResource ABE::Address ABE" xmi:id="_47D8046A01083E2C98D60102_0"/><publish:package name="Addendum figures" publish:icon="-838513007_icon.png" publish:qualifiedname="mTOP-SM-SID-fragment::Logical View::Common Business Entities Domain::Base Types ABE::Addendum figures" xmi:id="_47D8046A01083E38990900B0"/><publish:package name="Resource Management ABE" publish:icon="-838513007_icon.png" publish:qualifiedname="mTOP-SM-SID-fragment::Logical View::Resource Domain::Resource ABE::Resource Management ABE" xmi:id="_47D8046A01083F00A3510293"/><publish:package name="ResourceFacing ServiceSpec ABE" publish:icon="-838513007_icon.png" publish:qualifiedname="mTOP-SM-SID-fragment::Logical View::Service Domain::Service Specification ABE::ResourceFacing ServiceSpec ABE" xmi:id="_47D8046A01083E379AA102AC"/><publish:package name="Location ABE" publish:icon="-838513007_icon.png" publish:qualifiedname="mTOP-SM-SID-fragment::Logical View::Common Business Entities Domain::Location ABE" xmi:id="_47D8046A01083E8CEC7B00DD"/><publish:package name="CustomerFacing ServiceSpec ABE" publish:icon="-838513007_icon.png" publish:qualifiedname="mTOP-SM-SID-fragment::Logical View::Service Domain::CustomerFacing ServiceSpec ABE" xmi:id="_47D8046A01083E379A8B0070"/><publish:package name="Entities" publish:icon="-838513007_icon.png" publish:qualifiedname="mTOP-SM-SID-fragment::Logical View::Common Business Entities Domain::Party ABE::Entities" xmi:id="_47D8046A01083E38A3080088"/><publish:package name="Routed Protocol Entities" publish:icon="-838513007_icon.png" publish:qualifiedname="mTOP-SM-SID-fragment::Logical View::Service Domain::Protocol Service Entities::Routed Protocol Entities" xmi:id="_47D8046A01083E37AC2601BB"/><publish:package name="Common Business Entities Domain" publish:icon="-838513007_icon.png" publish:qualifiedname="mTOP-SM-SID-fragment::Logical View::Common Business Entities Domain" xmi:id="_47D8046A010847D8048602EC"/><publish:package name="CustomerFacing ServiceSpec Role ABE" publish:icon="-838513007_icon.png" publish:qualifiedname="mTOP-SM-SID-fragment::Logical View::Service Domain::CustomerFacing ServiceSpec ABE::CustomerFacing ServiceSpec Role ABE" xmi:id="_47D8046A01083E37B1970222"/><publish:package name="Resource Specification ABE" publish:icon="-838513007_icon.png" publish:qualifiedname="mTOP-SM-SID-fragment::Logical View::Resource Domain::Resource Specification ABE" xmi:id="_47D8046A01083EA5CCD30232"/><publish:package name="Product Specification ABE" publish:icon="-838513007_icon.png" publish:qualifiedname="mTOP-SM-SID-fragment::Logical View::Product Domain::Product Specification ABE" xmi:id="_47D8046A01083D6AAA5302C4"/><publish:package name="Contact" publish:icon="-838513007_icon.png" publish:qualifiedname="mTOP-SM-SID-fragment::Logical View::Common Business Entities Domain::Party ABE::Entities::Contact" xmi:id="_47D8046A01083E961BF801B3"/><publish:package name="Product ABE" publish:icon="-838513007_icon.png" publish:qualifiedname="mTOP-SM-SID-fragment::Logical View::Product Domain::Product ABE" xmi:id="_47D8046A01083D6AAA6D00A4"/><publish:package name="Root Business Entities ABE" publish:icon="-838513007_icon.png" publish:qualifiedname="mTOP-SM-SID-fragment::Logical View::Common Business Entities Domain::Root Business Entities ABE" xmi:id="_47D8046A01083CF68FE80295"/><publish:package name="Service Level Spec ABE" publish:icon="-838513007_icon.png" publish:qualifiedname="mTOP-SM-SID-fragment::Logical View::Service Domain::Service Level Spec ABE" xmi:id="_47D8046A01083EB1D7B80071"/><publish:package name="Example1" publish:icon="-838513007_icon.png" publish:qualifiedname="mTOP-SM-SID-fragment::Logical View::Common Business Entities Domain::Base Types ABE::Example1" xmi:id="_47D8046A01083D8FAE0900B9"/><publish:package name="Device Protocol Association ABE" publish:icon="-838513007_icon.png" publish:qualifiedname="mTOP-SM-SID-fragment::Logical View::Resource Domain::Resource ABE::LogicalResource ABE::Device Protocol Association ABE" xmi:id="_47D8046A01083E6118CA017A_0"/><publish:package name="Physical Component ABE" publish:icon="-838513007_icon.png" publish:qualifiedname="mTOP-SM-SID-fragment::Logical View::Resource Domain::Resource ABE::PhysicalResource ABE::Physical Component ABE" xmi:id="_47D8046A01083E2C3C44000C_0"/><publish:package name="Service Specification ABE" publish:icon="-838513007_icon.png" publish:qualifiedname="mTOP-SM-SID-fragment::Logical View::Service Domain::Service Specification ABE" xmi:id="_47D8046A01083D50919203C4"/><publish:package name="Entity Identification ABE" publish:icon="-838513007_icon.png" publish:qualifiedname="mTOP-SM-SID-fragment::Logical View::Common Business Entities Domain::Root Business Entities ABE::Entity Identification ABE" xmi:id="_47D8046A01083F4ACF61022E"/><publish:package name="Logical View" publish:icon="-838513007_icon.png" publish:qualifiedname="mTOP-SM-SID-fragment::Logical View" xmi:id="_47D8046A010847D8046A0109"/><publish:package name="Protocol Service Entities" publish:icon="-838513007_icon.png" publish:qualifiedname="mTOP-SM-SID-fragment::Logical View::Service Domain::Protocol Service Entities" xmi:id="_47D8046A01083E37AB1B00A9"/><publish:package name="Application ABE" publish:icon="-838513007_icon.png" publish:qualifiedname="mTOP-SM-SID-fragment::Logical View::Service Domain::Service ABE::Application ABE" xmi:id="_47D8046A0108438295DC0001"/><publish:package name="Equipment ABE" publish:icon="-838513007_icon.png" publish:qualifiedname="mTOP-SM-SID-fragment::Logical View::Resource Domain::Resource ABE::PhysicalResource ABE::Equipment ABE" xmi:id="_47D8046A01083E2C3E30001E_0"/><publish:package name="Service Order ABE" publish:icon="-838513007_icon.png" publish:qualifiedname="mTOP-SM-SID-fragment::Logical View::Service Domain::Service ABE::Service Order ABE" xmi:id="_47D8046A0108422F8AAB00EC"/><publish:package name="ResourceFacing Service Role ABE" publish:icon="-838513007_icon.png" publish:qualifiedname="mTOP-SM-SID-fragment::Logical View::Service Domain::ResourceFacing Service Role ABE" xmi:id="_47D8046A01083E37AE4B0124"/><publish:package name="Physical Capacity ABE" publish:icon="-838513007_icon.png" publish:qualifiedname="mTOP-SM-SID-fragment::Logical View::Resource Domain::Resource ABE::PhysicalResource ABE::Physical Capacity ABE" xmi:id="_47D8046A01083DDEA39A0276_0"/><publish:package name="Service Maintenance ABE" publish:icon="-838513007_icon.png" publish:qualifiedname="mTOP-SM-SID-fragment::Logical View::Service Domain::Service ABE::Service Maintenance ABE" xmi:id="_47D8046A01083E37B5080391"/><publish:package name="Managed Transmission ABE" publish:icon="-838513007_icon.png" publish:qualifiedname="mTOP-SM-SID-fragment::Logical View::Resource Domain::Resource ABE::LogicalResource ABE::Managed Transmission ABE" xmi:id="_47D8046A01083E2C3124017F_0"/><publish:package name="PhysicalResource ABE" publish:icon="-838513007_icon.png" publish:qualifiedname="mTOP-SM-SID-fragment::Logical View::Resource Domain::Resource ABE::PhysicalResource ABE" xmi:id="_47D8046A01083DDEA0E303D6_0"/><publish:package name="Service Domain Char Updates" publish:icon="-838513007_icon.png" publish:qualifiedname="mTOP-SM-SID-fragment::Logical View::Service Domain::Product, Service and Resource Domain Char Updates::Service Domain Char Updates" xmi:id="_47D8046A01084424265E0258"/><publish:package name="Operating System ABE" publish:icon="-838513007_icon.png" publish:qualifiedname="mTOP-SM-SID-fragment::Logical View::Resource Domain::Resource ABE::LogicalResource ABE::Operating System ABE" xmi:id="_47D8046A01083EA57F4B0205_0"/><publish:package name="5PR Addendum Figures" publish:icon="-838513007_icon.png" publish:qualifiedname="mTOP-SM-SID-fragment::Logical View::Resource Domain::Resource ABE::PhysicalResource ABE::5PR Addendum Figures" xmi:id="_47D8046A01083EE21C640292_0"/><publish:package name="CustomerFacing Service Role ABE" publish:icon="-838513007_icon.png" publish:qualifiedname="mTOP-SM-SID-fragment::Logical View::Service Domain::CustomerFacing Service Role ABE" xmi:id="_47D8046A01083E37AE3F01EF"/><publish:package name="OpenGisSFS" publish:icon="-838513007_icon.png" publish:qualifiedname="mTOP-SM-SID-fragment::Logical View::Common Business Entities Domain::Location ABE::OpenGisSFS" xmi:id="_47D8046A01083CA2776E0208"/><publish:package name="Protocol Service ABE" publish:icon="-838513007_icon.png" publish:qualifiedname="mTOP-SM-SID-fragment::Logical View::Resource Domain::Resource ABE::LogicalResource ABE::Protocol Service ABE" xmi:id="_47D8046A01083E2C35EF01D4_0"/><publish:package name="Management Information ABE" publish:icon="-838513007_icon.png" publish:qualifiedname="mTOP-SM-SID-fragment::Logical View::Resource Domain::Resource ABE::LogicalResource ABE::Management Information ABE" xmi:id="_47D8046A01083EA9C5AF0153_0"/><publish:package name="CustomerFacing ServiceSpec ABE" publish:icon="-838513007_icon.png" publish:qualifiedname="mTOP-SM-SID-fragment::Logical View::Service Domain::Service Specification ABE::CustomerFacing ServiceSpec ABE" xmi:id="_47D8046A01083E379A8B0070_0"/><publish:package name="Roles" publish:icon="-838513007_icon.png" publish:qualifiedname="mTOP-SM-SID-fragment::Logical View::Common Business Entities Domain::Party ABE::Entities::Roles" xmi:id="_47D8046A01083E961B34027A"/><publish:package name="Use Case View" publish:icon="-838513007_icon.png" publish:qualifiedname="mTOP-SM-SID-fragment::Use Case View" xmi:id="_47D8046A010847D8046A010A"/><publish:package name="Logical View" publish:icon="-838513007_icon.png" publish:qualifiedname="mTOP-SM-SID-fragment::Logical View" xmi:id="_47D8046A010847D8046A0109"/><publish:package name="Common Business Entities Domain" publish:icon="-838513007_icon.png" publish:qualifiedname="mTOP-SM-SID-fragment::Logical View::Common Business Entities Domain" xmi:id="_47D8046A010847D8048602EC"/><publish:package name="Base Types ABE" publish:icon="-838513007_icon.png" publish:qualifiedname="mTOP-SM-SID-fragment::Logical View::Common Business Entities Domain::Base Types ABE" xmi:id="_47D8046A01083D801BAB03B0"/><publish:package name="Example1" publish:icon="-838513007_icon.png" publish:qualifiedname="mTOP-SM-SID-fragment::Logical View::Common Business Entities Domain::Base Types ABE::Example1" xmi:id="_47D8046A01083D8FAE0900B9"/><publish:package name="Addendum figures" publish:icon="-838513007_icon.png" publish:qualifiedname="mTOP-SM-SID-fragment::Logical View::Common Business Entities Domain::Base Types ABE::Addendum figures" xmi:id="_47D8046A01083E38990900B0"/><publish:package name="Entities" publish:icon="-838513007_icon.png" publish:qualifiedname="mTOP-SM-SID-fragment::Logical View::Common Business Entities Domain::Base Types ABE::Entities" xmi:id="_47D8046A01083E38A63B0234"/><publish:package name="Root Business Entities ABE" publish:icon="-838513007_icon.png" publish:qualifiedname="mTOP-SM-SID-fragment::Logical View::Common Business Entities Domain::Root Business Entities ABE" xmi:id="_47D8046A01083CF68FE80295"/><publish:package name="Entity Identifcation Figures" publish:icon="-838513007_icon.png" publish:qualifiedname="mTOP-SM-SID-fragment::Logical View::Common Business Entities Domain::Root Business Entities ABE::Entity Identifcation Figures" xmi:id="_47D8046A01083F4ACDAD02B4"/><publish:package name="Entity Identification ABE" publish:icon="-838513007_icon.png" publish:qualifiedname="mTOP-SM-SID-fragment::Logical View::Common Business Entities Domain::Root Business Entities ABE::Entity Identification ABE" xmi:id="_47D8046A01083F4ACF61022E"/><publish:package name="Characteristic ABE" publish:icon="-838513007_icon.png" publish:qualifiedname="mTOP-SM-SID-fragment::Logical View::Common Business Entities Domain::Root Business Entities ABE::Characteristic ABE" xmi:id="_47D8046A01084462ADB002F3"/><publish:package name="Location ABE" publish:icon="-838513007_icon.png" publish:qualifiedname="mTOP-SM-SID-fragment::Logical View::Common Business Entities Domain::Location ABE" xmi:id="_47D8046A01083E8CEC7B00DD"/><publish:package name="Entities" publish:icon="-838513007_icon.png" publish:qualifiedname="mTOP-SM-SID-fragment::Logical View::Common Business Entities Domain::Location ABE::Entities" xmi:id="_47D8046A01083E8CECD000F4"/><publish:package name="Geographic Place" publish:icon="-838513007_icon.png" publish:qualifiedname="mTOP-SM-SID-fragment::Logical View::Common Business Entities Domain::Location ABE::Entities::Geographic Place" xmi:id="_47D8046A01083E8CED8A0340"/><publish:package name="Symbology" publish:icon="-838513007_icon.png" publish:qualifiedname="mTOP-SM-SID-fragment::Logical View::Common Business Entities Domain::Location ABE::Entities::Geographic Place::Symbology" xmi:id="_47D8046A01083E8CF177001A"/><publish:package name="GeographicAddress" publish:icon="-838513007_icon.png" publish:qualifiedname="mTOP-SM-SID-fragment::Logical View::Common Business Entities Domain::Location ABE::Entities::Geographic Place::GeographicAddress" xmi:id="_47D8046A01083E8CF18102EF"/><publish:package name="Local Place" publish:icon="-838513007_icon.png" publish:qualifiedname="mTOP-SM-SID-fragment::Logical View::Common Business Entities Domain::Location ABE::Entities::Local Place" xmi:id="_47D8046A01083E8CED9503DC"/><publish:package name="Addendum Figures" publish:icon="-838513007_icon.png" publish:qualifiedname="mTOP-SM-SID-fragment::Logical View::Common Business Entities Domain::Location ABE::Addendum Figures" xmi:id="_47D8046A01083E8CECE30318"/><publish:package name="OpenGisSFS" publish:icon="-838513007_icon.png" publish:qualifiedname="mTOP-SM-SID-fragment::Logical View::Common Business Entities Domain::Location ABE::OpenGisSFS" xmi:id="_47D8046A01083CA2776E0208"/><publish:package name="Party ABE" publish:icon="-838513007_icon.png" publish:qualifiedname="mTOP-SM-SID-fragment::Logical View::Common Business Entities Domain::Party ABE" xmi:id="_47D8046A01083D812BC602C5"/><publish:package name="Addendum Figures" publish:icon="-838513007_icon.png" publish:qualifiedname="mTOP-SM-SID-fragment::Logical View::Common Business Entities Domain::Party ABE::Addendum Figures" xmi:id="_47D8046A01083E389BB6023C"/><publish:package name="Entities" publish:icon="-838513007_icon.png" publish:qualifiedname="mTOP-SM-SID-fragment::Logical View::Common Business Entities Domain::Party ABE::Entities" xmi:id="_47D8046A01083E38A3080088"/><publish:package name="Roles" publish:icon="-838513007_icon.png" publish:qualifiedname="mTOP-SM-SID-fragment::Logical View::Common Business Entities Domain::Party ABE::Entities::Roles" xmi:id="_47D8046A01083E961B34027A"/><publish:package name="Identification" publish:icon="-838513007_icon.png" publish:qualifiedname="mTOP-SM-SID-fragment::Logical View::Common Business Entities Domain::Party ABE::Entities::Identification" xmi:id="_47D8046A01083E961B52020F"/><publish:package name="Contact" publish:icon="-838513007_icon.png" publish:qualifiedname="mTOP-SM-SID-fragment::Logical View::Common Business Entities Domain::Party ABE::Entities::Contact" xmi:id="_47D8046A01083E961BF801B3"/><publish:package name="Product Domain" publish:icon="-838513007_icon.png" publish:qualifiedname="mTOP-SM-SID-fragment::Logical View::Product Domain" xmi:id="_47D8046A010847D80496035A"/><publish:package name="Product ABE" publish:icon="-838513007_icon.png" publish:qualifiedname="mTOP-SM-SID-fragment::Logical View::Product Domain::Product ABE" xmi:id="_47D8046A01083D6AAA6D00A4"/><publish:package name="Product Price ABE" publish:icon="-838513007_icon.png" publish:qualifiedname="mTOP-SM-SID-fragment::Logical View::Product Domain::Product ABE::Product Price ABE" xmi:id="_47D8046A010841C7E8570285"/><publish:package name="Product Specification ABE" publish:icon="-838513007_icon.png" publish:qualifiedname="mTOP-SM-SID-fragment::Logical View::Product Domain::Product Specification ABE" xmi:id="_47D8046A01083D6AAA5302C4"/><publish:package name="Service Domain" publish:icon="-838513007_icon.png" publish:qualifiedname="mTOP-SM-SID-fragment::Logical View::Service Domain" xmi:id="_47D8046A010847D804A100F8"/><publish:package name="CustomerFacing Service Role ABE" publish:icon="-838513007_icon.png" publish:qualifiedname="mTOP-SM-SID-fragment::Logical View::Service Domain::CustomerFacing Service Role ABE" xmi:id="_47D8046A01083E37AE3F01EF"/><publish:package name="CustomerFacing Service ABE" publish:icon="-838513007_icon.png" publish:qualifiedname="mTOP-SM-SID-fragment::Logical View::Service Domain::CustomerFacing Service ABE" xmi:id="_47D8046A01083E379A3E03AE"/><publish:package name="CustomerFacing Service Role ABE" publish:icon="-838513007_icon.png" publish:qualifiedname="mTOP-SM-SID-fragment::Logical View::Service Domain::CustomerFacing Service ABE::CustomerFacing Service Role ABE" xmi:id="_47D8046A01083E37AE3F01EF_0"/><publish:package name="ResourceFacing Service Role ABE" publish:icon="-838513007_icon.png" publish:qualifiedname="mTOP-SM-SID-fragment::Logical View::Service Domain::ResourceFacing Service Role ABE" xmi:id="_47D8046A01083E37AE4B0124"/><publish:package name="ResourceFacing Service ABE" publish:icon="-838513007_icon.png" publish:qualifiedname="mTOP-SM-SID-fragment::Logical View::Service Domain::ResourceFacing Service ABE" xmi:id="_47D8046A01083E379A590226"/><publish:package name="ResourceFacing Service Role ABE" publish:icon="-838513007_icon.png" publish:qualifiedname="mTOP-SM-SID-fragment::Logical View::Service Domain::ResourceFacing Service ABE::ResourceFacing Service Role ABE" xmi:id="_47D8046A01083E37AE4B0124_0"/><publish:package name="CustomerFacing ServiceSpec ABE" publish:icon="-838513007_icon.png" publish:qualifiedname="mTOP-SM-SID-fragment::Logical View::Service Domain::CustomerFacing ServiceSpec ABE" xmi:id="_47D8046A01083E379A8B0070"/><publish:package name="CustomerFacing ServiceSpec Role ABE" publish:icon="-838513007_icon.png" publish:qualifiedname="mTOP-SM-SID-fragment::Logical View::Service Domain::CustomerFacing ServiceSpec ABE::CustomerFacing ServiceSpec Role ABE" xmi:id="_47D8046A01083E37B1970222"/><publish:package name="Service Package ABE" publish:icon="-838513007_icon.png" publish:qualifiedname="mTOP-SM-SID-fragment::Logical View::Service Domain::CustomerFacing ServiceSpec ABE::Service Package ABE" xmi:id="_47D8046A01083E37AA2D0309"/><publish:package name="Protocol Service Entities" publish:icon="-838513007_icon.png" publish:qualifiedname="mTOP-SM-SID-fragment::Logical View::Service Domain::Protocol Service Entities" xmi:id="_47D8046A01083E37AB1B00A9"/><publish:package name="Signaling Protocol Entities" publish:icon="-838513007_icon.png" publish:qualifiedname="mTOP-SM-SID-fragment::Logical View::Service Domain::Protocol Service Entities::Signaling Protocol Entities" xmi:id="_47D8046A01083E37AC1C022F"/><publish:package name="Routed Protocol Entities" publish:icon="-838513007_icon.png" publish:qualifiedname="mTOP-SM-SID-fragment::Logical View::Service Domain::Protocol Service Entities::Routed Protocol Entities" xmi:id="_47D8046A01083E37AC2601BB"/><publish:package name="Routing Protocol Entities" publish:icon="-838513007_icon.png" publish:qualifiedname="mTOP-SM-SID-fragment::Logical View::Service Domain::Protocol Service Entities::Routing Protocol Entities" xmi:id="_47D8046A01083E37AC320009"/><publish:package name="Service Level Spec ABE" publish:icon="-838513007_icon.png" publish:qualifiedname="mTOP-SM-SID-fragment::Logical View::Service Domain::Service Level Spec ABE" xmi:id="_47D8046A01083EB1D7B80071"/><publish:package name="Service Level Specification Addendum FIgures" publish:icon="-838513007_icon.png" publish:qualifiedname="mTOP-SM-SID-fragment::Logical View::Service Domain::Service Level Spec ABE::Service Level Specification Addendum FIgures" xmi:id="_47D8046A01083D596B1D0357"/><publish:package name="Service Specification ABE" publish:icon="-838513007_icon.png" publish:qualifiedname="mTOP-SM-SID-fragment::Logical View::Service Domain::Service Specification ABE" xmi:id="_47D8046A01083D50919203C4"/><publish:package name="CustomerFacing ServiceSpec ABE" publish:icon="-838513007_icon.png" publish:qualifiedname="mTOP-SM-SID-fragment::Logical View::Service Domain::Service Specification ABE::CustomerFacing ServiceSpec ABE" xmi:id="_47D8046A01083E379A8B0070_0"/><publish:package name="CustomerFacing ServiceSpec Role ABE" publish:icon="-838513007_icon.png" publish:qualifiedname="mTOP-SM-SID-fragment::Logical View::Service Domain::Service Specification ABE::CustomerFacing ServiceSpec ABE::CustomerFacing ServiceSpec Role ABE" xmi:id="_47D8046A01083E37B1970222_0"/><publish:package name="Service Package ABE" publish:icon="-838513007_icon.png" publish:qualifiedname="mTOP-SM-SID-fragment::Logical View::Service Domain::Service Specification ABE::CustomerFacing ServiceSpec ABE::Service Package ABE" xmi:id="_47D8046A01083E37AA2D0309_0"/><publish:package name="ResourceFacing ServiceSpec ABE" publish:icon="-838513007_icon.png" publish:qualifiedname="mTOP-SM-SID-fragment::Logical View::Service Domain::Service Specification ABE::ResourceFacing ServiceSpec ABE" xmi:id="_47D8046A01083E379AA102AC"/><publish:package name="Service ABE" publish:icon="-838513007_icon.png" publish:qualifiedname="mTOP-SM-SID-fragment::Logical View::Service Domain::Service ABE" xmi:id="_47D8046A01083D5091860236"/><publish:package name="CustomerFacing Service ABE" publish:icon="-838513007_icon.png" publish:qualifiedname="mTOP-SM-SID-fragment::Logical View::Service Domain::Service ABE::CustomerFacing Service ABE" xmi:id="_47D8046A01083E379A3E03AE_0"/><publish:package name="CustomerFacing Service Role ABE" publish:icon="-838513007_icon.png" publish:qualifiedname="mTOP-SM-SID-fragment::Logical View::Service Domain::Service ABE::CustomerFacing Service ABE::CustomerFacing Service Role ABE" xmi:id="_47D8046A01083E37AE3F01EF_1"/><publish:package name="ResourceFacing Service ABE" publish:icon="-838513007_icon.png" publish:qualifiedname="mTOP-SM-SID-fragment::Logical View::Service Domain::Service ABE::ResourceFacing Service ABE" xmi:id="_47D8046A01083E379A590226_0"/><publish:package name="ResourceFacing Service Role ABE" publish:icon="-838513007_icon.png" publish:qualifiedname="mTOP-SM-SID-fragment::Logical View::Service Domain::Service ABE::ResourceFacing Service ABE::ResourceFacing Service Role ABE" xmi:id="_47D8046A01083E37AE4B0124_1"/><publish:package name="Application ABE" publish:icon="-838513007_icon.png" publish:qualifiedname="mTOP-SM-SID-fragment::Logical View::Service Domain::Service ABE::Application ABE" xmi:id="_47D8046A0108438295DC0001"/><publish:package name="QoS Service ABE" publish:icon="-838513007_icon.png" publish:qualifiedname="mTOP-SM-SID-fragment::Logical View::Service Domain::Service ABE::QoS Service ABE" xmi:id="_47D8046A01083DBCB818032F"/><publish:package name="Service Order ABE" publish:icon="-838513007_icon.png" publish:qualifiedname="mTOP-SM-SID-fragment::Logical View::Service Domain::Service ABE::Service Order ABE" xmi:id="_47D8046A0108422F8AAB00EC"/><publish:package name="Service Management ABE" publish:icon="-838513007_icon.png" publish:qualifiedname="mTOP-SM-SID-fragment::Logical View::Service Domain::Service ABE::Service Management ABE" xmi:id="_47D8046A01083F00A39F00FB"/><publish:package name="Service Maintenance ABE" publish:icon="-838513007_icon.png" publish:qualifiedname="mTOP-SM-SID-fragment::Logical View::Service Domain::Service ABE::Service Maintenance ABE" xmi:id="_47D8046A01083E37B5080391"/><publish:package name="Product, Service and Resource Domain Char Updates" publish:icon="-838513007_icon.png" publish:qualifiedname="mTOP-SM-SID-fragment::Logical View::Service Domain::Product, Service and Resource Domain Char Updates" xmi:id="_47D8046A0108442425440190"/><publish:package name="Service Domain Char Updates" publish:icon="-838513007_icon.png" publish:qualifiedname="mTOP-SM-SID-fragment::Logical View::Service Domain::Product, Service and Resource Domain Char Updates::Service Domain Char Updates" xmi:id="_47D8046A01084424265E0258"/><publish:package name="Resource Domain Char Updates" publish:icon="-838513007_icon.png" publish:qualifiedname="mTOP-SM-SID-fragment::Logical View::Service Domain::Product, Service and Resource Domain Char Updates::Resource Domain Char Updates" xmi:id="_47D8046A010844242692005B"/><publish:package name="Service Addendum Figures MTOSI Additions" publish:icon="-838513007_icon.png" publish:qualifiedname="mTOP-SM-SID-fragment::Logical View::Service Domain::Service Addendum Figures MTOSI Additions" xmi:id="_47D8046A010843F1059A0251"/><publish:package name="Resource Domain" publish:icon="-838513007_icon.png" publish:qualifiedname="mTOP-SM-SID-fragment::Logical View::Resource Domain" xmi:id="_47D8046A010847D804AE0231"/><publish:package name="Resource ABE" publish:icon="-838513007_icon.png" publish:qualifiedname="mTOP-SM-SID-fragment::Logical View::Resource Domain::Resource ABE" xmi:id="_47D8046A0108430ADC580046"/><publish:package name="LogicalResource ABE" publish:icon="-838513007_icon.png" publish:qualifiedname="mTOP-SM-SID-fragment::Logical View::Resource Domain::Resource ABE::LogicalResource ABE" xmi:id="_47D8046A01083DDEA0990115_0"/><publish:package name="Managed Transmission ABE" publish:icon="-838513007_icon.png" publish:qualifiedname="mTOP-SM-SID-fragment::Logical View::Resource Domain::Resource ABE::LogicalResource ABE::Managed Transmission ABE" xmi:id="_47D8046A01083E2C3124017F_0"/><publish:package name="Network ABE" publish:icon="-838513007_icon.png" publish:qualifiedname="mTOP-SM-SID-fragment::Logical View::Resource Domain::Resource ABE::LogicalResource ABE::Network ABE" xmi:id="_47D8046A01083E2C322B0390_0"/><publish:package name="Protocol Service ABE" publish:icon="-838513007_icon.png" publish:qualifiedname="mTOP-SM-SID-fragment::Logical View::Resource Domain::Resource ABE::LogicalResource ABE::Protocol Service ABE" xmi:id="_47D8046A01083E2C35EF01D4_0"/><publish:package name="Software ABE" publish:icon="-838513007_icon.png" publish:qualifiedname="mTOP-SM-SID-fragment::Logical View::Resource Domain::Resource ABE::LogicalResource ABE::Software ABE" xmi:id="_47D8046A01083E2C37230173_0"/><publish:package name="Logical Capacity ABE" publish:icon="-838513007_icon.png" publish:qualifiedname="mTOP-SM-SID-fragment::Logical View::Resource Domain::Resource ABE::LogicalResource ABE::Logical Capacity ABE" xmi:id="_47D8046A01083DDEA38F00DE_0"/><publish:package name="Statistics ABE" publish:icon="-838513007_icon.png" publish:qualifiedname="mTOP-SM-SID-fragment::Logical View::Resource Domain::Resource ABE::LogicalResource ABE::Statistics ABE" xmi:id="_47D8046A01083E2C63210199_0"/><publish:package name="DeviceInterface ABE" publish:icon="-838513007_icon.png" publish:qualifiedname="mTOP-SM-SID-fragment::Logical View::Resource Domain::Resource ABE::LogicalResource ABE::DeviceInterface ABE" xmi:id="_47D8046A01083E2C94B202F2_0"/><publish:package name="Address ABE" publish:icon="-838513007_icon.png" publish:qualifiedname="mTOP-SM-SID-fragment::Logical View::Resource Domain::Resource ABE::LogicalResource ABE::Address ABE" xmi:id="_47D8046A01083E2C98D60102_0"/><publish:package name="Device Protocol Association ABE" publish:icon="-838513007_icon.png" publish:qualifiedname="mTOP-SM-SID-fragment::Logical View::Resource Domain::Resource ABE::LogicalResource ABE::Device Protocol Association ABE" xmi:id="_47D8046A01083E6118CA017A_0"/><publish:package name="5LR Figures" publish:icon="-838513007_icon.png" publish:qualifiedname="mTOP-SM-SID-fragment::Logical View::Resource Domain::Resource ABE::LogicalResource ABE::5LR Figures" xmi:id="_47D8046A01083EA4A4230099_0"/><publish:package name="Operating System ABE" publish:icon="-838513007_icon.png" publish:qualifiedname="mTOP-SM-SID-fragment::Logical View::Resource Domain::Resource ABE::LogicalResource ABE::Operating System ABE" xmi:id="_47D8046A01083EA57F4B0205_0"/><publish:package name="Logical Device ABE" publish:icon="-838513007_icon.png" publish:qualifiedname="mTOP-SM-SID-fragment::Logical View::Resource Domain::Resource ABE::LogicalResource ABE::Logical Device ABE" xmi:id="_47D8046A01083EA5CF5E0166_0"/><publish:package name="Management Information ABE" publish:icon="-838513007_icon.png" publish:qualifiedname="mTOP-SM-SID-fragment::Logical View::Resource Domain::Resource ABE::LogicalResource ABE::Management Information ABE" xmi:id="_47D8046A01083EA9C5AF0153_0"/><publish:package name="Logical Role ABE" publish:icon="-838513007_icon.png" publish:qualifiedname="mTOP-SM-SID-fragment::Logical View::Resource Domain::Resource ABE::LogicalResource ABE::Logical Role ABE" xmi:id="_47D8046A01083DDEA2E102A3_1"/><publish:package name="LogicalResource System View Figures" publish:icon="-838513007_icon.png" publish:qualifiedname="mTOP-SM-SID-fragment::Logical View::Resource Domain::Resource ABE::LogicalResource ABE::LogicalResource System View Figures" xmi:id="_47D8046A010843726F5400CB_0"/><publish:package name="PhysicalResource ABE" publish:icon="-838513007_icon.png" publish:qualifiedname="mTOP-SM-SID-fragment::Logical View::Resource Domain::Resource ABE::PhysicalResource ABE" xmi:id="_47D8046A01083DDEA0E303D6_0"/><publish:package name="Auxiliary Component ABE" publish:icon="-838513007_icon.png" publish:qualifiedname="mTOP-SM-SID-fragment::Logical View::Resource Domain::Resource ABE::PhysicalResource ABE::Auxiliary Component ABE" xmi:id="_47D8046A01083E2C3BF10021_0"/><publish:package name="Physical Component ABE" publish:icon="-838513007_icon.png" publish:qualifiedname="mTOP-SM-SID-fragment::Logical View::Resource Domain::Resource ABE::PhysicalResource ABE::Physical Component ABE" xmi:id="_47D8046A01083E2C3C44000C_0"/><publish:package name="Equipment Holder ABE" publish:icon="-838513007_icon.png" publish:qualifiedname="mTOP-SM-SID-fragment::Logical View::Resource Domain::Resource ABE::PhysicalResource ABE::Equipment Holder ABE" xmi:id="_47D8046A01083E2C3CEF038D_0"/><publish:package name="Equipment ABE" publish:icon="-838513007_icon.png" publish:qualifiedname="mTOP-SM-SID-fragment::Logical View::Resource Domain::Resource ABE::PhysicalResource ABE::Equipment ABE" xmi:id="_47D8046A01083E2C3E30001E_0"/><publish:package name="Hardware ABE" publish:icon="-838513007_icon.png" publish:qualifiedname="mTOP-SM-SID-fragment::Logical View::Resource Domain::Resource ABE::PhysicalResource ABE::Hardware ABE" xmi:id="_47D8046A01083E2C3EF2015D_0"/><publish:package name="Physical Capacity ABE" publish:icon="-838513007_icon.png" publish:qualifiedname="mTOP-SM-SID-fragment::Logical View::Resource Domain::Resource ABE::PhysicalResource ABE::Physical Capacity ABE" xmi:id="_47D8046A01083DDEA39A0276_0"/><publish:package name="Physical Device ABE" publish:icon="-838513007_icon.png" publish:qualifiedname="mTOP-SM-SID-fragment::Logical View::Resource Domain::Resource ABE::PhysicalResource ABE::Physical Device ABE" xmi:id="_47D8046A01083EA5D1780079_0"/><publish:package name="5PR Addendum Figures" publish:icon="-838513007_icon.png" publish:qualifiedname="mTOP-SM-SID-fragment::Logical View::Resource Domain::Resource ABE::PhysicalResource ABE::5PR Addendum Figures" xmi:id="_47D8046A01083EE21C640292_0"/><publish:package name="Physical Role ABE" publish:icon="-838513007_icon.png" publish:qualifiedname="mTOP-SM-SID-fragment::Logical View::Resource Domain::Resource ABE::PhysicalResource ABE::Physical Role ABE" xmi:id="_47D8046A01083DDEA2D603D3_1"/><publish:package name="ResourceRole System View ABE" publish:icon="-838513007_icon.png" publish:qualifiedname="mTOP-SM-SID-fragment::Logical View::Resource Domain::Resource ABE::ResourceRole System View ABE" xmi:id="_47D8046A01083EFF97D602AC"/><publish:package name="CompoundResource ABE" publish:icon="-838513007_icon.png" publish:qualifiedname="mTOP-SM-SID-fragment::Logical View::Resource Domain::Resource ABE::CompoundResource ABE" xmi:id="_47D8046A01083EF8CA2200A3"/><publish:package name="Resource Order ABE" publish:icon="-838513007_icon.png" publish:qualifiedname="mTOP-SM-SID-fragment::Logical View::Resource Domain::Resource ABE::Resource Order ABE" xmi:id="_47D8046A010842D29EE30267"/><publish:package name="Resource Management ABE" publish:icon="-838513007_icon.png" publish:qualifiedname="mTOP-SM-SID-fragment::Logical View::Resource Domain::Resource ABE::Resource Management ABE" xmi:id="_47D8046A01083F00A3510293"/><publish:package name="Value Network Role ABE" publish:icon="-838513007_icon.png" publish:qualifiedname="mTOP-SM-SID-fragment::Logical View::Resource Domain::Resource ABE::Value Network Role ABE" xmi:id="_47D8046A01083F007F28015F"/><publish:package name="Resource Specification ABE" publish:icon="-838513007_icon.png" publish:qualifiedname="mTOP-SM-SID-fragment::Logical View::Resource Domain::Resource Specification ABE" xmi:id="_47D8046A01083EA5CCD30232"/><publish:package name="LogicalResource Specification ABE" publish:icon="-838513007_icon.png" publish:qualifiedname="mTOP-SM-SID-fragment::Logical View::Resource Domain::Resource Specification ABE::LogicalResource Specification ABE" xmi:id="_47D8046A01083E2C58840228"/><publish:package name="PhysicalResource Specification ABE" publish:icon="-838513007_icon.png" publish:qualifiedname="mTOP-SM-SID-fragment::Logical View::Resource Domain::Resource Specification ABE::PhysicalResource Specification ABE" xmi:id="_47D8046A01083DDEA3F70337"/><publish:package name="CompoundResource Specification ABE" publish:icon="-838513007_icon.png" publish:qualifiedname="mTOP-SM-SID-fragment::Logical View::Resource Domain::Resource Specification ABE::CompoundResource Specification ABE" xmi:id="_47D8046A01083EFFA04800A2"/><publish:package name="Component View" publish:icon="-838513007_icon.png" publish:qualifiedname="mTOP-SM-SID-fragment::Component View" xmi:id="_47D8046A010847D8046A010B"/><publish:package name="Deployment View" publish:icon="-838513007_icon.png" publish:qualifiedname="mTOP-SM-SID-fragment::Deployment View" xmi:id="_47D8046A010847D8046A010C"/></publish:packages>