<?xml version="1.0" encoding="UTF-8"?><publish:diagrams xmlns:publish="http://www.ibm.com/Rational/XTools/Publish" xmlns:xmi="http://www.omg.org/XMI"><publish:diagram name="Main" publish:icon="-1442509679_icon.png" publish:qualifiedname="mTOP-SM-SID-fragment::Component View::Main" xmi:id="_47D8046A010847D8046C02AE"/><publish:diagram name="fig5b - Parties interact via their roles" publish:icon="1929727314_icon.png" publish:qualifiedname="mTOP-SM-SID-fragment::Logical View::Common Business Entities Domain::Party ABE::Addendum Figures::fig5b - Parties interact via their roles" xmi:id="_47D8046A01083C2328E9008C"/><publish:diagram name="example-figure" publish:icon="1929727314_icon.png" publish:qualifiedname="mTOP-SM-SID-fragment::Logical View::Common Business Entities Domain::Party ABE::Addendum Figures::example-figure" xmi:id="_47D8046A01083D8AC43B02BB"/><publish:diagram name="fig1 - basic Party model" publish:icon="1929727314_icon.png" publish:qualifiedname="mTOP-SM-SID-fragment::Logical View::Common Business Entities Domain::Party ABE::Addendum Figures::fig1 - basic Party model" xmi:id="_47D8046A01083C74437400B4"/><publish:diagram name="fig2 - naming for Parties" publish:icon="1929727314_icon.png" publish:qualifiedname="mTOP-SM-SID-fragment::Logical View::Common Business Entities Domain::Party ABE::Addendum Figures::fig2 - naming for Parties" xmi:id="_47D8046A01083C247604024E"/><publish:diagram name="fig3 - Party Identification" publish:icon="1929727314_icon.png" publish:qualifiedname="mTOP-SM-SID-fragment::Logical View::Common Business Entities Domain::Party ABE::Addendum Figures::fig3 - Party Identification" xmi:id="_47D8046A01083DFFB6FC0084"/><publish:diagram name="fig4 - party and the main eTOM roles" publish:icon="1929727314_icon.png" publish:qualifiedname="mTOP-SM-SID-fragment::Logical View::Common Business Entities Domain::Party ABE::Addendum Figures::fig4 - party and the main eTOM roles" xmi:id="_47D8046A01083C2477B5023A"/><publish:diagram name="fig5a - modeling Interactions directly to Party " publish:icon="1929727314_icon.png" publish:qualifiedname="mTOP-SM-SID-fragment::Logical View::Common Business Entities Domain::Party ABE::Addendum Figures::fig5a - modeling Interactions directly to Party " xmi:id="_47D8046A01083C310CA5020B"/><publish:diagram name="fig7 - Contacting a Party" publish:icon="1929727314_icon.png" publish:qualifiedname="mTOP-SM-SID-fragment::Logical View::Common Business Entities Domain::Party ABE::Addendum Figures::fig7 - Contacting a Party" xmi:id="_47D8046A01083C2324A10334"/><publish:diagram name="fig6 - Parties can be associated via their roles" publish:icon="1929727314_icon.png" publish:qualifiedname="mTOP-SM-SID-fragment::Logical View::Common Business Entities Domain::Party ABE::Addendum Figures::fig6 - Parties can be associated via their roles" xmi:id="_47D8046A01083C7446A00333"/><publish:diagram name="fig8 - showing possible links to other parts of the SID model" publish:icon="1929727314_icon.png" publish:qualifiedname="mTOP-SM-SID-fragment::Logical View::Common Business Entities Domain::Party ABE::Addendum Figures::fig8 - showing possible links to other parts of the SID model" xmi:id="_47D8046A01083C31115C0210"/><publish:diagram name="DeviceInterface starting diagram" publish:icon="1929727314_icon.png" publish:qualifiedname="mTOP-SM-SID-fragment::Logical View::Resource Domain::Resource ABE::LogicalResource ABE::LogicalResource System View Figures::DeviceInterface starting diagram" xmi:id="_47D8046A010843726F69005F"/><publish:diagram name="ResourcePort Programming" publish:icon="1929727314_icon.png" publish:qualifiedname="mTOP-SM-SID-fragment::Logical View::Resource Domain::Resource ABE::LogicalResource ABE::LogicalResource System View Figures::ResourcePort Programming" xmi:id="_47D8046A0108437A5D94014E"/><publish:diagram name="Fig XXX - SID-MTNM Transport Integration" publish:icon="1929727314_icon.png" publish:qualifiedname="mTOP-SM-SID-fragment::Logical View::Resource Domain::Resource ABE::LogicalResource ABE::LogicalResource System View Figures::Fig XXX - SID-MTNM Transport Integration" xmi:id="_47D8046A010843303841008C"/><publish:diagram name="Service Detailed Model" publish:icon="1929727314_icon.png" publish:qualifiedname="mTOP-SM-SID-fragment::Logical View::Service Domain::Service ABE::Service Detailed Model" xmi:id="_47D8046A01083EB0146D00EF"/><publish:diagram name="Fig 21 - ResourceSpec and ResourceSpecChar" publish:icon="1929727314_icon.png" publish:qualifiedname="mTOP-SM-SID-fragment::Logical View::Service Domain::Product, Service and Resource Domain Char Updates::Resource Domain Char Updates::Fig 21 - ResourceSpec and ResourceSpecChar" xmi:id="_47D8046A010843795FD90261"/><publish:diagram name="Fig 22 - Resource and ResourceCharValue" publish:icon="1929727314_icon.png" publish:qualifiedname="mTOP-SM-SID-fragment::Logical View::Service Domain::Product, Service and Resource Domain Char Updates::Resource Domain Char Updates::Fig 22 - Resource and ResourceCharValue" xmi:id="_47D8046A01083EA70AC100AA"/><publish:diagram name="Fig 88 - Resource Characteristic Biz Model" publish:icon="1929727314_icon.png" publish:qualifiedname="mTOP-SM-SID-fragment::Logical View::Service Domain::Product, Service and Resource Domain Char Updates::Resource Domain Char Updates::Fig 88 - Resource Characteristic Biz Model" xmi:id="_47D8046A01083F01AE40025E"/><publish:diagram name="Figure SO.xxx - Service Design &amp; Deployment - Basic Entities" publish:icon="1929727314_icon.png" publish:qualifiedname="mTOP-SM-SID-fragment::Logical View::Service Domain::Service Addendum Figures MTOSI Additions::Figure SO.xxx - Service Design &amp; Deployment - Basic Entities" xmi:id="_47D8046A01084410558303B9"/><publish:diagram name="Figure SO.xxx - Service Subscriber and Service Access Point" publish:icon="1929727314_icon.png" publish:qualifiedname="mTOP-SM-SID-fragment::Logical View::Service Domain::Service Addendum Figures MTOSI Additions::Figure SO.xxx - Service Subscriber and Service Access Point" xmi:id="_47D8046A0108441070C203C8"/><publish:diagram name="Figure SO.xxx - Service Definition and Service Template" publish:icon="1929727314_icon.png" publish:qualifiedname="mTOP-SM-SID-fragment::Logical View::Service Domain::Service Addendum Figures MTOSI Additions::Figure SO.xxx - Service Definition and Service Template" xmi:id="_47D8046A010847862B7F003E"/><publish:diagram name="Figure SO.xxx - Service Definition and Service Access Point" publish:icon="1929727314_icon.png" publish:qualifiedname="mTOP-SM-SID-fragment::Logical View::Service Domain::Service Addendum Figures MTOSI Additions::Figure SO.xxx - Service Definition and Service Access Point" xmi:id="_47D8046A01084786306A034B"/><publish:diagram name="Figure SO.xxx - Service Definition and Subscriber &amp; User" publish:icon="1929727314_icon.png" publish:qualifiedname="mTOP-SM-SID-fragment::Logical View::Service Domain::Service Addendum Figures MTOSI Additions::Figure SO.xxx - Service Definition and Subscriber &amp; User" xmi:id="_47D8046A01084794345B002E"/><publish:diagram name="Figure SO.xxx - MultiValue Instance Example - Override" publish:icon="1862607779_icon.png" publish:qualifiedname="mTOP-SM-SID-fragment::Logical View::Service Domain::Service Addendum Figures MTOSI Additions::Figure SO.xxx - MultiValue Instance Example - Override_Collaboration::Figure SO.xxx - MultiValue Instance Example - Override::Figure SO.xxx - MultiValue Instance Example - Override" xmi:id="_47D8046A0108461E741D032C"/><publish:diagram name="Figure SO.xxx - MultiValue Instance Example - CharSpec Only" publish:icon="1862607779_icon.png" publish:qualifiedname="mTOP-SM-SID-fragment::Logical View::Service Domain::Service Addendum Figures MTOSI Additions::Figure SO.xxx - MultiValue Instance Example - CharSpec Only_Collaboration::Figure SO.xxx - MultiValue Instance Example - CharSpec Only::Figure SO.xxx - MultiValue Instance Example - CharSpec Only" xmi:id="_47D8046A0108462642030148"/><publish:diagram name="Figure SO.xxx - MultiValue Instance Example - CharSpecUseOnly" publish:icon="1862607779_icon.png" publish:qualifiedname="mTOP-SM-SID-fragment::Logical View::Service Domain::Service Addendum Figures MTOSI Additions::Figure SO.xxx - MultiValue Instance Example - CharSpecUseOnly_Collaboration::Figure SO.xxx - MultiValue Instance Example - CharSpecUseOnly::Figure SO.xxx - MultiValue Instance Example - CharSpecUseOnly" xmi:id="_47D8046A0108462642DE00DA"/><publish:diagram name="Figure SO.xxx - Service Definition/Template Example" publish:icon="1862607779_icon.png" publish:qualifiedname="mTOP-SM-SID-fragment::Logical View::Service Domain::Service Addendum Figures MTOSI Additions::Figure SO.xxx - Service Definition/Template Example_Collaboration::Figure SO.xxx - Service Definition/Template Example::Figure SO.xxx - Service Definition/Template Example" xmi:id="_47D8046A0108462E2A1C0280"/><publish:diagram name="Deployment View" publish:icon="386213133_icon.png" publish:qualifiedname="mTOP-SM-SID-fragment::Deployment View::Deployment View" xmi:id="_47D8046A010847D8046A010E"/><publish:diagram name="Main" publish:icon="1409623392_icon.png" publish:qualifiedname="mTOP-SM-SID-fragment::Use Case View::Main" xmi:id="_47D8046A010847D8046C02AF"/><publish:diagram name="fig10b" publish:icon="1929727314_icon.png" publish:qualifiedname="mTOP-SM-SID-fragment::Logical View::Common Business Entities Domain::Location ABE::Addendum Figures::fig10b" xmi:id="_47D8046A01083CBCF7CE000E"/><publish:diagram name="fig11d" publish:icon="1929727314_icon.png" publish:qualifiedname="mTOP-SM-SID-fragment::Logical View::Common Business Entities Domain::Location ABE::Addendum Figures::fig11d" xmi:id="_47D8046A01083C8D66C9032C"/><publish:diagram name="fig15" publish:icon="1929727314_icon.png" publish:qualifiedname="mTOP-SM-SID-fragment::Logical View::Common Business Entities Domain::Location ABE::Addendum Figures::fig15" xmi:id="_47D8046A01083C42691D0115"/><publish:diagram name="fig3" publish:icon="1929727314_icon.png" publish:qualifiedname="mTOP-SM-SID-fragment::Logical View::Common Business Entities Domain::Location ABE::Addendum Figures::fig3" xmi:id="_47D8046A01083C8AC5220048"/><publish:diagram name="fig4" publish:icon="1929727314_icon.png" publish:qualifiedname="mTOP-SM-SID-fragment::Logical View::Common Business Entities Domain::Location ABE::Addendum Figures::fig4" xmi:id="_47D8046A01083C8AC5E40390"/><publish:diagram name="fig5" publish:icon="1929727314_icon.png" publish:qualifiedname="mTOP-SM-SID-fragment::Logical View::Common Business Entities Domain::Location ABE::Addendum Figures::fig5" xmi:id="_47D8046A01083C8AC6280329"/><publish:diagram name="fig6" publish:icon="1929727314_icon.png" publish:qualifiedname="mTOP-SM-SID-fragment::Logical View::Common Business Entities Domain::Location ABE::Addendum Figures::fig6" xmi:id="_47D8046A01083C969B7B0122"/><publish:diagram name="fig7" publish:icon="1929727314_icon.png" publish:qualifiedname="mTOP-SM-SID-fragment::Logical View::Common Business Entities Domain::Location ABE::Addendum Figures::fig7" xmi:id="_47D8046A01083C8AC6350129"/><publish:diagram name="fig8" publish:icon="1929727314_icon.png" publish:qualifiedname="mTOP-SM-SID-fragment::Logical View::Common Business Entities Domain::Location ABE::Addendum Figures::fig8" xmi:id="_47D8046A01083C8D6661020A"/><publish:diagram name="fig 10a" publish:icon="1929727314_icon.png" publish:qualifiedname="mTOP-SM-SID-fragment::Logical View::Common Business Entities Domain::Location ABE::Addendum Figures::fig 10a" xmi:id="_47D8046A01083E9239310238"/><publish:diagram name="fig12" publish:icon="1929727314_icon.png" publish:qualifiedname="mTOP-SM-SID-fragment::Logical View::Common Business Entities Domain::Location ABE::Addendum Figures::fig12" xmi:id="_47D8046A01083E92395F0306"/><publish:diagram name="PhysicalDeviceRole Summary" publish:icon="1929727314_icon.png" publish:qualifiedname="mTOP-SM-SID-fragment::Logical View::Resource Domain::Resource ABE::PhysicalResource ABE::Physical Role ABE::PhysicalDeviceRole Summary" xmi:id="_47D8046A01083E3BF50603D2"/><publish:diagram name="LogicalResourceRole Summary" publish:icon="1929727314_icon.png" publish:qualifiedname="mTOP-SM-SID-fragment::Logical View::Resource Domain::Resource ABE::LogicalResource ABE::Logical Role ABE::LogicalResourceRole Summary" xmi:id="_47D8046A01083E3C02CA0158"/><publish:diagram name="Version - Party" publish:icon="1929727314_icon.png" publish:qualifiedname="mTOP-SM-SID-fragment::Logical View::Common Business Entities Domain::Party ABE::Version - Party" xmi:id="_47D8046A01083E46D97D02A0"/><publish:diagram name="fig 1" publish:icon="1929727314_icon.png" publish:qualifiedname="mTOP-SM-SID-fragment::Logical View::Common Business Entities Domain::Base Types ABE::Addendum figures::fig 1" xmi:id="_47D8046A01083D801BE30371"/><publish:diagram name="Version - Location" publish:icon="1929727314_icon.png" publish:qualifiedname="mTOP-SM-SID-fragment::Logical View::Common Business Entities Domain::Location ABE::Version - Location" xmi:id="_47D8046A01083F1CA3AB0355"/><publish:diagram name="ResourceSpec Inheritance Diagram" publish:icon="1929727314_icon.png" publish:qualifiedname="mTOP-SM-SID-fragment::Logical View::Resource Domain::Resource Specification ABE::ResourceSpec Inheritance Diagram" xmi:id="_47D8046A0108437647210097"/><publish:diagram name="Root Business Entities" publish:icon="1929727314_icon.png" publish:qualifiedname="mTOP-SM-SID-fragment::Logical View::Common Business Entities Domain::Root Business Entities ABE::Root Business Entities" xmi:id="_47D8046A01083CF6A0500212"/><publish:diagram name="Entity-EntitySpec Pattern" publish:icon="1929727314_icon.png" publish:qualifiedname="mTOP-SM-SID-fragment::Logical View::Common Business Entities Domain::Root Business Entities ABE::Entity-EntitySpec Pattern" xmi:id="_47D8046A01083E982C300178"/><publish:diagram name="Service Level Specification Business Entities" publish:icon="1929727314_icon.png" publish:qualifiedname="mTOP-SM-SID-fragment::Logical View::Service Domain::Service Level Spec ABE::Service Level Specification Business Entities" xmi:id="_47D8046A01083D400E8A013C"/><publish:diagram name="Main" publish:icon="1929727314_icon.png" publish:qualifiedname="mTOP-SM-SID-fragment::Logical View::Common Business Entities Domain::Base Types ABE::Example1::Main" xmi:id="_47D8046A01083D8FAE14034A"/><publish:diagram name="ServiceSpecification Detailed Diagram" publish:icon="1929727314_icon.png" publish:qualifiedname="mTOP-SM-SID-fragment::Logical View::Service Domain::Service Specification ABE::ServiceSpecification Detailed Diagram" xmi:id="_47D8046A01083EB011770031"/><publish:diagram name="Main" publish:icon="1929727314_icon.png" publish:qualifiedname="mTOP-SM-SID-fragment::Logical View::Main" xmi:id="_47D8046A010847D8046C02BE"/><publish:diagram name="Router" publish:icon="1929727314_icon.png" publish:qualifiedname="mTOP-SM-SID-fragment::Logical View::Resource Domain::Resource ABE::PhysicalResource ABE::Router" xmi:id="_47D8046A010843064B6C01CE"/><publish:diagram name="Fig 4SO-22 - Service Specification Characteristic" publish:icon="1929727314_icon.png" publish:qualifiedname="mTOP-SM-SID-fragment::Logical View::Service Domain::Product, Service and Resource Domain Char Updates::Service Domain Char Updates::Fig 4SO-22 - Service Specification Characteristic" xmi:id="_47D8046A01083ED6C81F016D"/><publish:diagram name="Fig 4SO-23 - Service Characteristic Value" publish:icon="1929727314_icon.png" publish:qualifiedname="mTOP-SM-SID-fragment::Logical View::Service Domain::Product, Service and Resource Domain Char Updates::Service Domain Char Updates::Fig 4SO-23 - Service Characteristic Value" xmi:id="_47D8046A01083ED7791400FF"/><publish:diagram name="Fig 4SO-22a - Service and Resource Characteristic Associations" publish:icon="1929727314_icon.png" publish:qualifiedname="mTOP-SM-SID-fragment::Logical View::Service Domain::Product, Service and Resource Domain Char Updates::Service Domain Char Updates::Fig 4SO-22a - Service and Resource Characteristic Associations" xmi:id="_47D8046A0108461A6641002E"/><publish:diagram name="fig9" publish:icon="1929727314_icon.png" publish:qualifiedname="mTOP-SM-SID-fragment::Logical View::Common Business Entities Domain::Location ABE::OpenGisSFS::fig9" xmi:id="_47D8046A01083C99723B0007"/></publish:diagrams>