<SOAP-ENV:Envelope xmlns:SOAP-ENV="http://schemas.xmlsoap.org/soap/envelope/" xmlns:xsi="http://www.w3.org/2001/XMLSchema-instance" xmlns:xsd="http://www.w3.org/2001/XMLSchema" xmlns:nam="http://www.tmforum.org/mtop/fmw/xsd/nam/v1" xmlns:gen="http://www.tmforum.org/mtop/fmw/xsd/gen/v1" xsi:schemaLocation="http://www.tmforum.org/mtop/nrb/xsd/rscoc/v1 ../xsd/EventResourceObjectCreation.xsd http://www.tmforum.org/mtop/fmw/xsd/notmsg/v1 ../../../Framework/IIS/xsd/NotificationMessages.xsd http://www.tmforum.org/mtop/nrf/xsd/me/v1 ../../../NetworkResourceFulfillment/IIS/xsd/Me.xsd http://schemas.xmlsoap.org/soap/envelope/ http://schemas.xmlsoap.org/soap/envelope/">
  <SOAP-ENV:Header>
    <m:header xmlns:m="http://www.tmforum.org/mtop/fmw/xsd/hdr/v1">
      <m:activityName>Notification</m:activityName>
      <m:msgName>notify</m:msgName>
      <m:msgType>NOTIFICATION</m:msgType>
      <m:senderURI>http://www.altova.com</m:senderURI>
      <m:destinationURI>http://www.altova.com</m:destinationURI>
      <m:security>String</m:security>
      <m:securityType>String</m:securityType>
      <m:priority>String</m:priority>
      <m:msgSpecificProperties>
        <m:property>
          <m:propName>String</m:propName>
          <m:propValue>String</m:propValue>
        </m:property>
      </m:msgSpecificProperties>
      <m:communicationPattern>Notification</m:communicationPattern>
      <m:communicationStyle>RPC</m:communicationStyle>
      <m:timestamp>2001-12-17T09:30:47.0Z</m:timestamp>
      <m:vendorExtensions/>
    </m:header>
  </SOAP-ENV:Header>
  <SOAP-ENV:Body>
    <m:notify xmlns:m="http://www.tmforum.org/mtop/fmw/xsd/notmsg/v1">
      <m:topic>String</m:topic>
      <m:message>
        <m0:resourceObjectCreation xmlns:m0="http://www.tmforum.org/mtop/nrb/xsd/rscoc/v1" xmlns:m1="http://www.tmforum.org/mtop/fmw/xsd/cei/v1" xmlns:m2="http://www.tmforum.org/mtop/fmw/xsd/ei/v1" xmlns:m3="http://www.tmforum.org/mtop/fmw/xsd/oc/v1">
          <m1:notificationId>String</m1:notificationId>
          <m1:sourceTime>2001-12-17T09:30:47.0Z</m1:sourceTime>
          <m1:vendorExtensions/>
          <m2:objectName>
            <nam:rdn>
              <nam:type>MD</nam:type>
              <nam:value>Company/String</nam:value>
            </nam:rdn>
            <nam:rdn>
              <nam:type>ME</nam:type>
              <nam:value>String</nam:value>
            </nam:rdn>
          </m2:objectName>
          <m2:osTime>2001-12-17T09:30:47.0Z</m2:osTime>
          <m3:object>
            <me:me xmlns:coi="http://www.tmforum.org/mtop/fmw/xsd/coi/v1" xmlns:cri="http://www.tmforum.org/mtop/nrb/xsd/cri/v1" xmlns:lay="http://www.tmforum.org/mtop/nrb/xsd/lay/v1" xmlns:me="http://www.tmforum.org/mtop/nrf/xsd/me/v1">
              <coi:name>
                <nam:rdn>
                  <nam:type>MD</nam:type>
                  <nam:value>Company/String</nam:value>
                </nam:rdn>
                <nam:rdn>
                  <nam:type>ME</nam:type>
                  <nam:value>String</nam:value>
                </nam:rdn>
              </coi:name>
              <coi:userLabel>String</coi:userLabel>
              <coi:discoveredName>String</coi:discoveredName>
              <coi:namingOs>String</coi:namingOs>
              <coi:owner>String</coi:owner>
              <coi:aliasNameList>
                <gen:alias>
                  <gen:aliasName>String</gen:aliasName>
                  <gen:aliasValue>String</gen:aliasValue>
                </gen:alias>
              </coi:aliasNameList>
              <coi:vendorExtensions>
                <nt:jane xmlns:nt="www.jane.com/mtosi/xsd/me">
                  <nt:att1>123</nt:att1>
                  <nt:att2>String</nt:att2>
                </nt:jane>
                <nt:joe xmlns:nt="www.joe.com/mtosi/xsd/me">
                  <nt:att1>String</nt:att1>
                  <nt:att2>true</nt:att2>
                </nt:joe>
              </coi:vendorExtensions>
              <cri:source>NETWORK_EMS</cri:source>
              <cri:networkAccessDomain>String</cri:networkAccessDomain>
              <cri:resourceState>WORKING</cri:resourceState>
              <me:location>String</me:location>
              <me:manufacturer>String</me:manufacturer>
              <me:productName>String</me:productName>
              <me:softwareVersion>String</me:softwareVersion>
              <me:isInSyncState>true</me:isInSyncState>
              <me:supportedConnectionLayerRateList>
                <lay:layerRate extension="PROP_MYLAYER">VENDOR_EXT</lay:layerRate>
              </me:supportedConnectionLayerRateList>
              <me:communicationState>CS_AVAILABLE</me:communicationState>
            </me:me>
          </m3:object>
          <m0:isEdgePointRelated>false</m0:isEdgePointRelated>
        </m0:resourceObjectCreation>
      </m:message>
    </m:notify>
  </SOAP-ENV:Body>
</SOAP-ENV:Envelope>
