<?xml version="1.0" encoding="UTF-8"?>
<!--Sample XML file generated by XMLSpy v2006 sp2 U (http://www.altova.com)-->
<doProcessResponse xmlns="http://www.tmforum.org/mtop/fmw/xsd/mart/v1" xmlns:gen="http://www.tmforum.org/mtop/fmw/xsd/gen/v1" xmlns:hdr="http://www.tmforum.org/mtop/fmw/xsd/hdr/v1" xmlns:msg="http://www.tmforum.org/mtop/fmw/xsd/msg/v1" xmlns:eq="http://www.tmforum.org/mtop/nrf/xsd/eq/v1" xmlns:xsi="http://www.w3.org/2001/XMLSchema-instance" xmlns:cosd="http://www.tmforum.org/mtop/fmw/xsd/cosd/v1" xmlns:cocd="http://www.tmforum.org/mtop/fmw/xsd/cocd/v1" xmlns:nam="http://www.tmforum.org/mtop/fmw/xsd/nam/v1" xmlns:crcd="http://www.tmforum.org/mtop/nrb/xsd/crcd/v1" xmlns:coi="http://www.tmforum.org/mtop/fmw/xsd/coi/v1" xmlns:cri="http://www.tmforum.org/mtop/nrb/xsd/cri/v1" xsi:schemaLocation="http://www.tmforum.org/mtop/fmw/xsd/mart/v1 ../xsd/MartMessages.xsd
http://www.tmforum.org/mtop/nrf/xsd/eq/v1 ../../../NetworkResourceFulfillment/IIS/xsd/Eq.xsd">
	<templateList>
		<template>
			<name>templateResult1</name>
			<definition>
				<operationData>
					<eq:provisionEquipmentResponse>
						<createdEquipment>
							<cri:resourceState qualifier="String" overlap="String">INSTALLING</cri:resourceState>
							<eq:isReportingAlarm>true</eq:isReportingAlarm>
							<eq:expectedEquipmentObjectType>String</eq:expectedEquipmentObjectType>
							<eq:installedEquipmentObjectType>String</eq:installedEquipmentObjectType>
							<eq:resourceFulfillmentState>IN_SERVICE</eq:resourceFulfillmentState>
							<eq:protectionRole extension="String">MINOR_EXT</eq:protectionRole>
							<eq:protectionSchemeState extension="String">MINOR_EXT</eq:protectionSchemeState>
							<eq:asapRef>asapRef1</eq:asapRef>
						</createdEquipment>
					</eq:provisionEquipmentResponse>
				</operationData>
			</definition>
		</template>
	</templateList>
	
	<operationSetResult>
		<result>WARNING</result>
		<!-- result of the operation set -->
		
		<operation>
			<operationLabel>OperationLabel1</operationLabel>
			<result>SUCCESS</result>
			<templateName>templateResult1</templateName>
			<operationResultData>
				<eq:provisionEquipmentResponse>
					<createdEquipment>
						<coi:name>
							<nam:rdn>
								<nam:type>mdNm</nam:type>
								<nam:value>MD1</nam:value>
							</nam:rdn>
							<nam:rdn>
								<nam:type>meNm</nam:type>
								<nam:value>ME1</nam:value>
							</nam:rdn>
							<nam:rdn>
								<nam:type>ehNm</nam:type>
								<nam:value>EH1</nam:value>
							</nam:rdn>
							<nam:rdn>
								<nam:type>eqNm</nam:type>
								<nam:value>1</nam:value>
							</nam:rdn>
						</coi:name>
						<coi:userLabel>userLabel1</coi:userLabel>
						<coi:owner>owner1</coi:owner>
						<cri:networkAccessDomain>String</cri:networkAccessDomain>
						<cri:meiAttributes>
							<gen:neTime>1967-08-13</gen:neTime>
							<gen:eventIndication>String</gen:eventIndication>
						</cri:meiAttributes>
						<!-- see templateResult1 for:
				<cri:resourceState qualifier="String" overlap="String">INSTALLING</cri:resourceState>
				<eq:isReportingAlarm>true</eq:isReportingAlarm>
				<eq:expectedEquipmentObjectType>String</eq:expectedEquipmentObjectType>
				<eq:installedEquipmentObjectType>String</eq:installedEquipmentObjectType>
				-->
						<eq:installedPartNumber>String</eq:installedPartNumber>
						<eq:installedSerialNumber>String</eq:installedSerialNumber>
						<!-- see templateResult1 for:
				<eq:resourceFulfillmentState>IN_SERVICE</eq:resourceFulfillmentState>
				-->
						<eq:installedVersion>String</eq:installedVersion>
						<eq:manufacturer>manufacturer1</eq:manufacturer>
						<!-- see templateResult1 for:
				<eq:protectionRole extension="String">MINOR_EXT</eq:protectionRole>
				<eq:protectionSchemeState extension="String">MINOR_EXT</eq:protectionSchemeState>
				-->
						<eq:manufactureDate>1967-08-13</eq:manufactureDate>
						<!-- see templateResult1 for:
				<eq:asapRef>asapRef1</eq:asapRef>
				-->
					</createdEquipment>
				</eq:provisionEquipmentResponse>
			</operationResultData>
		</operation>
		
		<operation>
			<operationLabel>OperationLabel2</operationLabel>
			<result>SUCCESS</result>
			<templateName>templateResult1</templateName>
			<operationResultData>
				<eq:provisionEquipmentResponse>
					<createdEquipment>
						<coi:name>
							<nam:rdn>
								<nam:type>mdNm</nam:type>
								<nam:value>MD1</nam:value>
							</nam:rdn>
							<nam:rdn>
								<nam:type>meNm</nam:type>
								<nam:value>ME1</nam:value>
							</nam:rdn>
							<nam:rdn>
								<nam:type>ehNm</nam:type>
								<nam:value>EH2</nam:value>
							</nam:rdn>
							<nam:rdn>
								<nam:type>eqNm</nam:type>
								<nam:value>1</nam:value>
							</nam:rdn>
						</coi:name>
						<coi:userLabel>userLabel2</coi:userLabel>
						<coi:owner>owner1</coi:owner>
						<cri:networkAccessDomain>String</cri:networkAccessDomain>
						<cri:meiAttributes>
							<gen:neTime>1967-08-13</gen:neTime>
							<gen:eventIndication>String</gen:eventIndication>
						</cri:meiAttributes>
						<!-- see templateResult1 for:
				<cri:resourceState qualifier="String" overlap="String">INSTALLING</cri:resourceState>
				<eq:isReportingAlarm>true</eq:isReportingAlarm>
				<eq:expectedEquipmentObjectType>String</eq:expectedEquipmentObjectType>
				<eq:installedEquipmentObjectType>String</eq:installedEquipmentObjectType>
				-->
						<eq:installedPartNumber>String</eq:installedPartNumber>
						<eq:installedSerialNumber>String</eq:installedSerialNumber>
						<!-- see templateResult1 for:
				<eq:resourceFulfillmentState>IN_SERVICE</eq:resourceFulfillmentState>
				-->
						<eq:installedVersion>String</eq:installedVersion>
						<eq:manufacturer>manufacturer1</eq:manufacturer>
						<!-- see templateResult1 for:
				<eq:protectionRole extension="String">MINOR_EXT</eq:protectionRole>
				<eq:protectionSchemeState extension="String">MINOR_EXT</eq:protectionSchemeState>
				-->
						<eq:manufactureDate>1967-08-13</eq:manufactureDate>
						<!-- see templateResult1 for:
				<eq:asapRef>asapRef1</eq:asapRef>
				-->
					</createdEquipment>
				</eq:provisionEquipmentResponse>
			</operationResultData>
		</operation>
		
		<operation>
			<operationLabel>OperationLabel2</operationLabel>
			<result>FAILURE</result>
			<errorReason>managed element ME2 not found</errorReason>
		</operation>
	</operationSetResult>
</doProcessResponse>
