<?xml version="1.0" encoding="UTF-8"?>
<!--Sample XML file generated by XMLSpy v2006 sp2 U (http://www.altova.com)-->
<doProcessRequest xmlns="http://www.tmforum.org/mtop/fmw/xsd/mart/v1" 
xmlns:gen="http://www.tmforum.org/mtop/fmw/xsd/gen/v1" 
xmlns:hdr="http://www.tmforum.org/mtop/fmw/xsd/hdr/v1" 
xmlns:msg="http://www.tmforum.org/mtop/fmw/xsd/msg/v1" 
xmlns:cc="http://www.tmforum.org/mtop/rp/xsd/conc/v1" 
xmlns:nam="http://www.tmforum.org/mtop/fmw/xsd/nam/v1" 
xmlns:xsi="http://www.w3.org/2001/XMLSchema-instance" 
xsi:schemaLocation="http://www.tmforum.org/mtop/fmw/xsd/mart/v1 ../xsd/MartMessages.xsd http://www.tmforum.org/mtop/rp/xsd/conc/v1 ../../../ResourceProvisioning/IIS/xsd/ConnectionControlMessages.xsd">
	<requestId>String</requestId>
	<failPolicy>BEST_EFFORT</failPolicy>
	<!-- no order requested, since there is a single operationSet -->
	<!-- no template provided -->
	<operationSet>
		<failPolicy>BEST_EFFORT</failPolicy>
		<order>ANY</order>
		<operation>
			<operationLabel>OperationLabel1</operationLabel>
			<failPolicy>BEST_EFFORT</failPolicy>
			<isResultDataRequested>true</isResultDataRequested>
			<operationData>
				<cc:deleteSubnetworkConnectionRequest>
					<cc:sncName>
						<nam:rdn>
							<nam:type>String</nam:type>
							<nam:value>String</nam:value>
						</nam:rdn>
					</cc:sncName>
					<cc:osFreedomLevel>EMSFL_CC_AT_SNC_LAYER</cc:osFreedomLevel>
				</cc:deleteSubnetworkConnectionRequest>
			</operationData>
		</operation>
		<operation>
			<operationLabel>OperationLabel2</operationLabel>
			<failPolicy>BEST_EFFORT</failPolicy>
			<isResultDataRequested>true</isResultDataRequested>
			<operationData>
				<cc:deleteSubnetworkConnectionRequest>
					<cc:sncName>
						<nam:rdn>
							<nam:type>String</nam:type>
							<nam:value>String</nam:value>
						</nam:rdn>
					</cc:sncName>
					<cc:osFreedomLevel>EMSFL_CC_AT_SNC_LAYER</cc:osFreedomLevel>
				</cc:deleteSubnetworkConnectionRequest>
			</operationData>
		</operation>
	</operationSet>
</doProcessRequest>
