<?xml version="1.0" encoding="UTF-8"?>
<!--Sample XML file generated by XMLSpy v2006 sp2 U (http://www.altova.com)-->
<doProcessRequest xmlns="http://www.tmforum.org/mtop/fmw/xsd/mart/v1" 
xmlns:gen="http://www.tmforum.org/mtop/fmw/xsd/gen/v1" 
xmlns:hdr="http://www.tmforum.org/mtop/fmw/xsd/hdr/v1" 
xmlns:msg="http://www.tmforum.org/mtop/fmw/xsd/msg/v1" 
xmlns:eq="http://www.tmforum.org/mtop/nrf/xsd/eq/v1"
xmlns:xsi="http://www.w3.org/2001/XMLSchema-instance" 
xmlns:cosd="http://www.tmforum.org/mtop/fmw/xsd/cosd/v1" 
xmlns:cocd="http://www.tmforum.org/mtop/fmw/xsd/cocd/v1" 
xmlns:nam="http://www.tmforum.org/mtop/fmw/xsd/nam/v1" 
xmlns:crcd="http://www.tmforum.org/mtop/nrb/xsd/crcd/v1" 
xsi:schemaLocation="http://www.tmforum.org/mtop/fmw/xsd/mart/v1 ../xsd/MartMessages.xsd 
http://www.tmforum.org/mtop/nrf/xsd/eq/v1 ../../../NetworkResourceFulfillment/IIS/xsd/Eq.xsd">

	<requestId>String</requestId>
	<failPolicy>BEST_EFFORT</failPolicy>
	<!-- no order requested, since there is a single operationSet -->
	
	<templateList>
		<template>
			<name>template1</name>
			<definition>
				<operationData>
					<eq:provisionEquipmentRequest>
						<equipmentCreateData>
							<cosd:owner>owner1</cosd:owner>
							<asapRef>asapRef1</asapRef>
							<manufacturer>manufacturer1</manufacturer>
							<protectionRole extension="String">MINOR_EXT</protectionRole>
							<protectionSchemeState extension="String">MINOR_EXT</protectionSchemeState>
						</equipmentCreateData>
					</eq:provisionEquipmentRequest>
				</operationData>
			</definition>
		</template>
	</templateList>

	<operationSet>
		<failPolicy>BEST_EFFORT</failPolicy>
		<order>ANY</order>
		
		<operation>
			<operationLabel>OperationLabel1</operationLabel>
			<failPolicy>BEST_EFFORT</failPolicy>
			<isResultDataRequested>true</isResultDataRequested>
			<templateName>template1</templateName>
			<operationData>
				<eq:provisionEquipmentRequest>
					<equipmentCreateData>
						<cosd:userLabel>userLabel1</cosd:userLabel>
						<cosd:isForceUniqueness>true</cosd:isForceUniqueness>
						<!-- value of "owner" to be taken from the template -->
						<cocd:name>
							<nam:rdn>
								<nam:type>mdNm</nam:type>
								<nam:value>MD1</nam:value>
							</nam:rdn>
							<nam:rdn>
								<nam:type>meNm</nam:type>
								<nam:value>ME1</nam:value>
							</nam:rdn>
						</cocd:name>
						<crcd:networkAccessDomain>String</crcd:networkAccessDomain>
						<expectedEquipmentObjectType>String</expectedEquipmentObjectType>
						<equipmentHolderName>
							<nam:rdn>
								<nam:type>ehNM</nam:type>
								<nam:value>EH1</nam:value>
							</nam:rdn>
						</equipmentHolderName>
						<!-- value of "asapRef", "manufacturer" and related to protection to be taken from the template -->
					</equipmentCreateData>
				</eq:provisionEquipmentRequest>
			</operationData>
		</operation>
		
		<operation>
			<operationLabel>OperationLabel2</operationLabel>
			<failPolicy>BEST_EFFORT</failPolicy>
			<isResultDataRequested>true</isResultDataRequested>
			<templateName>template1</templateName>
			<operationData>			
				<eq:provisionEquipmentRequest>
					<equipmentCreateData>
						<cosd:userLabel>userLabel2</cosd:userLabel>
						<cosd:isForceUniqueness>true</cosd:isForceUniqueness>
						<!-- value of "owner" to be taken from the template -->
						<cocd:name>
							<nam:rdn>
								<nam:type>mdNm</nam:type>
								<nam:value>MD1</nam:value>
							</nam:rdn>
							<nam:rdn>
								<nam:type>meNm</nam:type>
								<nam:value>ME1</nam:value>
							</nam:rdn>
						</cocd:name>
						<crcd:networkAccessDomain>String</crcd:networkAccessDomain>
						<expectedEquipmentObjectType>String</expectedEquipmentObjectType>
						<equipmentHolderName>
							<nam:rdn>
								<nam:type>ehNM</nam:type>
								<nam:value>EH2</nam:value>
							</nam:rdn>
						</equipmentHolderName>
						<!-- value of "asapRef", "manufacturer" and related to protection to be taken from the template -->
					</equipmentCreateData>
				</eq:provisionEquipmentRequest>
			</operationData>
		</operation>
		
		<operation>
			<operationLabel>OperationLabel3</operationLabel>
			<failPolicy>BEST_EFFORT</failPolicy>
			<isResultDataRequested>true</isResultDataRequested>
			<templateName>template1</templateName>
			<operationData>		
				<eq:provisionEquipmentRequest>
					<equipmentCreateData>
						<cosd:userLabel>userLabel3</cosd:userLabel>
						<cosd:isForceUniqueness>true</cosd:isForceUniqueness>
						<!-- value of "owner" to be taken from the template -->
						<cocd:name>
							<nam:rdn>
								<nam:type>mdNm</nam:type>
								<nam:value>MD1</nam:value>
							</nam:rdn>
							<nam:rdn>
								<nam:type>meNm</nam:type>
								<nam:value>ME2</nam:value>
							</nam:rdn>
						</cocd:name>
						<crcd:networkAccessDomain>String</crcd:networkAccessDomain>
						<expectedEquipmentObjectType>String</expectedEquipmentObjectType>
						<equipmentHolderName>
							<nam:rdn>
								<nam:type>ehNM</nam:type>
								<nam:value>EH1</nam:value>
							</nam:rdn>
						</equipmentHolderName>
						<!-- value of "asapRef", and related to protection to be taken from the template,
							 value for "manufacturer" explicitely specified -->
						<manufacturer>manufacturer2</manufacturer>
					</equipmentCreateData>
				</eq:provisionEquipmentRequest>
			</operationData>	
		</operation>
	</operationSet>
</doProcessRequest>
