<?xml version="1.0" encoding="UTF-8"?>
<!--Sample XML file generated by XMLSpy v2007 sp2 (http://www.altova.com)-->
<tns:md xsi:schemaLocation="http://www.tmforum.org/mtop/fmw/xsd/md/v1 Md1-1.xsd" xmlns:coi="http://www.tmforum.org/mtop/fmw/xsd/coi/v1" xmlns:gen="http://www.tmforum.org/mtop/fmw/xsd/gen/v1" xmlns:tns="http://www.tmforum.org/mtop/fmw/xsd/md/v1" xmlns:nam="http://www.tmforum.org/mtop/fmw/xsd/nam/v1" xmlns:xsi="http://www.w3.org/2001/XMLSchema-instance">
  <coi:name>
    <nam:rdn>
      <nam:type>MD</nam:type>
      <nam:value>CompanyName/OsName</nam:value>
    </nam:rdn>
  </coi:name>
  <coi:userLabel>String</coi:userLabel>
  <coi:discoveredName>String</coi:discoveredName>
  <coi:namingOs>String</coi:namingOs>
  <coi:owner>String</coi:owner>
  <coi:aliasNameList>
    <gen:alias>
      <gen:aliasName>String</gen:aliasName>
      <gen:aliasValue>String</gen:aliasValue>
    </gen:alias>
  </coi:aliasNameList>
  <coi:vendorExtensions>
    <vd1:mdVendor1 xmlns:vd1="www.vendor1.com/mtosi/xsd/md">
      <vd1:att1>123</vd1:att1>
      <vd1:att2>String</vd1:att2>
    </vd1:mdVendor1>
    <vd2:mdVendor2 xmlns:vd2="www.vendor2.com/mtosi/xsd/md">
      <vd2:att1>String</vd2:att1>
      <vd2:att2>true</vd2:att2>
    </vd2:mdVendor2>
  </coi:vendorExtensions>
  <!-- New minor extension added to MD version 1.1 - See Md1-1.xsd -->
  <!-- This XML element (object attribute) is valid with XML Schema version 1.1  -->
  <tns:newAttribute minorVersion="1">true</tns:newAttribute>
</tns:md>
