<?xml version="1.0" encoding="UTF-8"?>
<!--Sample XML file generated by XMLSpy v2007 sp2 (http://www.altova.com)-->
<tns:vendorObject xsi:schemaLocation="http://www.tmforum.org/mtop/fmw/xsd/vob/v1 ../xsd/VendorObject.xsd" xmlns:coi="http://www.tmforum.org/mtop/fmw/xsd/coi/v1" xmlns:gen="http://www.tmforum.org/mtop/fmw/xsd/gen/v1" xmlns:tns="http://www.tmforum.org/mtop/fmw/xsd/vob/v1" xmlns:nam="http://www.tmforum.org/mtop/fmw/xsd/nam/v1" xmlns:xsi="http://www.w3.org/2001/XMLSchema-instance">
  <coi:name>
    <nam:rdn>
      <nam:type>MD</nam:type>
      <nam:value>CompanyName/OsName</nam:value>
    </nam:rdn>
    <nam:rdn>
      <nam:type>PROP_DEVICE_A</nam:type>
      <nam:value>string</nam:value>
    </nam:rdn>
    <nam:rdn>
      <nam:type>PROP_DEVICE_B</nam:type>
      <nam:value>string</nam:value>
    </nam:rdn>
  </coi:name>
  <coi:userLabel>String</coi:userLabel>
  <coi:discoveredName>String</coi:discoveredName>
  <coi:namingOs>String</coi:namingOs>
  <coi:owner>String</coi:owner>
  <coi:aliasNameList>
    <gen:alias>
      <gen:aliasName>String</gen:aliasName>
      <gen:aliasValue>String</gen:aliasValue>
    </gen:alias>
  </coi:aliasNameList>
  <coi:vendorExtensions>
    <dvB:deviceB xmlns:dvB="www.vendor.com/mtosi/xsd/deviceB">
      <dvB:att1>123</dvB:att1>
      <dvB:att2>String</dvB:att2>
    </dvB:deviceB>
  </coi:vendorExtensions>
</tns:vendorObject>
