<?xml version="1.0" encoding="UTF-8" standalone="no"?>
<ts_plugin version="1.2">
<project name="MTOSSJ_Plugin">
<outputDirectory/>
<nature/>
<version>0.0.1</version>
<description>First pass at an MTOSSJ guidelines implementation</description>
<provider>Tigerstripe, Inc.</provider>
</project>
<logger defautLevel="0" isEnabled="true" logPath="mtossj_plugin.log" maxRoll="9"/>
<globalProperties>
<property name="artifactPrefix" tipToolText="" type="com.tigerstripesoftware.api.plugins.pluggable.IStringPPluginProperty">ns-${model.MajorName}</property>
<property name="artifactTargetNamespace" tipToolText="" type="com.tigerstripesoftware.api.plugins.pluggable.IStringPPluginProperty">http://xml/${model.MajorName}</property>
<property name="artifactSchemaLocation" tipToolText="" type="com.tigerstripesoftware.api.plugins.pluggable.IStringPPluginProperty">http://xml/artifacts/${model.Name}.xsd</property>
<property name="artifactFilePath" tipToolText="" type="com.tigerstripesoftware.api.plugins.pluggable.IStringPPluginProperty">xml/artifacts/</property>
<property name="useEnumValues" tipToolText="" type="com.tigerstripesoftware.api.plugins.pluggable.IBooleanPPluginProperty">false</property>
<property name="wsdlPrefix" tipToolText="" type="com.tigerstripesoftware.api.plugins.pluggable.IStringPPluginProperty">ws-${model.Name}</property>
<property name="wsdlTargetNamespace" tipToolText="" type="com.tigerstripesoftware.api.plugins.pluggable.IStringPPluginProperty">http://wsdl/${model.Name}</property>
<property name="wsdlFilePath" tipToolText="" type="com.tigerstripesoftware.api.plugins.pluggable.IStringPPluginProperty">wsdl</property>
<property name="includeWSNotifications" tipToolText="" type="com.tigerstripesoftware.api.plugins.pluggable.IBooleanPPluginProperty">false</property>
<property name="WSNotificationsLocation" tipToolText="" type="com.tigerstripesoftware.api.plugins.pluggable.IStringPPluginProperty">http://docs.oasis-open.org/wsn/bw-2.wsdl</property>
<property name="languageMappingsUri" tipToolText="" type="com.tigerstripesoftware.api.plugins.pluggable.IStringPPluginProperty">config/xmlMappings.xml</property>
</globalProperties>
<globalRules/>
<artifactRules>
<rule description="This rule will be make output only in the case of separate Schemas Per Artifact.&#13;&#10;&#13;&#10;It runs over Entities." enabled="true" name="entitySchema" type="com.tigerstripesoftware.api.plugins.pluggable.IArtifactBasedTemplateRunRule">
<contextEntry classname="com.tigerstripesoftware.plugins.xml.XmlUtils" entry="xmlUtils"/>
<contextEntry classname="com.tigerstripesoftware.plugins.xml.XmlNamespaces" entry="xmlNamespaces"/>
<contextEntry classname="org.apache.commons.lang.StringEscapeUtils" entry="stringEscapeUtils"/>
<body artifactFilterClass="" artifactType="com.tigerstripesoftware.api.artifacts.model.ossj.IManagedEntityArtifact" includeDependencies="false" modelClass="com.tigerstripesoftware.plugins.xml.models.BaseModel" modelClassName="model" outputFile="${model.FileName}" overwriteFiles="true" suppressFiles="true" template="templates\artifactBased\entityOnlySchema.vm"/>
</rule>
<rule description="This rule will be make output only in the case of separate Schemas Per Artifact.&#13;&#10;&#13;&#10;It runs over Datatypes." enabled="true" name="datatypeSchema" type="com.tigerstripesoftware.api.plugins.pluggable.IArtifactBasedTemplateRunRule">
<contextEntry classname="com.tigerstripesoftware.plugins.xml.XmlNamespaces" entry="xmlNamespaces"/>
<contextEntry classname="com.tigerstripesoftware.plugins.xml.XmlUtils" entry="xmlUtils"/>
<contextEntry classname="org.apache.commons.lang.StringEscapeUtils" entry="stringEscapeUtils"/>
<body artifactFilterClass="" artifactType="com.tigerstripesoftware.api.artifacts.model.ossj.IDatatypeArtifact" includeDependencies="false" modelClass="com.tigerstripesoftware.plugins.xml.models.BaseModel" modelClassName="model" outputFile="${model.FileName}" overwriteFiles="true" suppressFiles="true" template="templates\artifactBased\datatypeOnlySchema.vm"/>
</rule>
<rule description="This rule will be make output only in the case of separate Schemas Per Artifact.&#13;&#10;&#13;&#10;It runs over Enumerations." enabled="true" name="enumerationSchema" type="com.tigerstripesoftware.api.plugins.pluggable.IArtifactBasedTemplateRunRule">
<contextEntry classname="com.tigerstripesoftware.plugins.xml.XmlUtils" entry="xmlUtils"/>
<contextEntry classname="com.tigerstripesoftware.plugins.xml.XmlNamespaces" entry="xmlNamespaces"/>
<contextEntry classname="org.apache.commons.lang.StringEscapeUtils" entry="stringEscapeUtils"/>
<body artifactFilterClass="" artifactType="com.tigerstripesoftware.api.artifacts.model.ossj.IEnumArtifact" includeDependencies="false" modelClass="com.tigerstripesoftware.plugins.xml.models.BaseModel" modelClassName="model" outputFile="${model.FileName}" overwriteFiles="false" suppressFiles="true" template="templates\artifactBased\enumOnlySchema.vm"/>
</rule>
<rule description="This rule will be make output only in the case of separate Schemas Per Artifact.&#13;&#10;&#13;&#10;It runs over Sessions.&#13;&#10;&#13;&#10;NOTE : Don't allow to overwrite files in case of other rules for filePerArtifact&#13;&#10;NOTE : Don't allow to overwrite files in case of other rules for singleSchema" enabled="true" name="sessionSchema" type="com.tigerstripesoftware.api.plugins.pluggable.IArtifactBasedTemplateRunRule">
<contextEntry classname="com.tigerstripesoftware.plugins.xml.XmlNamespaces" entry="xmlNamespaces"/>
<contextEntry classname="com.tigerstripesoftware.plugins.xml.XmlUtils" entry="xmlUtils"/>
<contextEntry classname="org.apache.commons.lang.StringEscapeUtils" entry="stringEscapeUtils"/>
<body artifactFilterClass="" artifactType="com.tigerstripesoftware.api.artifacts.model.ossj.ISessionArtifact" includeDependencies="false" modelClass="com.tigerstripesoftware.plugins.xml.models.BaseModel" modelClassName="model" outputFile="${model.FileName}" overwriteFiles="true" suppressFiles="true" template="templates\artifactBased\sessionOnlySchema.vm"/>
</rule>
<rule description="This rule will be make output only in the case of separate Schemas Per Artifact.&#13;&#10;&#13;&#10;It runs over Exceptions." enabled="false" name="exceptionSchema" type="com.tigerstripesoftware.api.plugins.pluggable.IArtifactBasedTemplateRunRule">
<contextEntry classname="com.tigerstripesoftware.plugins.xml.XmlUtils" entry="xmlUtils"/>
<contextEntry classname="com.tigerstripesoftware.plugins.xml.XmlNamespaces" entry="xmlNamespaces"/>
<contextEntry classname="org.apache.commons.lang.StringEscapeUtils" entry="stringEscapeUtils"/>
<body artifactFilterClass="" artifactType="com.tigerstripesoftware.api.artifacts.model.ossj.IExceptionArtifact" includeDependencies="false" modelClass="com.tigerstripesoftware.plugins.xml.models.BaseModel" modelClassName="model" outputFile="${model.FileName}" overwriteFiles="true" suppressFiles="true" template="templates\artifactBased\exceptionOnlySchema.vm"/>
</rule>
<rule description="This rule will be make output only in the case of separate Schemas Per Artifact.&#13;&#10;&#13;&#10;It runs over Events." enabled="true" name="eventSchema" type="com.tigerstripesoftware.api.plugins.pluggable.IArtifactBasedTemplateRunRule">
<contextEntry classname="com.tigerstripesoftware.plugins.xml.XmlUtils" entry="xmlUtils"/>
<contextEntry classname="com.tigerstripesoftware.plugins.xml.XmlNamespaces" entry="xmlNamespaces"/>
<contextEntry classname="org.apache.commons.lang.StringEscapeUtils" entry="stringEscapeUtils"/>
<body artifactFilterClass="" artifactType="com.tigerstripesoftware.api.artifacts.model.ossj.IEventArtifact" includeDependencies="false" modelClass="com.tigerstripesoftware.plugins.xml.models.BaseModel" modelClassName="model" outputFile="${model.FileName}" overwriteFiles="true" suppressFiles="true" template="templates\artifactBased\eventOnlySchema.vm"/>
</rule>
<rule description="This rule will be make output only in the case of separate Schemas Per Artifact.&#13;&#10;&#13;&#10;It runs over Queries" enabled="false" name="querySchema" type="com.tigerstripesoftware.api.plugins.pluggable.IArtifactBasedTemplateRunRule">
<contextEntry classname="com.tigerstripesoftware.plugins.xml.XmlUtils" entry="xmlUtils"/>
<contextEntry classname="com.tigerstripesoftware.plugins.xml.XmlNamespaces" entry="xmlNamespaces"/>
<contextEntry classname="org.apache.commons.lang.StringEscapeUtils" entry="stringEscapeUtils"/>
<body artifactFilterClass="" artifactType="com.tigerstripesoftware.api.artifacts.model.ossj.IQueryArtifact" includeDependencies="false" modelClass="com.tigerstripesoftware.plugins.xml.models.BaseModel" modelClassName="model" outputFile="${model.FileName}" overwriteFiles="true" suppressFiles="true" template="templates\artifactBased\queryOnlySchema.vm"/>
</rule>
<rule description="This rule will be make output only in the case of separate Schemas Per Artifact.&#13;&#10;&#13;&#10;It runs over Update Procedures" enabled="false" name="updateProcedureSchema" type="com.tigerstripesoftware.api.plugins.pluggable.IArtifactBasedTemplateRunRule">
<contextEntry classname="org.apache.commons.lang.StringEscapeUtils" entry="stringEscapeUtils"/>
<body artifactFilterClass="" artifactType="com.tigerstripesoftware.api.artifacts.model.ossj.IUpdateProcedureArtifact" includeDependencies="false" modelClass="com.tigerstripesoftware.plugins.xml.models.BaseModel" modelClassName="model" outputFile="${model.FileName}" overwriteFiles="true" suppressFiles="true" template="templates\artifactBased\updateOnlySchema.vm"/>
</rule>
<rule description="Create a WSDL for the Session" enabled="true" name="wsdl" type="com.tigerstripesoftware.api.plugins.pluggable.IArtifactBasedTemplateRunRule">
<contextEntry classname="com.tigerstripesoftware.plugins.xml.XmlNamespaces" entry="xmlNamespaces"/>
<contextEntry classname="com.tigerstripesoftware.plugins.xml.XmlUtils" entry="xmlUtils"/>
<contextEntry classname="org.apache.commons.lang.StringEscapeUtils" entry="stringEscapeUtils"/>
<body artifactFilterClass="" artifactType="com.tigerstripesoftware.api.artifacts.model.ossj.ISessionArtifact" includeDependencies="false" modelClass="com.tigerstripesoftware.plugins.xml.models.WSDLModel" modelClassName="model" outputFile="${model.FileName}" overwriteFiles="true" suppressFiles="true" template="templates\wsdl\wsdl.vm"/>
</rule>
</artifactRules>
<classpathEntries>
<entry relativePath="commons-digester-1.7.jar"/>
<entry relativePath="commons-lang-2.2.jar"/>
</classpathEntries>
<additionalFiles>
<includeEntry relativePath="config/schema.xml"/>
</additionalFiles>
<advanced/>
</ts_plugin>
