<?xml version="1.0" encoding="UTF-8"?><packagedElement xmlns:publish="http://www.ibm.com/Rational/XTools/Publish" xmlns:xmi="http://www.omg.org/XMI" xmlns:com.ibm.xtools.notation="http:///com/ibm/xtools/notation.ecore" xmlns:uml="http://www.eclipse.org/uml2/1.0.0/UML" xmlns:xsi="http://www.w3.org/2001/XMLSchema-instance" name="Class Diagrams" publish:diagramFormat="GIF" publish:icon="__W04QB8VEdybTc3BlJsa9Q_icon.jpeg" publish:modelname="ResourceTroubleManagement" publish:qualifiedname="ResourceTroubleManagement::Class Diagrams" publish:toplevelguid="_nUpi8P-rEduKKLvC_EB00A" xmi:id="__W04QB8VEdybTc3BlJsa9Q" xmi:version="2.0" xsi:type="uml:Package"><publish:properties><publish:property name="Alias" publish:category="UML" publish:description="Alias property of the UML element"/><publish:property name="Keywords" publish:category="UML" publish:description="Keywords property of the UML element"/><publish:property name="Name" publish:category="UML" publish:description="The Name of the Named Element" publish:value="Class Diagrams"/><publish:property name="Name Expression" publish:category="UML" publish:description="The Name Expression of the Named Element"/><publish:property name="Namespace" publish:category="UML" publish:description="The Namespace of the Named Element" publish:value="&lt;Model&gt; ResourceTroubleManagement"/><publish:property name="Nesting Package" publish:category="UML" publish:description="The Nesting Package of the Package" publish:value="&lt;Model&gt; ResourceTroubleManagement"/><publish:property name="Owned Template Signature" publish:category="UML" publish:description="The Owned Template Signature of the Templateable Element"/><publish:property name="Owner" publish:category="UML" publish:description="The Owner of the Element" publish:value="&lt;Model&gt; ResourceTroubleManagement"/><publish:property name="Owning Template Parameter" publish:category="UML" publish:description="The Owning Template Parameter of the Parameterable Element"/><publish:property name="Qualified Name" publish:category="UML" publish:description="The Qualified Name of the Named Element" publish:value="ResourceTroubleManagement::Class Diagrams"/><publish:property name="Stereotype" publish:category="UML"/><publish:property name="Template Parameter" publish:category="UML" publish:description="The Template Parameter of the Parameterable Element"/><publish:property name="Visibility" publish:category="UML" publish:description="The Visibility of the Named Element" publish:value="Public"/></publish:properties><contents Type="Class" name="RTM Interface Diagram" publish:icon="_nUpi8v-rEduKKLvC_EB00A_icon.jpeg" publish:imageType="GIF" publish:qualifiedname="ResourceTroubleManagement::Class Diagrams::RTM Interface Diagram" xmi:id="_nUpi8v-rEduKKLvC_EB00A" xsi:type="notation:Diagram"><publish:properties><publish:property name="Measurement Unit" publish:category="View" publish:description="The Measurement Unit of the Diagram" publish:value="Himetric"/><publish:property name="Name" publish:category="View" publish:description="The Name of the Diagram" publish:value="RTM Interface Diagram"/><publish:property name="Styles" publish:category="View" publish:description="The Styles of the View"/></publish:properties><publish:partInfo coords="1668,104,1668,168,1658,168,1658,104,1668,104" name="Dependency" publish:ismodellink="false" shape="poly" xmi:id="_puOS4OqOEdyuRYe8TzA8ug"/><publish:partInfo coords="1702,226,1794,309,1787,316,1695,233,1702,226" name="Association" publish:ismodellink="false" shape="poly" xmi:id="_WrUCoOqOEdyuRYe8TzA8ug"/><publish:partInfo coords="1626,241,1527,324,1520,316,1619,233,1626,241" name="Association" publish:ismodellink="false" shape="poly" xmi:id="_VkFU0OqOEdyuRYe8TzA8ug"/><publish:partInfo coords="875,1053,875,990,884,990,884,1053,875,1053" name="creates ASAP with" publish:ismodellink="false" shape="poly" xmi:id="_NeWAMKgIEdyBvu4QgH3iCw"/><publish:partInfo coords="397,1053,397,988,406,988,406,1053,397,1053" name="modifies ASAP with" publish:ismodellink="false" shape="poly" xmi:id="_Kvf3ACV0Edyiv86aejkLcA"/><publish:partInfo name="AlarmList??" publish:ismodellink="false" publish:partLowerX="1445" publish:partLowerY="756" publish:partUpperX="1164" publish:partUpperY="692" shape="rect" xmi:id="_Lr-K4Ot4EdyNzpD_6a0mjg"/><publish:partInfo name="TcaId" publish:ismodellink="false" publish:partLowerX="2048" publish:partLowerY="452" publish:partUpperX="1680" publish:partUpperY="317" shape="rect" xmi:id="_CNDOsOqOEdyuRYe8TzA8ug"/><publish:partInfo name="AlarmId" publish:ismodellink="false" publish:partLowerX="1639" publish:partLowerY="436" publish:partUpperX="1260" publish:partUpperY="317" shape="rect" xmi:id="_8zDEIOqNEdyuRYe8TzA8ug"/><publish:partInfo name="AlarmOrTcaId" publish:ismodellink="false" publish:partLowerX="1799" publish:partLowerY="234" publish:partUpperX="1518" publish:partUpperY="168" shape="rect" xmi:id="_v_AmYOqMEdyuRYe8TzA8ug"/><publish:partInfo name="ProtectionRetrievalService" publish:ismodellink="false" publish:partLowerX="812" publish:partLowerY="1458" publish:partUpperX="29" publish:partUpperY="1244" shape="rect" xmi:id="_oFPA4N1eEdyrKNXnBMy96w"/><publish:partInfo name="ProtectionControlService" publish:ismodellink="false" publish:partLowerX="2099" publish:partLowerY="1469" publish:partUpperX="847" publish:partUpperY="1398" shape="rect" xmi:id="_mC_cUN1eEdyrKNXnBMy96w"/><publish:partInfo name="MaintenanceControlService" publish:ismodellink="false" publish:partLowerX="2039" publish:partLowerY="1370" publish:partUpperX="855" publish:partUpperY="1283" shape="rect" xmi:id="_jvK_kN1eEdyrKNXnBMy96w"/><publish:partInfo name="AlarmRetrievalService" publish:ismodellink="false" publish:partLowerX="751" publish:partLowerY="457" publish:partUpperX="13" publish:partUpperY="370" shape="rect" xmi:id="_SE7LYN1eEdyrKNXnBMy96w"/><publish:partInfo name="AlarmHandlingService" publish:ismodellink="false" publish:partLowerX="2171" publish:partLowerY="104" publish:partUpperX="1140" publish:partUpperY="17" shape="rect" xmi:id="_PexogN1eEdyrKNXnBMy96w"/><publish:partInfo name="AlarmSeverityAssignmentProfileCreateData" publish:ismodellink="false" publish:partLowerX="1135" publish:partLowerY="991" publish:partUpperX="621" publish:partUpperY="920" shape="rect" xmi:id="_ntYVYKgHEdyBvu4QgH3iCw"/><publish:partInfo name="AlarmSeverityAssignmentProfileControlService" publish:ismodellink="false" publish:partLowerX="1265" publish:partLowerY="1188" publish:partUpperX="13" publish:partUpperY="1053" shape="rect" xmi:id="_yvxHcCVzEdyiv86aejkLcA"/><publish:partInfo name="AlarmControlService" publish:ismodellink="false" publish:partLowerX="640" publish:partLowerY="324" publish:partUpperX="9" publish:partUpperY="189" shape="rect" xmi:id="_S0_M4CVzEdyiv86aejkLcA"/><publish:partInfo name="AlarmSeverityAssignmentProfileRetrievalService" publish:ismodellink="false" publish:partLowerX="1117" publish:partLowerY="160" publish:partUpperX="9" publish:partUpperY="9" shape="rect" xmi:id="_0pYw8CVyEdyiv86aejkLcA"/><publish:partInfo name="AlarmSeverityAssignmentProfileModifyData" publish:ismodellink="false" publish:partLowerX="589" publish:partLowerY="989" publish:partUpperX="224" publish:partUpperY="918" shape="rect" xmi:id="_SeNZYP_IEduKKLvC_EB00A"/></contents><contents Type="Class" name="RTM DDP Relationship Diagram" publish:icon="_HuWSAJETEdypurMa9DXJyw_icon.jpeg" publish:imageType="GIF" publish:qualifiedname="ResourceTroubleManagement::Class Diagrams::RTM DDP Relationship Diagram" xmi:id="_HuWSAJETEdypurMa9DXJyw" xsi:type="notation:Diagram"><publish:properties><publish:property name="Measurement Unit" publish:category="View" publish:description="The Measurement Unit of the Diagram" publish:value="Himetric"/><publish:property name="Name" publish:category="View" publish:description="The Name of the Diagram" publish:value="RTM DDP Relationship Diagram"/><publish:property name="Styles" publish:category="View" publish:description="The Styles of the View"/></publish:properties><publish:partInfo name="ResourceTroubleManagement" publish:ismodellink="true" publish:partLowerX="222" publish:partLowerY="384" publish:partUpperX="19" publish:partUpperY="373" shape="rect" xmi:id="_nUpi8P-rEduKKLvC_EB00A"/><publish:partInfo name="ResourceTroubleManagement" publish:ismodellink="true" publish:partLowerX="232" publish:partLowerY="386" publish:partUpperX="9" publish:partUpperY="333" shape="rect" xmi:id="_nUpi8P-rEduKKLvC_EB00A"/></contents></packagedElement>