<?xml version="1.0" encoding="UTF-8"?><publish:elements xmlns:publish="http://www.ibm.com/Rational/XTools/Publish" xmlns:xmi="http://www.omg.org/XMI" xmlns:xsi="http://www.w3.org/2001/XMLSchema-instance"><publish:element name="AlarmSeverityAssignmentProfileModifyData" publish:icon="_SeNZYP_IEduKKLvC_EB00A_icon.jpeg" publish:qualifiedname="ResourceTroubleManagement::Type Definitions::AlarmSeverityAssignmentProfileModifyData" xmi:id="_SeNZYP_IEduKKLvC_EB00A" xsi:type="uml:DataType"/><publish:element name="AssignedSeverity" publish:icon="_o6OBgP_KEduKKLvC_EB00A_icon.jpeg" publish:qualifiedname="ResourceTroubleManagement::Type Definitions::AssignedSeverity" xmi:id="_o6OBgP_KEduKKLvC_EB00A" xsi:type="uml:Enumeration"/><publish:element name="NotAlarmed" publish:icon="_oj1FUP_LEduKKLvC_EB00A_icon.jpeg" publish:qualifiedname="ResourceTroubleManagement::Type Definitions::AssignedSeverity::NotAlarmed" xmi:id="_oj1FUP_LEduKKLvC_EB00A" xsi:type="uml:EnumerationLiteral"/><publish:element name="FreeChoice" publish:icon="_qyswoP_LEduKKLvC_EB00A_icon.jpeg" publish:qualifiedname="ResourceTroubleManagement::Type Definitions::AssignedSeverity::FreeChoice" xmi:id="_qyswoP_LEduKKLvC_EB00A" xsi:type="uml:EnumerationLiteral"/><publish:element name="AlarmSeverityAssignmentProfileCreateData" publish:icon="_ntYVYKgHEdyBvu4QgH3iCw_icon.jpeg" publish:qualifiedname="ResourceTroubleManagement::Type Definitions::AlarmSeverityAssignmentProfileCreateData" xmi:id="_ntYVYKgHEdyBvu4QgH3iCw" xsi:type="uml:DataType"/><publish:element name="ActiveAlarmFilter" publish:icon="_lIf4EN1gEdyrKNXnBMy96w_icon.jpeg" publish:qualifiedname="ResourceTroubleManagement::Type Definitions::ActiveAlarmFilter" xmi:id="_lIf4EN1gEdyrKNXnBMy96w" xsi:type="uml:DataType"/><publish:element name="CurrentMaintenanceOperation" publish:icon="_n2x74N1jEdyrKNXnBMy96w_icon.jpeg" publish:qualifiedname="ResourceTroubleManagement::Type Definitions::CurrentMaintenanceOperation" xmi:id="_n2x74N1jEdyrKNXnBMy96w" xsi:type="uml:DataType"/><publish:element name="MaintenanceOperationMode" publish:icon="_q1OC8N1jEdyrKNXnBMy96w_icon.jpeg" publish:qualifiedname="ResourceTroubleManagement::Type Definitions::MaintenanceOperationMode" xmi:id="_q1OC8N1jEdyrKNXnBMy96w" xsi:type="uml:Enumeration"/><publish:element name="OPERATE" publish:icon="_0-8PgN1kEdyrKNXnBMy96w_icon.jpeg" publish:qualifiedname="ResourceTroubleManagement::Type Definitions::MaintenanceOperationMode::OPERATE" xmi:id="_0-8PgN1kEdyrKNXnBMy96w" xsi:type="uml:EnumerationLiteral"/><publish:element name="RELEASE" publish:icon="_2Eh-kN1kEdyrKNXnBMy96w_icon.jpeg" publish:qualifiedname="ResourceTroubleManagement::Type Definitions::MaintenanceOperationMode::RELEASE" xmi:id="_2Eh-kN1kEdyrKNXnBMy96w" xsi:type="uml:EnumerationLiteral"/><publish:element name="ProtectionCommand" publish:icon="_wIQNYN1kEdyrKNXnBMy96w_icon.jpeg" publish:qualifiedname="ResourceTroubleManagement::Type Definitions::ProtectionCommand" xmi:id="_wIQNYN1kEdyrKNXnBMy96w" xsi:type="uml:Enumeration"/><publish:element name="CLEAR" publish:icon="_9902EN1kEdyrKNXnBMy96w_icon.jpeg" publish:qualifiedname="ResourceTroubleManagement::Type Definitions::ProtectionCommand::CLEAR" xmi:id="_9902EN1kEdyrKNXnBMy96w" xsi:type="uml:EnumerationLiteral"/><publish:element name="EXERCISER" publish:icon="_-70IUN1kEdyrKNXnBMy96w_icon.jpeg" publish:qualifiedname="ResourceTroubleManagement::Type Definitions::ProtectionCommand::EXERCISER" xmi:id="_-70IUN1kEdyrKNXnBMy96w" xsi:type="uml:EnumerationLiteral"/><publish:element name="FORCED_SWITCH" publish:icon="_AyumoN1lEdyrKNXnBMy96w_icon.jpeg" publish:qualifiedname="ResourceTroubleManagement::Type Definitions::ProtectionCommand::FORCED_SWITCH" xmi:id="_AyumoN1lEdyrKNXnBMy96w" xsi:type="uml:EnumerationLiteral"/><publish:element name="LOCKOUT" publish:icon="_DVmMAN1lEdyrKNXnBMy96w_icon.jpeg" publish:qualifiedname="ResourceTroubleManagement::Type Definitions::ProtectionCommand::LOCKOUT" xmi:id="_DVmMAN1lEdyrKNXnBMy96w" xsi:type="uml:EnumerationLiteral"/><publish:element name="MANUAL_SWITCH" publish:icon="_EoKAEN1lEdyrKNXnBMy96w_icon.jpeg" publish:qualifiedname="ResourceTroubleManagement::Type Definitions::ProtectionCommand::MANUAL_SWITCH" xmi:id="_EoKAEN1lEdyrKNXnBMy96w" xsi:type="uml:EnumerationLiteral"/><publish:element name="SwitchData" publish:icon="_yfWnoN1kEdyrKNXnBMy96w_icon.jpeg" publish:qualifiedname="ResourceTroubleManagement::Type Definitions::SwitchData" xmi:id="_yfWnoN1kEdyrKNXnBMy96w" xsi:type="uml:DataType"/><publish:element name="Source" publish:icon="_6ANaEOnSEdy1lpWLf983Vw_icon.jpeg" publish:qualifiedname="ResourceTroubleManagement::Type Definitions::Source" xmi:id="_6ANaEOnSEdy1lpWLf983Vw" xsi:type="uml:Enumeration"/><publish:element name="INTERNAL" publish:icon="_8D8MYOnSEdy1lpWLf983Vw_icon.jpeg" publish:qualifiedname="ResourceTroubleManagement::Type Definitions::Source::INTERNAL" xmi:id="_8D8MYOnSEdy1lpWLf983Vw" xsi:type="uml:EnumerationLiteral"/><publish:element name="EXTERNAL" publish:icon="_9SK6EOnSEdy1lpWLf983Vw_icon.jpeg" publish:qualifiedname="ResourceTroubleManagement::Type Definitions::Source::EXTERNAL" xmi:id="_9SK6EOnSEdy1lpWLf983Vw" xsi:type="uml:EnumerationLiteral"/><publish:element name="NOT_APPLICABLE" publish:icon="_-V95YOnSEdy1lpWLf983Vw_icon.jpeg" publish:qualifiedname="ResourceTroubleManagement::Type Definitions::Source::NOT_APPLICABLE" xmi:id="_-V95YOnSEdy1lpWLf983Vw" xsi:type="uml:EnumerationLiteral"/><publish:element name="AcknowledgeIndication" publish:icon="_jELtwOnTEdy1lpWLf983Vw_icon.jpeg" publish:qualifiedname="ResourceTroubleManagement::Type Definitions::AcknowledgeIndication" xmi:id="_jELtwOnTEdy1lpWLf983Vw" xsi:type="uml:Enumeration"/><publish:element name="NOT_APPLICABLE" publish:icon="_q2xgUOnTEdy1lpWLf983Vw_icon.jpeg" publish:qualifiedname="ResourceTroubleManagement::Type Definitions::AcknowledgeIndication::NOT_APPLICABLE" xmi:id="_q2xgUOnTEdy1lpWLf983Vw" xsi:type="uml:EnumerationLiteral"/><publish:element name="EVENT_ACKNOWLEDGED" publish:icon="_zbbpAOnTEdy1lpWLf983Vw_icon.jpeg" publish:qualifiedname="ResourceTroubleManagement::Type Definitions::AcknowledgeIndication::EVENT_ACKNOWLEDGED" xmi:id="_zbbpAOnTEdy1lpWLf983Vw" xsi:type="uml:EnumerationLiteral"/><publish:element name="EVENT_UNACKNOWLEDGED" publish:icon="_KjH9UOnUEdy1lpWLf983Vw_icon.jpeg" publish:qualifiedname="ResourceTroubleManagement::Type Definitions::AcknowledgeIndication::EVENT_UNACKNOWLEDGED" xmi:id="_KjH9UOnUEdy1lpWLf983Vw" xsi:type="uml:EnumerationLiteral"/><publish:element name="AlarmOrTcaId" publish:icon="_v_AmYOqMEdyuRYe8TzA8ug_icon.jpeg" publish:qualifiedname="ResourceTroubleManagement::Type Definitions::AlarmOrTcaId" xmi:id="_v_AmYOqMEdyuRYe8TzA8ug" xsi:type="uml:DataType"/><publish:element name="AlarmId" publish:icon="_8zDEIOqNEdyuRYe8TzA8ug_icon.jpeg" publish:qualifiedname="ResourceTroubleManagement::Type Definitions::AlarmId" xmi:id="_8zDEIOqNEdyuRYe8TzA8ug" xsi:type="uml:DataType"/><publish:element name="TcaId" publish:icon="_CNDOsOqOEdyuRYe8TzA8ug_icon.jpeg" publish:qualifiedname="ResourceTroubleManagement::Type Definitions::TcaId" xmi:id="_CNDOsOqOEdyuRYe8TzA8ug" xsi:type="uml:DataType"/><publish:element publish:icon="_VkFU0OqOEdyuRYe8TzA8ug_icon.jpeg" publish:qualifiedname="ResourceTroubleManagement::Type Definitions::&lt;Association&gt;" xmi:id="_VkFU0OqOEdyuRYe8TzA8ug" xsi:type="uml:Association"/><publish:element publish:icon="_WrUCoOqOEdyuRYe8TzA8ug_icon.jpeg" publish:qualifiedname="ResourceTroubleManagement::Type Definitions::&lt;Association&gt;" xmi:id="_WrUCoOqOEdyuRYe8TzA8ug" xsi:type="uml:Association"/><publish:element name="AlarmList??" publish:icon="_Lr-K4Ot4EdyNzpD_6a0mjg_icon.jpeg" publish:qualifiedname="ResourceTroubleManagement::Type Definitions::AlarmList??" xmi:id="_Lr-K4Ot4EdyNzpD_6a0mjg" xsi:type="uml:DataType"/><publish:element name="EquipmentSwitchData" publish:icon="_4ty1EO9mEdymm-1bIGvQpw_icon.jpeg" publish:qualifiedname="ResourceTroubleManagement::Type Definitions::EquipmentSwitchData" xmi:id="_4ty1EO9mEdymm-1bIGvQpw" xsi:type="uml:DataType"/><publish:element name="AlarmSeverityAssignmentProfileRetrievalService" publish:icon="_0pYw8CVyEdyiv86aejkLcA_icon.jpeg" publish:qualifiedname="ResourceTroubleManagement::Interfaces::AlarmSeverityAssignmentProfileRetrievalService" xmi:id="_0pYw8CVyEdyiv86aejkLcA" xsi:type="uml:Interface"/><publish:element name="getAlarmSeverityAssignmentProfile" publish:icon="_kKZhkP-4EduKKLvC_EB00A_icon.jpeg" publish:qualifiedname="ResourceTroubleManagement::Interfaces::AlarmSeverityAssignmentProfileRetrievalService::getAlarmSeverityAssignmentProfile" xmi:id="_kKZhkP-4EduKKLvC_EB00A" xsi:type="uml:Operation"/><publish:element name="getAlarmSeverityAssignmentProfileByResource" publish:icon="_ZWOX4P-5EduKKLvC_EB00A_icon.jpeg" publish:qualifiedname="ResourceTroubleManagement::Interfaces::AlarmSeverityAssignmentProfileRetrievalService::getAlarmSeverityAssignmentProfileByResource" xmi:id="_ZWOX4P-5EduKKLvC_EB00A" xsi:type="uml:Operation"/><publish:element name="getAllAlarmSeverityAssignmentProfileNamesWrtOs??" publish:icon="_ssmooP-3EduKKLvC_EB00A_icon.jpeg" publish:qualifiedname="ResourceTroubleManagement::Interfaces::AlarmSeverityAssignmentProfileRetrievalService::getAllAlarmSeverityAssignmentProfileNamesWrtOs??" xmi:id="_ssmooP-3EduKKLvC_EB00A" xsi:type="uml:Operation"/><publish:element name="getAllAlarmSeverityAssignmentProfilesWrtOs" publish:icon="_JQq8gP-sEduKKLvC_EB00A_icon.jpeg" publish:qualifiedname="ResourceTroubleManagement::Interfaces::AlarmSeverityAssignmentProfileRetrievalService::getAllAlarmSeverityAssignmentProfilesWrtOs" xmi:id="_JQq8gP-sEduKKLvC_EB00A" xsi:type="uml:Operation"/><publish:element name="getAsapAssociatedResourceNames??" publish:icon="_B8CUkMs8EdyEKaQ8AlfaaA_icon.jpeg" publish:qualifiedname="ResourceTroubleManagement::Interfaces::AlarmSeverityAssignmentProfileRetrievalService::getAsapAssociatedResourceNames??" xmi:id="_B8CUkMs8EdyEKaQ8AlfaaA" xsi:type="uml:Operation"/><publish:element name="getAsapNamesByResource??" publish:icon="_JP2OgMs-EdyEKaQ8AlfaaA_icon.jpeg" publish:qualifiedname="ResourceTroubleManagement::Interfaces::AlarmSeverityAssignmentProfileRetrievalService::getAsapNamesByResource??" xmi:id="_JP2OgMs-EdyEKaQ8AlfaaA" xsi:type="uml:Operation"/><publish:element name="AlarmControlService" publish:icon="_S0_M4CVzEdyiv86aejkLcA_icon.jpeg" publish:qualifiedname="ResourceTroubleManagement::Interfaces::AlarmControlService" xmi:id="_S0_M4CVzEdyiv86aejkLcA" xsi:type="uml:Interface"/><publish:element name="setResourceAlarmReportingOff??" publish:icon="_Pve4YP-_EduKKLvC_EB00A_icon.jpeg" publish:qualifiedname="ResourceTroubleManagement::Interfaces::AlarmControlService::setResourceAlarmReportingOff??" xmi:id="_Pve4YP-_EduKKLvC_EB00A" xsi:type="uml:Operation"/><publish:element name="setResourceAlarmReportingOn??" publish:icon="_Pve4b_-_EduKKLvC_EB00A_icon.jpeg" publish:qualifiedname="ResourceTroubleManagement::Interfaces::AlarmControlService::setResourceAlarmReportingOn??" xmi:id="_Pve4b_-_EduKKLvC_EB00A" xsi:type="uml:Operation"/><publish:element name="setTpAlarmReportingOff??" publish:icon="_-YC9YP-8EduKKLvC_EB00A_icon.jpeg" publish:qualifiedname="ResourceTroubleManagement::Interfaces::AlarmControlService::setTpAlarmReportingOff??" xmi:id="_-YC9YP-8EduKKLvC_EB00A" xsi:type="uml:Operation"/><publish:element name="setTpAlarmReportingOn??" publish:icon="_-YC9aP-8EduKKLvC_EB00A_icon.jpeg" publish:qualifiedname="ResourceTroubleManagement::Interfaces::AlarmControlService::setTpAlarmReportingOn??" xmi:id="_-YC9aP-8EduKKLvC_EB00A" xsi:type="uml:Operation"/><publish:element name="setAlarmReporting??" publish:icon="_9D5CMeRbEdyd-_NSHGr2NQ_icon.jpeg" publish:qualifiedname="ResourceTroubleManagement::Interfaces::AlarmControlService::setAlarmReporting??" xmi:id="_9D5CMeRbEdyd-_NSHGr2NQ" xsi:type="uml:Operation"/><publish:element name="AlarmSeverityAssignmentProfileControlService" publish:icon="_yvxHcCVzEdyiv86aejkLcA_icon.jpeg" publish:qualifiedname="ResourceTroubleManagement::Interfaces::AlarmSeverityAssignmentProfileControlService" xmi:id="_yvxHcCVzEdyiv86aejkLcA" xsi:type="uml:Interface"/><publish:element name="assignAlarmSeverityAssignmentProfile" publish:icon="_Vx8vYN1hEdyrKNXnBMy96w_icon.jpeg" publish:qualifiedname="ResourceTroubleManagement::Interfaces::AlarmSeverityAssignmentProfileControlService::assignAlarmSeverityAssignmentProfile" xmi:id="_Vx8vYN1hEdyrKNXnBMy96w" xsi:type="uml:Operation"/><publish:element name="createAlarmSeverityAssignmentProfile" publish:icon="_0i28wP_DEduKKLvC_EB00A_icon.jpeg" publish:qualifiedname="ResourceTroubleManagement::Interfaces::AlarmSeverityAssignmentProfileControlService::createAlarmSeverityAssignmentProfile" xmi:id="_0i28wP_DEduKKLvC_EB00A" xsi:type="uml:Operation"/><publish:element name="deassignAlarmSeverityAssignmentProfile" publish:icon="_VyF5UN1hEdyrKNXnBMy96w_icon.jpeg" publish:qualifiedname="ResourceTroubleManagement::Interfaces::AlarmSeverityAssignmentProfileControlService::deassignAlarmSeverityAssignmentProfile" xmi:id="_VyF5UN1hEdyrKNXnBMy96w" xsi:type="uml:Operation"/><publish:element name="deleteAlarmSeverityAssignmentProfile" publish:icon="_ptoasN1hEdyrKNXnBMy96w_icon.jpeg" publish:qualifiedname="ResourceTroubleManagement::Interfaces::AlarmSeverityAssignmentProfileControlService::deleteAlarmSeverityAssignmentProfile" xmi:id="_ptoasN1hEdyrKNXnBMy96w" xsi:type="uml:Operation"/><publish:element name="modifyAlarmSeverityAssignmentProfile" publish:icon="_5twWgP_SEduS0Yg9UXWGJw_icon.jpeg" publish:qualifiedname="ResourceTroubleManagement::Interfaces::AlarmSeverityAssignmentProfileControlService::modifyAlarmSeverityAssignmentProfile" xmi:id="_5twWgP_SEduS0Yg9UXWGJw" xsi:type="uml:Operation"/><publish:element name="modifies ASAP with" publish:icon="_Kvf3ACV0Edyiv86aejkLcA_icon.jpeg" publish:qualifiedname="ResourceTroubleManagement::Interfaces::modifies ASAP with" xmi:id="_Kvf3ACV0Edyiv86aejkLcA" xsi:type="uml:Dependency"/><publish:element name="creates ASAP with" publish:icon="_NeWAMKgIEdyBvu4QgH3iCw_icon.jpeg" publish:qualifiedname="ResourceTroubleManagement::Interfaces::creates ASAP with" xmi:id="_NeWAMKgIEdyBvu4QgH3iCw" xsi:type="uml:Dependency"/><publish:element name="AlarmHandlingService" publish:icon="_PexogN1eEdyrKNXnBMy96w_icon.jpeg" publish:qualifiedname="ResourceTroubleManagement::Interfaces::AlarmHandlingService" xmi:id="_PexogN1eEdyrKNXnBMy96w" xsi:type="uml:Interface"/><publish:element name="acknowledgeAlarms" publish:icon="_KA9DAN1gEdyrKNXnBMy96w_icon.jpeg" publish:qualifiedname="ResourceTroubleManagement::Interfaces::AlarmHandlingService::acknowledgeAlarms" xmi:id="_KA9DAN1gEdyrKNXnBMy96w" xsi:type="uml:Operation"/><publish:element name="unacknowledgeAlarms" publish:icon="_KA9DEd1gEdyrKNXnBMy96w_icon.jpeg" publish:qualifiedname="ResourceTroubleManagement::Interfaces::AlarmHandlingService::unacknowledgeAlarms" xmi:id="_KA9DEd1gEdyrKNXnBMy96w" xsi:type="uml:Operation"/><publish:element name="AlarmRetrievalService" publish:icon="_SE7LYN1eEdyrKNXnBMy96w_icon.jpeg" publish:qualifiedname="ResourceTroubleManagement::Interfaces::AlarmRetrievalService" xmi:id="_SE7LYN1eEdyrKNXnBMy96w" xsi:type="uml:Interface"/><publish:element name="getActiveAlarmsCount" publish:icon="_VMXLgN1gEdyrKNXnBMy96w_icon.jpeg" publish:qualifiedname="ResourceTroubleManagement::Interfaces::AlarmRetrievalService::getActiveAlarmsCount" xmi:id="_VMXLgN1gEdyrKNXnBMy96w" xsi:type="uml:Operation"/><publish:element name="getActiveAlarms" publish:icon="_VMg8gN1gEdyrKNXnBMy96w_icon.jpeg" publish:qualifiedname="ResourceTroubleManagement::Interfaces::AlarmRetrievalService::getActiveAlarms" xmi:id="_VMg8gN1gEdyrKNXnBMy96w" xsi:type="uml:Operation"/><publish:element name="MaintenanceControlService" publish:icon="_jvK_kN1eEdyrKNXnBMy96w_icon.jpeg" publish:qualifiedname="ResourceTroubleManagement::Interfaces::MaintenanceControlService" xmi:id="_jvK_kN1eEdyrKNXnBMy96w" xsi:type="uml:Interface"/><publish:element name="getActiveMaintenanceOperations" publish:icon="_VNWioN1jEdyrKNXnBMy96w_icon.jpeg" publish:qualifiedname="ResourceTroubleManagement::Interfaces::MaintenanceControlService::getActiveMaintenanceOperations" xmi:id="_VNWioN1jEdyrKNXnBMy96w" xsi:type="uml:Operation"/><publish:element name="performMaintenanceOperation" publish:icon="_bZIIYN1jEdyrKNXnBMy96w_icon.jpeg" publish:qualifiedname="ResourceTroubleManagement::Interfaces::MaintenanceControlService::performMaintenanceOperation" xmi:id="_bZIIYN1jEdyrKNXnBMy96w" xsi:type="uml:Operation"/><publish:element name="ProtectionControlService" publish:icon="_mC_cUN1eEdyrKNXnBMy96w_icon.jpeg" publish:qualifiedname="ResourceTroubleManagement::Interfaces::ProtectionControlService" xmi:id="_mC_cUN1eEdyrKNXnBMy96w" xsi:type="uml:Interface"/><publish:element name="performProtectionCommand" publish:icon="_ProKAN1kEdyrKNXnBMy96w_icon.jpeg" publish:qualifiedname="ResourceTroubleManagement::Interfaces::ProtectionControlService::performProtectionCommand" xmi:id="_ProKAN1kEdyrKNXnBMy96w" xsi:type="uml:Operation"/><publish:element name="ProtectionRetrievalService" publish:icon="_oFPA4N1eEdyrKNXnBMy96w_icon.jpeg" publish:qualifiedname="ResourceTroubleManagement::Interfaces::ProtectionRetrievalService" xmi:id="_oFPA4N1eEdyrKNXnBMy96w" xsi:type="uml:Interface"/><publish:element name="getAllEquipmentProtectionGroups" publish:icon="_tLX6sN1mEdyrKNXnBMy96w_icon.jpeg" publish:qualifiedname="ResourceTroubleManagement::Interfaces::ProtectionRetrievalService::getAllEquipmentProtectionGroups" xmi:id="_tLX6sN1mEdyrKNXnBMy96w" xsi:type="uml:Operation"/><publish:element name="getAllNonPreemptibleUnprotectedTpNames" publish:icon="_tLOJ0N1mEdyrKNXnBMy96w_icon.jpeg" publish:qualifiedname="ResourceTroubleManagement::Interfaces::ProtectionRetrievalService::getAllNonPreemptibleUnprotectedTpNames" xmi:id="_tLOJ0N1mEdyrKNXnBMy96w" xsi:type="uml:Operation"/><publish:element name="getAllPreemptibleTerminationPointNames" publish:icon="_tLX6od1mEdyrKNXnBMy96w_icon.jpeg" publish:qualifiedname="ResourceTroubleManagement::Interfaces::ProtectionRetrievalService::getAllPreemptibleTerminationPointNames" xmi:id="_tLX6od1mEdyrKNXnBMy96w" xsi:type="uml:Operation"/><publish:element name="getAllProtectedTerminationPointNames" publish:icon="_tLOJ391mEdyrKNXnBMy96w_icon.jpeg" publish:qualifiedname="ResourceTroubleManagement::Interfaces::ProtectionRetrievalService::getAllProtectedTerminationPointNames" xmi:id="_tLOJ391mEdyrKNXnBMy96w" xsi:type="uml:Operation"/><publish:element name="getAllProtectionGroups" publish:icon="_tLOJt91mEdyrKNXnBMy96w_icon.jpeg" publish:qualifiedname="ResourceTroubleManagement::Interfaces::ProtectionRetrievalService::getAllProtectionGroups" xmi:id="_tLOJt91mEdyrKNXnBMy96w" xsi:type="uml:Operation"/><publish:element name="getContainingProtectionGroupNames??" publish:icon="_MD3RwN1nEdyrKNXnBMy96w_icon.jpeg" publish:qualifiedname="ResourceTroubleManagement::Interfaces::ProtectionRetrievalService::getContainingProtectionGroupNames??" xmi:id="_MD3RwN1nEdyrKNXnBMy96w" xsi:type="uml:Operation"/><publish:element name="getEquipmentProtectionGroup" publish:icon="_tLX6vN1mEdyrKNXnBMy96w_icon.jpeg" publish:qualifiedname="ResourceTroubleManagement::Interfaces::ProtectionRetrievalService::getEquipmentProtectionGroup" xmi:id="_tLX6vN1mEdyrKNXnBMy96w" xsi:type="uml:Operation"/><publish:element name="getProtectionGroup" publish:icon="_tLOJw91mEdyrKNXnBMy96w_icon.jpeg" publish:qualifiedname="ResourceTroubleManagement::Interfaces::ProtectionRetrievalService::getProtectionGroup" xmi:id="_tLOJw91mEdyrKNXnBMy96w" xsi:type="uml:Operation"/><publish:element name="retrieveEquipmentSwitchData" publish:icon="_tLOJrN1mEdyrKNXnBMy96w_icon.jpeg" publish:qualifiedname="ResourceTroubleManagement::Interfaces::ProtectionRetrievalService::retrieveEquipmentSwitchData" xmi:id="_tLOJrN1mEdyrKNXnBMy96w" xsi:type="uml:Operation"/><publish:element name="retrieveSwitchData" publish:icon="_tLOJoN1mEdyrKNXnBMy96w_icon.jpeg" publish:qualifiedname="ResourceTroubleManagement::Interfaces::ProtectionRetrievalService::retrieveSwitchData" xmi:id="_tLOJoN1mEdyrKNXnBMy96w" xsi:type="uml:Operation"/><publish:element publish:icon="_puOS4OqOEdyuRYe8TzA8ug_icon.jpeg" publish:qualifiedname="ResourceTroubleManagement::Interfaces::&lt;Dependency&gt;" xmi:id="_puOS4OqOEdyuRYe8TzA8ug" xsi:type="uml:Dependency"/></publish:elements>