<?xml version="1.0" encoding="UTF-8"?><publish:diagrams xmlns:publish="http://www.ibm.com/Rational/XTools/Publish" xmlns:xmi="http://www.omg.org/XMI"><publish:diagram name="PhysicalDeviceRole Summary" publish:icon="8456327_icon.jpeg" publish:qualifiedname="mTOP-SM-SID-fragment::Logical View::Resource Domain::Resource ABE::PhysicalResource ABE::Physical Role ABE::PhysicalDeviceRole Summary" xmi:id="_476880466501083693667050603682"/><publish:diagram name="DeviceInterface starting diagram" publish:icon="8456327_icon.jpeg" publish:qualifiedname="mTOP-SM-SID-fragment::Logical View::Resource Domain::Resource ABE::LogicalResource ABE::LogicalResource System View Figures::DeviceInterface starting diagram" xmi:id="_4768804665010843726706900570"/><publish:diagram name="ResourcePort Programming" publish:icon="8456327_icon.jpeg" publish:qualifiedname="mTOP-SM-SID-fragment::Logical View::Resource Domain::Resource ABE::LogicalResource ABE::LogicalResource System View Figures::ResourcePort Programming" xmi:id="_47688046650108437655689401469"/><publish:diagram name="Fig XXX - SID-MTNM Transport Integration" publish:icon="8456327_icon.jpeg" publish:qualifiedname="mTOP-SM-SID-fragment::Logical View::Resource Domain::Resource ABE::LogicalResource ABE::LogicalResource System View Figures::Fig XXX - SID-MTNM Transport Integration" xmi:id="_476880466501084330384100867"/><publish:diagram publish:icon="8456327_icon.jpeg" publish:qualifiedname="mTOP-SM-SID-fragment::Logical View::Resource Domain::LogicalResource ABE::LogicalResource System View Figures::&lt;Diagram&gt;" xmi:id="_4768804665010843726706900570"/><publish:diagram publish:icon="8456327_icon.jpeg" publish:qualifiedname="mTOP-SM-SID-fragment::Logical View::Resource Domain::LogicalResource ABE::LogicalResource System View Figures::&lt;Diagram&gt;" xmi:id="_47688046650108437655689401469"/><publish:diagram publish:icon="8456327_icon.jpeg" publish:qualifiedname="mTOP-SM-SID-fragment::Logical View::Resource Domain::LogicalResource ABE::LogicalResource System View Figures::&lt;Diagram&gt;" xmi:id="_476880466501084330384100867"/><publish:diagram name="fig5b - Parties interact via their roles" publish:icon="8456327_icon.jpeg" publish:qualifiedname="mTOP-SM-SID-fragment::Logical View::Common Business Entities Domain::Party ABE::Addendum Figures::fig5b - Parties interact via their roles" xmi:id="_47688046650108367232869900867"/><publish:diagram name="example-figure" publish:icon="8456327_icon.jpeg" publish:qualifiedname="mTOP-SM-SID-fragment::Logical View::Common Business Entities Domain::Party ABE::Addendum Figures::example-figure" xmi:id="_47688046650108368865674366026666"/><publish:diagram name="fig1 - basic Party model" publish:icon="8456327_icon.jpeg" publish:qualifiedname="mTOP-SM-SID-fragment::Logical View::Common Business Entities Domain::Party ABE::Addendum Figures::fig1 - basic Party model" xmi:id="_4768804665010836774437400664"/><publish:diagram name="fig2 - naming for Parties" publish:icon="8456327_icon.jpeg" publish:qualifiedname="mTOP-SM-SID-fragment::Logical View::Common Business Entities Domain::Party ABE::Addendum Figures::fig2 - naming for Parties" xmi:id="_4768804665010836724760402469"/><publish:diagram name="fig3 - Party Identification" publish:icon="8456327_icon.jpeg" publish:qualifiedname="mTOP-SM-SID-fragment::Logical View::Common Business Entities Domain::Party ABE::Addendum Figures::fig3 - Party Identification" xmi:id="_47688046650108368707066670670084"/><publish:diagram name="fig4 - party and the main eTOM roles" publish:icon="8456327_icon.jpeg" publish:qualifiedname="mTOP-SM-SID-fragment::Logical View::Common Business Entities Domain::Party ABE::Addendum Figures::fig4 - party and the main eTOM roles" xmi:id="_47688046650108367247766502365"/><publish:diagram name="fig5a - modeling Interactions directly to Party " publish:icon="8456327_icon.jpeg" publish:qualifiedname="mTOP-SM-SID-fragment::Logical View::Common Business Entities Domain::Party ABE::Addendum Figures::fig5a - modeling Interactions directly to Party " xmi:id="_476880466501083673106765502066"/><publish:diagram name="fig7 - Contacting a Party" publish:icon="8456327_icon.jpeg" publish:qualifiedname="mTOP-SM-SID-fragment::Logical View::Common Business Entities Domain::Party ABE::Addendum Figures::fig7 - Contacting a Party" xmi:id="_4768804665010836723246510334"/><publish:diagram name="fig6 - Parties can be associated via their roles" publish:icon="8456327_icon.jpeg" publish:qualifiedname="mTOP-SM-SID-fragment::Logical View::Common Business Entities Domain::Party ABE::Addendum Figures::fig6 - Parties can be associated via their roles" xmi:id="_4768804665010836774466500333"/><publish:diagram name="fig8 - showing possible links to other parts of the SID model" publish:icon="8456327_icon.jpeg" publish:qualifiedname="mTOP-SM-SID-fragment::Logical View::Common Business Entities Domain::Party ABE::Addendum Figures::fig8 - showing possible links to other parts of the SID model" xmi:id="_4768804665010836731115670210"/><publish:diagram publish:icon="8456327_icon.jpeg" publish:qualifiedname="mTOP-SM-SID-fragment::Logical View::Resource Domain::PhysicalResource ABE::Physical Role ABE::&lt;Diagram&gt;" xmi:id="_476880466501083693667050603682"/><publish:diagram name="Fig 21 - ResourceSpec and ResourceSpecChar" publish:icon="8456327_icon.jpeg" publish:qualifiedname="mTOP-SM-SID-fragment::Logical View::Service Domain::Product, Service and Resource Domain Char Updates::Resource Domain Char Updates::Fig 21 - ResourceSpec and ResourceSpecChar" xmi:id="_4768804665010843795706890261"/><publish:diagram name="Fig 22 - Resource and ResourceCharValue" publish:icon="8456327_icon.jpeg" publish:qualifiedname="mTOP-SM-SID-fragment::Logical View::Service Domain::Product, Service and Resource Domain Char Updates::Resource Domain Char Updates::Fig 22 - Resource and ResourceCharValue" xmi:id="_47688046650108369657065671006565"/><publish:diagram name="Fig 88 - Resource Characteristic Biz Model" publish:icon="8456327_icon.jpeg" publish:qualifiedname="mTOP-SM-SID-fragment::Logical View::Service Domain::Product, Service and Resource Domain Char Updates::Resource Domain Char Updates::Fig 88 - Resource Characteristic Biz Model" xmi:id="_476880466501083700165694002569"/><publish:diagram name="fig 1" publish:icon="8456327_icon.jpeg" publish:qualifiedname="mTOP-SM-SID-fragment::Logical View::Common Business Entities Domain::Base Types ABE::Addendum figures::fig 1" xmi:id="_47688046650108368801666930371"/><publish:diagram name="Version - Party" publish:icon="8456327_icon.jpeg" publish:qualifiedname="mTOP-SM-SID-fragment::Logical View::Common Business Entities Domain::Party ABE::Version - Party" xmi:id="_476880466501083694668976802650"/><publish:diagram publish:icon="8456327_icon.jpeg" publish:qualifiedname="mTOP-SM-SID-fragment::Logical View::Resource Domain::Logical Role ABE::&lt;Diagram&gt;" xmi:id="_476880466501083693670267650158"/><publish:diagram publish:icon="8456327_icon.jpeg" publish:qualifiedname="mTOP-SM-SID-fragment::Logical View::Resource Domain::Physical Role ABE::&lt;Diagram&gt;" xmi:id="_476880466501083693667050603682"/><publish:diagram publish:icon="8456327_icon.jpeg" publish:qualifiedname="mTOP-SM-SID-fragment::Logical View::Resource Domain::PhysicalResource ABE::&lt;Diagram&gt;" xmi:id="_476880466501084306466667016769"/><publish:diagram name="Figure SO.xxx - Service Design &amp; Deployment - Basic Entities" publish:icon="8456327_icon.jpeg" publish:qualifiedname="mTOP-SM-SID-fragment::Logical View::Service Domain::Service Addendum Figures MTOSI Additions::Figure SO.xxx - Service Design &amp; Deployment - Basic Entities" xmi:id="_476880466501084410558303669"/><publish:diagram name="Figure SO.xxx - Service Subscriber and Service Access Point" publish:icon="8456327_icon.jpeg" publish:qualifiedname="mTOP-SM-SID-fragment::Logical View::Service Domain::Service Addendum Figures MTOSI Additions::Figure SO.xxx - Service Subscriber and Service Access Point" xmi:id="_4768804665010844107067203678"/><publish:diagram name="Figure SO.xxx - Service Definition and Service Template" publish:icon="8456327_icon.jpeg" publish:qualifiedname="mTOP-SM-SID-fragment::Logical View::Service Domain::Service Addendum Figures MTOSI Additions::Figure SO.xxx - Service Definition and Service Template" xmi:id="_47688046650108478626677000369"/><publish:diagram name="Figure SO.xxx - Service Definition and Service Access Point" publish:icon="8456327_icon.jpeg" publish:qualifiedname="mTOP-SM-SID-fragment::Logical View::Service Domain::Service Addendum Figures MTOSI Additions::Figure SO.xxx - Service Definition and Service Access Point" xmi:id="_4768804665010847863066503466"/><publish:diagram name="Figure SO.xxx - Service Definition and Subscriber &amp; User" publish:icon="8456327_icon.jpeg" publish:qualifiedname="mTOP-SM-SID-fragment::Logical View::Service Domain::Service Addendum Figures MTOSI Additions::Figure SO.xxx - Service Definition and Subscriber &amp; User" xmi:id="_4768804665010847943456600269"/><publish:diagram name="Figure SO.xxx - MultiValue Instance Example - Override" publish:icon="10292089_icon.jpeg" publish:qualifiedname="mTOP-SM-SID-fragment::Logical View::Service Domain::Service Addendum Figures MTOSI Additions::Figure SO.xxx - MultiValue Instance Example - Override_Collaboration::Figure SO.xxx - MultiValue Instance Example - Override::Figure SO.xxx - MultiValue Instance Example - Override" xmi:id="_47688046650108461697416803267"/><publish:diagram name="Figure SO.xxx - MultiValue Instance Example - CharSpec Only" publish:icon="10292089_icon.jpeg" publish:qualifiedname="mTOP-SM-SID-fragment::Logical View::Service Domain::Service Addendum Figures MTOSI Additions::Figure SO.xxx - MultiValue Instance Example - CharSpec Only_Collaboration::Figure SO.xxx - MultiValue Instance Example - CharSpec Only::Figure SO.xxx - MultiValue Instance Example - CharSpec Only" xmi:id="_47688046650108462642030148"/><publish:diagram name="Figure SO.xxx - MultiValue Instance Example - CharSpecUseOnly" publish:icon="10292089_icon.jpeg" publish:qualifiedname="mTOP-SM-SID-fragment::Logical View::Service Domain::Service Addendum Figures MTOSI Additions::Figure SO.xxx - MultiValue Instance Example - CharSpecUseOnly_Collaboration::Figure SO.xxx - MultiValue Instance Example - CharSpecUseOnly::Figure SO.xxx - MultiValue Instance Example - CharSpecUseOnly" xmi:id="_476880466501084626426869006865"/><publish:diagram name="Figure SO.xxx - Service Definition/Template Example" publish:icon="10292089_icon.jpeg" publish:qualifiedname="mTOP-SM-SID-fragment::Logical View::Service Domain::Service Addendum Figures MTOSI Additions::Figure SO.xxx - Service Definition/Template Example_Collaboration::Figure SO.xxx - Service Definition/Template Example::Figure SO.xxx - Service Definition/Template Example" xmi:id="_47688046650108462692651670280"/><publish:diagram name="fig10b" publish:icon="8456327_icon.jpeg" publish:qualifiedname="mTOP-SM-SID-fragment::Logical View::Common Business Entities Domain::Location ABE::Addendum Figures::fig10b" xmi:id="_476880466501083676667707676900069"/><publish:diagram name="fig11d" publish:icon="8456327_icon.jpeg" publish:qualifiedname="mTOP-SM-SID-fragment::Logical View::Common Business Entities Domain::Location ABE::Addendum Figures::fig11d" xmi:id="_476880466501083678686667903267"/><publish:diagram name="fig15" publish:icon="8456327_icon.jpeg" publish:qualifiedname="mTOP-SM-SID-fragment::Logical View::Common Business Entities Domain::Location ABE::Addendum Figures::fig15" xmi:id="_4768804665010836742691680115"/><publish:diagram name="fig3" publish:icon="8456327_icon.jpeg" publish:qualifiedname="mTOP-SM-SID-fragment::Logical View::Common Business Entities Domain::Location ABE::Addendum Figures::fig3" xmi:id="_47688046650108367865675220048"/><publish:diagram name="fig4" publish:icon="8456327_icon.jpeg" publish:qualifiedname="mTOP-SM-SID-fragment::Logical View::Common Business Entities Domain::Location ABE::Addendum Figures::fig4" xmi:id="_476880466501083678656756940390"/><publish:diagram name="fig5" publish:icon="8456327_icon.jpeg" publish:qualifiedname="mTOP-SM-SID-fragment::Logical View::Common Business Entities Domain::Location ABE::Addendum Figures::fig5" xmi:id="_47688046650108367865676280329"/><publish:diagram name="fig6" publish:icon="8456327_icon.jpeg" publish:qualifiedname="mTOP-SM-SID-fragment::Logical View::Common Business Entities Domain::Location ABE::Addendum Figures::fig6" xmi:id="_47688046650108367969667660122"/><publish:diagram name="fig7" publish:icon="8456327_icon.jpeg" publish:qualifiedname="mTOP-SM-SID-fragment::Logical View::Common Business Entities Domain::Location ABE::Addendum Figures::fig7" xmi:id="_47688046650108367865676350129"/><publish:diagram name="fig8" publish:icon="8456327_icon.jpeg" publish:qualifiedname="mTOP-SM-SID-fragment::Logical View::Common Business Entities Domain::Location ABE::Addendum Figures::fig8" xmi:id="_47688046650108367868666102065"/><publish:diagram name="fig 10a" publish:icon="8456327_icon.jpeg" publish:qualifiedname="mTOP-SM-SID-fragment::Logical View::Common Business Entities Domain::Location ABE::Addendum Figures::fig 10a" xmi:id="_476880466501083699239310238"/><publish:diagram name="fig12" publish:icon="8456327_icon.jpeg" publish:qualifiedname="mTOP-SM-SID-fragment::Logical View::Common Business Entities Domain::Location ABE::Addendum Figures::fig12" xmi:id="_4768804665010836992395700306"/><publish:diagram publish:icon="8456327_icon.jpeg" publish:qualifiedname="mTOP-SM-SID-fragment::Logical View::Resource Domain::LogicalResource ABE::Logical Role ABE::&lt;Diagram&gt;" xmi:id="_476880466501083693670267650158"/><publish:diagram name="Main" publish:icon="2886535_icon.jpeg" publish:qualifiedname="mTOP-SM-SID-fragment::Use Case View::Main" xmi:id="_476880466501084768804667026570"/><publish:diagram name="Main" publish:icon="8456327_icon.jpeg" publish:qualifiedname="mTOP-SM-SID-fragment::Logical View::Main" xmi:id="_476880466501084768804667026669"/><publish:diagram name="ServiceSpecification Detailed Diagram" publish:icon="8456327_icon.jpeg" publish:qualifiedname="mTOP-SM-SID-fragment::Logical View::Service Domain::Service Specification ABE::ServiceSpecification Detailed Diagram" xmi:id="_4768804665010836966011770031"/><publish:diagram name="Fig 4SO-22 - Service Specification Characteristic" publish:icon="8456327_icon.jpeg" publish:qualifiedname="mTOP-SM-SID-fragment::Logical View::Service Domain::Product, Service and Resource Domain Char Updates::Service Domain Char Updates::Fig 4SO-22 - Service Specification Characteristic" xmi:id="_4768804665010836968667817001668"/><publish:diagram name="Fig 4SO-23 - Service Characteristic Value" publish:icon="8456327_icon.jpeg" publish:qualifiedname="mTOP-SM-SID-fragment::Logical View::Service Domain::Product, Service and Resource Domain Char Updates::Service Domain Char Updates::Fig 4SO-23 - Service Characteristic Value" xmi:id="_476880466501083696877914007070"/><publish:diagram name="Fig 4SO-22a - Service and Resource Characteristic Associations" publish:icon="8456327_icon.jpeg" publish:qualifiedname="mTOP-SM-SID-fragment::Logical View::Service Domain::Product, Service and Resource Domain Char Updates::Service Domain Char Updates::Fig 4SO-22a - Service and Resource Characteristic Associations" xmi:id="_4768804665010846165664100269"/><publish:diagram name="Router" publish:icon="8456327_icon.jpeg" publish:qualifiedname="mTOP-SM-SID-fragment::Logical View::Resource Domain::Resource ABE::PhysicalResource ABE::Router" xmi:id="_476880466501084306466667016769"/><publish:diagram name="Main" publish:icon="7801473_icon.jpeg" publish:qualifiedname="mTOP-SM-SID-fragment::Component View::Main" xmi:id="_476880466501084768804667026569"/><publish:diagram name="LogicalResourceRole Summary" publish:icon="8456327_icon.jpeg" publish:qualifiedname="mTOP-SM-SID-fragment::Logical View::Resource Domain::Resource ABE::LogicalResource ABE::Logical Role ABE::LogicalResourceRole Summary" xmi:id="_476880466501083693670267650158"/><publish:diagram name="Service Detailed Model" publish:icon="8456327_icon.jpeg" publish:qualifiedname="mTOP-SM-SID-fragment::Logical View::Service Domain::Service ABE::Service Detailed Model" xmi:id="_4768804665010836966014668006970"/><publish:diagram name="fig9" publish:icon="8456327_icon.jpeg" publish:qualifiedname="mTOP-SM-SID-fragment::Logical View::Common Business Entities Domain::Location ABE::OpenGisSFS::fig9" xmi:id="_4768804665010836799723660007"/><publish:diagram name="Root Business Entities" publish:icon="8456327_icon.jpeg" publish:qualifiedname="mTOP-SM-SID-fragment::Logical View::Common Business Entities Domain::Root Business Entities ABE::Root Business Entities" xmi:id="_47688046650108367706650500212"/><publish:diagram name="Entity-EntitySpec Pattern" publish:icon="8456327_icon.jpeg" publish:qualifiedname="mTOP-SM-SID-fragment::Logical View::Common Business Entities Domain::Root Business Entities ABE::Entity-EntitySpec Pattern" xmi:id="_4768804665010836998267300178"/><publish:diagram name="ResourceSpec Inheritance Diagram" publish:icon="8456327_icon.jpeg" publish:qualifiedname="mTOP-SM-SID-fragment::Logical View::Resource Domain::Resource Specification ABE::ResourceSpec Inheritance Diagram" xmi:id="_47688046650108437647210097"/><publish:diagram name="Deployment View" publish:icon="527277_icon.jpeg" publish:qualifiedname="mTOP-SM-SID-fragment::Deployment View::Deployment View" xmi:id="_47688046650108476880466501069"/><publish:diagram name="Version - Location" publish:icon="8456327_icon.jpeg" publish:qualifiedname="mTOP-SM-SID-fragment::Logical View::Common Business Entities Domain::Location ABE::Version - Location" xmi:id="_4768804665010837016765365660355"/><publish:diagram name="Service Level Specification Business Entities" publish:icon="8456327_icon.jpeg" publish:qualifiedname="mTOP-SM-SID-fragment::Logical View::Service Domain::Service Level Spec ABE::Service Level Specification Business Entities" xmi:id="_476880466501083684006986501367"/><publish:diagram name="Main" publish:icon="8456327_icon.jpeg" publish:qualifiedname="mTOP-SM-SID-fragment::Logical View::Common Business Entities Domain::Base Types ABE::Example1::Main" xmi:id="_4768804665010836887065691403465"/></publish:diagrams>