<?xml version="1.0" encoding="UTF-8"?><publish:packages xmlns:publish="http://www.ibm.com/Rational/XTools/Publish" xmlns:xmi="http://www.omg.org/XMI"><publish:package name="Physical Capacity ABE" publish:icon="29886449_icon.jpeg" publish:qualifiedname="mTOP-SM-SID-fragment::Logical View::Resource Domain::PhysicalResource ABE::Physical Capacity ABE" xmi:id="_4768804665010836868696539650276"/><publish:package name="Physical Component ABE" publish:icon="29886449_icon.jpeg" publish:qualifiedname="mTOP-SM-SID-fragment::Logical View::Resource Domain::Resource ABE::PhysicalResource ABE::Physical Component ABE" xmi:id="_476880466501083692673674400067_0"/><publish:package name="Physical Device ABE" publish:icon="29886449_icon.jpeg" publish:qualifiedname="mTOP-SM-SID-fragment::Logical View::Resource Domain::PhysicalResource ABE::Physical Device ABE" xmi:id="_47688046650108369655681780079"/><publish:package name="Equipment ABE" publish:icon="29886449_icon.jpeg" publish:qualifiedname="mTOP-SM-SID-fragment::Logical View::Resource Domain::PhysicalResource ABE::Equipment ABE" xmi:id="_476880466501083692673693000169"/><publish:package name="CustomerFacing Service Role ABE" publish:icon="29886449_icon.jpeg" publish:qualifiedname="mTOP-SM-SID-fragment::Logical View::Service Domain::Service ABE::CustomerFacing Service ABE::CustomerFacing Service Role ABE" xmi:id="_47688046650108369376569370016970_1"/><publish:package name="Software ABE" publish:icon="29886449_icon.jpeg" publish:qualifiedname="mTOP-SM-SID-fragment::Logical View::Resource Domain::LogicalResource ABE::Software ABE" xmi:id="_4768804665010836926737230173"/><publish:package name="Physical Role ABE" publish:icon="29886449_icon.jpeg" publish:qualifiedname="mTOP-SM-SID-fragment::Logical View::Resource Domain::Resource ABE::PhysicalResource ABE::Physical Role ABE" xmi:id="_47688046650108368686965268603683_1"/><publish:package name="DeviceInterface ABE" publish:icon="29886449_icon.jpeg" publish:qualifiedname="mTOP-SM-SID-fragment::Logical View::Resource Domain::Resource ABE::LogicalResource ABE::DeviceInterface ABE" xmi:id="_476880466501083692679466202702_0"/><publish:package name="Protocol Service Entities" publish:icon="29886449_icon.jpeg" publish:qualifiedname="mTOP-SM-SID-fragment::Logical View::Service Domain::Protocol Service Entities" xmi:id="_4768804665010836937656616600659"/><publish:package name="LogicalResource System View Figures" publish:icon="29886449_icon.jpeg" publish:qualifiedname="mTOP-SM-SID-fragment::Logical View::Resource Domain::Resource ABE::LogicalResource ABE::LogicalResource System View Figures" xmi:id="_47688046650108437267054006766_0"/><publish:package name="ResourceFacing Service Role ABE" publish:icon="29886449_icon.jpeg" publish:qualifiedname="mTOP-SM-SID-fragment::Logical View::Service Domain::Service ABE::ResourceFacing Service ABE::ResourceFacing Service Role ABE" xmi:id="_476880466501083693765694660124_1"/><publish:package name="CustomerFacing ServiceSpec Role ABE" publish:icon="29886449_icon.jpeg" publish:qualifiedname="mTOP-SM-SID-fragment::Logical View::Service Domain::CustomerFacing ServiceSpec ABE::CustomerFacing ServiceSpec Role ABE" xmi:id="_4768804665010836937661970222"/><publish:package name="Address ABE" publish:icon="29886449_icon.jpeg" publish:qualifiedname="mTOP-SM-SID-fragment::Logical View::Resource Domain::Resource ABE::LogicalResource ABE::Address ABE" xmi:id="_47688046650108369267986860102_0"/><publish:package name="Logical Device ABE" publish:icon="29886449_icon.jpeg" publish:qualifiedname="mTOP-SM-SID-fragment::Logical View::Resource Domain::LogicalResource ABE::Logical Device ABE" xmi:id="_4768804665010836965567705690166"/><publish:package name="LogicalResource System View Figures" publish:icon="29886449_icon.jpeg" publish:qualifiedname="mTOP-SM-SID-fragment::Logical View::Resource Domain::LogicalResource ABE::LogicalResource System View Figures" xmi:id="_47688046650108437267054006766"/><publish:package name="Equipment Holder ABE" publish:icon="29886449_icon.jpeg" publish:qualifiedname="mTOP-SM-SID-fragment::Logical View::Resource Domain::Resource ABE::PhysicalResource ABE::Equipment Holder ABE" xmi:id="_47688046650108369267367697003868_0"/><publish:package name="Physical Device ABE" publish:icon="29886449_icon.jpeg" publish:qualifiedname="mTOP-SM-SID-fragment::Logical View::Resource Domain::Resource ABE::PhysicalResource ABE::Physical Device ABE" xmi:id="_47688046650108369655681780079_0"/><publish:package name="Value Network Role ABE" publish:icon="29886449_icon.jpeg" publish:qualifiedname="mTOP-SM-SID-fragment::Logical View::Resource Domain::Resource ABE::Value Network Role ABE" xmi:id="_47688046650108370007702801570"/><publish:package name="Addendum Figures" publish:icon="29886449_icon.jpeg" publish:qualifiedname="mTOP-SM-SID-fragment::Logical View::Common Business Entities Domain::Party ABE::Addendum Figures" xmi:id="_476880466501083693896666602367"/><publish:package name="Operating System ABE" publish:icon="29886449_icon.jpeg" publish:qualifiedname="mTOP-SM-SID-fragment::Logical View::Resource Domain::LogicalResource ABE::Operating System ABE" xmi:id="_476880466501083696557704660205"/><publish:package name="5PR Addendum Figures" publish:icon="29886449_icon.jpeg" publish:qualifiedname="mTOP-SM-SID-fragment::Logical View::Resource Domain::PhysicalResource ABE::5PR Addendum Figures" xmi:id="_47688046650108369692167640292"/><publish:package name="Address ABE" publish:icon="29886449_icon.jpeg" publish:qualifiedname="mTOP-SM-SID-fragment::Logical View::Resource Domain::LogicalResource ABE::Address ABE" xmi:id="_47688046650108369267986860102"/><publish:package name="Service Order ABE" publish:icon="29886449_icon.jpeg" publish:qualifiedname="mTOP-SM-SID-fragment::Logical View::Service Domain::Service ABE::Service Order ABE" xmi:id="_47688046650108422708656566006967"/><publish:package name="Service Domain" publish:icon="29886449_icon.jpeg" publish:qualifiedname="mTOP-SM-SID-fragment::Logical View::Service Domain" xmi:id="_47688046650108476880465100708"/><publish:package name="Physical Role ABE" publish:icon="29886449_icon.jpeg" publish:qualifiedname="mTOP-SM-SID-fragment::Logical View::Resource Domain::PhysicalResource ABE::Physical Role ABE" xmi:id="_47688046650108368686965268603683_0"/><publish:package name="CompoundResource ABE" publish:icon="29886449_icon.jpeg" publish:qualifiedname="mTOP-SM-SID-fragment::Logical View::Resource Domain::Resource ABE::CompoundResource ABE" xmi:id="_4768804665010836970867652200653"/><publish:package name="CustomerFacing ServiceSpec ABE" publish:icon="29886449_icon.jpeg" publish:qualifiedname="mTOP-SM-SID-fragment::Logical View::Service Domain::CustomerFacing ServiceSpec ABE" xmi:id="_47688046650108369379658660070"/><publish:package name="Characteristic ABE" publish:icon="29886449_icon.jpeg" publish:qualifiedname="mTOP-SM-SID-fragment::Logical View::Common Business Entities Domain::Root Business Entities ABE::Characteristic ABE" xmi:id="_476880466501084462656866002703"/><publish:package name="Resource Domain Char Updates" publish:icon="29886449_icon.jpeg" publish:qualifiedname="mTOP-SM-SID-fragment::Logical View::Service Domain::Product, Service and Resource Domain Char Updates::Resource Domain Char Updates" xmi:id="_476880466501084424269200566"/><publish:package name="Entities" publish:icon="29886449_icon.jpeg" publish:qualifiedname="mTOP-SM-SID-fragment::Logical View::Common Business Entities Domain::Party ABE::Entities" xmi:id="_4768804665010836938653080088"/><publish:package name="Local Place" publish:icon="29886449_icon.jpeg" publish:qualifiedname="mTOP-SM-SID-fragment::Logical View::Common Business Entities Domain::Location ABE::Entities::Local Place" xmi:id="_47688046650108369867696895036867"/><publish:package name="QoS Service ABE" publish:icon="29886449_icon.jpeg" publish:qualifiedname="mTOP-SM-SID-fragment::Logical View::Service Domain::Service ABE::QoS Service ABE" xmi:id="_4768804665010836866676681803270"/><publish:package name="Entities" publish:icon="29886449_icon.jpeg" publish:qualifiedname="mTOP-SM-SID-fragment::Logical View::Common Business Entities Domain::Base Types ABE::Entities" xmi:id="_47688046650108369386563660234"/><publish:package name="Base Types ABE" publish:icon="29886449_icon.jpeg" publish:qualifiedname="mTOP-SM-SID-fragment::Logical View::Common Business Entities Domain::Base Types ABE" xmi:id="_4768804665010836880166656603660"/><publish:package name="Roles" publish:icon="29886449_icon.jpeg" publish:qualifiedname="mTOP-SM-SID-fragment::Logical View::Common Business Entities Domain::Party ABE::Entities::Roles" xmi:id="_47688046650108369961663402765"/><publish:package name="Addendum figures" publish:icon="29886449_icon.jpeg" publish:qualifiedname="mTOP-SM-SID-fragment::Logical View::Common Business Entities Domain::Base Types ABE::Addendum figures" xmi:id="_4768804665010836938990900660"/><publish:package name="LogicalResource ABE" publish:icon="29886449_icon.jpeg" publish:qualifiedname="mTOP-SM-SID-fragment::Logical View::Resource Domain::Resource ABE::LogicalResource ABE" xmi:id="_476880466501083686869650990115_0"/><publish:package name="Geographic Place" publish:icon="29886449_icon.jpeg" publish:qualifiedname="mTOP-SM-SID-fragment::Logical View::Common Business Entities Domain::Location ABE::Entities::Geographic Place" xmi:id="_4768804665010836986769688650340"/><publish:package name="Party ABE" publish:icon="29886449_icon.jpeg" publish:qualifiedname="mTOP-SM-SID-fragment::Logical View::Common Business Entities Domain::Party ABE" xmi:id="_476880466501083688126667602675"/><publish:package name="Device Protocol Association ABE" publish:icon="29886449_icon.jpeg" publish:qualifiedname="mTOP-SM-SID-fragment::Logical View::Resource Domain::LogicalResource ABE::Device Protocol Association ABE" xmi:id="_476880466501083696118676501765"/><publish:package name="GeographicAddress" publish:icon="29886449_icon.jpeg" publish:qualifiedname="mTOP-SM-SID-fragment::Logical View::Common Business Entities Domain::Location ABE::Entities::Geographic Place::GeographicAddress" xmi:id="_4768804665010836986770181026970"/><publish:package name="Software ABE" publish:icon="29886449_icon.jpeg" publish:qualifiedname="mTOP-SM-SID-fragment::Logical View::Resource Domain::Resource ABE::LogicalResource ABE::Software ABE" xmi:id="_4768804665010836926737230173_0"/><publish:package name="Logical Role ABE" publish:icon="29886449_icon.jpeg" publish:qualifiedname="mTOP-SM-SID-fragment::Logical View::Resource Domain::Logical Role ABE" xmi:id="_47688046650108368686965269102653"/><publish:package name="Logical Device ABE" publish:icon="29886449_icon.jpeg" publish:qualifiedname="mTOP-SM-SID-fragment::Logical View::Resource Domain::Resource ABE::LogicalResource ABE::Logical Device ABE" xmi:id="_4768804665010836965567705690166_0"/><publish:package name="5LR Figures" publish:icon="29886449_icon.jpeg" publish:qualifiedname="mTOP-SM-SID-fragment::Logical View::Resource Domain::Resource ABE::LogicalResource ABE::5LR Figures" xmi:id="_47688046650108369654654230099_0"/><publish:package name="Physical Role ABE" publish:icon="29886449_icon.jpeg" publish:qualifiedname="mTOP-SM-SID-fragment::Logical View::Resource Domain::Physical Role ABE" xmi:id="_47688046650108368686965268603683"/><publish:package name="Resource Domain" publish:icon="29886449_icon.jpeg" publish:qualifiedname="mTOP-SM-SID-fragment::Logical View::Resource Domain" xmi:id="_47688046650108476880465690231"/><publish:package name="ResourceFacing Service ABE" publish:icon="29886449_icon.jpeg" publish:qualifiedname="mTOP-SM-SID-fragment::Logical View::Service Domain::ResourceFacing Service ABE" xmi:id="_4768804665010836937965590226"/><publish:package name="Service Package ABE" publish:icon="29886449_icon.jpeg" publish:qualifiedname="mTOP-SM-SID-fragment::Logical View::Service Domain::CustomerFacing ServiceSpec ABE::Service Package ABE" xmi:id="_476880466501083693765652680309"/><publish:package name="Operating System ABE" publish:icon="29886449_icon.jpeg" publish:qualifiedname="mTOP-SM-SID-fragment::Logical View::Resource Domain::Resource ABE::LogicalResource ABE::Operating System ABE" xmi:id="_476880466501083696557704660205_0"/><publish:package name="ResourceFacing ServiceSpec ABE" publish:icon="29886449_icon.jpeg" publish:qualifiedname="mTOP-SM-SID-fragment::Logical View::Service Domain::Service Specification ABE::ResourceFacing ServiceSpec ABE" xmi:id="_4768804665010836937965651026567"/><publish:package name="Physical Capacity ABE" publish:icon="29886449_icon.jpeg" publish:qualifiedname="mTOP-SM-SID-fragment::Logical View::Resource Domain::Resource ABE::PhysicalResource ABE::Physical Capacity ABE" xmi:id="_4768804665010836868696539650276_0"/><publish:package name="5LR Figures" publish:icon="29886449_icon.jpeg" publish:qualifiedname="mTOP-SM-SID-fragment::Logical View::Resource Domain::LogicalResource ABE::5LR Figures" xmi:id="_47688046650108369654654230099"/><publish:package name="CustomerFacing ServiceSpec ABE" publish:icon="29886449_icon.jpeg" publish:qualifiedname="mTOP-SM-SID-fragment::Logical View::Service Domain::Service Specification ABE::CustomerFacing ServiceSpec ABE" xmi:id="_47688046650108369379658660070_0"/><publish:package name="PhysicalResource ABE" publish:icon="29886449_icon.jpeg" publish:qualifiedname="mTOP-SM-SID-fragment::Logical View::Resource Domain::PhysicalResource ABE" xmi:id="_47688046650108368686965069303686"/><publish:package name="Service Addendum Figures MTOSI Additions" publish:icon="29886449_icon.jpeg" publish:qualifiedname="mTOP-SM-SID-fragment::Logical View::Service Domain::Service Addendum Figures MTOSI Additions" xmi:id="_4768804665010843701059650251"/><publish:package name="CustomerFacing Service Role ABE" publish:icon="29886449_icon.jpeg" publish:qualifiedname="mTOP-SM-SID-fragment::Logical View::Service Domain::CustomerFacing Service ABE::CustomerFacing Service Role ABE" xmi:id="_47688046650108369376569370016970_0"/><publish:package name="LogicalResource ABE" publish:icon="29886449_icon.jpeg" publish:qualifiedname="mTOP-SM-SID-fragment::Logical View::Resource Domain::LogicalResource ABE" xmi:id="_476880466501083686869650990115"/><publish:package name="ResourceRole System View ABE" publish:icon="29886449_icon.jpeg" publish:qualifiedname="mTOP-SM-SID-fragment::Logical View::Resource Domain::Resource ABE::ResourceRole System View ABE" xmi:id="_47688046650108369707097686026567"/><publish:package name="Logical Capacity ABE" publish:icon="29886449_icon.jpeg" publish:qualifiedname="mTOP-SM-SID-fragment::Logical View::Resource Domain::LogicalResource ABE::Logical Capacity ABE" xmi:id="_476880466501083686869653870006869"/><publish:package name="Service Maintenance ABE" publish:icon="29886449_icon.jpeg" publish:qualifiedname="mTOP-SM-SID-fragment::Logical View::Service Domain::Service ABE::Service Maintenance ABE" xmi:id="_4768804665010836937665080391"/><publish:package name="Management Information ABE" publish:icon="29886449_icon.jpeg" publish:qualifiedname="mTOP-SM-SID-fragment::Logical View::Resource Domain::Resource ABE::LogicalResource ABE::Management Information ABE" xmi:id="_4768804665010836965967565700153_0"/><publish:package name="Addendum Figures" publish:icon="29886449_icon.jpeg" publish:qualifiedname="mTOP-SM-SID-fragment::Logical View::Common Business Entities Domain::Location ABE::Addendum Figures" xmi:id="_4768804665010836986769676930318"/><publish:package name="Hardware ABE" publish:icon="29886449_icon.jpeg" publish:qualifiedname="mTOP-SM-SID-fragment::Logical View::Resource Domain::PhysicalResource ABE::Hardware ABE" xmi:id="_4768804665010836926736970201568"/><publish:package name="Logical Role ABE" publish:icon="29886449_icon.jpeg" publish:qualifiedname="mTOP-SM-SID-fragment::Logical View::Resource Domain::LogicalResource ABE::Logical Role ABE" xmi:id="_47688046650108368686965269102653_0"/><publish:package name="Product Domain" publish:icon="29886449_icon.jpeg" publish:qualifiedname="mTOP-SM-SID-fragment::Logical View::Product Domain" xmi:id="_4768804665010847688049603565"/><publish:package name="Hardware ABE" publish:icon="29886449_icon.jpeg" publish:qualifiedname="mTOP-SM-SID-fragment::Logical View::Resource Domain::Resource ABE::PhysicalResource ABE::Hardware ABE" xmi:id="_4768804665010836926736970201568_0"/><publish:package name="Auxiliary Component ABE" publish:icon="29886449_icon.jpeg" publish:qualifiedname="mTOP-SM-SID-fragment::Logical View::Resource Domain::Resource ABE::PhysicalResource ABE::Auxiliary Component ABE" xmi:id="_476880466501083692673667010021_0"/><publish:package name="Physical Component ABE" publish:icon="29886449_icon.jpeg" publish:qualifiedname="mTOP-SM-SID-fragment::Logical View::Resource Domain::PhysicalResource ABE::Physical Component ABE" xmi:id="_476880466501083692673674400067"/><publish:package name="CompoundResource Specification ABE" publish:icon="29886449_icon.jpeg" publish:qualifiedname="mTOP-SM-SID-fragment::Logical View::Resource Domain::Resource Specification ABE::CompoundResource Specification ABE" xmi:id="_4768804665010836970706504800652"/><publish:package name="Use Case View" publish:icon="29886449_icon.jpeg" publish:qualifiedname="mTOP-SM-SID-fragment::Use Case View" xmi:id="_47688046650108476880466501065"/><publish:package name="Equipment ABE" publish:icon="29886449_icon.jpeg" publish:qualifiedname="mTOP-SM-SID-fragment::Logical View::Resource Domain::Resource ABE::PhysicalResource ABE::Equipment ABE" xmi:id="_476880466501083692673693000169_0"/><publish:package name="CustomerFacing Service ABE" publish:icon="29886449_icon.jpeg" publish:qualifiedname="mTOP-SM-SID-fragment::Logical View::Service Domain::Service ABE::CustomerFacing Service ABE" xmi:id="_4768804665010836937965369036569_0"/><publish:package name="Logical View" publish:icon="29886449_icon.jpeg" publish:qualifiedname="mTOP-SM-SID-fragment::Logical View" xmi:id="_4768804665010847688046650109"/><publish:package name="Service Specification ABE" publish:icon="29886449_icon.jpeg" publish:qualifiedname="mTOP-SM-SID-fragment::Logical View::Service Domain::Service Specification ABE" xmi:id="_4768804665010836850919203674"/><publish:package name="CustomerFacing Service ABE" publish:icon="29886449_icon.jpeg" publish:qualifiedname="mTOP-SM-SID-fragment::Logical View::Service Domain::CustomerFacing Service ABE" xmi:id="_4768804665010836937965369036569"/><publish:package name="Symbology" publish:icon="29886449_icon.jpeg" publish:qualifiedname="mTOP-SM-SID-fragment::Logical View::Common Business Entities Domain::Location ABE::Entities::Geographic Place::Symbology" xmi:id="_476880466501083698677017700165"/><publish:package name="Product Specification ABE" publish:icon="29886449_icon.jpeg" publish:qualifiedname="mTOP-SM-SID-fragment::Logical View::Product Domain::Product Specification ABE" xmi:id="_4768804665010836866565655302674"/><publish:package name="ResourceFacing Service ABE" publish:icon="29886449_icon.jpeg" publish:qualifiedname="mTOP-SM-SID-fragment::Logical View::Service Domain::Service ABE::ResourceFacing Service ABE" xmi:id="_4768804665010836937965590226_0"/><publish:package name="Network ABE" publish:icon="29886449_icon.jpeg" publish:qualifiedname="mTOP-SM-SID-fragment::Logical View::Resource Domain::Resource ABE::LogicalResource ABE::Network ABE" xmi:id="_47688046650108369267322660390_0"/><publish:package name="Product, Service and Resource Domain Char Updates" publish:icon="29886449_icon.jpeg" publish:qualifiedname="mTOP-SM-SID-fragment::Logical View::Service Domain::Product, Service and Resource Domain Char Updates" xmi:id="_47688046650108442425440190"/><publish:package name="DeviceInterface ABE" publish:icon="29886449_icon.jpeg" publish:qualifiedname="mTOP-SM-SID-fragment::Logical View::Resource Domain::LogicalResource ABE::DeviceInterface ABE" xmi:id="_476880466501083692679466202702"/><publish:package name="Service Domain Char Updates" publish:icon="29886449_icon.jpeg" publish:qualifiedname="mTOP-SM-SID-fragment::Logical View::Service Domain::Product, Service and Resource Domain Char Updates::Service Domain Char Updates" xmi:id="_476880466501084424265690258"/><publish:package name="CustomerFacing Service Role ABE" publish:icon="29886449_icon.jpeg" publish:qualifiedname="mTOP-SM-SID-fragment::Logical View::Service Domain::CustomerFacing Service Role ABE" xmi:id="_47688046650108369376569370016970"/><publish:package name="Statistics ABE" publish:icon="29886449_icon.jpeg" publish:qualifiedname="mTOP-SM-SID-fragment::Logical View::Resource Domain::Resource ABE::LogicalResource ABE::Statistics ABE" xmi:id="_4768804665010836926763210199_0"/><publish:package name="Entity Identification ABE" publish:icon="29886449_icon.jpeg" publish:qualifiedname="mTOP-SM-SID-fragment::Logical View::Common Business Entities Domain::Root Business Entities ABE::Entity Identification ABE" xmi:id="_4768804665010837046567706102269"/><publish:package name="Resource Order ABE" publish:icon="29886449_icon.jpeg" publish:qualifiedname="mTOP-SM-SID-fragment::Logical View::Resource Domain::Resource ABE::Resource Order ABE" xmi:id="_47688046650108426829696930267"/><publish:package name="Contact" publish:icon="29886449_icon.jpeg" publish:qualifiedname="mTOP-SM-SID-fragment::Logical View::Common Business Entities Domain::Party ABE::Entities::Contact" xmi:id="_476880466501083699616670801663"/><publish:package name="Service Package ABE" publish:icon="29886449_icon.jpeg" publish:qualifiedname="mTOP-SM-SID-fragment::Logical View::Service Domain::Service Specification ABE::CustomerFacing ServiceSpec ABE::Service Package ABE" xmi:id="_476880466501083693765652680309_0"/><publish:package name="Signaling Protocol Entities" publish:icon="29886449_icon.jpeg" publish:qualifiedname="mTOP-SM-SID-fragment::Logical View::Service Domain::Protocol Service Entities::Signaling Protocol Entities" xmi:id="_4768804665010836937656716702270"/><publish:package name="Product ABE" publish:icon="29886449_icon.jpeg" publish:qualifiedname="mTOP-SM-SID-fragment::Logical View::Product Domain::Product ABE" xmi:id="_47688046650108368665656566800654"/><publish:package name="Entities" publish:icon="29886449_icon.jpeg" publish:qualifiedname="mTOP-SM-SID-fragment::Logical View::Common Business Entities Domain::Location ABE::Entities" xmi:id="_47688046650108369867696768000704"/><publish:package name="Product Price ABE" publish:icon="29886449_icon.jpeg" publish:qualifiedname="mTOP-SM-SID-fragment::Logical View::Product Domain::Product ABE::Product Price ABE" xmi:id="_4768804665010841677698570285"/><publish:package name="Application ABE" publish:icon="29886449_icon.jpeg" publish:qualifiedname="mTOP-SM-SID-fragment::Logical View::Service Domain::Service ABE::Application ABE" xmi:id="_4768804665010843829568670001"/><publish:package name="Management Information ABE" publish:icon="29886449_icon.jpeg" publish:qualifiedname="mTOP-SM-SID-fragment::Logical View::Resource Domain::LogicalResource ABE::Management Information ABE" xmi:id="_4768804665010836965967565700153"/><publish:package name="Routing Protocol Entities" publish:icon="29886449_icon.jpeg" publish:qualifiedname="mTOP-SM-SID-fragment::Logical View::Service Domain::Protocol Service Entities::Routing Protocol Entities" xmi:id="_47688046650108369376567320009"/><publish:package name="Common Business Entities Domain" publish:icon="29886449_icon.jpeg" publish:qualifiedname="mTOP-SM-SID-fragment::Logical View::Common Business Entities Domain" xmi:id="_47688046650108476880486026967"/><publish:package name="Resource Management ABE" publish:icon="29886449_icon.jpeg" publish:qualifiedname="mTOP-SM-SID-fragment::Logical View::Resource Domain::Resource ABE::Resource Management ABE" xmi:id="_4768804665010837000653510293"/><publish:package name="Auxiliary Component ABE" publish:icon="29886449_icon.jpeg" publish:qualifiedname="mTOP-SM-SID-fragment::Logical View::Resource Domain::PhysicalResource ABE::Auxiliary Component ABE" xmi:id="_476880466501083692673667010021"/><publish:package name="PhysicalResource ABE" publish:icon="29886449_icon.jpeg" publish:qualifiedname="mTOP-SM-SID-fragment::Logical View::Resource Domain::Resource ABE::PhysicalResource ABE" xmi:id="_47688046650108368686965069303686_0"/><publish:package name="ResourceFacing Service Role ABE" publish:icon="29886449_icon.jpeg" publish:qualifiedname="mTOP-SM-SID-fragment::Logical View::Service Domain::ResourceFacing Service Role ABE" xmi:id="_476880466501083693765694660124"/><publish:package name="Service Management ABE" publish:icon="29886449_icon.jpeg" publish:qualifiedname="mTOP-SM-SID-fragment::Logical View::Service Domain::Service ABE::Service Management ABE" xmi:id="_4768804665010837000653970007066"/><publish:package name="Logical Capacity ABE" publish:icon="29886449_icon.jpeg" publish:qualifiedname="mTOP-SM-SID-fragment::Logical View::Resource Domain::Resource ABE::LogicalResource ABE::Logical Capacity ABE" xmi:id="_476880466501083686869653870006869_0"/><publish:package name="Managed Transmission ABE" publish:icon="29886449_icon.jpeg" publish:qualifiedname="mTOP-SM-SID-fragment::Logical View::Resource Domain::LogicalResource ABE::Managed Transmission ABE" xmi:id="_47688046650108369267312401770"/><publish:package name="Entity Identifcation Figures" publish:icon="29886449_icon.jpeg" publish:qualifiedname="mTOP-SM-SID-fragment::Logical View::Common Business Entities Domain::Root Business Entities ABE::Entity Identifcation Figures" xmi:id="_476880466501083704656768656802664"/><publish:package name="Equipment Holder ABE" publish:icon="29886449_icon.jpeg" publish:qualifiedname="mTOP-SM-SID-fragment::Logical View::Resource Domain::PhysicalResource ABE::Equipment Holder ABE" xmi:id="_47688046650108369267367697003868"/><publish:package name="CustomerFacing ServiceSpec Role ABE" publish:icon="29886449_icon.jpeg" publish:qualifiedname="mTOP-SM-SID-fragment::Logical View::Service Domain::Service Specification ABE::CustomerFacing ServiceSpec ABE::CustomerFacing ServiceSpec Role ABE" xmi:id="_4768804665010836937661970222_0"/><publish:package name="Component View" publish:icon="29886449_icon.jpeg" publish:qualifiedname="mTOP-SM-SID-fragment::Component View" xmi:id="_47688046650108476880466501066"/><publish:package name="Statistics ABE" publish:icon="29886449_icon.jpeg" publish:qualifiedname="mTOP-SM-SID-fragment::Logical View::Resource Domain::LogicalResource ABE::Statistics ABE" xmi:id="_4768804665010836926763210199"/><publish:package name="Logical Role ABE" publish:icon="29886449_icon.jpeg" publish:qualifiedname="mTOP-SM-SID-fragment::Logical View::Resource Domain::Resource ABE::LogicalResource ABE::Logical Role ABE" xmi:id="_47688046650108368686965269102653_1"/><publish:package name="Routed Protocol Entities" publish:icon="29886449_icon.jpeg" publish:qualifiedname="mTOP-SM-SID-fragment::Logical View::Service Domain::Protocol Service Entities::Routed Protocol Entities" xmi:id="_4768804665010836937656726016666"/><publish:package name="Managed Transmission ABE" publish:icon="29886449_icon.jpeg" publish:qualifiedname="mTOP-SM-SID-fragment::Logical View::Resource Domain::Resource ABE::LogicalResource ABE::Managed Transmission ABE" xmi:id="_47688046650108369267312401770_0"/><publish:package name="Device Protocol Association ABE" publish:icon="29886449_icon.jpeg" publish:qualifiedname="mTOP-SM-SID-fragment::Logical View::Resource Domain::Resource ABE::LogicalResource ABE::Device Protocol Association ABE" xmi:id="_476880466501083696118676501765_0"/><publish:package name="Service Level Specification Addendum FIgures" publish:icon="29886449_icon.jpeg" publish:qualifiedname="mTOP-SM-SID-fragment::Logical View::Service Domain::Service Level Spec ABE::Service Level Specification Addendum FIgures" xmi:id="_47688046650108368596661680357"/><publish:package name="Service ABE" publish:icon="29886449_icon.jpeg" publish:qualifiedname="mTOP-SM-SID-fragment::Logical View::Service Domain::Service ABE" xmi:id="_476880466501083685091860236"/><publish:package name="OpenGisSFS" publish:icon="29886449_icon.jpeg" publish:qualifiedname="mTOP-SM-SID-fragment::Logical View::Common Business Entities Domain::Location ABE::OpenGisSFS" xmi:id="_47688046650108367652776690208"/><publish:package name="Network ABE" publish:icon="29886449_icon.jpeg" publish:qualifiedname="mTOP-SM-SID-fragment::Logical View::Resource Domain::LogicalResource ABE::Network ABE" xmi:id="_47688046650108369267322660390"/><publish:package name="Protocol Service ABE" publish:icon="29886449_icon.jpeg" publish:qualifiedname="mTOP-SM-SID-fragment::Logical View::Resource Domain::LogicalResource ABE::Protocol Service ABE" xmi:id="_4768804665010836926735697001684"/><publish:package name="Protocol Service ABE" publish:icon="29886449_icon.jpeg" publish:qualifiedname="mTOP-SM-SID-fragment::Logical View::Resource Domain::Resource ABE::LogicalResource ABE::Protocol Service ABE" xmi:id="_4768804665010836926735697001684_0"/><publish:package name="Root Business Entities ABE" publish:icon="29886449_icon.jpeg" publish:qualifiedname="mTOP-SM-SID-fragment::Logical View::Common Business Entities Domain::Root Business Entities ABE" xmi:id="_476880466501083677068706980295"/><publish:package name="Resource Specification ABE" publish:icon="29886449_icon.jpeg" publish:qualifiedname="mTOP-SM-SID-fragment::Logical View::Resource Domain::Resource Specification ABE" xmi:id="_4768804665010836965567676830232"/><publish:package name="Identification" publish:icon="29886449_icon.jpeg" publish:qualifiedname="mTOP-SM-SID-fragment::Logical View::Common Business Entities Domain::Party ABE::Entities::Identification" xmi:id="_47688046650108369961665202070"/><publish:package name="Deployment View" publish:icon="29886449_icon.jpeg" publish:qualifiedname="mTOP-SM-SID-fragment::Deployment View" xmi:id="_47688046650108476880466501067"/><publish:package name="ResourceFacing Service Role ABE" publish:icon="29886449_icon.jpeg" publish:qualifiedname="mTOP-SM-SID-fragment::Logical View::Service Domain::ResourceFacing Service ABE::ResourceFacing Service Role ABE" xmi:id="_476880466501083693765694660124_0"/><publish:package name="5PR Addendum Figures" publish:icon="29886449_icon.jpeg" publish:qualifiedname="mTOP-SM-SID-fragment::Logical View::Resource Domain::Resource ABE::PhysicalResource ABE::5PR Addendum Figures" xmi:id="_47688046650108369692167640292_0"/><publish:package name="Location ABE" publish:icon="29886449_icon.jpeg" publish:qualifiedname="mTOP-SM-SID-fragment::Logical View::Common Business Entities Domain::Location ABE" xmi:id="_476880466501083698676967766006868"/><publish:package name="Resource ABE" publish:icon="29886449_icon.jpeg" publish:qualifiedname="mTOP-SM-SID-fragment::Logical View::Resource Domain::Resource ABE" xmi:id="_47688046650108430656867580046"/><publish:package name="LogicalResource Specification ABE" publish:icon="29886449_icon.jpeg" publish:qualifiedname="mTOP-SM-SID-fragment::Logical View::Resource Domain::Resource Specification ABE::LogicalResource Specification ABE" xmi:id="_4768804665010836926758840228"/><publish:package name="PhysicalResource Specification ABE" publish:icon="29886449_icon.jpeg" publish:qualifiedname="mTOP-SM-SID-fragment::Logical View::Resource Domain::Resource Specification ABE::PhysicalResource Specification ABE" xmi:id="_4768804665010836868696537070337"/><publish:package name="Service Level Spec ABE" publish:icon="29886449_icon.jpeg" publish:qualifiedname="mTOP-SM-SID-fragment::Logical View::Service Domain::Service Level Spec ABE" xmi:id="_476880466501083696616876680071"/><publish:package name="Example1" publish:icon="29886449_icon.jpeg" publish:qualifiedname="mTOP-SM-SID-fragment::Logical View::Common Business Entities Domain::Base Types ABE::Example1" xmi:id="_4768804665010836887065690900669"/></publish:packages>