<?xml version="1.0" encoding="UTF-8"?><uml:Model xmlns:uml="http://www.eclipse.org/uml2/1.0.0/UML" xmlns:publish="http://www.ibm.com/Rational/XTools/Publish" xmlns:xmi="http://www.omg.org/XMI" xmlns:com.ibm.xtools.notation="http:///com/ibm/xtools/notation.ecore" xmlns:xsi="http://www.w3.org/2001/XMLSchema-instance" name="mTOP-SM-SID-fragment" publish:diagramFormat="GIF" publish:icon="7211089_icon.jpeg" publish:modelname="mTOP-SM-SID-fragment" publish:profiles="Standard, Default, Deployment, Rose" publish:qualifiedname="mTOP-SM-SID-fragment" publish:sortOrder="storage" publish:toplevelguid="47688046650108" xmi:id="47688046650108" xmi:version="2.0" xsi:type="uml:Model"><publish:properties><publish:property name="Alias" publish:category="UML" publish:description="Alias property of the UML element"/><publish:property name="Keywords" publish:category="UML" publish:description="Keywords property of the UML element"/><publish:property name="Name" publish:category="UML" publish:description="The Name of the Named Element" publish:value="mTOP-SM-SID-fragment"/><publish:property name="Name Expression" publish:category="UML" publish:description="The Name Expression of the Named Element"/><publish:property name="Namespace" publish:category="UML" publish:description="The Namespace of the Named Element"/><publish:property name="Nesting Package" publish:category="UML" publish:description="The Nesting Package of the Package"/><publish:property name="Owned Template Signature" publish:category="UML" publish:description="The Owned Template Signature of the Templateable Element"/><publish:property name="Owner" publish:category="UML" publish:description="The Owner of the Element"/><publish:property name="Owning Template Parameter" publish:category="UML" publish:description="The Owning Template Parameter of the Parameterable Element"/><publish:property name="Qualified Name" publish:category="UML" publish:description="The Qualified Name of the Named Element" publish:value="mTOP-SM-SID-fragment"/><publish:property name="Stereotype" publish:category="UML"/><publish:property name="Template Parameter" publish:category="UML" publish:description="The Template Parameter of the Parameterable Element"/><publish:property name="Viewpoint" publish:category="UML" publish:description="The Viewpoint of the Model"/><publish:property name="Visibility" publish:category="UML" publish:description="The Visibility of the Named Element" publish:value="Public"/></publish:properties><appliedProfiles><profile name="Standard" visibility="public"/><profile name="Default" visibility="public"/><profile name="Deployment" visibility="public"/><profile name="Rose" visibility="public"/></appliedProfiles><packageImport name="&lt;Unnamed PackageImport&gt;" publish:icon="26544203_icon.jpeg" publish:qualifiedname="mTOP-SM-SID-fragment::&lt;PackageImport&gt;" xmi:id="_79218100_68_691001211068611511731191041143103103" xsi:type="uml:PackageImport"><publish:properties><publish:property name="Imported Package" publish:category="UML" publish:description="The Imported Package of the Package Import" publish:value="&lt;&lt;modelLibrary&gt;&gt; &lt;Model&gt; UML Primitive Types"/><publish:property name="Importing Namespace" publish:category="UML" publish:description="The Importing Namespace of the Package Import" publish:value="&lt;Model&gt; mTOP-SM-SID-fragment"/><publish:property name="Keywords" publish:category="UML" publish:description="Keywords property of the UML element"/><publish:property name="Owner" publish:category="UML" publish:description="The Owner of the Element" publish:value="&lt;Model&gt; mTOP-SM-SID-fragment"/><publish:property name="Stereotype" publish:category="UML"/><publish:property name="Visibility" publish:category="UML" publish:description="The Visibility of the Package Import" publish:value="Public"/></publish:properties></packageImport><packageImport name="&lt;Unnamed PackageImport&gt;" publish:icon="26544203_icon.jpeg" publish:qualifiedname="mTOP-SM-SID-fragment::&lt;PackageImport&gt;" xmi:id="_811066612010010268_691001211068611511731191041143103103" xsi:type="uml:PackageImport"><publish:properties><publish:property name="Imported Package" publish:category="UML" publish:description="The Imported Package of the Package Import" publish:value="&lt;&lt;modelLibrary&gt;&gt; &lt;Model&gt; RoseAnalysisDatatypes"/><publish:property name="Importing Namespace" publish:category="UML" publish:description="The Importing Namespace of the Package Import" publish:value="&lt;Model&gt; mTOP-SM-SID-fragment"/><publish:property name="Keywords" publish:category="UML" publish:description="Keywords property of the UML element"/><publish:property name="Owner" publish:category="UML" publish:description="The Owner of the Element" publish:value="&lt;Model&gt; mTOP-SM-SID-fragment"/><publish:property name="Stereotype" publish:category="UML"/><publish:property name="Visibility" publish:category="UML" publish:description="The Visibility of the Package Import" publish:value="Public"/></publish:properties></packageImport></uml:Model>