<?xml version="1.0" encoding="UTF-8"?><packagedElement xmlns:publish="http://www.ibm.com/Rational/XTools/Publish" xmlns:xmi="http://www.omg.org/XMI" xmlns:com.ibm.xtools.notation="http:///com/ibm/xtools/notation.ecore" xmlns:uml="http://www.eclipse.org/uml2/1.0.0/UML" xmlns:xsi="http://www.w3.org/2001/XMLSchema-instance" name="Logical Capacity ABE" publish:diagramFormat="GIF" publish:icon="29886449_icon.jpeg" publish:modelname="mTOP-SM-SID-fragment" publish:qualifiedname="mTOP-SM-SID-fragment::Logical View::Resource Domain::LogicalResource ABE::Logical Capacity ABE" publish:sortOrder="storage" publish:toplevelguid="47688046650108" xmi:id="_476880466501083686869653870006869" xmi:version="2.0" xsi:type="uml:Package"><publish:properties><publish:property name="Alias" publish:category="UML" publish:description="Alias property of the UML element"/><publish:property name="Keywords" publish:category="UML" publish:description="Keywords property of the UML element"/><publish:property name="Name" publish:category="UML" publish:description="The Name of the Named Element" publish:value="Logical Capacity ABE"/><publish:property name="Name Expression" publish:category="UML" publish:description="The Name Expression of the Named Element"/><publish:property name="Namespace" publish:category="UML" publish:description="The Namespace of the Named Element" publish:value="&lt;Package&gt; LogicalResource ABE"/><publish:property name="Nesting Package" publish:category="UML" publish:description="The Nesting Package of the Package" publish:value="&lt;Package&gt; LogicalResource ABE"/><publish:property name="Owned Template Signature" publish:category="UML" publish:description="The Owned Template Signature of the Templateable Element"/><publish:property name="Owner" publish:category="UML" publish:description="The Owner of the Element" publish:value="&lt;Package&gt; LogicalResource ABE"/><publish:property name="Owning Template Parameter" publish:category="UML" publish:description="The Owning Template Parameter of the Parameterable Element"/><publish:property name="Qualified Name" publish:category="UML" publish:description="The Qualified Name of the Named Element" publish:value="mTOP-SM-SID-fragment::Logical View::Resource Domain::LogicalResource ABE::Logical Capacity ABE"/><publish:property name="Stereotype" publish:category="UML"/><publish:property name="Template Parameter" publish:category="UML" publish:description="The Template Parameter of the Parameterable Element"/><publish:property name="Visibility" publish:category="UML" publish:description="The Visibility of the Named Element" publish:value="Public"/></publish:properties></packagedElement>