<?xml version="1.0" encoding="UTF-8"?><packagedElement name="PhysicalResource ABE" diagramFormat="GIF" xmlns:publish="http://www.ibm.com/Rational/XTools/Publish" publish:icon="-620419446_icon.png" publish:modelname="mTOP-SM-SID-fragment" publish:qualifiedname="mTOP-SM-SID-fragment::Logical View::Resource Domain::Resource ABE::PhysicalResource ABE" publish:sortOrder="storage" publish:toplevelguid="47D8046A0108" xmlns:xmi="http://www.omg.org/XMI" xmi:id="_47D8046A01083DDEA0E303D6_0" xmi:version="2.0" xmlns:com.ibm.xtools.notation="http:///com/ibm/xtools/notation.ecore" xmlns:uml="http://www.eclipse.org/uml2/1.0.0/UML" xmlns:xsi="http://www.w3.org/2001/XMLSchema-instance" xsi:type="uml:Package"><publish:properties><publish:property name="Alias" publish:category="UML" publish:description="Alias property of the UML element"/><publish:property name="Keywords" publish:category="UML" publish:description="Keywords property of the UML element"/><publish:property name="Name" publish:category="UML" publish:description="The Name of the Named Element" publish:value="PhysicalResource ABE"/><publish:property name="Name Expression" publish:category="UML" publish:description="The Name Expression of the Named Element"/><publish:property name="Namespace" publish:category="UML" publish:description="The Namespace of the Named Element" publish:ismodellink="false" publish:value="&lt;Package&gt; Resource ABE" xmi:id="_47D8046A0108430ADC580046"/><publish:property name="Nesting Package" publish:category="UML" publish:description="The Nesting Package of the Package" publish:ismodellink="false" publish:value="&lt;Package&gt; Resource ABE" xmi:id="_47D8046A0108430ADC580046"/><publish:property name="Owned Template Signature" publish:category="UML" publish:description="The Owned Template Signature of the Templateable Element"/><publish:property name="Owner" publish:category="UML" publish:description="The Owner of the Element" publish:ismodellink="false" publish:value="&lt;Package&gt; Resource ABE" xmi:id="_47D8046A0108430ADC580046"/><publish:property name="Owning Template Parameter" publish:category="UML" publish:description="The Owning Template Parameter of the Parameterable Element"/><publish:property name="Qualified Name" publish:category="UML" publish:description="The Qualified Name of the Named Element" publish:value="mTOP-SM-SID-fragment::Logical View::Resource Domain::Resource ABE::PhysicalResource ABE"/><publish:property name="Stereotype" publish:category="UML"/><publish:property name="Template Parameter" publish:category="UML" publish:description="The Template Parameter of the Parameterable Element"/><publish:property name="Visibility" publish:category="UML" publish:description="The Visibility of the Named Element" publish:value="Public"/></publish:properties><contents Type="Class" isDefault="true" name="Router" publish:icon="-1627052540_icon.png" publish:imageType="GIF" publish:qualifiedname="mTOP-SM-SID-fragment::Logical View::Resource Domain::Resource ABE::PhysicalResource ABE::Router" xmi:id="_47D8046A010843064B6C01CE" xsi:type="notation:Diagram"><publish:properties><publish:property name="Measurement Unit" publish:category="View" publish:description="The Measurement Unit of the Diagram" publish:value="Himetric"/><publish:property name="Name" publish:category="View" publish:description="The Name of the Diagram" publish:value="Router"/><publish:property name="Styles" publish:category="View" publish:description="The Styles of the View"/></publish:properties><publish:partInfo name="Resource" publish:ismodellink="false" publish:partLowerX="388" publish:partLowerY="47" publish:partUpperX="314" publish:partUpperY="0" shape="rect" xmi:id="_47D8046A01083DDE851703CB"/><publish:partInfo name="Resource" publish:ismodellink="false" publish:partLowerX="388" publish:partLowerY="47" publish:partUpperX="314" publish:partUpperY="0" shape="rect" xmi:id="_47D8046A01083DDE851703CB"/></contents><ownedComment annotatedElement="_47D8046A01083DDEA0E303D6_0" body="The Resource ABE contains entities that are used to represent the various aspects of a Resource.&#10;&#10;PhysicalResource entities are sets of entities that represent the physical aspects of a Resource. This is important to enable the SID to build a set of reusable managed entities that can be used to model the physical aspects of different types of Resources.&#10;" isDocumentation="true" isURL="false" name="&lt;Unnamed Comment&gt;" publish:icon="956637791_icon.png" publish:qualifiedname="mTOP-SM-SID-fragment::Logical View::Resource Domain::Resource ABE::PhysicalResource ABE::&lt;Comment&gt;" xmi:id="_R.uIS.oPD_E.d.y.jV.s.u3.w.h.r3.g.g" xsi:type="uml:Comment"><publish:properties><publish:property name="Body" publish:category="UML" publish:description="The Body of the Comment" publish:value="The Resource ABE contains entities that are used to represent the various aspects of a Resource...."/><publish:property name="Keywords" publish:category="UML" publish:description="Keywords property of the UML element"/><publish:property name="Owner" publish:category="UML" publish:description="The Owner of the Element" publish:ismodellink="false" publish:value="&lt;Package&gt; PhysicalResource ABE" xmi:id="_47D8046A01083DDEA0E303D6_0"/><publish:property name="Stereotype" publish:category="UML" publish:value="documentation"/></publish:properties></ownedComment><packagedElement name="PhysicalResource" publish:icon="1627724098_icon.png" publish:qualifiedname="mTOP-SM-SID-fragment::Logical View::Resource Domain::Resource ABE::PhysicalResource ABE::PhysicalResource" xmi:id="_47D8046A01083CDAA53A023C_0" xsi:type="uml:Class"><publish:properties><publish:property name="Alias" publish:category="UML" publish:description="Alias property of the UML element"/><publish:property name="Classifier Behavior" publish:category="UML" publish:description="The Classifier Behavior of the Behaviored Classifier"/><publish:property name="Is Abstract" publish:category="UML" publish:description="The Is Abstract of the Classifier" publish:value="true"/><publish:property name="Is Active" publish:category="UML" publish:description="The Is Active of the Class" publish:value="false"/><publish:property name="Is Leaf" publish:category="UML" publish:description="The Is Leaf of the Redefinable Element" publish:value="false"/><publish:property name="Keywords" publish:category="UML" publish:description="Keywords property of the UML element"/><publish:property name="Name" publish:category="UML" publish:description="The Name of the Named Element" publish:value="PhysicalResource"/><publish:property name="Name Expression" publish:category="UML" publish:description="The Name Expression of the Named Element"/><publish:property name="Namespace" publish:category="UML" publish:description="The Namespace of the Named Element" publish:ismodellink="false" publish:value="&lt;Package&gt; PhysicalResource ABE" xmi:id="_47D8046A01083DDEA0E303D6_0"/><publish:property name="Owned Template Signature" publish:category="UML" publish:description="The Owned Template Signature of the Templateable Element"/><publish:property name="Owner" publish:category="UML" publish:description="The Owner of the Element" publish:ismodellink="false" publish:value="&lt;Package&gt; PhysicalResource ABE" xmi:id="_47D8046A01083DDEA0E303D6_0"/><publish:property name="Owning Template Parameter" publish:category="UML" publish:description="The Owning Template Parameter of the Parameterable Element"/><publish:property name="Package" publish:category="UML" publish:description="The Package of the Type" publish:ismodellink="false" publish:value="&lt;Package&gt; PhysicalResource ABE" xmi:id="_47D8046A01083DDEA0E303D6_0"/><publish:property name="Qualified Name" publish:category="UML" publish:description="The Qualified Name of the Named Element" publish:value="mTOP-SM-SID-fragment::Logical View::Resource Domain::Resource ABE::PhysicalResource ABE::PhysicalResource"/><publish:property name="Representation" publish:category="UML" publish:description="The Representation of the Classifier"/><publish:property name="Stereotype" publish:category="UML"/><publish:property name="Template Parameter" publish:category="UML" publish:description="The Template Parameter of the Parameterable Element"/><publish:property name="Visibility" publish:category="UML" publish:description="The Visibility of the Named Element" publish:value="Public"/></publish:properties><ancestor name="Resource" publish:icon="1627724098_icon.png" publish:qualifiedname="mTOP-SM-SID-fragment::Logical View::Resource Domain::Resource ABE::Resource" xmi:id="_47D8046A01083DDE851703CB" xsi:type="uml:Class"><inheritedAttribute anchor="#_47D8046A01083E3BED02039F" name="_managementDomain" publish:icon="-1358617930_icon.png" publish:qualifiedname="mTOP-SM-SID-fragment::Logical View::Resource Domain::Resource ABE::Resource::_managementDomain" xmi:id="_47D8046A01083DDE851703CB" xsi:type="uml:Property"/><inheritedAttribute anchor="#_47D8046A01083C7AD5BB0260" name="_product" publish:icon="-1358617930_icon.png" publish:qualifiedname="mTOP-SM-SID-fragment::Logical View::Resource Domain::Resource ABE::Resource::_product" xmi:id="_47D8046A01083DDE851703CB" xsi:type="uml:Property"/><inheritedAttribute anchor="#_47D8046A01084433D76D02CF" name="_serviceAccessPoint" publish:icon="-1358617930_icon.png" publish:qualifiedname="mTOP-SM-SID-fragment::Logical View::Resource Domain::Resource ABE::Resource::_serviceAccessPoint" xmi:id="_47D8046A01083DDE851703CB" xsi:type="uml:Property"/><inheritedAttribute anchor="#_47D8046A01084433D772011A" name="_geographicPlace" publish:icon="-1358617930_icon.png" publish:qualifiedname="mTOP-SM-SID-fragment::Logical View::Resource Domain::Resource ABE::Resource::_geographicPlace" xmi:id="_47D8046A01083DDE851703CB" xsi:type="uml:Property"/><inheritedAttribute anchor="#_47D8046A01083CDA9E0C0394" name="usageState" publish:icon="-1358617930_icon.png" publish:qualifiedname="mTOP-SM-SID-fragment::Logical View::Resource Domain::Resource ABE::Resource::usageState" xmi:id="_47D8046A01083DDE851703CB" xsi:type="uml:Property"/><inheritedAttribute anchor="#_47D8046A01083DDEC6D202AF" name="_resourceSpecification" publish:icon="-1358617930_icon.png" publish:qualifiedname="mTOP-SM-SID-fragment::Logical View::Resource Domain::Resource ABE::Resource::_resourceSpecification" xmi:id="_47D8046A01083DDE851703CB" xsi:type="uml:Property"/></ancestor><ancestor name="ManagedEntity" publish:icon="1627724098_icon.png" publish:qualifiedname="mTOP-SM-SID-fragment::Logical View::Common Business Entities Domain::Root Business Entities ABE::ManagedEntity" xmi:id="_47D8046A01083DDE84F30225" xsi:type="uml:Class"><inheritedAttribute anchor="#_47D8046A01083DDE8E85007E" name="managementMethodCurrent" publish:icon="-1358617930_icon.png" publish:qualifiedname="mTOP-SM-SID-fragment::Logical View::Common Business Entities Domain::Root Business Entities ABE::ManagedEntity::managementMethodCurrent" xmi:id="_47D8046A01083DDE84F30225" xsi:type="uml:Property"/><inheritedAttribute anchor="#_47D8046A01083DDE8EB0004E" name="managementMethodSupported" publish:icon="-1358617930_icon.png" publish:qualifiedname="mTOP-SM-SID-fragment::Logical View::Common Business Entities Domain::Root Business Entities ABE::ManagedEntity::managementMethodSupported" xmi:id="_47D8046A01083DDE84F30225" xsi:type="uml:Property"/><inheritedAttribute anchor="#_47D8046A01083DDFB1A40051" name="_managementDomain" publish:icon="-1358617930_icon.png" publish:qualifiedname="mTOP-SM-SID-fragment::Logical View::Common Business Entities Domain::Root Business Entities ABE::ManagedEntity::_managementDomain" xmi:id="_47D8046A01083DDE84F30225" xsi:type="uml:Property"/><inheritedAttribute anchor="#_47D8046A01083DDEC7C401DB" name="_entitySpecification" publish:icon="-1358617930_icon.png" publish:qualifiedname="mTOP-SM-SID-fragment::Logical View::Common Business Entities Domain::Root Business Entities ABE::ManagedEntity::_entitySpecification" xmi:id="_47D8046A01083DDE84F30225" xsi:type="uml:Property"/><inheritedAttribute anchor="#_47D8046A01083E982D4D009C" name="_entityRole" publish:icon="-1358617930_icon.png" publish:qualifiedname="mTOP-SM-SID-fragment::Logical View::Common Business Entities Domain::Root Business Entities ABE::ManagedEntity::_entityRole" xmi:id="_47D8046A01083DDE84F30225" xsi:type="uml:Property"/><inheritedAttribute anchor="#_47D8046A01083EA9EABA02F6" name="&lt;Unnamed Property&gt;" publish:icon="-1358617930_icon.png" publish:qualifiedname="mTOP-SM-SID-fragment::Logical View::Common Business Entities Domain::Root Business Entities ABE::ManagedEntity::&lt;Property&gt;" xmi:id="_47D8046A01083DDE84F30225" xsi:type="uml:Property"/><inheritedAttribute anchor="#_47D8046A01083EA9E36D00A8" name="_managementInfo" publish:icon="-1358617930_icon.png" publish:qualifiedname="mTOP-SM-SID-fragment::Logical View::Common Business Entities Domain::Root Business Entities ABE::ManagedEntity::_managementInfo" xmi:id="_47D8046A01083DDE84F30225" xsi:type="uml:Property"/></ancestor><ancestor name="Entity" publish:icon="1627724098_icon.png" publish:qualifiedname="mTOP-SM-SID-fragment::Logical View::Common Business Entities Domain::Root Business Entities ABE::Entity" xmi:id="_47D8046A01083DDE84EE01B9" xsi:type="uml:Class"><inheritedAttribute anchor="#_47D8046A01083DDE8EE201E0" name="version" publish:icon="-1358617930_icon.png" publish:qualifiedname="mTOP-SM-SID-fragment::Logical View::Common Business Entities Domain::Root Business Entities ABE::Entity::version" xmi:id="_47D8046A01083DDE84EE01B9" xsi:type="uml:Property"/><inheritedAttribute anchor="#_47D8046A0108438293930370" name="_entitySpecification" publish:icon="-1358617930_icon.png" publish:qualifiedname="mTOP-SM-SID-fragment::Logical View::Common Business Entities Domain::Root Business Entities ABE::Entity::_entitySpecification" xmi:id="_47D8046A01083DDE84EE01B9" xsi:type="uml:Property"/></ancestor><ancestor name="RootEntity" publish:icon="1627724098_icon.png" publish:qualifiedname="mTOP-SM-SID-fragment::Logical View::Common Business Entities Domain::Root Business Entities ABE::RootEntity" xmi:id="_47D8046A01083CDA9E0C0384" xsi:type="uml:Class"><inheritedAttribute anchor="#_47D8046A01083CDA9E0C038E" name="commonName" publish:icon="-1358617930_icon.png" publish:qualifiedname="mTOP-SM-SID-fragment::Logical View::Common Business Entities Domain::Root Business Entities ABE::RootEntity::commonName" xmi:id="_47D8046A01083CDA9E0C0384" xsi:type="uml:Property"/><inheritedAttribute anchor="#_47D8046A01083CDA9E0C038F" name="description" publish:icon="-1358617930_icon.png" publish:qualifiedname="mTOP-SM-SID-fragment::Logical View::Common Business Entities Domain::Root Business Entities ABE::RootEntity::description" xmi:id="_47D8046A01083CDA9E0C0384" xsi:type="uml:Property"/><inheritedAttribute anchor="#_47D8046A01083CDA9E0C0390" name="objectID" publish:icon="-1358617930_icon.png" publish:qualifiedname="mTOP-SM-SID-fragment::Logical View::Common Business Entities Domain::Root Business Entities ABE::RootEntity::objectID" xmi:id="_47D8046A01083CDA9E0C0384" xsi:type="uml:Property"/><inheritedOperation anchor="#_47D8046A01083CDA9E0C0385" name="getCommonName" publish:icon="-1425726802_icon.png" publish:qualifiedname="mTOP-SM-SID-fragment::Logical View::Common Business Entities Domain::Root Business Entities ABE::RootEntity::getCommonName" xmi:id="_47D8046A01083CDA9E0C0384" xsi:type="uml:Operation"/><inheritedOperation anchor="#_47D8046A01083CDA9E0C0386" name="setCommonName" publish:icon="-1425726802_icon.png" publish:qualifiedname="mTOP-SM-SID-fragment::Logical View::Common Business Entities Domain::Root Business Entities ABE::RootEntity::setCommonName" xmi:id="_47D8046A01083CDA9E0C0384" xsi:type="uml:Operation"/><inheritedOperation anchor="#_47D8046A01083CDA9E0C0388" name="getDescription" publish:icon="-1425726802_icon.png" publish:qualifiedname="mTOP-SM-SID-fragment::Logical View::Common Business Entities Domain::Root Business Entities ABE::RootEntity::getDescription" xmi:id="_47D8046A01083CDA9E0C0384" xsi:type="uml:Operation"/><inheritedOperation anchor="#_47D8046A01083CDA9E0C0389" name="setDescription" publish:icon="-1425726802_icon.png" publish:qualifiedname="mTOP-SM-SID-fragment::Logical View::Common Business Entities Domain::Root Business Entities ABE::RootEntity::setDescription" xmi:id="_47D8046A01083CDA9E0C0384" xsi:type="uml:Operation"/><inheritedOperation anchor="#_47D8046A01083CDA9E0C038B" name="getObjectID" publish:icon="-1425726802_icon.png" publish:qualifiedname="mTOP-SM-SID-fragment::Logical View::Common Business Entities Domain::Root Business Entities ABE::RootEntity::getObjectID" xmi:id="_47D8046A01083CDA9E0C0384" xsi:type="uml:Operation"/><inheritedOperation anchor="#_47D8046A01083CDA9E0C038C" name="setObjectID" publish:icon="-1425726802_icon.png" publish:qualifiedname="mTOP-SM-SID-fragment::Logical View::Common Business Entities Domain::Root Business Entities ABE::RootEntity::setObjectID" xmi:id="_47D8046A01083CDA9E0C0384" xsi:type="uml:Operation"/></ancestor><ownedComment annotatedElement="_47D8046A01083CDAA53A023C_0" body="This is an abstract base class for describing different types of hardware that constitute a Product. It has two main purposes: (1) to collect common attributes and relationships for all hardware, and (2) to provide a convenient, single point where relationships with other managed objects can be defined.&#10;&#10;The HasWarrantyInfo association (not shown) describes warranty information of hardware.&#10;" isDocumentation="true" isURL="false" name="&lt;Unnamed Comment&gt;" publish:icon="956637791_icon.png" publish:qualifiedname="mTOP-SM-SID-fragment::Logical View::Resource Domain::Resource ABE::PhysicalResource ABE::PhysicalResource::&lt;Comment&gt;" xmi:id="_R.uIS.o_D_E.d.y.jV.s.u3.w.h.r3.g.g" xsi:type="uml:Comment"><publish:properties><publish:property name="Body" publish:category="UML" publish:description="The Body of the Comment" publish:value="This is an abstract base class for describing different types of hardware that constitute a Product. It has two main purposes: (1) to collect common attributes and relationships for all hardware, and (2) to provide a convenient, single point where relationships with other managed objects can be defined...."/><publish:property name="Keywords" publish:category="UML" publish:description="Keywords property of the UML element"/><publish:property name="Owner" publish:category="UML" publish:description="The Owner of the Element" publish:ismodellink="false" publish:value="&lt;Class&gt; PhysicalResource" xmi:id="_47D8046A01083CDAA53A023C_0"/><publish:property name="Stereotype" publish:category="UML" publish:value="documentation"/></publish:properties></ownedComment><generalization name="&lt;Unnamed Generalization&gt;" publish:icon="1896161996_icon.png" publish:qualifiedname="mTOP-SM-SID-fragment::Logical View::Resource Domain::Resource ABE::PhysicalResource ABE::PhysicalResource::&lt;Generalization&gt;" xmi:id="_47D8046A01083DDE855B0365_0" xsi:type="uml:Generalization"><publish:properties><publish:property name="General" publish:category="UML" publish:description="The General of the Generalization" publish:ismodellink="false" publish:value="&lt;Class&gt; Resource" xmi:id="_47D8046A01083DDE851703CB"/><publish:property name="Is Substitutable" publish:category="UML" publish:description="The Is Substitutable of the Generalization" publish:value="false"/><publish:property name="Keywords" publish:category="UML" publish:description="Keywords property of the UML element"/><publish:property name="Owner" publish:category="UML" publish:description="The Owner of the Element" publish:ismodellink="false" publish:value="&lt;Class&gt; PhysicalResource" xmi:id="_47D8046A01083CDAA53A023C_0"/><publish:property name="Specific" publish:category="UML" publish:description="The Specific of the Generalization" publish:ismodellink="false" publish:value="&lt;Class&gt; PhysicalResource" xmi:id="_47D8046A01083CDAA53A023C_0"/><publish:property name="Stereotype" publish:category="UML"/></publish:properties></generalization><ownedAttribute name="manufactureDate" publish:icon="-1358617930_icon.png" publish:qualifiedname="mTOP-SM-SID-fragment::Logical View::Resource Domain::Resource ABE::PhysicalResource ABE::PhysicalResource::manufactureDate" publish:type="String" xmi:id="_47D8046A01083CDAA4DD015E_0" xsi:type="uml:Property"><publish:properties><publish:property name="Aggregation" publish:category="UML" publish:description="The Aggregation of the Property" publish:value="None"/><publish:property name="Alias" publish:category="UML" publish:description="Alias property of the UML element"/><publish:property name="Association" publish:category="UML" publish:description="The Association of the Property"/><publish:property name="Association End" publish:category="UML" publish:description="The Association End of the Property"/><publish:property name="Class" publish:category="UML" publish:description="The Class of the Property" publish:ismodellink="false" publish:value="&lt;Class&gt; PhysicalResource" xmi:id="_47D8046A01083CDAA53A023C_0"/><publish:property name="Datatype" publish:category="UML" publish:description="The Datatype of the Property"/><publish:property name="Default" publish:category="UML" publish:description="The Default of the Property"/><publish:property name="Default Value" publish:category="UML" publish:description="The Default Value of the Property"/><publish:property name="Is Composite" publish:category="UML" publish:description="The Is Composite of the Property" publish:value="false"/><publish:property name="Is Derived" publish:category="UML" publish:description="The Is Derived of the Property" publish:value="false"/><publish:property name="Is Derived Union" publish:category="UML" publish:description="The Is Derived Union of the Property" publish:value="false"/><publish:property name="Is Leaf" publish:category="UML" publish:description="The Is Leaf of the Redefinable Element" publish:value="false"/><publish:property name="Is Ordered" publish:category="UML" publish:description="The Is Ordered of the Multiplicity Element" publish:value="false"/><publish:property name="Is Read Only" publish:category="UML" publish:description="The Is Read Only of the Structural Feature" publish:value="false"/><publish:property name="Is Static" publish:category="UML" publish:description="The Is Static of the Feature" publish:value="false"/><publish:property name="Is Unique" publish:category="UML" publish:description="The Is Unique of the Multiplicity Element" publish:value="true"/><publish:property name="Keywords" publish:category="UML" publish:description="Keywords property of the UML element"/><publish:property name="Lower" publish:category="UML" publish:description="The Lower of the Multiplicity Element" publish:value="1"/><publish:property name="Lower Value" publish:category="UML" publish:description="The Lower Value of the Multiplicity Element"/><publish:property name="Multiplicity" publish:category="UML" publish:description="Multiplicity property of Multiplicity Element" publish:value="1"/><publish:property name="Name" publish:category="UML" publish:description="The Name of the Named Element" publish:value="manufactureDate"/><publish:property name="Name Expression" publish:category="UML" publish:description="The Name Expression of the Named Element"/><publish:property name="Namespace" publish:category="UML" publish:description="The Namespace of the Named Element" publish:ismodellink="false" publish:value="&lt;Class&gt; PhysicalResource" xmi:id="_47D8046A01083CDAA53A023C_0"/><publish:property name="Opposite" publish:category="UML" publish:description="The Opposite of the Property"/><publish:property name="Owner" publish:category="UML" publish:description="The Owner of the Element" publish:ismodellink="false" publish:value="&lt;Class&gt; PhysicalResource" xmi:id="_47D8046A01083CDAA53A023C_0"/><publish:property name="Owning Association" publish:category="UML" publish:description="The Owning Association of the Property"/><publish:property name="Owning Template Parameter" publish:category="UML" publish:description="The Owning Template Parameter of the Parameterable Element"/><publish:property name="Qualified Name" publish:category="UML" publish:description="The Qualified Name of the Named Element" publish:value="mTOP-SM-SID-fragment::Logical View::Resource Domain::Resource ABE::PhysicalResource ABE::PhysicalResource::manufactureDate"/><publish:property name="Stereotype" publish:category="UML"/><publish:property name="Template Parameter" publish:category="UML" publish:description="The Template Parameter of the Parameterable Element"/><publish:property name="Type" publish:category="UML" publish:description="The Type of the Typed Element" publish:value="&lt;Primitive Type&gt; String"/><publish:property name="Upper" publish:category="UML" publish:description="The Upper of the Multiplicity Element" publish:value="1"/><publish:property name="Upper Value" publish:category="UML" publish:description="The Upper Value of the Multiplicity Element"/><publish:property name="Visibility" publish:category="UML" publish:description="The Visibility of the Named Element" publish:value="Public"/></publish:properties><ownedComment annotatedElement="_47D8046A01083CDAA4DD015E_0" body="This is a string attribute that defines the date of manufacture of this item in the fixed format &quot;dd/mm/yyyy&quot;. This is an optional attribute.&#10;" isDocumentation="true" isURL="false" name="&lt;Unnamed Comment&gt;" publish:icon="956637791_icon.png" publish:qualifiedname="mTOP-SM-SID-fragment::Logical View::Resource Domain::Resource ABE::PhysicalResource ABE::PhysicalResource::manufactureDate::&lt;Comment&gt;" xmi:id="_R.uR.c.k.fD_E.d.y.jV.s.u3.w.h.r3.g.g" xsi:type="uml:Comment"><publish:properties><publish:property name="Body" publish:category="UML" publish:description="The Body of the Comment" publish:value="This is a string attribute that defines the date of manufacture of this item in the fixed format &quot;dd/mm/yyyy&quot;. This is an optional attribute...."/><publish:property name="Keywords" publish:category="UML" publish:description="Keywords property of the UML element"/><publish:property xmlns="http://www.ibm.com/Rational/XTools/Publish" anchor="#_47D8046A01083CDAA4DD015E_0" name="Owner" publish:category="UML" publish:description="The Owner of the Element" publish:ismodellink="false" publish:value="&lt;Property&gt; manufactureDate : String" xmi:id="_47D8046A01083CDAA53A023C_0"/><publish:property name="Stereotype" publish:category="UML" publish:value="documentation"/></publish:properties></ownedComment></ownedAttribute><ownedAttribute name="otherIdentifier" publish:icon="-1358617930_icon.png" publish:qualifiedname="mTOP-SM-SID-fragment::Logical View::Resource Domain::Resource ABE::PhysicalResource ABE::PhysicalResource::otherIdentifier" publish:type="String" xmi:id="_47D8046A01083CDAA4DD0160_0" xsi:type="uml:Property"><publish:properties><publish:property name="Aggregation" publish:category="UML" publish:description="The Aggregation of the Property" publish:value="None"/><publish:property name="Alias" publish:category="UML" publish:description="Alias property of the UML element"/><publish:property name="Association" publish:category="UML" publish:description="The Association of the Property"/><publish:property name="Association End" publish:category="UML" publish:description="The Association End of the Property"/><publish:property name="Class" publish:category="UML" publish:description="The Class of the Property" publish:ismodellink="false" publish:value="&lt;Class&gt; PhysicalResource" xmi:id="_47D8046A01083CDAA53A023C_0"/><publish:property name="Datatype" publish:category="UML" publish:description="The Datatype of the Property"/><publish:property name="Default" publish:category="UML" publish:description="The Default of the Property"/><publish:property name="Default Value" publish:category="UML" publish:description="The Default Value of the Property"/><publish:property name="Is Composite" publish:category="UML" publish:description="The Is Composite of the Property" publish:value="false"/><publish:property name="Is Derived" publish:category="UML" publish:description="The Is Derived of the Property" publish:value="false"/><publish:property name="Is Derived Union" publish:category="UML" publish:description="The Is Derived Union of the Property" publish:value="false"/><publish:property name="Is Leaf" publish:category="UML" publish:description="The Is Leaf of the Redefinable Element" publish:value="false"/><publish:property name="Is Ordered" publish:category="UML" publish:description="The Is Ordered of the Multiplicity Element" publish:value="false"/><publish:property name="Is Read Only" publish:category="UML" publish:description="The Is Read Only of the Structural Feature" publish:value="false"/><publish:property name="Is Static" publish:category="UML" publish:description="The Is Static of the Feature" publish:value="false"/><publish:property name="Is Unique" publish:category="UML" publish:description="The Is Unique of the Multiplicity Element" publish:value="true"/><publish:property name="Keywords" publish:category="UML" publish:description="Keywords property of the UML element"/><publish:property name="Lower" publish:category="UML" publish:description="The Lower of the Multiplicity Element" publish:value="1"/><publish:property name="Lower Value" publish:category="UML" publish:description="The Lower Value of the Multiplicity Element"/><publish:property name="Multiplicity" publish:category="UML" publish:description="Multiplicity property of Multiplicity Element" publish:value="1"/><publish:property name="Name" publish:category="UML" publish:description="The Name of the Named Element" publish:value="otherIdentifier"/><publish:property name="Name Expression" publish:category="UML" publish:description="The Name Expression of the Named Element"/><publish:property name="Namespace" publish:category="UML" publish:description="The Namespace of the Named Element" publish:ismodellink="false" publish:value="&lt;Class&gt; PhysicalResource" xmi:id="_47D8046A01083CDAA53A023C_0"/><publish:property name="Opposite" publish:category="UML" publish:description="The Opposite of the Property"/><publish:property name="Owner" publish:category="UML" publish:description="The Owner of the Element" publish:ismodellink="false" publish:value="&lt;Class&gt; PhysicalResource" xmi:id="_47D8046A01083CDAA53A023C_0"/><publish:property name="Owning Association" publish:category="UML" publish:description="The Owning Association of the Property"/><publish:property name="Owning Template Parameter" publish:category="UML" publish:description="The Owning Template Parameter of the Parameterable Element"/><publish:property name="Qualified Name" publish:category="UML" publish:description="The Qualified Name of the Named Element" publish:value="mTOP-SM-SID-fragment::Logical View::Resource Domain::Resource ABE::PhysicalResource ABE::PhysicalResource::otherIdentifier"/><publish:property name="Stereotype" publish:category="UML"/><publish:property name="Template Parameter" publish:category="UML" publish:description="The Template Parameter of the Parameterable Element"/><publish:property name="Type" publish:category="UML" publish:description="The Type of the Typed Element" publish:value="&lt;Primitive Type&gt; String"/><publish:property name="Upper" publish:category="UML" publish:description="The Upper of the Multiplicity Element" publish:value="1"/><publish:property name="Upper Value" publish:category="UML" publish:description="The Upper Value of the Multiplicity Element"/><publish:property name="Visibility" publish:category="UML" publish:description="The Visibility of the Named Element" publish:value="Public"/></publish:properties><ownedComment annotatedElement="_47D8046A01083CDAA4DD0160_0" body="This is a string that is used to contain other important identifying data, such as a bar code, of the hardware item. This is an optional attribute." isDocumentation="true" isURL="false" name="&lt;Unnamed Comment&gt;" publish:icon="956637791_icon.png" publish:qualifiedname="mTOP-SM-SID-fragment::Logical View::Resource Domain::Resource ABE::PhysicalResource ABE::PhysicalResource::otherIdentifier::&lt;Comment&gt;" xmi:id="_R.uR.c.lPD_E.d.y.jV.s.u3.w.h.r3.g.g" xsi:type="uml:Comment"><publish:properties><publish:property name="Body" publish:category="UML" publish:description="The Body of the Comment" publish:value="This is a string that is used to contain other important identifying data, such as a bar code, of the hardware item. This is an optional attribute."/><publish:property name="Keywords" publish:category="UML" publish:description="Keywords property of the UML element"/><publish:property xmlns="http://www.ibm.com/Rational/XTools/Publish" anchor="#_47D8046A01083CDAA4DD0160_0" name="Owner" publish:category="UML" publish:description="The Owner of the Element" publish:ismodellink="false" publish:value="&lt;Property&gt; otherIdentifier : String" xmi:id="_47D8046A01083CDAA53A023C_0"/><publish:property name="Stereotype" publish:category="UML" publish:value="documentation"/></publish:properties></ownedComment></ownedAttribute><ownedAttribute name="powerState" publish:icon="-1358617930_icon.png" publish:qualifiedname="mTOP-SM-SID-fragment::Logical View::Resource Domain::Resource ABE::PhysicalResource ABE::PhysicalResource::powerState" publish:type="Integer" xmi:id="_47D8046A01083CDAA4DD0162_0" xsi:type="uml:Property"><publish:properties><publish:property name="Aggregation" publish:category="UML" publish:description="The Aggregation of the Property" publish:value="None"/><publish:property name="Alias" publish:category="UML" publish:description="Alias property of the UML element"/><publish:property name="Association" publish:category="UML" publish:description="The Association of the Property"/><publish:property name="Association End" publish:category="UML" publish:description="The Association End of the Property"/><publish:property name="Class" publish:category="UML" publish:description="The Class of the Property" publish:ismodellink="false" publish:value="&lt;Class&gt; PhysicalResource" xmi:id="_47D8046A01083CDAA53A023C_0"/><publish:property name="Datatype" publish:category="UML" publish:description="The Datatype of the Property"/><publish:property name="Default" publish:category="UML" publish:description="The Default of the Property"/><publish:property name="Default Value" publish:category="UML" publish:description="The Default Value of the Property"/><publish:property name="Is Composite" publish:category="UML" publish:description="The Is Composite of the Property" publish:value="false"/><publish:property name="Is Derived" publish:category="UML" publish:description="The Is Derived of the Property" publish:value="false"/><publish:property name="Is Derived Union" publish:category="UML" publish:description="The Is Derived Union of the Property" publish:value="false"/><publish:property name="Is Leaf" publish:category="UML" publish:description="The Is Leaf of the Redefinable Element" publish:value="false"/><publish:property name="Is Ordered" publish:category="UML" publish:description="The Is Ordered of the Multiplicity Element" publish:value="false"/><publish:property name="Is Read Only" publish:category="UML" publish:description="The Is Read Only of the Structural Feature" publish:value="false"/><publish:property name="Is Static" publish:category="UML" publish:description="The Is Static of the Feature" publish:value="false"/><publish:property name="Is Unique" publish:category="UML" publish:description="The Is Unique of the Multiplicity Element" publish:value="true"/><publish:property name="Keywords" publish:category="UML" publish:description="Keywords property of the UML element"/><publish:property name="Lower" publish:category="UML" publish:description="The Lower of the Multiplicity Element" publish:value="1"/><publish:property name="Lower Value" publish:category="UML" publish:description="The Lower Value of the Multiplicity Element"/><publish:property name="Multiplicity" publish:category="UML" publish:description="Multiplicity property of Multiplicity Element" publish:value="1"/><publish:property name="Name" publish:category="UML" publish:description="The Name of the Named Element" publish:value="powerState"/><publish:property name="Name Expression" publish:category="UML" publish:description="The Name Expression of the Named Element"/><publish:property name="Namespace" publish:category="UML" publish:description="The Namespace of the Named Element" publish:ismodellink="false" publish:value="&lt;Class&gt; PhysicalResource" xmi:id="_47D8046A01083CDAA53A023C_0"/><publish:property name="Opposite" publish:category="UML" publish:description="The Opposite of the Property"/><publish:property name="Owner" publish:category="UML" publish:description="The Owner of the Element" publish:ismodellink="false" publish:value="&lt;Class&gt; PhysicalResource" xmi:id="_47D8046A01083CDAA53A023C_0"/><publish:property name="Owning Association" publish:category="UML" publish:description="The Owning Association of the Property"/><publish:property name="Owning Template Parameter" publish:category="UML" publish:description="The Owning Template Parameter of the Parameterable Element"/><publish:property name="Qualified Name" publish:category="UML" publish:description="The Qualified Name of the Named Element" publish:value="mTOP-SM-SID-fragment::Logical View::Resource Domain::Resource ABE::PhysicalResource ABE::PhysicalResource::powerState"/><publish:property name="Stereotype" publish:category="UML"/><publish:property name="Template Parameter" publish:category="UML" publish:description="The Template Parameter of the Parameterable Element"/><publish:property name="Type" publish:category="UML" publish:description="The Type of the Typed Element" publish:value="&lt;Primitive Type&gt; Integer"/><publish:property name="Upper" publish:category="UML" publish:description="The Upper of the Multiplicity Element" publish:value="1"/><publish:property name="Upper Value" publish:category="UML" publish:description="The Upper Value of the Multiplicity Element"/><publish:property name="Visibility" publish:category="UML" publish:description="The Visibility of the Named Element" publish:value="Public"/></publish:properties><ownedComment annotatedElement="_47D8046A01083CDAA4DD0162_0" body="This is an enumerated integer that defines the current power status of the hardware item. Values include:&#10;&#10;  0:  Unknown&#10;  1:  Not Applicable&#10;  2:  No Power Applied&#10;  3: Full Power Applied&#10;  4:  Power Save - Normal&#10;  5:  Power Save - Degraded&#10;  6:  Power Save - Standby&#10;  7:  Power Save - Critical&#10;  8:  Power Save - Low Power Mode&#10;  9:  Power Save - Unknown&#10; 10: Power Cycle&#10; 11: Power Warning&#10; 12: Power Off&#10;&#10;Value 1 means that the hardware item doesn't require the direct application of power (e.g., a but or bolt). If the value for this item is 3, then the PowerCapability class will describe the particular power requirements of this item through the HasPower association.&#10;&#10;This is an optional attribute.&#10;" isDocumentation="true" isURL="false" name="&lt;Unnamed Comment&gt;" publish:icon="956637791_icon.png" publish:qualifiedname="mTOP-SM-SID-fragment::Logical View::Resource Domain::Resource ABE::PhysicalResource ABE::PhysicalResource::powerState::&lt;Comment&gt;" xmi:id="_R.u.bN.k.vD_E.d.y.jV.s.u3.w.h.r3.g.g" xsi:type="uml:Comment"><publish:properties><publish:property name="Body" publish:category="UML" publish:description="The Body of the Comment" publish:value="This is an enumerated integer that defines the current power status of the hardware item. Values include:..."/><publish:property name="Keywords" publish:category="UML" publish:description="Keywords property of the UML element"/><publish:property xmlns="http://www.ibm.com/Rational/XTools/Publish" anchor="#_47D8046A01083CDAA4DD0162_0" name="Owner" publish:category="UML" publish:description="The Owner of the Element" publish:ismodellink="false" publish:value="&lt;Property&gt; powerState : Integer" xmi:id="_47D8046A01083CDAA53A023C_0"/><publish:property name="Stereotype" publish:category="UML" publish:value="documentation"/></publish:properties></ownedComment></ownedAttribute><ownedAttribute name="serialNumber" publish:icon="-1358617930_icon.png" publish:qualifiedname="mTOP-SM-SID-fragment::Logical View::Resource Domain::Resource ABE::PhysicalResource ABE::PhysicalResource::serialNumber" publish:type="String" xmi:id="_47D8046A01083CDAA4DD0163_0" xsi:type="uml:Property"><publish:properties><publish:property name="Aggregation" publish:category="UML" publish:description="The Aggregation of the Property" publish:value="None"/><publish:property name="Alias" publish:category="UML" publish:description="Alias property of the UML element"/><publish:property name="Association" publish:category="UML" publish:description="The Association of the Property"/><publish:property name="Association End" publish:category="UML" publish:description="The Association End of the Property"/><publish:property name="Class" publish:category="UML" publish:description="The Class of the Property" publish:ismodellink="false" publish:value="&lt;Class&gt; PhysicalResource" xmi:id="_47D8046A01083CDAA53A023C_0"/><publish:property name="Datatype" publish:category="UML" publish:description="The Datatype of the Property"/><publish:property name="Default" publish:category="UML" publish:description="The Default of the Property"/><publish:property name="Default Value" publish:category="UML" publish:description="The Default Value of the Property"/><publish:property name="Is Composite" publish:category="UML" publish:description="The Is Composite of the Property" publish:value="false"/><publish:property name="Is Derived" publish:category="UML" publish:description="The Is Derived of the Property" publish:value="false"/><publish:property name="Is Derived Union" publish:category="UML" publish:description="The Is Derived Union of the Property" publish:value="false"/><publish:property name="Is Leaf" publish:category="UML" publish:description="The Is Leaf of the Redefinable Element" publish:value="false"/><publish:property name="Is Ordered" publish:category="UML" publish:description="The Is Ordered of the Multiplicity Element" publish:value="false"/><publish:property name="Is Read Only" publish:category="UML" publish:description="The Is Read Only of the Structural Feature" publish:value="false"/><publish:property name="Is Static" publish:category="UML" publish:description="The Is Static of the Feature" publish:value="false"/><publish:property name="Is Unique" publish:category="UML" publish:description="The Is Unique of the Multiplicity Element" publish:value="true"/><publish:property name="Keywords" publish:category="UML" publish:description="Keywords property of the UML element"/><publish:property name="Lower" publish:category="UML" publish:description="The Lower of the Multiplicity Element" publish:value="1"/><publish:property name="Lower Value" publish:category="UML" publish:description="The Lower Value of the Multiplicity Element"/><publish:property name="Multiplicity" publish:category="UML" publish:description="Multiplicity property of Multiplicity Element" publish:value="1"/><publish:property name="Name" publish:category="UML" publish:description="The Name of the Named Element" publish:value="serialNumber"/><publish:property name="Name Expression" publish:category="UML" publish:description="The Name Expression of the Named Element"/><publish:property name="Namespace" publish:category="UML" publish:description="The Namespace of the Named Element" publish:ismodellink="false" publish:value="&lt;Class&gt; PhysicalResource" xmi:id="_47D8046A01083CDAA53A023C_0"/><publish:property name="Opposite" publish:category="UML" publish:description="The Opposite of the Property"/><publish:property name="Owner" publish:category="UML" publish:description="The Owner of the Element" publish:ismodellink="false" publish:value="&lt;Class&gt; PhysicalResource" xmi:id="_47D8046A01083CDAA53A023C_0"/><publish:property name="Owning Association" publish:category="UML" publish:description="The Owning Association of the Property"/><publish:property name="Owning Template Parameter" publish:category="UML" publish:description="The Owning Template Parameter of the Parameterable Element"/><publish:property name="Qualified Name" publish:category="UML" publish:description="The Qualified Name of the Named Element" publish:value="mTOP-SM-SID-fragment::Logical View::Resource Domain::Resource ABE::PhysicalResource ABE::PhysicalResource::serialNumber"/><publish:property name="Stereotype" publish:category="UML"/><publish:property name="Template Parameter" publish:category="UML" publish:description="The Template Parameter of the Parameterable Element"/><publish:property name="Type" publish:category="UML" publish:description="The Type of the Typed Element" publish:value="&lt;Primitive Type&gt; String"/><publish:property name="Upper" publish:category="UML" publish:description="The Upper of the Multiplicity Element" publish:value="1"/><publish:property name="Upper Value" publish:category="UML" publish:description="The Upper Value of the Multiplicity Element"/><publish:property name="Visibility" publish:category="UML" publish:description="The Visibility of the Named Element" publish:value="Public"/></publish:properties><ownedComment annotatedElement="_47D8046A01083CDAA4DD0163_0" body="This is a string that represents a manufacturer-allocated number used to identify different instances of the same hardware item. The ModelNumber and PartNumber attributes are used to identify different types of hardware items. This is a REQUIRED attribute." isDocumentation="true" isURL="false" name="&lt;Unnamed Comment&gt;" publish:icon="956637791_icon.png" publish:qualifiedname="mTOP-SM-SID-fragment::Logical View::Resource Domain::Resource ABE::PhysicalResource ABE::PhysicalResource::serialNumber::&lt;Comment&gt;" xmi:id="_R.u.bN.l.fD_E.d.y.jV.s.u3.w.h.r3.g.g" xsi:type="uml:Comment"><publish:properties><publish:property name="Body" publish:category="UML" publish:description="The Body of the Comment" publish:value="This is a string that represents a manufacturer-allocated number used to identify different instances of the same hardware item. The ModelNumber and PartNumber attributes are used to identify different types of hardware items. This is a REQUIRED attribute."/><publish:property name="Keywords" publish:category="UML" publish:description="Keywords property of the UML element"/><publish:property xmlns="http://www.ibm.com/Rational/XTools/Publish" anchor="#_47D8046A01083CDAA4DD0163_0" name="Owner" publish:category="UML" publish:description="The Owner of the Element" publish:ismodellink="false" publish:value="&lt;Property&gt; serialNumber : String" xmi:id="_47D8046A01083CDAA53A023C_0"/><publish:property name="Stereotype" publish:category="UML" publish:value="documentation"/></publish:properties></ownedComment></ownedAttribute><ownedAttribute name="versionNumber" publish:icon="-1358617930_icon.png" publish:qualifiedname="mTOP-SM-SID-fragment::Logical View::Resource Domain::Resource ABE::PhysicalResource ABE::PhysicalResource::versionNumber" publish:type="String" xmi:id="_47D8046A01083CDAA4DD0167_0" xsi:type="uml:Property"><publish:properties><publish:property name="Aggregation" publish:category="UML" publish:description="The Aggregation of the Property" publish:value="None"/><publish:property name="Alias" publish:category="UML" publish:description="Alias property of the UML element"/><publish:property name="Association" publish:category="UML" publish:description="The Association of the Property"/><publish:property name="Association End" publish:category="UML" publish:description="The Association End of the Property"/><publish:property name="Class" publish:category="UML" publish:description="The Class of the Property" publish:ismodellink="false" publish:value="&lt;Class&gt; PhysicalResource" xmi:id="_47D8046A01083CDAA53A023C_0"/><publish:property name="Datatype" publish:category="UML" publish:description="The Datatype of the Property"/><publish:property name="Default" publish:category="UML" publish:description="The Default of the Property"/><publish:property name="Default Value" publish:category="UML" publish:description="The Default Value of the Property"/><publish:property name="Is Composite" publish:category="UML" publish:description="The Is Composite of the Property" publish:value="false"/><publish:property name="Is Derived" publish:category="UML" publish:description="The Is Derived of the Property" publish:value="false"/><publish:property name="Is Derived Union" publish:category="UML" publish:description="The Is Derived Union of the Property" publish:value="false"/><publish:property name="Is Leaf" publish:category="UML" publish:description="The Is Leaf of the Redefinable Element" publish:value="false"/><publish:property name="Is Ordered" publish:category="UML" publish:description="The Is Ordered of the Multiplicity Element" publish:value="false"/><publish:property name="Is Read Only" publish:category="UML" publish:description="The Is Read Only of the Structural Feature" publish:value="false"/><publish:property name="Is Static" publish:category="UML" publish:description="The Is Static of the Feature" publish:value="false"/><publish:property name="Is Unique" publish:category="UML" publish:description="The Is Unique of the Multiplicity Element" publish:value="true"/><publish:property name="Keywords" publish:category="UML" publish:description="Keywords property of the UML element"/><publish:property name="Lower" publish:category="UML" publish:description="The Lower of the Multiplicity Element" publish:value="1"/><publish:property name="Lower Value" publish:category="UML" publish:description="The Lower Value of the Multiplicity Element"/><publish:property name="Multiplicity" publish:category="UML" publish:description="Multiplicity property of Multiplicity Element" publish:value="1"/><publish:property name="Name" publish:category="UML" publish:description="The Name of the Named Element" publish:value="versionNumber"/><publish:property name="Name Expression" publish:category="UML" publish:description="The Name Expression of the Named Element"/><publish:property name="Namespace" publish:category="UML" publish:description="The Namespace of the Named Element" publish:ismodellink="false" publish:value="&lt;Class&gt; PhysicalResource" xmi:id="_47D8046A01083CDAA53A023C_0"/><publish:property name="Opposite" publish:category="UML" publish:description="The Opposite of the Property"/><publish:property name="Owner" publish:category="UML" publish:description="The Owner of the Element" publish:ismodellink="false" publish:value="&lt;Class&gt; PhysicalResource" xmi:id="_47D8046A01083CDAA53A023C_0"/><publish:property name="Owning Association" publish:category="UML" publish:description="The Owning Association of the Property"/><publish:property name="Owning Template Parameter" publish:category="UML" publish:description="The Owning Template Parameter of the Parameterable Element"/><publish:property name="Qualified Name" publish:category="UML" publish:description="The Qualified Name of the Named Element" publish:value="mTOP-SM-SID-fragment::Logical View::Resource Domain::Resource ABE::PhysicalResource ABE::PhysicalResource::versionNumber"/><publish:property name="Stereotype" publish:category="UML"/><publish:property name="Template Parameter" publish:category="UML" publish:description="The Template Parameter of the Parameterable Element"/><publish:property name="Type" publish:category="UML" publish:description="The Type of the Typed Element" publish:value="&lt;Primitive Type&gt; String"/><publish:property name="Upper" publish:category="UML" publish:description="The Upper of the Multiplicity Element" publish:value="1"/><publish:property name="Upper Value" publish:category="UML" publish:description="The Upper Value of the Multiplicity Element"/><publish:property name="Visibility" publish:category="UML" publish:description="The Visibility of the Named Element" publish:value="Public"/></publish:properties><ownedComment annotatedElement="_47D8046A01083CDAA4DD0167_0" body="This is a string that identifies the version of this object. This is an optional attribute." isDocumentation="true" isURL="false" name="&lt;Unnamed Comment&gt;" publish:icon="956637791_icon.png" publish:qualifiedname="mTOP-SM-SID-fragment::Logical View::Resource Domain::Resource ABE::PhysicalResource ABE::PhysicalResource::versionNumber::&lt;Comment&gt;" xmi:id="_R.u.k-.k.vD_E.d.y.jV.s.u3.w.h.r3.g.g" xsi:type="uml:Comment"><publish:properties><publish:property name="Body" publish:category="UML" publish:description="The Body of the Comment" publish:value="This is a string that identifies the version of this object. This is an optional attribute."/><publish:property name="Keywords" publish:category="UML" publish:description="Keywords property of the UML element"/><publish:property xmlns="http://www.ibm.com/Rational/XTools/Publish" anchor="#_47D8046A01083CDAA4DD0167_0" name="Owner" publish:category="UML" publish:description="The Owner of the Element" publish:ismodellink="false" publish:value="&lt;Property&gt; versionNumber : String" xmi:id="_47D8046A01083CDAA53A023C_0"/><publish:property name="Stereotype" publish:category="UML" publish:value="documentation"/></publish:properties></ownedComment></ownedAttribute></packagedElement><packagedElement name="PhysicalLink" publish:icon="1627724098_icon.png" publish:qualifiedname="mTOP-SM-SID-fragment::Logical View::Resource Domain::Resource ABE::PhysicalResource ABE::PhysicalLink" xmi:id="_47D8046A01083CDD685201C2_0" xsi:type="uml:Class"><publish:properties><publish:property name="Alias" publish:category="UML" publish:description="Alias property of the UML element"/><publish:property name="Classifier Behavior" publish:category="UML" publish:description="The Classifier Behavior of the Behaviored Classifier"/><publish:property name="Is Abstract" publish:category="UML" publish:description="The Is Abstract of the Classifier" publish:value="false"/><publish:property name="Is Active" publish:category="UML" publish:description="The Is Active of the Class" publish:value="false"/><publish:property name="Is Leaf" publish:category="UML" publish:description="The Is Leaf of the Redefinable Element" publish:value="false"/><publish:property name="Keywords" publish:category="UML" publish:description="Keywords property of the UML element"/><publish:property name="Name" publish:category="UML" publish:description="The Name of the Named Element" publish:value="PhysicalLink"/><publish:property name="Name Expression" publish:category="UML" publish:description="The Name Expression of the Named Element"/><publish:property name="Namespace" publish:category="UML" publish:description="The Namespace of the Named Element" publish:ismodellink="false" publish:value="&lt;Package&gt; PhysicalResource ABE" xmi:id="_47D8046A01083DDEA0E303D6_0"/><publish:property name="Owned Template Signature" publish:category="UML" publish:description="The Owned Template Signature of the Templateable Element"/><publish:property name="Owner" publish:category="UML" publish:description="The Owner of the Element" publish:ismodellink="false" publish:value="&lt;Package&gt; PhysicalResource ABE" xmi:id="_47D8046A01083DDEA0E303D6_0"/><publish:property name="Owning Template Parameter" publish:category="UML" publish:description="The Owning Template Parameter of the Parameterable Element"/><publish:property name="Package" publish:category="UML" publish:description="The Package of the Type" publish:ismodellink="false" publish:value="&lt;Package&gt; PhysicalResource ABE" xmi:id="_47D8046A01083DDEA0E303D6_0"/><publish:property name="Qualified Name" publish:category="UML" publish:description="The Qualified Name of the Named Element" publish:value="mTOP-SM-SID-fragment::Logical View::Resource Domain::Resource ABE::PhysicalResource ABE::PhysicalLink"/><publish:property name="Representation" publish:category="UML" publish:description="The Representation of the Classifier"/><publish:property name="Stereotype" publish:category="UML"/><publish:property name="Template Parameter" publish:category="UML" publish:description="The Template Parameter of the Parameterable Element"/><publish:property name="Visibility" publish:category="UML" publish:description="The Visibility of the Named Element" publish:value="Public"/></publish:properties><ownedComment annotatedElement="_47D8046A01083CDD685201C2_0" body="This is a concrete class that represents the connecting or cabling together of hardware entities. This enables both wireless and connector-based communication to be modeled." isDocumentation="true" isURL="false" name="&lt;Unnamed Comment&gt;" publish:icon="956637791_icon.png" publish:qualifiedname="mTOP-SM-SID-fragment::Logical View::Resource Domain::Resource ABE::PhysicalResource ABE::PhysicalLink::&lt;Comment&gt;" xmi:id="_R.u35.gPD_E.d.y.jV.s.u3.w.h.r3.g.g" xsi:type="uml:Comment"><publish:properties><publish:property name="Body" publish:category="UML" publish:description="The Body of the Comment" publish:value="This is a concrete class that represents the connecting or cabling together of hardware entities. This enables both wireless and connector-based communication to be modeled."/><publish:property name="Keywords" publish:category="UML" publish:description="Keywords property of the UML element"/><publish:property name="Owner" publish:category="UML" publish:description="The Owner of the Element" publish:ismodellink="false" publish:value="&lt;Class&gt; PhysicalLink" xmi:id="_47D8046A01083CDD685201C2_0"/><publish:property name="Stereotype" publish:category="UML" publish:value="documentation"/></publish:properties></ownedComment><ownedAttribute name="isWireless" publish:icon="-1358617930_icon.png" publish:qualifiedname="mTOP-SM-SID-fragment::Logical View::Resource Domain::Resource ABE::PhysicalResource ABE::PhysicalLink::isWireless" publish:type="Boolean" xmi:id="_47D8046A01083CDAF0610087_0" xsi:type="uml:Property"><publish:properties><publish:property name="Aggregation" publish:category="UML" publish:description="The Aggregation of the Property" publish:value="None"/><publish:property name="Alias" publish:category="UML" publish:description="Alias property of the UML element"/><publish:property name="Association" publish:category="UML" publish:description="The Association of the Property"/><publish:property name="Association End" publish:category="UML" publish:description="The Association End of the Property"/><publish:property name="Class" publish:category="UML" publish:description="The Class of the Property" publish:ismodellink="false" publish:value="&lt;Class&gt; PhysicalLink" xmi:id="_47D8046A01083CDD685201C2_0"/><publish:property name="Datatype" publish:category="UML" publish:description="The Datatype of the Property"/><publish:property name="Default" publish:category="UML" publish:description="The Default of the Property"/><publish:property name="Default Value" publish:category="UML" publish:description="The Default Value of the Property"/><publish:property name="Is Composite" publish:category="UML" publish:description="The Is Composite of the Property" publish:value="false"/><publish:property name="Is Derived" publish:category="UML" publish:description="The Is Derived of the Property" publish:value="false"/><publish:property name="Is Derived Union" publish:category="UML" publish:description="The Is Derived Union of the Property" publish:value="false"/><publish:property name="Is Leaf" publish:category="UML" publish:description="The Is Leaf of the Redefinable Element" publish:value="false"/><publish:property name="Is Ordered" publish:category="UML" publish:description="The Is Ordered of the Multiplicity Element" publish:value="false"/><publish:property name="Is Read Only" publish:category="UML" publish:description="The Is Read Only of the Structural Feature" publish:value="false"/><publish:property name="Is Static" publish:category="UML" publish:description="The Is Static of the Feature" publish:value="false"/><publish:property name="Is Unique" publish:category="UML" publish:description="The Is Unique of the Multiplicity Element" publish:value="true"/><publish:property name="Keywords" publish:category="UML" publish:description="Keywords property of the UML element"/><publish:property name="Lower" publish:category="UML" publish:description="The Lower of the Multiplicity Element" publish:value="1"/><publish:property name="Lower Value" publish:category="UML" publish:description="The Lower Value of the Multiplicity Element"/><publish:property name="Multiplicity" publish:category="UML" publish:description="Multiplicity property of Multiplicity Element" publish:value="1"/><publish:property name="Name" publish:category="UML" publish:description="The Name of the Named Element" publish:value="isWireless"/><publish:property name="Name Expression" publish:category="UML" publish:description="The Name Expression of the Named Element"/><publish:property name="Namespace" publish:category="UML" publish:description="The Namespace of the Named Element" publish:ismodellink="false" publish:value="&lt;Class&gt; PhysicalLink" xmi:id="_47D8046A01083CDD685201C2_0"/><publish:property name="Opposite" publish:category="UML" publish:description="The Opposite of the Property"/><publish:property name="Owner" publish:category="UML" publish:description="The Owner of the Element" publish:ismodellink="false" publish:value="&lt;Class&gt; PhysicalLink" xmi:id="_47D8046A01083CDD685201C2_0"/><publish:property name="Owning Association" publish:category="UML" publish:description="The Owning Association of the Property"/><publish:property name="Owning Template Parameter" publish:category="UML" publish:description="The Owning Template Parameter of the Parameterable Element"/><publish:property name="Qualified Name" publish:category="UML" publish:description="The Qualified Name of the Named Element" publish:value="mTOP-SM-SID-fragment::Logical View::Resource Domain::Resource ABE::PhysicalResource ABE::PhysicalLink::isWireless"/><publish:property name="Stereotype" publish:category="UML"/><publish:property name="Template Parameter" publish:category="UML" publish:description="The Template Parameter of the Parameterable Element"/><publish:property name="Type" publish:category="UML" publish:description="The Type of the Typed Element" publish:value="&lt;Primitive Type&gt; Boolean"/><publish:property name="Upper" publish:category="UML" publish:description="The Upper of the Multiplicity Element" publish:value="1"/><publish:property name="Upper Value" publish:category="UML" publish:description="The Upper Value of the Multiplicity Element"/><publish:property name="Visibility" publish:category="UML" publish:description="The Visibility of the Named Element" publish:value="Public"/></publish:properties><ownedComment annotatedElement="_47D8046A01083CDAF0610087_0" body="This is a Boolean attribute that defines whether this link is a wireless connection or not. TRUE means that this is a wireless connection, and FALSE means that the connection uses one or more cables and connectors to communicate. This is a REQUIRED attribute." isDocumentation="true" isURL="false" name="&lt;Unnamed Comment&gt;" publish:icon="956637791_icon.png" publish:qualifiedname="mTOP-SM-SID-fragment::Logical View::Resource Domain::Resource ABE::PhysicalResource ABE::PhysicalLink::isWireless::&lt;Comment&gt;" xmi:id="_R.u35.hPD_E.d.y.jV.s.u3.w.h.r3.g.g" xsi:type="uml:Comment"><publish:properties><publish:property name="Body" publish:category="UML" publish:description="The Body of the Comment" publish:value="This is a Boolean attribute that defines whether this link is a wireless connection or not. TRUE means that this is a wireless connection, and FALSE means that the connection uses one or more cables and connectors to communicate. This is a REQUIRED attribute."/><publish:property name="Keywords" publish:category="UML" publish:description="Keywords property of the UML element"/><publish:property xmlns="http://www.ibm.com/Rational/XTools/Publish" anchor="#_47D8046A01083CDAF0610087_0" name="Owner" publish:category="UML" publish:description="The Owner of the Element" publish:ismodellink="false" publish:value="&lt;Property&gt; isWireless : Boolean" xmi:id="_47D8046A01083CDD685201C2_0"/><publish:property name="Stereotype" publish:category="UML" publish:value="documentation"/></publish:properties></ownedComment></ownedAttribute><ownedAttribute name="currentLength" publish:icon="-1358617930_icon.png" publish:qualifiedname="mTOP-SM-SID-fragment::Logical View::Resource Domain::Resource ABE::PhysicalResource ABE::PhysicalLink::currentLength" publish:type="String" xmi:id="_47D8046A01083CDAF0610088_0" xsi:type="uml:Property"><publish:properties><publish:property name="Aggregation" publish:category="UML" publish:description="The Aggregation of the Property" publish:value="None"/><publish:property name="Alias" publish:category="UML" publish:description="Alias property of the UML element"/><publish:property name="Association" publish:category="UML" publish:description="The Association of the Property"/><publish:property name="Association End" publish:category="UML" publish:description="The Association End of the Property"/><publish:property name="Class" publish:category="UML" publish:description="The Class of the Property" publish:ismodellink="false" publish:value="&lt;Class&gt; PhysicalLink" xmi:id="_47D8046A01083CDD685201C2_0"/><publish:property name="Datatype" publish:category="UML" publish:description="The Datatype of the Property"/><publish:property name="Default" publish:category="UML" publish:description="The Default of the Property"/><publish:property name="Default Value" publish:category="UML" publish:description="The Default Value of the Property"/><publish:property name="Is Composite" publish:category="UML" publish:description="The Is Composite of the Property" publish:value="false"/><publish:property name="Is Derived" publish:category="UML" publish:description="The Is Derived of the Property" publish:value="false"/><publish:property name="Is Derived Union" publish:category="UML" publish:description="The Is Derived Union of the Property" publish:value="false"/><publish:property name="Is Leaf" publish:category="UML" publish:description="The Is Leaf of the Redefinable Element" publish:value="false"/><publish:property name="Is Ordered" publish:category="UML" publish:description="The Is Ordered of the Multiplicity Element" publish:value="false"/><publish:property name="Is Read Only" publish:category="UML" publish:description="The Is Read Only of the Structural Feature" publish:value="false"/><publish:property name="Is Static" publish:category="UML" publish:description="The Is Static of the Feature" publish:value="false"/><publish:property name="Is Unique" publish:category="UML" publish:description="The Is Unique of the Multiplicity Element" publish:value="true"/><publish:property name="Keywords" publish:category="UML" publish:description="Keywords property of the UML element"/><publish:property name="Lower" publish:category="UML" publish:description="The Lower of the Multiplicity Element" publish:value="1"/><publish:property name="Lower Value" publish:category="UML" publish:description="The Lower Value of the Multiplicity Element"/><publish:property name="Multiplicity" publish:category="UML" publish:description="Multiplicity property of Multiplicity Element" publish:value="1"/><publish:property name="Name" publish:category="UML" publish:description="The Name of the Named Element" publish:value="currentLength"/><publish:property name="Name Expression" publish:category="UML" publish:description="The Name Expression of the Named Element"/><publish:property name="Namespace" publish:category="UML" publish:description="The Namespace of the Named Element" publish:ismodellink="false" publish:value="&lt;Class&gt; PhysicalLink" xmi:id="_47D8046A01083CDD685201C2_0"/><publish:property name="Opposite" publish:category="UML" publish:description="The Opposite of the Property"/><publish:property name="Owner" publish:category="UML" publish:description="The Owner of the Element" publish:ismodellink="false" publish:value="&lt;Class&gt; PhysicalLink" xmi:id="_47D8046A01083CDD685201C2_0"/><publish:property name="Owning Association" publish:category="UML" publish:description="The Owning Association of the Property"/><publish:property name="Owning Template Parameter" publish:category="UML" publish:description="The Owning Template Parameter of the Parameterable Element"/><publish:property name="Qualified Name" publish:category="UML" publish:description="The Qualified Name of the Named Element" publish:value="mTOP-SM-SID-fragment::Logical View::Resource Domain::Resource ABE::PhysicalResource ABE::PhysicalLink::currentLength"/><publish:property name="Stereotype" publish:category="UML"/><publish:property name="Template Parameter" publish:category="UML" publish:description="The Template Parameter of the Parameterable Element"/><publish:property name="Type" publish:category="UML" publish:description="The Type of the Typed Element" publish:value="&lt;Primitive Type&gt; String"/><publish:property name="Upper" publish:category="UML" publish:description="The Upper of the Multiplicity Element" publish:value="1"/><publish:property name="Upper Value" publish:category="UML" publish:description="The Upper Value of the Multiplicity Element"/><publish:property name="Visibility" publish:category="UML" publish:description="The Visibility of the Named Element" publish:value="Public"/></publish:properties><ownedComment annotatedElement="_47D8046A01083CDAF0610088_0" body="This is a string attribute that defines the current length of the PhysicalLink in feet. For some connections, such as wireless connections, this property may not be applicable and should be assigned the special value of NULL. This is an optional attribute." isDocumentation="true" isURL="false" name="&lt;Unnamed Comment&gt;" publish:icon="956637791_icon.png" publish:qualifiedname="mTOP-SM-SID-fragment::Logical View::Resource Domain::Resource ABE::PhysicalResource ABE::PhysicalLink::currentLength::&lt;Comment&gt;" xmi:id="_R.vB.q.g.vD_E.d.y.jV.s.u3.w.h.r3.g.g" xsi:type="uml:Comment"><publish:properties><publish:property name="Body" publish:category="UML" publish:description="The Body of the Comment" publish:value="This is a string attribute that defines the current length of the PhysicalLink in feet. For some connections, such as wireless connections, this property may not be applicable and should be assigned the special value of NULL. This is an optional attribute."/><publish:property name="Keywords" publish:category="UML" publish:description="Keywords property of the UML element"/><publish:property xmlns="http://www.ibm.com/Rational/XTools/Publish" anchor="#_47D8046A01083CDAF0610088_0" name="Owner" publish:category="UML" publish:description="The Owner of the Element" publish:ismodellink="false" publish:value="&lt;Property&gt; currentLength : String" xmi:id="_47D8046A01083CDD685201C2_0"/><publish:property name="Stereotype" publish:category="UML" publish:value="documentation"/></publish:properties></ownedComment></ownedAttribute><ownedAttribute name="maximumLength" publish:icon="-1358617930_icon.png" publish:qualifiedname="mTOP-SM-SID-fragment::Logical View::Resource Domain::Resource ABE::PhysicalResource ABE::PhysicalLink::maximumLength" publish:type="String" xmi:id="_47D8046A01083CDAF0610091_0" xsi:type="uml:Property"><publish:properties><publish:property name="Aggregation" publish:category="UML" publish:description="The Aggregation of the Property" publish:value="None"/><publish:property name="Alias" publish:category="UML" publish:description="Alias property of the UML element"/><publish:property name="Association" publish:category="UML" publish:description="The Association of the Property"/><publish:property name="Association End" publish:category="UML" publish:description="The Association End of the Property"/><publish:property name="Class" publish:category="UML" publish:description="The Class of the Property" publish:ismodellink="false" publish:value="&lt;Class&gt; PhysicalLink" xmi:id="_47D8046A01083CDD685201C2_0"/><publish:property name="Datatype" publish:category="UML" publish:description="The Datatype of the Property"/><publish:property name="Default" publish:category="UML" publish:description="The Default of the Property"/><publish:property name="Default Value" publish:category="UML" publish:description="The Default Value of the Property"/><publish:property name="Is Composite" publish:category="UML" publish:description="The Is Composite of the Property" publish:value="false"/><publish:property name="Is Derived" publish:category="UML" publish:description="The Is Derived of the Property" publish:value="false"/><publish:property name="Is Derived Union" publish:category="UML" publish:description="The Is Derived Union of the Property" publish:value="false"/><publish:property name="Is Leaf" publish:category="UML" publish:description="The Is Leaf of the Redefinable Element" publish:value="false"/><publish:property name="Is Ordered" publish:category="UML" publish:description="The Is Ordered of the Multiplicity Element" publish:value="false"/><publish:property name="Is Read Only" publish:category="UML" publish:description="The Is Read Only of the Structural Feature" publish:value="false"/><publish:property name="Is Static" publish:category="UML" publish:description="The Is Static of the Feature" publish:value="false"/><publish:property name="Is Unique" publish:category="UML" publish:description="The Is Unique of the Multiplicity Element" publish:value="true"/><publish:property name="Keywords" publish:category="UML" publish:description="Keywords property of the UML element"/><publish:property name="Lower" publish:category="UML" publish:description="The Lower of the Multiplicity Element" publish:value="1"/><publish:property name="Lower Value" publish:category="UML" publish:description="The Lower Value of the Multiplicity Element"/><publish:property name="Multiplicity" publish:category="UML" publish:description="Multiplicity property of Multiplicity Element" publish:value="1"/><publish:property name="Name" publish:category="UML" publish:description="The Name of the Named Element" publish:value="maximumLength"/><publish:property name="Name Expression" publish:category="UML" publish:description="The Name Expression of the Named Element"/><publish:property name="Namespace" publish:category="UML" publish:description="The Namespace of the Named Element" publish:ismodellink="false" publish:value="&lt;Class&gt; PhysicalLink" xmi:id="_47D8046A01083CDD685201C2_0"/><publish:property name="Opposite" publish:category="UML" publish:description="The Opposite of the Property"/><publish:property name="Owner" publish:category="UML" publish:description="The Owner of the Element" publish:ismodellink="false" publish:value="&lt;Class&gt; PhysicalLink" xmi:id="_47D8046A01083CDD685201C2_0"/><publish:property name="Owning Association" publish:category="UML" publish:description="The Owning Association of the Property"/><publish:property name="Owning Template Parameter" publish:category="UML" publish:description="The Owning Template Parameter of the Parameterable Element"/><publish:property name="Qualified Name" publish:category="UML" publish:description="The Qualified Name of the Named Element" publish:value="mTOP-SM-SID-fragment::Logical View::Resource Domain::Resource ABE::PhysicalResource ABE::PhysicalLink::maximumLength"/><publish:property name="Stereotype" publish:category="UML"/><publish:property name="Template Parameter" publish:category="UML" publish:description="The Template Parameter of the Parameterable Element"/><publish:property name="Type" publish:category="UML" publish:description="The Type of the Typed Element" publish:value="&lt;Primitive Type&gt; String"/><publish:property name="Upper" publish:category="UML" publish:description="The Upper of the Multiplicity Element" publish:value="1"/><publish:property name="Upper Value" publish:category="UML" publish:description="The Upper Value of the Multiplicity Element"/><publish:property name="Visibility" publish:category="UML" publish:description="The Visibility of the Named Element" publish:value="Public"/></publish:properties><ownedComment annotatedElement="_47D8046A01083CDAF0610091_0" body="This is a string attribute that defines the maximum allowable length of the PhysicalLink in feet. For some connections, such as wireless connections, this property may not be applicable and should be assigned the special value of NULL. This is an optional attribute." isDocumentation="true" isURL="false" name="&lt;Unnamed Comment&gt;" publish:icon="956637791_icon.png" publish:qualifiedname="mTOP-SM-SID-fragment::Logical View::Resource Domain::Resource ABE::PhysicalResource ABE::PhysicalLink::maximumLength::&lt;Comment&gt;" xmi:id="_R.vB.q.h.fD_E.d.y.jV.s.u3.w.h.r3.g.g" xsi:type="uml:Comment"><publish:properties><publish:property name="Body" publish:category="UML" publish:description="The Body of the Comment" publish:value="This is a string attribute that defines the maximum allowable length of the PhysicalLink in feet. For some connections, such as wireless connections, this property may not be applicable and should be assigned the special value of NULL. This is an optional attribute."/><publish:property name="Keywords" publish:category="UML" publish:description="Keywords property of the UML element"/><publish:property xmlns="http://www.ibm.com/Rational/XTools/Publish" anchor="#_47D8046A01083CDAF0610091_0" name="Owner" publish:category="UML" publish:description="The Owner of the Element" publish:ismodellink="false" publish:value="&lt;Property&gt; maximumLength : String" xmi:id="_47D8046A01083CDD685201C2_0"/><publish:property name="Stereotype" publish:category="UML" publish:value="documentation"/></publish:properties></ownedComment></ownedAttribute><ownedAttribute name="mediaType" publish:icon="-1358617930_icon.png" publish:qualifiedname="mTOP-SM-SID-fragment::Logical View::Resource Domain::Resource ABE::PhysicalResource ABE::PhysicalLink::mediaType" publish:type="Integer" xmi:id="_47D8046A01083CDAF0610092_0" xsi:type="uml:Property"><publish:properties><publish:property name="Aggregation" publish:category="UML" publish:description="The Aggregation of the Property" publish:value="None"/><publish:property name="Alias" publish:category="UML" publish:description="Alias property of the UML element"/><publish:property name="Association" publish:category="UML" publish:description="The Association of the Property"/><publish:property name="Association End" publish:category="UML" publish:description="The Association End of the Property"/><publish:property name="Class" publish:category="UML" publish:description="The Class of the Property" publish:ismodellink="false" publish:value="&lt;Class&gt; PhysicalLink" xmi:id="_47D8046A01083CDD685201C2_0"/><publish:property name="Datatype" publish:category="UML" publish:description="The Datatype of the Property"/><publish:property name="Default" publish:category="UML" publish:description="The Default of the Property"/><publish:property name="Default Value" publish:category="UML" publish:description="The Default Value of the Property"/><publish:property name="Is Composite" publish:category="UML" publish:description="The Is Composite of the Property" publish:value="false"/><publish:property name="Is Derived" publish:category="UML" publish:description="The Is Derived of the Property" publish:value="false"/><publish:property name="Is Derived Union" publish:category="UML" publish:description="The Is Derived Union of the Property" publish:value="false"/><publish:property name="Is Leaf" publish:category="UML" publish:description="The Is Leaf of the Redefinable Element" publish:value="false"/><publish:property name="Is Ordered" publish:category="UML" publish:description="The Is Ordered of the Multiplicity Element" publish:value="false"/><publish:property name="Is Read Only" publish:category="UML" publish:description="The Is Read Only of the Structural Feature" publish:value="false"/><publish:property name="Is Static" publish:category="UML" publish:description="The Is Static of the Feature" publish:value="false"/><publish:property name="Is Unique" publish:category="UML" publish:description="The Is Unique of the Multiplicity Element" publish:value="true"/><publish:property name="Keywords" publish:category="UML" publish:description="Keywords property of the UML element"/><publish:property name="Lower" publish:category="UML" publish:description="The Lower of the Multiplicity Element" publish:value="1"/><publish:property name="Lower Value" publish:category="UML" publish:description="The Lower Value of the Multiplicity Element"/><publish:property name="Multiplicity" publish:category="UML" publish:description="Multiplicity property of Multiplicity Element" publish:value="1"/><publish:property name="Name" publish:category="UML" publish:description="The Name of the Named Element" publish:value="mediaType"/><publish:property name="Name Expression" publish:category="UML" publish:description="The Name Expression of the Named Element"/><publish:property name="Namespace" publish:category="UML" publish:description="The Namespace of the Named Element" publish:ismodellink="false" publish:value="&lt;Class&gt; PhysicalLink" xmi:id="_47D8046A01083CDD685201C2_0"/><publish:property name="Opposite" publish:category="UML" publish:description="The Opposite of the Property"/><publish:property name="Owner" publish:category="UML" publish:description="The Owner of the Element" publish:ismodellink="false" publish:value="&lt;Class&gt; PhysicalLink" xmi:id="_47D8046A01083CDD685201C2_0"/><publish:property name="Owning Association" publish:category="UML" publish:description="The Owning Association of the Property"/><publish:property name="Owning Template Parameter" publish:category="UML" publish:description="The Owning Template Parameter of the Parameterable Element"/><publish:property name="Qualified Name" publish:category="UML" publish:description="The Qualified Name of the Named Element" publish:value="mTOP-SM-SID-fragment::Logical View::Resource Domain::Resource ABE::PhysicalResource ABE::PhysicalLink::mediaType"/><publish:property name="Stereotype" publish:category="UML"/><publish:property name="Template Parameter" publish:category="UML" publish:description="The Template Parameter of the Parameterable Element"/><publish:property name="Type" publish:category="UML" publish:description="The Type of the Typed Element" publish:value="&lt;Primitive Type&gt; Integer"/><publish:property name="Upper" publish:category="UML" publish:description="The Upper of the Multiplicity Element" publish:value="1"/><publish:property name="Upper Value" publish:category="UML" publish:description="The Upper Value of the Multiplicity Element"/><publish:property name="Visibility" publish:category="UML" publish:description="The Visibility of the Named Element" publish:value="Public"/></publish:properties><ownedComment annotatedElement="_47D8046A01083CDAF0610092_0" body="This is an enumerated integer, and is used to define the particular type of media that is used to carry communication. Values include:&#10;&#10;  0:  Unknown&#10;  1:  Wireless&#10;  2:  Cat1&#10;  3:  Cat2&#10;  4:  Cat3&#10;  5:  Cat4&#10;  6:  Cat5&#10;  7:  50-ohm Coaxial&#10;  8:  75-ohm Coaxial&#10;  9:  100-ohm Coaxial&#10; 10:  Fiber-optic&#10; 11:  UTP&#10; 12:  STP&#10; 13:  Ribbon Cable&#10; 14:  Twinaxial&#10; 15:  Optical 9um&#10; 16:  Optical 50um&#10; 17:  Optical 62.5um&#10;&#10;This is a REQUIRED attribute.&#10;" isDocumentation="true" isURL="false" name="&lt;Unnamed Comment&gt;" publish:icon="956637791_icon.png" publish:qualifiedname="mTOP-SM-SID-fragment::Logical View::Resource Domain::Resource ABE::PhysicalResource ABE::PhysicalLink::mediaType::&lt;Comment&gt;" xmi:id="_R.vK0.c.vD_E.d.y.jV.s.u3.w.h.r3.g.g" xsi:type="uml:Comment"><publish:properties><publish:property name="Body" publish:category="UML" publish:description="The Body of the Comment" publish:value="This is an enumerated integer, and is used to define the particular type of media that is used to carry communication. Values include:..."/><publish:property name="Keywords" publish:category="UML" publish:description="Keywords property of the UML element"/><publish:property xmlns="http://www.ibm.com/Rational/XTools/Publish" anchor="#_47D8046A01083CDAF0610092_0" name="Owner" publish:category="UML" publish:description="The Owner of the Element" publish:ismodellink="false" publish:value="&lt;Property&gt; mediaType : Integer" xmi:id="_47D8046A01083CDD685201C2_0"/><publish:property name="Stereotype" publish:category="UML" publish:value="documentation"/></publish:properties></ownedComment></ownedAttribute></packagedElement></packagedElement>