<?xml version="1.0" encoding="UTF-8"?><packagedElement name="Base Types ABE" diagramFormat="GIF" xmlns:publish="http://www.ibm.com/Rational/XTools/Publish" publish:icon="-620419446_icon.png" publish:modelname="mTOP-SM-SID-fragment" publish:qualifiedname="mTOP-SM-SID-fragment::Logical View::Common Business Entities Domain::Base Types ABE" publish:sortOrder="storage" publish:toplevelguid="47D8046A0108" xmlns:xmi="http://www.omg.org/XMI" xmi:id="_47D8046A01083D801BAB03B0" xmi:version="2.0" xmlns:com.ibm.xtools.notation="http:///com/ibm/xtools/notation.ecore" xmlns:uml="http://www.eclipse.org/uml2/1.0.0/UML" xmlns:xsi="http://www.w3.org/2001/XMLSchema-instance" xsi:type="uml:Package"><publish:properties><publish:property name="Alias" publish:category="UML" publish:description="Alias property of the UML element"/><publish:property name="Keywords" publish:category="UML" publish:description="Keywords property of the UML element"/><publish:property name="Name" publish:category="UML" publish:description="The Name of the Named Element" publish:value="Base Types ABE"/><publish:property name="Name Expression" publish:category="UML" publish:description="The Name Expression of the Named Element"/><publish:property name="Namespace" publish:category="UML" publish:description="The Namespace of the Named Element" publish:ismodellink="false" publish:value="&lt;Package&gt; Common Business Entities Domain" xmi:id="_47D8046A010847D8048602EC"/><publish:property name="Nesting Package" publish:category="UML" publish:description="The Nesting Package of the Package" publish:ismodellink="false" publish:value="&lt;Package&gt; Common Business Entities Domain" xmi:id="_47D8046A010847D8048602EC"/><publish:property name="Owned Template Signature" publish:category="UML" publish:description="The Owned Template Signature of the Templateable Element"/><publish:property name="Owner" publish:category="UML" publish:description="The Owner of the Element" publish:ismodellink="false" publish:value="&lt;Package&gt; Common Business Entities Domain" xmi:id="_47D8046A010847D8048602EC"/><publish:property name="Owning Template Parameter" publish:category="UML" publish:description="The Owning Template Parameter of the Parameterable Element"/><publish:property name="Qualified Name" publish:category="UML" publish:description="The Qualified Name of the Named Element" publish:value="mTOP-SM-SID-fragment::Logical View::Common Business Entities Domain::Base Types ABE"/><publish:property name="Stereotype" publish:category="UML"/><publish:property name="Template Parameter" publish:category="UML" publish:description="The Template Parameter of the Parameterable Element"/><publish:property name="Visibility" publish:category="UML" publish:description="The Visibility of the Named Element" publish:value="Public"/></publish:properties></packagedElement>