<?xml version="1.0" encoding="UTF-8"?><packagedElement name="LogicalResource ABE" diagramFormat="GIF" xmlns:publish="http://www.ibm.com/Rational/XTools/Publish" publish:icon="-620419446_icon.png" publish:modelname="mTOP-SM-SID-fragment" publish:qualifiedname="mTOP-SM-SID-fragment::Logical View::Resource Domain::Resource ABE::LogicalResource ABE" publish:sortOrder="storage" publish:toplevelguid="47D8046A0108" xmlns:xmi="http://www.omg.org/XMI" xmi:id="_47D8046A01083DDEA0990115_0" xmi:version="2.0" xmlns:com.ibm.xtools.notation="http:///com/ibm/xtools/notation.ecore" xmlns:uml="http://www.eclipse.org/uml2/1.0.0/UML" xmlns:xsi="http://www.w3.org/2001/XMLSchema-instance" xsi:type="uml:Package"><publish:properties><publish:property name="Alias" publish:category="UML" publish:description="Alias property of the UML element"/><publish:property name="Keywords" publish:category="UML" publish:description="Keywords property of the UML element"/><publish:property name="Name" publish:category="UML" publish:description="The Name of the Named Element" publish:value="LogicalResource ABE"/><publish:property name="Name Expression" publish:category="UML" publish:description="The Name Expression of the Named Element"/><publish:property name="Namespace" publish:category="UML" publish:description="The Namespace of the Named Element" publish:ismodellink="false" publish:value="&lt;Package&gt; Resource ABE" xmi:id="_47D8046A0108430ADC580046"/><publish:property name="Nesting Package" publish:category="UML" publish:description="The Nesting Package of the Package" publish:ismodellink="false" publish:value="&lt;Package&gt; Resource ABE" xmi:id="_47D8046A0108430ADC580046"/><publish:property name="Owned Template Signature" publish:category="UML" publish:description="The Owned Template Signature of the Templateable Element"/><publish:property name="Owner" publish:category="UML" publish:description="The Owner of the Element" publish:ismodellink="false" publish:value="&lt;Package&gt; Resource ABE" xmi:id="_47D8046A0108430ADC580046"/><publish:property name="Owning Template Parameter" publish:category="UML" publish:description="The Owning Template Parameter of the Parameterable Element"/><publish:property name="Qualified Name" publish:category="UML" publish:description="The Qualified Name of the Named Element" publish:value="mTOP-SM-SID-fragment::Logical View::Resource Domain::Resource ABE::LogicalResource ABE"/><publish:property name="Stereotype" publish:category="UML"/><publish:property name="Template Parameter" publish:category="UML" publish:description="The Template Parameter of the Parameterable Element"/><publish:property name="Visibility" publish:category="UML" publish:description="The Visibility of the Named Element" publish:value="Public"/></publish:properties><ownedComment annotatedElement="_47D8046A01083DDEA0990115_0" body="The Resource ABE contains entities that are used to represent the various aspects of a Resource.&#10;&#10;LogicalResource entities are sets of entities that represent the logical aspects of a Resource. This is important to enable the SID to build a set of reusable managed entities that can be used to model the  logical aspects of different types of Resources.&#10;" isDocumentation="true" isURL="false" name="&lt;Unnamed Comment&gt;" publish:icon="956637791_icon.png" publish:qualifiedname="mTOP-SM-SID-fragment::Logical View::Resource Domain::Resource ABE::LogicalResource ABE::&lt;Comment&gt;" xmi:id="_R.pNWYPD_E.d.y.jV.s.u3.w.h.r3.g.g" xsi:type="uml:Comment"><publish:properties><publish:property name="Body" publish:category="UML" publish:description="The Body of the Comment" publish:value="The Resource ABE contains entities that are used to represent the various aspects of a Resource...."/><publish:property name="Keywords" publish:category="UML" publish:description="Keywords property of the UML element"/><publish:property name="Owner" publish:category="UML" publish:description="The Owner of the Element" publish:ismodellink="false" publish:value="&lt;Package&gt; LogicalResource ABE" xmi:id="_47D8046A01083DDEA0990115_0"/><publish:property name="Stereotype" publish:category="UML" publish:value="documentation"/></publish:properties></ownedComment><packagedElement name="LogicalResource" publish:icon="1627724098_icon.png" publish:qualifiedname="mTOP-SM-SID-fragment::Logical View::Resource Domain::Resource ABE::LogicalResource ABE::LogicalResource" xmi:id="_47D8046A01083CDAA51A00F6_0" xsi:type="uml:Class"><publish:properties><publish:property name="Alias" publish:category="UML" publish:description="Alias property of the UML element"/><publish:property name="Classifier Behavior" publish:category="UML" publish:description="The Classifier Behavior of the Behaviored Classifier"/><publish:property name="Is Abstract" publish:category="UML" publish:description="The Is Abstract of the Classifier" publish:value="true"/><publish:property name="Is Active" publish:category="UML" publish:description="The Is Active of the Class" publish:value="false"/><publish:property name="Is Leaf" publish:category="UML" publish:description="The Is Leaf of the Redefinable Element" publish:value="false"/><publish:property name="Keywords" publish:category="UML" publish:description="Keywords property of the UML element"/><publish:property name="Name" publish:category="UML" publish:description="The Name of the Named Element" publish:value="LogicalResource"/><publish:property name="Name Expression" publish:category="UML" publish:description="The Name Expression of the Named Element"/><publish:property name="Namespace" publish:category="UML" publish:description="The Namespace of the Named Element" publish:ismodellink="false" publish:value="&lt;Package&gt; LogicalResource ABE" xmi:id="_47D8046A01083DDEA0990115_0"/><publish:property name="Owned Template Signature" publish:category="UML" publish:description="The Owned Template Signature of the Templateable Element"/><publish:property name="Owner" publish:category="UML" publish:description="The Owner of the Element" publish:ismodellink="false" publish:value="&lt;Package&gt; LogicalResource ABE" xmi:id="_47D8046A01083DDEA0990115_0"/><publish:property name="Owning Template Parameter" publish:category="UML" publish:description="The Owning Template Parameter of the Parameterable Element"/><publish:property name="Package" publish:category="UML" publish:description="The Package of the Type" publish:ismodellink="false" publish:value="&lt;Package&gt; LogicalResource ABE" xmi:id="_47D8046A01083DDEA0990115_0"/><publish:property name="Qualified Name" publish:category="UML" publish:description="The Qualified Name of the Named Element" publish:value="mTOP-SM-SID-fragment::Logical View::Resource Domain::Resource ABE::LogicalResource ABE::LogicalResource"/><publish:property name="Representation" publish:category="UML" publish:description="The Representation of the Classifier"/><publish:property name="Stereotype" publish:category="UML"/><publish:property name="Template Parameter" publish:category="UML" publish:description="The Template Parameter of the Parameterable Element"/><publish:property name="Visibility" publish:category="UML" publish:description="The Visibility of the Named Element" publish:value="Public"/></publish:properties><ancestor name="Resource" publish:icon="1627724098_icon.png" publish:qualifiedname="mTOP-SM-SID-fragment::Logical View::Resource Domain::Resource ABE::Resource" xmi:id="_47D8046A01083DDE851703CB" xsi:type="uml:Class"><inheritedAttribute anchor="#_47D8046A01083E3BED02039F" name="_managementDomain" publish:icon="-1358617930_icon.png" publish:qualifiedname="mTOP-SM-SID-fragment::Logical View::Resource Domain::Resource ABE::Resource::_managementDomain" xmi:id="_47D8046A01083DDE851703CB" xsi:type="uml:Property"/><inheritedAttribute anchor="#_47D8046A01083C7AD5BB0260" name="_product" publish:icon="-1358617930_icon.png" publish:qualifiedname="mTOP-SM-SID-fragment::Logical View::Resource Domain::Resource ABE::Resource::_product" xmi:id="_47D8046A01083DDE851703CB" xsi:type="uml:Property"/><inheritedAttribute anchor="#_47D8046A01084433D76D02CF" name="_serviceAccessPoint" publish:icon="-1358617930_icon.png" publish:qualifiedname="mTOP-SM-SID-fragment::Logical View::Resource Domain::Resource ABE::Resource::_serviceAccessPoint" xmi:id="_47D8046A01083DDE851703CB" xsi:type="uml:Property"/><inheritedAttribute anchor="#_47D8046A01084433D772011A" name="_geographicPlace" publish:icon="-1358617930_icon.png" publish:qualifiedname="mTOP-SM-SID-fragment::Logical View::Resource Domain::Resource ABE::Resource::_geographicPlace" xmi:id="_47D8046A01083DDE851703CB" xsi:type="uml:Property"/><inheritedAttribute anchor="#_47D8046A01083CDA9E0C0394" name="usageState" publish:icon="-1358617930_icon.png" publish:qualifiedname="mTOP-SM-SID-fragment::Logical View::Resource Domain::Resource ABE::Resource::usageState" xmi:id="_47D8046A01083DDE851703CB" xsi:type="uml:Property"/><inheritedAttribute anchor="#_47D8046A01083DDEC6D202AF" name="_resourceSpecification" publish:icon="-1358617930_icon.png" publish:qualifiedname="mTOP-SM-SID-fragment::Logical View::Resource Domain::Resource ABE::Resource::_resourceSpecification" xmi:id="_47D8046A01083DDE851703CB" xsi:type="uml:Property"/></ancestor><ancestor name="ManagedEntity" publish:icon="1627724098_icon.png" publish:qualifiedname="mTOP-SM-SID-fragment::Logical View::Common Business Entities Domain::Root Business Entities ABE::ManagedEntity" xmi:id="_47D8046A01083DDE84F30225" xsi:type="uml:Class"><inheritedAttribute anchor="#_47D8046A01083DDE8E85007E" name="managementMethodCurrent" publish:icon="-1358617930_icon.png" publish:qualifiedname="mTOP-SM-SID-fragment::Logical View::Common Business Entities Domain::Root Business Entities ABE::ManagedEntity::managementMethodCurrent" xmi:id="_47D8046A01083DDE84F30225" xsi:type="uml:Property"/><inheritedAttribute anchor="#_47D8046A01083DDE8EB0004E" name="managementMethodSupported" publish:icon="-1358617930_icon.png" publish:qualifiedname="mTOP-SM-SID-fragment::Logical View::Common Business Entities Domain::Root Business Entities ABE::ManagedEntity::managementMethodSupported" xmi:id="_47D8046A01083DDE84F30225" xsi:type="uml:Property"/><inheritedAttribute anchor="#_47D8046A01083DDFB1A40051" name="_managementDomain" publish:icon="-1358617930_icon.png" publish:qualifiedname="mTOP-SM-SID-fragment::Logical View::Common Business Entities Domain::Root Business Entities ABE::ManagedEntity::_managementDomain" xmi:id="_47D8046A01083DDE84F30225" xsi:type="uml:Property"/><inheritedAttribute anchor="#_47D8046A01083DDEC7C401DB" name="_entitySpecification" publish:icon="-1358617930_icon.png" publish:qualifiedname="mTOP-SM-SID-fragment::Logical View::Common Business Entities Domain::Root Business Entities ABE::ManagedEntity::_entitySpecification" xmi:id="_47D8046A01083DDE84F30225" xsi:type="uml:Property"/><inheritedAttribute anchor="#_47D8046A01083E982D4D009C" name="_entityRole" publish:icon="-1358617930_icon.png" publish:qualifiedname="mTOP-SM-SID-fragment::Logical View::Common Business Entities Domain::Root Business Entities ABE::ManagedEntity::_entityRole" xmi:id="_47D8046A01083DDE84F30225" xsi:type="uml:Property"/><inheritedAttribute anchor="#_47D8046A01083EA9EABA02F6" name="&lt;Unnamed Property&gt;" publish:icon="-1358617930_icon.png" publish:qualifiedname="mTOP-SM-SID-fragment::Logical View::Common Business Entities Domain::Root Business Entities ABE::ManagedEntity::&lt;Property&gt;" xmi:id="_47D8046A01083DDE84F30225" xsi:type="uml:Property"/><inheritedAttribute anchor="#_47D8046A01083EA9E36D00A8" name="_managementInfo" publish:icon="-1358617930_icon.png" publish:qualifiedname="mTOP-SM-SID-fragment::Logical View::Common Business Entities Domain::Root Business Entities ABE::ManagedEntity::_managementInfo" xmi:id="_47D8046A01083DDE84F30225" xsi:type="uml:Property"/></ancestor><ancestor name="Entity" publish:icon="1627724098_icon.png" publish:qualifiedname="mTOP-SM-SID-fragment::Logical View::Common Business Entities Domain::Root Business Entities ABE::Entity" xmi:id="_47D8046A01083DDE84EE01B9" xsi:type="uml:Class"><inheritedAttribute anchor="#_47D8046A01083DDE8EE201E0" name="version" publish:icon="-1358617930_icon.png" publish:qualifiedname="mTOP-SM-SID-fragment::Logical View::Common Business Entities Domain::Root Business Entities ABE::Entity::version" xmi:id="_47D8046A01083DDE84EE01B9" xsi:type="uml:Property"/><inheritedAttribute anchor="#_47D8046A0108438293930370" name="_entitySpecification" publish:icon="-1358617930_icon.png" publish:qualifiedname="mTOP-SM-SID-fragment::Logical View::Common Business Entities Domain::Root Business Entities ABE::Entity::_entitySpecification" xmi:id="_47D8046A01083DDE84EE01B9" xsi:type="uml:Property"/></ancestor><ancestor name="RootEntity" publish:icon="1627724098_icon.png" publish:qualifiedname="mTOP-SM-SID-fragment::Logical View::Common Business Entities Domain::Root Business Entities ABE::RootEntity" xmi:id="_47D8046A01083CDA9E0C0384" xsi:type="uml:Class"><inheritedAttribute anchor="#_47D8046A01083CDA9E0C038E" name="commonName" publish:icon="-1358617930_icon.png" publish:qualifiedname="mTOP-SM-SID-fragment::Logical View::Common Business Entities Domain::Root Business Entities ABE::RootEntity::commonName" xmi:id="_47D8046A01083CDA9E0C0384" xsi:type="uml:Property"/><inheritedAttribute anchor="#_47D8046A01083CDA9E0C038F" name="description" publish:icon="-1358617930_icon.png" publish:qualifiedname="mTOP-SM-SID-fragment::Logical View::Common Business Entities Domain::Root Business Entities ABE::RootEntity::description" xmi:id="_47D8046A01083CDA9E0C0384" xsi:type="uml:Property"/><inheritedAttribute anchor="#_47D8046A01083CDA9E0C0390" name="objectID" publish:icon="-1358617930_icon.png" publish:qualifiedname="mTOP-SM-SID-fragment::Logical View::Common Business Entities Domain::Root Business Entities ABE::RootEntity::objectID" xmi:id="_47D8046A01083CDA9E0C0384" xsi:type="uml:Property"/><inheritedOperation anchor="#_47D8046A01083CDA9E0C0385" name="getCommonName" publish:icon="-1425726802_icon.png" publish:qualifiedname="mTOP-SM-SID-fragment::Logical View::Common Business Entities Domain::Root Business Entities ABE::RootEntity::getCommonName" xmi:id="_47D8046A01083CDA9E0C0384" xsi:type="uml:Operation"/><inheritedOperation anchor="#_47D8046A01083CDA9E0C0386" name="setCommonName" publish:icon="-1425726802_icon.png" publish:qualifiedname="mTOP-SM-SID-fragment::Logical View::Common Business Entities Domain::Root Business Entities ABE::RootEntity::setCommonName" xmi:id="_47D8046A01083CDA9E0C0384" xsi:type="uml:Operation"/><inheritedOperation anchor="#_47D8046A01083CDA9E0C0388" name="getDescription" publish:icon="-1425726802_icon.png" publish:qualifiedname="mTOP-SM-SID-fragment::Logical View::Common Business Entities Domain::Root Business Entities ABE::RootEntity::getDescription" xmi:id="_47D8046A01083CDA9E0C0384" xsi:type="uml:Operation"/><inheritedOperation anchor="#_47D8046A01083CDA9E0C0389" name="setDescription" publish:icon="-1425726802_icon.png" publish:qualifiedname="mTOP-SM-SID-fragment::Logical View::Common Business Entities Domain::Root Business Entities ABE::RootEntity::setDescription" xmi:id="_47D8046A01083CDA9E0C0384" xsi:type="uml:Operation"/><inheritedOperation anchor="#_47D8046A01083CDA9E0C038B" name="getObjectID" publish:icon="-1425726802_icon.png" publish:qualifiedname="mTOP-SM-SID-fragment::Logical View::Common Business Entities Domain::Root Business Entities ABE::RootEntity::getObjectID" xmi:id="_47D8046A01083CDA9E0C0384" xsi:type="uml:Operation"/><inheritedOperation anchor="#_47D8046A01083CDA9E0C038C" name="setObjectID" publish:icon="-1425726802_icon.png" publish:qualifiedname="mTOP-SM-SID-fragment::Logical View::Common Business Entities Domain::Root Business Entities ABE::RootEntity::setObjectID" xmi:id="_47D8046A01083CDA9E0C0384" xsi:type="uml:Operation"/></ancestor><ownedComment annotatedElement="_47D8046A01083CDAA51A00F6_0" body="This is an abstract base class for describing different logical aspects of devices (e.g., DeviceInterfaces) that constitute a Product. It has two main purposes: (1) to collect common attributes and relationships for all logical entities, and (2) to provide a convenient, single point where relationships with other managed objects can be defined." isDocumentation="true" isURL="false" name="&lt;Unnamed Comment&gt;" publish:icon="956637791_icon.png" publish:qualifiedname="mTOP-SM-SID-fragment::Logical View::Resource Domain::Resource ABE::LogicalResource ABE::LogicalResource::&lt;Comment&gt;" xmi:id="_R.pXHY.vD_E.d.y.jV.s.u3.w.h.r3.g.g" xsi:type="uml:Comment"><publish:properties><publish:property name="Body" publish:category="UML" publish:description="The Body of the Comment" publish:value="This is an abstract base class for describing different logical aspects of devices (e.g., DeviceInterfaces) that constitute a Product. It has two main purposes: (1) to collect common attributes and relationships for all logical entities, and (2) to provide a convenient, single point where relationships with other managed objects can be defined."/><publish:property name="Keywords" publish:category="UML" publish:description="Keywords property of the UML element"/><publish:property name="Owner" publish:category="UML" publish:description="The Owner of the Element" publish:ismodellink="false" publish:value="&lt;Class&gt; LogicalResource" xmi:id="_47D8046A01083CDAA51A00F6_0"/><publish:property name="Stereotype" publish:category="UML" publish:value="documentation"/></publish:properties></ownedComment><generalization name="&lt;Unnamed Generalization&gt;" publish:icon="1896161996_icon.png" publish:qualifiedname="mTOP-SM-SID-fragment::Logical View::Resource Domain::Resource ABE::LogicalResource ABE::LogicalResource::&lt;Generalization&gt;" xmi:id="_47D8046A01083DDEF1EC0283_0" xsi:type="uml:Generalization"><publish:properties><publish:property name="General" publish:category="UML" publish:description="The General of the Generalization" publish:ismodellink="false" publish:value="&lt;Class&gt; Resource" xmi:id="_47D8046A01083DDE851703CB"/><publish:property name="Is Substitutable" publish:category="UML" publish:description="The Is Substitutable of the Generalization" publish:value="false"/><publish:property name="Keywords" publish:category="UML" publish:description="Keywords property of the UML element"/><publish:property name="Owner" publish:category="UML" publish:description="The Owner of the Element" publish:ismodellink="false" publish:value="&lt;Class&gt; LogicalResource" xmi:id="_47D8046A01083CDAA51A00F6_0"/><publish:property name="Specific" publish:category="UML" publish:description="The Specific of the Generalization" publish:ismodellink="false" publish:value="&lt;Class&gt; LogicalResource" xmi:id="_47D8046A01083CDAA51A00F6_0"/><publish:property name="Stereotype" publish:category="UML"/></publish:properties></generalization><ownedAttribute name="lrStatus" publish:icon="-1358617930_icon.png" publish:qualifiedname="mTOP-SM-SID-fragment::Logical View::Resource Domain::Resource ABE::LogicalResource ABE::LogicalResource::lrStatus" publish:type="Integer" xmi:id="_47D8046A01083CDAA4DD0166_0" xsi:type="uml:Property"><publish:properties><publish:property name="Aggregation" publish:category="UML" publish:description="The Aggregation of the Property" publish:value="None"/><publish:property name="Alias" publish:category="UML" publish:description="Alias property of the UML element"/><publish:property name="Association" publish:category="UML" publish:description="The Association of the Property"/><publish:property name="Association End" publish:category="UML" publish:description="The Association End of the Property"/><publish:property name="Class" publish:category="UML" publish:description="The Class of the Property" publish:ismodellink="false" publish:value="&lt;Class&gt; LogicalResource" xmi:id="_47D8046A01083CDAA51A00F6_0"/><publish:property name="Datatype" publish:category="UML" publish:description="The Datatype of the Property"/><publish:property name="Default" publish:category="UML" publish:description="The Default of the Property"/><publish:property name="Default Value" publish:category="UML" publish:description="The Default Value of the Property"/><publish:property name="Is Composite" publish:category="UML" publish:description="The Is Composite of the Property" publish:value="false"/><publish:property name="Is Derived" publish:category="UML" publish:description="The Is Derived of the Property" publish:value="false"/><publish:property name="Is Derived Union" publish:category="UML" publish:description="The Is Derived Union of the Property" publish:value="false"/><publish:property name="Is Leaf" publish:category="UML" publish:description="The Is Leaf of the Redefinable Element" publish:value="false"/><publish:property name="Is Ordered" publish:category="UML" publish:description="The Is Ordered of the Multiplicity Element" publish:value="false"/><publish:property name="Is Read Only" publish:category="UML" publish:description="The Is Read Only of the Structural Feature" publish:value="false"/><publish:property name="Is Static" publish:category="UML" publish:description="The Is Static of the Feature" publish:value="false"/><publish:property name="Is Unique" publish:category="UML" publish:description="The Is Unique of the Multiplicity Element" publish:value="true"/><publish:property name="Keywords" publish:category="UML" publish:description="Keywords property of the UML element"/><publish:property name="Lower" publish:category="UML" publish:description="The Lower of the Multiplicity Element" publish:value="1"/><publish:property name="Lower Value" publish:category="UML" publish:description="The Lower Value of the Multiplicity Element"/><publish:property name="Multiplicity" publish:category="UML" publish:description="Multiplicity property of Multiplicity Element" publish:value="1"/><publish:property name="Name" publish:category="UML" publish:description="The Name of the Named Element" publish:value="lrStatus"/><publish:property name="Name Expression" publish:category="UML" publish:description="The Name Expression of the Named Element"/><publish:property name="Namespace" publish:category="UML" publish:description="The Namespace of the Named Element" publish:ismodellink="false" publish:value="&lt;Class&gt; LogicalResource" xmi:id="_47D8046A01083CDAA51A00F6_0"/><publish:property name="Opposite" publish:category="UML" publish:description="The Opposite of the Property"/><publish:property name="Owner" publish:category="UML" publish:description="The Owner of the Element" publish:ismodellink="false" publish:value="&lt;Class&gt; LogicalResource" xmi:id="_47D8046A01083CDAA51A00F6_0"/><publish:property name="Owning Association" publish:category="UML" publish:description="The Owning Association of the Property"/><publish:property name="Owning Template Parameter" publish:category="UML" publish:description="The Owning Template Parameter of the Parameterable Element"/><publish:property name="Qualified Name" publish:category="UML" publish:description="The Qualified Name of the Named Element" publish:value="mTOP-SM-SID-fragment::Logical View::Resource Domain::Resource ABE::LogicalResource ABE::LogicalResource::lrStatus"/><publish:property name="Stereotype" publish:category="UML"/><publish:property name="Template Parameter" publish:category="UML" publish:description="The Template Parameter of the Parameterable Element"/><publish:property name="Type" publish:category="UML" publish:description="The Type of the Typed Element" publish:value="&lt;Primitive Type&gt; Integer"/><publish:property name="Upper" publish:category="UML" publish:description="The Upper of the Multiplicity Element" publish:value="1"/><publish:property name="Upper Value" publish:category="UML" publish:description="The Upper Value of the Multiplicity Element"/><publish:property name="Visibility" publish:category="UML" publish:description="The Visibility of the Named Element" publish:value="Public"/></publish:properties><ownedComment annotatedElement="_47D8046A01083CDAA4DD0166_0" body="This is an enumerated integer whose value indicates the current status of the object. The following values are defined:&#10;&#10;  0:  Unknown&#10;  1:  OK&#10;  2:  Initializing&#10;  3:  Starting&#10;  4:  Paused&#10;  5:  Stopping&#10;  6:  Stopped&#10;  7:  Degraded&#10;  8:  Stressed &#10;  9:  Predicted Failure&#10; 10:  Error - General&#10; 11:  Error - Non Recoverable&#10; 12:  Not Installed or Not Present&#10; 13:  In Maintenance&#10; 14:  Unable To Contact&#10; 15:  Lost Communications&#10;&#10;Stopped indicates that the LogicalResource is known to still exist, but it is no longer operational. However, it has not failed.&#10;&amp;nbsp;&amp;nbsp;&amp;nbsp;&amp;nbsp;&#10;Stressed indicates that the LogicalResource is functioning, but needs attention (e.g., it may be overheating, or overloaded in some way). This is similar to Predicted Failure, which indicates that this LogicalResource is functioning properly, but is predicting a failure in the near future.&#10;&#10;In Maintenance indicates that this LogicalResource is being configured, maintained, or otherwise administered and is NOT available for service.&#10;&#10;Unable To Contact indicates that the monitoring system has knowledge of this LogicalResource but has never been able to establish communications with it. In contrast, Lost Commmunications indicates that the LogicalResource has been contacted successfully in the past and is known to still exist; however, it is currently unreachable.&#10;&#10;This is an optional attribute.&#10;" isDocumentation="true" isURL="false" name="&lt;Unnamed Comment&gt;" publish:icon="956637791_icon.png" publish:qualifiedname="mTOP-SM-SID-fragment::Logical View::Resource Domain::Resource ABE::LogicalResource ABE::LogicalResource::lrStatus::&lt;Comment&gt;" xmi:id="_R.p.gRUPD_E.d.y.jV.s.u3.w.h.r3.g.g" xsi:type="uml:Comment"><publish:properties><publish:property name="Body" publish:category="UML" publish:description="The Body of the Comment" publish:value="This is an enumerated integer whose value indicates the current status of the object. The following values are defined:..."/><publish:property name="Keywords" publish:category="UML" publish:description="Keywords property of the UML element"/><publish:property xmlns="http://www.ibm.com/Rational/XTools/Publish" anchor="#_47D8046A01083CDAA4DD0166_0" name="Owner" publish:category="UML" publish:description="The Owner of the Element" publish:ismodellink="false" publish:value="&lt;Property&gt; lrStatus : Integer" xmi:id="_47D8046A01083CDAA51A00F6_0"/><publish:property name="Stereotype" publish:category="UML" publish:value="documentation"/></publish:properties></ownedComment></ownedAttribute><ownedAttribute name="serviceState" publish:icon="-1358617930_icon.png" publish:qualifiedname="mTOP-SM-SID-fragment::Logical View::Resource Domain::Resource ABE::LogicalResource ABE::LogicalResource::serviceState" publish:type="Integer" xmi:id="_47D8046A01083CDAA4DD0164_0" xsi:type="uml:Property"><publish:properties><publish:property name="Aggregation" publish:category="UML" publish:description="The Aggregation of the Property" publish:value="None"/><publish:property name="Alias" publish:category="UML" publish:description="Alias property of the UML element"/><publish:property name="Association" publish:category="UML" publish:description="The Association of the Property"/><publish:property name="Association End" publish:category="UML" publish:description="The Association End of the Property"/><publish:property name="Class" publish:category="UML" publish:description="The Class of the Property" publish:ismodellink="false" publish:value="&lt;Class&gt; LogicalResource" xmi:id="_47D8046A01083CDAA51A00F6_0"/><publish:property name="Datatype" publish:category="UML" publish:description="The Datatype of the Property"/><publish:property name="Default" publish:category="UML" publish:description="The Default of the Property"/><publish:property name="Default Value" publish:category="UML" publish:description="The Default Value of the Property"/><publish:property name="Is Composite" publish:category="UML" publish:description="The Is Composite of the Property" publish:value="false"/><publish:property name="Is Derived" publish:category="UML" publish:description="The Is Derived of the Property" publish:value="false"/><publish:property name="Is Derived Union" publish:category="UML" publish:description="The Is Derived Union of the Property" publish:value="false"/><publish:property name="Is Leaf" publish:category="UML" publish:description="The Is Leaf of the Redefinable Element" publish:value="false"/><publish:property name="Is Ordered" publish:category="UML" publish:description="The Is Ordered of the Multiplicity Element" publish:value="false"/><publish:property name="Is Read Only" publish:category="UML" publish:description="The Is Read Only of the Structural Feature" publish:value="false"/><publish:property name="Is Static" publish:category="UML" publish:description="The Is Static of the Feature" publish:value="false"/><publish:property name="Is Unique" publish:category="UML" publish:description="The Is Unique of the Multiplicity Element" publish:value="true"/><publish:property name="Keywords" publish:category="UML" publish:description="Keywords property of the UML element"/><publish:property name="Lower" publish:category="UML" publish:description="The Lower of the Multiplicity Element" publish:value="1"/><publish:property name="Lower Value" publish:category="UML" publish:description="The Lower Value of the Multiplicity Element"/><publish:property name="Multiplicity" publish:category="UML" publish:description="Multiplicity property of Multiplicity Element" publish:value="1"/><publish:property name="Name" publish:category="UML" publish:description="The Name of the Named Element" publish:value="serviceState"/><publish:property name="Name Expression" publish:category="UML" publish:description="The Name Expression of the Named Element"/><publish:property name="Namespace" publish:category="UML" publish:description="The Namespace of the Named Element" publish:ismodellink="false" publish:value="&lt;Class&gt; LogicalResource" xmi:id="_47D8046A01083CDAA51A00F6_0"/><publish:property name="Opposite" publish:category="UML" publish:description="The Opposite of the Property"/><publish:property name="Owner" publish:category="UML" publish:description="The Owner of the Element" publish:ismodellink="false" publish:value="&lt;Class&gt; LogicalResource" xmi:id="_47D8046A01083CDAA51A00F6_0"/><publish:property name="Owning Association" publish:category="UML" publish:description="The Owning Association of the Property"/><publish:property name="Owning Template Parameter" publish:category="UML" publish:description="The Owning Template Parameter of the Parameterable Element"/><publish:property name="Qualified Name" publish:category="UML" publish:description="The Qualified Name of the Named Element" publish:value="mTOP-SM-SID-fragment::Logical View::Resource Domain::Resource ABE::LogicalResource ABE::LogicalResource::serviceState"/><publish:property name="Stereotype" publish:category="UML"/><publish:property name="Template Parameter" publish:category="UML" publish:description="The Template Parameter of the Parameterable Element"/><publish:property name="Type" publish:category="UML" publish:description="The Type of the Typed Element" publish:value="&lt;Primitive Type&gt; Integer"/><publish:property name="Upper" publish:category="UML" publish:description="The Upper of the Multiplicity Element" publish:value="1"/><publish:property name="Upper Value" publish:category="UML" publish:description="The Upper Value of the Multiplicity Element"/><publish:property name="Visibility" publish:category="UML" publish:description="The Visibility of the Named Element" publish:value="Public"/></publish:properties><ownedComment annotatedElement="_47D8046A01083CDAA4DD0164_0" body="This is an enumerated integer that defines the availability and usage (i.e., the service state) of this LogicalResource. Its values are:&#10;&#10;  0:  Unknown&#10;  1:  In Service&#10;  2:  Out of Service&#10;  3:  Testing&#10;  4:  In Maintenance&#10;  5:  Not Available&#10;  6:  Not Applicable&#10;&#10;This is an optional attribute.&#10;" isDocumentation="true" isURL="false" name="&lt;Unnamed Comment&gt;" publish:icon="956637791_icon.png" publish:qualifiedname="mTOP-SM-SID-fragment::Logical View::Resource Domain::Resource ABE::LogicalResource ABE::LogicalResource::serviceState::&lt;Comment&gt;" xmi:id="_R.p.gRU_D_E.d.y.jV.s.u3.w.h.r3.g.g" xsi:type="uml:Comment"><publish:properties><publish:property name="Body" publish:category="UML" publish:description="The Body of the Comment" publish:value="This is an enumerated integer that defines the availability and usage (i.e., the service state) of this LogicalResource. Its values are:..."/><publish:property name="Keywords" publish:category="UML" publish:description="Keywords property of the UML element"/><publish:property xmlns="http://www.ibm.com/Rational/XTools/Publish" anchor="#_47D8046A01083CDAA4DD0164_0" name="Owner" publish:category="UML" publish:description="The Owner of the Element" publish:ismodellink="false" publish:value="&lt;Property&gt; serviceState : Integer" xmi:id="_47D8046A01083CDAA51A00F6_0"/><publish:property name="Stereotype" publish:category="UML" publish:value="documentation"/></publish:properties></ownedComment></ownedAttribute><ownedAttribute name="isOperational" publish:icon="-1358617930_icon.png" publish:qualifiedname="mTOP-SM-SID-fragment::Logical View::Resource Domain::Resource ABE::LogicalResource ABE::LogicalResource::isOperational" publish:type="Boolean" xmi:id="_47D8046A01083CDAD87C026B_0" xsi:type="uml:Property"><publish:properties><publish:property name="Aggregation" publish:category="UML" publish:description="The Aggregation of the Property" publish:value="None"/><publish:property name="Alias" publish:category="UML" publish:description="Alias property of the UML element"/><publish:property name="Association" publish:category="UML" publish:description="The Association of the Property"/><publish:property name="Association End" publish:category="UML" publish:description="The Association End of the Property"/><publish:property name="Class" publish:category="UML" publish:description="The Class of the Property" publish:ismodellink="false" publish:value="&lt;Class&gt; LogicalResource" xmi:id="_47D8046A01083CDAA51A00F6_0"/><publish:property name="Datatype" publish:category="UML" publish:description="The Datatype of the Property"/><publish:property name="Default" publish:category="UML" publish:description="The Default of the Property"/><publish:property name="Default Value" publish:category="UML" publish:description="The Default Value of the Property"/><publish:property name="Is Composite" publish:category="UML" publish:description="The Is Composite of the Property" publish:value="false"/><publish:property name="Is Derived" publish:category="UML" publish:description="The Is Derived of the Property" publish:value="false"/><publish:property name="Is Derived Union" publish:category="UML" publish:description="The Is Derived Union of the Property" publish:value="false"/><publish:property name="Is Leaf" publish:category="UML" publish:description="The Is Leaf of the Redefinable Element" publish:value="false"/><publish:property name="Is Ordered" publish:category="UML" publish:description="The Is Ordered of the Multiplicity Element" publish:value="false"/><publish:property name="Is Read Only" publish:category="UML" publish:description="The Is Read Only of the Structural Feature" publish:value="false"/><publish:property name="Is Static" publish:category="UML" publish:description="The Is Static of the Feature" publish:value="false"/><publish:property name="Is Unique" publish:category="UML" publish:description="The Is Unique of the Multiplicity Element" publish:value="true"/><publish:property name="Keywords" publish:category="UML" publish:description="Keywords property of the UML element"/><publish:property name="Lower" publish:category="UML" publish:description="The Lower of the Multiplicity Element" publish:value="1"/><publish:property name="Lower Value" publish:category="UML" publish:description="The Lower Value of the Multiplicity Element"/><publish:property name="Multiplicity" publish:category="UML" publish:description="Multiplicity property of Multiplicity Element" publish:value="1"/><publish:property name="Name" publish:category="UML" publish:description="The Name of the Named Element" publish:value="isOperational"/><publish:property name="Name Expression" publish:category="UML" publish:description="The Name Expression of the Named Element"/><publish:property name="Namespace" publish:category="UML" publish:description="The Namespace of the Named Element" publish:ismodellink="false" publish:value="&lt;Class&gt; LogicalResource" xmi:id="_47D8046A01083CDAA51A00F6_0"/><publish:property name="Opposite" publish:category="UML" publish:description="The Opposite of the Property"/><publish:property name="Owner" publish:category="UML" publish:description="The Owner of the Element" publish:ismodellink="false" publish:value="&lt;Class&gt; LogicalResource" xmi:id="_47D8046A01083CDAA51A00F6_0"/><publish:property name="Owning Association" publish:category="UML" publish:description="The Owning Association of the Property"/><publish:property name="Owning Template Parameter" publish:category="UML" publish:description="The Owning Template Parameter of the Parameterable Element"/><publish:property name="Qualified Name" publish:category="UML" publish:description="The Qualified Name of the Named Element" publish:value="mTOP-SM-SID-fragment::Logical View::Resource Domain::Resource ABE::LogicalResource ABE::LogicalResource::isOperational"/><publish:property name="Stereotype" publish:category="UML"/><publish:property name="Template Parameter" publish:category="UML" publish:description="The Template Parameter of the Parameterable Element"/><publish:property name="Type" publish:category="UML" publish:description="The Type of the Typed Element" publish:value="&lt;Primitive Type&gt; Boolean"/><publish:property name="Upper" publish:category="UML" publish:description="The Upper of the Multiplicity Element" publish:value="1"/><publish:property name="Upper Value" publish:category="UML" publish:description="The Upper Value of the Multiplicity Element"/><publish:property name="Visibility" publish:category="UML" publish:description="The Visibility of the Named Element" publish:value="Public"/></publish:properties><ownedComment annotatedElement="_47D8046A01083CDAD87C026B_0" body="This attribute is used to define the operational status of the object, and is implemented as a Boolean: TRUE means that the object is currently operational, and FALSE means that the object is not currently operational.&#10;&#10;This is a REQUIRED attribute.&#10;" isDocumentation="true" isURL="false" name="&lt;Unnamed Comment&gt;" publish:icon="956637791_icon.png" publish:qualifiedname="mTOP-SM-SID-fragment::Logical View::Resource Domain::Resource ABE::LogicalResource ABE::LogicalResource::isOperational::&lt;Comment&gt;" xmi:id="_R.p.qCUPD_E.d.y.jV.s.u3.w.h.r3.g.g" xsi:type="uml:Comment"><publish:properties><publish:property name="Body" publish:category="UML" publish:description="The Body of the Comment" publish:value="This attribute is used to define the operational status of the object, and is implemented as a Boolean: TRUE means that the object is currently operational, and FALSE means that the object is not currently operational...."/><publish:property name="Keywords" publish:category="UML" publish:description="Keywords property of the UML element"/><publish:property xmlns="http://www.ibm.com/Rational/XTools/Publish" anchor="#_47D8046A01083CDAD87C026B_0" name="Owner" publish:category="UML" publish:description="The Owner of the Element" publish:ismodellink="false" publish:value="&lt;Property&gt; isOperational : Boolean" xmi:id="_47D8046A01083CDAA51A00F6_0"/><publish:property name="Stereotype" publish:category="UML" publish:value="documentation"/></publish:properties></ownedComment></ownedAttribute></packagedElement><packagedElement name="ReplacementSet" publish:icon="1627724098_icon.png" publish:qualifiedname="mTOP-SM-SID-fragment::Logical View::Resource Domain::Resource ABE::LogicalResource ABE::ReplacementSet" xmi:id="_47D8046A01083CDDD44A0046_0" xsi:type="uml:Class"><publish:properties><publish:property name="Alias" publish:category="UML" publish:description="Alias property of the UML element"/><publish:property name="Classifier Behavior" publish:category="UML" publish:description="The Classifier Behavior of the Behaviored Classifier"/><publish:property name="Is Abstract" publish:category="UML" publish:description="The Is Abstract of the Classifier" publish:value="false"/><publish:property name="Is Active" publish:category="UML" publish:description="The Is Active of the Class" publish:value="false"/><publish:property name="Is Leaf" publish:category="UML" publish:description="The Is Leaf of the Redefinable Element" publish:value="false"/><publish:property name="Keywords" publish:category="UML" publish:description="Keywords property of the UML element"/><publish:property name="Name" publish:category="UML" publish:description="The Name of the Named Element" publish:value="ReplacementSet"/><publish:property name="Name Expression" publish:category="UML" publish:description="The Name Expression of the Named Element"/><publish:property name="Namespace" publish:category="UML" publish:description="The Namespace of the Named Element" publish:ismodellink="false" publish:value="&lt;Package&gt; LogicalResource ABE" xmi:id="_47D8046A01083DDEA0990115_0"/><publish:property name="Owned Template Signature" publish:category="UML" publish:description="The Owned Template Signature of the Templateable Element"/><publish:property name="Owner" publish:category="UML" publish:description="The Owner of the Element" publish:ismodellink="false" publish:value="&lt;Package&gt; LogicalResource ABE" xmi:id="_47D8046A01083DDEA0990115_0"/><publish:property name="Owning Template Parameter" publish:category="UML" publish:description="The Owning Template Parameter of the Parameterable Element"/><publish:property name="Package" publish:category="UML" publish:description="The Package of the Type" publish:ismodellink="false" publish:value="&lt;Package&gt; LogicalResource ABE" xmi:id="_47D8046A01083DDEA0990115_0"/><publish:property name="Qualified Name" publish:category="UML" publish:description="The Qualified Name of the Named Element" publish:value="mTOP-SM-SID-fragment::Logical View::Resource Domain::Resource ABE::LogicalResource ABE::ReplacementSet"/><publish:property name="Representation" publish:category="UML" publish:description="The Representation of the Classifier"/><publish:property name="Stereotype" publish:category="UML"/><publish:property name="Template Parameter" publish:category="UML" publish:description="The Template Parameter of the Parameterable Element"/><publish:property name="Visibility" publish:category="UML" publish:description="The Visibility of the Named Element" publish:value="Public"/></publish:properties><ancestor name="Collection" publish:icon="1627724098_icon.png" publish:qualifiedname="mTOP-SM-SID-fragment::Logical View::Common Business Entities Domain::Root Business Entities ABE::Collection" xmi:id="_47D8046A01083CDDD3C501D5" xsi:type="uml:Class"><inheritedAttribute anchor="#_47D8046A01083CDDD36401C4" name="orderMethod" publish:icon="-1358617930_icon.png" publish:qualifiedname="mTOP-SM-SID-fragment::Logical View::Common Business Entities Domain::Root Business Entities ABE::Collection::orderMethod" xmi:id="_47D8046A01083CDDD3C501D5" xsi:type="uml:Property"/><inheritedAttribute anchor="#_47D8046A01083CDDD36401C5" name="type" publish:icon="-1358617930_icon.png" publish:qualifiedname="mTOP-SM-SID-fragment::Logical View::Common Business Entities Domain::Root Business Entities ABE::Collection::type" xmi:id="_47D8046A01083CDDD3C501D5" xsi:type="uml:Property"/></ancestor><ancestor name="RootEntity" publish:icon="1627724098_icon.png" publish:qualifiedname="mTOP-SM-SID-fragment::Logical View::Common Business Entities Domain::Root Business Entities ABE::RootEntity" xmi:id="_47D8046A01083CDA9E0C0384" xsi:type="uml:Class"><inheritedAttribute anchor="#_47D8046A01083CDA9E0C038E" name="commonName" publish:icon="-1358617930_icon.png" publish:qualifiedname="mTOP-SM-SID-fragment::Logical View::Common Business Entities Domain::Root Business Entities ABE::RootEntity::commonName" xmi:id="_47D8046A01083CDA9E0C0384" xsi:type="uml:Property"/><inheritedAttribute anchor="#_47D8046A01083CDA9E0C038F" name="description" publish:icon="-1358617930_icon.png" publish:qualifiedname="mTOP-SM-SID-fragment::Logical View::Common Business Entities Domain::Root Business Entities ABE::RootEntity::description" xmi:id="_47D8046A01083CDA9E0C0384" xsi:type="uml:Property"/><inheritedAttribute anchor="#_47D8046A01083CDA9E0C0390" name="objectID" publish:icon="-1358617930_icon.png" publish:qualifiedname="mTOP-SM-SID-fragment::Logical View::Common Business Entities Domain::Root Business Entities ABE::RootEntity::objectID" xmi:id="_47D8046A01083CDA9E0C0384" xsi:type="uml:Property"/><inheritedOperation anchor="#_47D8046A01083CDA9E0C0385" name="getCommonName" publish:icon="-1425726802_icon.png" publish:qualifiedname="mTOP-SM-SID-fragment::Logical View::Common Business Entities Domain::Root Business Entities ABE::RootEntity::getCommonName" xmi:id="_47D8046A01083CDA9E0C0384" xsi:type="uml:Operation"/><inheritedOperation anchor="#_47D8046A01083CDA9E0C0386" name="setCommonName" publish:icon="-1425726802_icon.png" publish:qualifiedname="mTOP-SM-SID-fragment::Logical View::Common Business Entities Domain::Root Business Entities ABE::RootEntity::setCommonName" xmi:id="_47D8046A01083CDA9E0C0384" xsi:type="uml:Operation"/><inheritedOperation anchor="#_47D8046A01083CDA9E0C0388" name="getDescription" publish:icon="-1425726802_icon.png" publish:qualifiedname="mTOP-SM-SID-fragment::Logical View::Common Business Entities Domain::Root Business Entities ABE::RootEntity::getDescription" xmi:id="_47D8046A01083CDA9E0C0384" xsi:type="uml:Operation"/><inheritedOperation anchor="#_47D8046A01083CDA9E0C0389" name="setDescription" publish:icon="-1425726802_icon.png" publish:qualifiedname="mTOP-SM-SID-fragment::Logical View::Common Business Entities Domain::Root Business Entities ABE::RootEntity::setDescription" xmi:id="_47D8046A01083CDA9E0C0384" xsi:type="uml:Operation"/><inheritedOperation anchor="#_47D8046A01083CDA9E0C038B" name="getObjectID" publish:icon="-1425726802_icon.png" publish:qualifiedname="mTOP-SM-SID-fragment::Logical View::Common Business Entities Domain::Root Business Entities ABE::RootEntity::getObjectID" xmi:id="_47D8046A01083CDA9E0C0384" xsi:type="uml:Operation"/><inheritedOperation anchor="#_47D8046A01083CDA9E0C038C" name="setObjectID" publish:icon="-1425726802_icon.png" publish:qualifiedname="mTOP-SM-SID-fragment::Logical View::Common Business Entities Domain::Root Business Entities ABE::RootEntity::setObjectID" xmi:id="_47D8046A01083CDA9E0C0384" xsi:type="uml:Operation"/></ancestor><ownedComment annotatedElement="_47D8046A01083CDDD44A0046_0" body="This class is used to define a set of ManagedPhysicalEntities that must be replaced as a unit. This is conceptually a set of FRUs." isDocumentation="true" isURL="false" name="&lt;Unnamed Comment&gt;" publish:icon="956637791_icon.png" publish:qualifiedname="mTOP-SM-SID-fragment::Logical View::Resource Domain::Resource ABE::LogicalResource ABE::ReplacementSet::&lt;Comment&gt;" xmi:id="_R.p.qCU_D_E.d.y.jV.s.u3.w.h.r3.g.g" xsi:type="uml:Comment"><publish:properties><publish:property name="Body" publish:category="UML" publish:description="The Body of the Comment" publish:value="This class is used to define a set of ManagedPhysicalEntities that must be replaced as a unit. This is conceptually a set of FRUs."/><publish:property name="Keywords" publish:category="UML" publish:description="Keywords property of the UML element"/><publish:property name="Owner" publish:category="UML" publish:description="The Owner of the Element" publish:ismodellink="false" publish:value="&lt;Class&gt; ReplacementSet" xmi:id="_47D8046A01083CDDD44A0046_0"/><publish:property name="Stereotype" publish:category="UML" publish:value="documentation"/></publish:properties></ownedComment><generalization name="&lt;Unnamed Generalization&gt;" publish:icon="1896161996_icon.png" publish:qualifiedname="mTOP-SM-SID-fragment::Logical View::Resource Domain::Resource ABE::LogicalResource ABE::ReplacementSet::&lt;Generalization&gt;" xmi:id="_47D8046A01083CDDD5D602A8_0" xsi:type="uml:Generalization"><publish:properties><publish:property name="General" publish:category="UML" publish:description="The General of the Generalization" publish:ismodellink="false" publish:value="&lt;Class&gt; Collection" xmi:id="_47D8046A01083CDDD3C501D5"/><publish:property name="Is Substitutable" publish:category="UML" publish:description="The Is Substitutable of the Generalization" publish:value="false"/><publish:property name="Keywords" publish:category="UML" publish:description="Keywords property of the UML element"/><publish:property name="Owner" publish:category="UML" publish:description="The Owner of the Element" publish:ismodellink="false" publish:value="&lt;Class&gt; ReplacementSet" xmi:id="_47D8046A01083CDDD44A0046_0"/><publish:property name="Specific" publish:category="UML" publish:description="The Specific of the Generalization" publish:ismodellink="false" publish:value="&lt;Class&gt; ReplacementSet" xmi:id="_47D8046A01083CDDD44A0046_0"/><publish:property name="Stereotype" publish:category="UML"/></publish:properties></generalization></packagedElement><packagedElement name="ResourceRolePartyRoleDetails" publish:icon="1627724098_icon.png" publish:qualifiedname="mTOP-SM-SID-fragment::Logical View::Resource Domain::Resource ABE::LogicalResource ABE::ResourceRolePartyRoleDetails" xmi:id="_47D8046A01083EFD11D103D5_0" xsi:type="uml:Class"><publish:properties><publish:property name="Alias" publish:category="UML" publish:description="Alias property of the UML element"/><publish:property name="Classifier Behavior" publish:category="UML" publish:description="The Classifier Behavior of the Behaviored Classifier"/><publish:property name="Is Abstract" publish:category="UML" publish:description="The Is Abstract of the Classifier" publish:value="false"/><publish:property name="Is Active" publish:category="UML" publish:description="The Is Active of the Class" publish:value="false"/><publish:property name="Is Leaf" publish:category="UML" publish:description="The Is Leaf of the Redefinable Element" publish:value="false"/><publish:property name="Keywords" publish:category="UML" publish:description="Keywords property of the UML element"/><publish:property name="Name" publish:category="UML" publish:description="The Name of the Named Element" publish:value="ResourceRolePartyRoleDetails"/><publish:property name="Name Expression" publish:category="UML" publish:description="The Name Expression of the Named Element"/><publish:property name="Namespace" publish:category="UML" publish:description="The Namespace of the Named Element" publish:ismodellink="false" publish:value="&lt;Package&gt; LogicalResource ABE" xmi:id="_47D8046A01083DDEA0990115_0"/><publish:property name="Owned Template Signature" publish:category="UML" publish:description="The Owned Template Signature of the Templateable Element"/><publish:property name="Owner" publish:category="UML" publish:description="The Owner of the Element" publish:ismodellink="false" publish:value="&lt;Package&gt; LogicalResource ABE" xmi:id="_47D8046A01083DDEA0990115_0"/><publish:property name="Owning Template Parameter" publish:category="UML" publish:description="The Owning Template Parameter of the Parameterable Element"/><publish:property name="Package" publish:category="UML" publish:description="The Package of the Type" publish:ismodellink="false" publish:value="&lt;Package&gt; LogicalResource ABE" xmi:id="_47D8046A01083DDEA0990115_0"/><publish:property name="Qualified Name" publish:category="UML" publish:description="The Qualified Name of the Named Element" publish:value="mTOP-SM-SID-fragment::Logical View::Resource Domain::Resource ABE::LogicalResource ABE::ResourceRolePartyRoleDetails"/><publish:property name="Representation" publish:category="UML" publish:description="The Representation of the Classifier"/><publish:property name="Stereotype" publish:category="UML"/><publish:property name="Template Parameter" publish:category="UML" publish:description="The Template Parameter of the Parameterable Element"/><publish:property name="Visibility" publish:category="UML" publish:description="The Visibility of the Named Element" publish:value="Public"/></publish:properties><ancestor name="Entity" publish:icon="1627724098_icon.png" publish:qualifiedname="mTOP-SM-SID-fragment::Logical View::Common Business Entities Domain::Root Business Entities ABE::Entity" xmi:id="_47D8046A01083DDE84EE01B9" xsi:type="uml:Class"><inheritedAttribute anchor="#_47D8046A01083DDE8EE201E0" name="version" publish:icon="-1358617930_icon.png" publish:qualifiedname="mTOP-SM-SID-fragment::Logical View::Common Business Entities Domain::Root Business Entities ABE::Entity::version" xmi:id="_47D8046A01083DDE84EE01B9" xsi:type="uml:Property"/><inheritedAttribute anchor="#_47D8046A0108438293930370" name="_entitySpecification" publish:icon="-1358617930_icon.png" publish:qualifiedname="mTOP-SM-SID-fragment::Logical View::Common Business Entities Domain::Root Business Entities ABE::Entity::_entitySpecification" xmi:id="_47D8046A01083DDE84EE01B9" xsi:type="uml:Property"/></ancestor><ancestor name="RootEntity" publish:icon="1627724098_icon.png" publish:qualifiedname="mTOP-SM-SID-fragment::Logical View::Common Business Entities Domain::Root Business Entities ABE::RootEntity" xmi:id="_47D8046A01083CDA9E0C0384" xsi:type="uml:Class"><inheritedAttribute anchor="#_47D8046A01083CDA9E0C038E" name="commonName" publish:icon="-1358617930_icon.png" publish:qualifiedname="mTOP-SM-SID-fragment::Logical View::Common Business Entities Domain::Root Business Entities ABE::RootEntity::commonName" xmi:id="_47D8046A01083CDA9E0C0384" xsi:type="uml:Property"/><inheritedAttribute anchor="#_47D8046A01083CDA9E0C038F" name="description" publish:icon="-1358617930_icon.png" publish:qualifiedname="mTOP-SM-SID-fragment::Logical View::Common Business Entities Domain::Root Business Entities ABE::RootEntity::description" xmi:id="_47D8046A01083CDA9E0C0384" xsi:type="uml:Property"/><inheritedAttribute anchor="#_47D8046A01083CDA9E0C0390" name="objectID" publish:icon="-1358617930_icon.png" publish:qualifiedname="mTOP-SM-SID-fragment::Logical View::Common Business Entities Domain::Root Business Entities ABE::RootEntity::objectID" xmi:id="_47D8046A01083CDA9E0C0384" xsi:type="uml:Property"/><inheritedOperation anchor="#_47D8046A01083CDA9E0C0385" name="getCommonName" publish:icon="-1425726802_icon.png" publish:qualifiedname="mTOP-SM-SID-fragment::Logical View::Common Business Entities Domain::Root Business Entities ABE::RootEntity::getCommonName" xmi:id="_47D8046A01083CDA9E0C0384" xsi:type="uml:Operation"/><inheritedOperation anchor="#_47D8046A01083CDA9E0C0386" name="setCommonName" publish:icon="-1425726802_icon.png" publish:qualifiedname="mTOP-SM-SID-fragment::Logical View::Common Business Entities Domain::Root Business Entities ABE::RootEntity::setCommonName" xmi:id="_47D8046A01083CDA9E0C0384" xsi:type="uml:Operation"/><inheritedOperation anchor="#_47D8046A01083CDA9E0C0388" name="getDescription" publish:icon="-1425726802_icon.png" publish:qualifiedname="mTOP-SM-SID-fragment::Logical View::Common Business Entities Domain::Root Business Entities ABE::RootEntity::getDescription" xmi:id="_47D8046A01083CDA9E0C0384" xsi:type="uml:Operation"/><inheritedOperation anchor="#_47D8046A01083CDA9E0C0389" name="setDescription" publish:icon="-1425726802_icon.png" publish:qualifiedname="mTOP-SM-SID-fragment::Logical View::Common Business Entities Domain::Root Business Entities ABE::RootEntity::setDescription" xmi:id="_47D8046A01083CDA9E0C0384" xsi:type="uml:Operation"/><inheritedOperation anchor="#_47D8046A01083CDA9E0C038B" name="getObjectID" publish:icon="-1425726802_icon.png" publish:qualifiedname="mTOP-SM-SID-fragment::Logical View::Common Business Entities Domain::Root Business Entities ABE::RootEntity::getObjectID" xmi:id="_47D8046A01083CDA9E0C0384" xsi:type="uml:Operation"/><inheritedOperation anchor="#_47D8046A01083CDA9E0C038C" name="setObjectID" publish:icon="-1425726802_icon.png" publish:qualifiedname="mTOP-SM-SID-fragment::Logical View::Common Business Entities Domain::Root Business Entities ABE::RootEntity::setObjectID" xmi:id="_47D8046A01083CDA9E0C0384" xsi:type="uml:Operation"/></ancestor><ownedComment annotatedElement="_47D8046A01083EFD11D103D5_0" body="This class defines the semantics of the ResourceRolesManagedByPartyRole association.&#10;&#10;The ResourceRolesManagedByPartyRole association defines the set of ResourceRoles that are managed by a particular PartyRole. Oftentimes, there are important functional differences between different types of Resources that require very different skill sets, methods, and so forth to be used by the PartyRole that is managing that Resource. For example, different management personnel may be assigned to manage core routers compared to edge routers. This applies not just to the router as a whole, but to its physical (e.g., line cards) and logical (e.g., DeviceInterfaces) components as well. This class captures these semantics.&#10;" isDocumentation="true" isURL="false" name="&lt;Unnamed Comment&gt;" publish:icon="956637791_icon.png" publish:qualifiedname="mTOP-SM-SID-fragment::Logical View::Resource Domain::Resource ABE::LogicalResource ABE::ResourceRolePartyRoleDetails::&lt;Comment&gt;" xmi:id="_R.p.z.zU.fD_E.d.y.jV.s.u3.w.h.r3.g.g" xsi:type="uml:Comment"><publish:properties><publish:property name="Body" publish:category="UML" publish:description="The Body of the Comment" publish:value="This class defines the semantics of the ResourceRolesManagedByPartyRole association...."/><publish:property name="Keywords" publish:category="UML" publish:description="Keywords property of the UML element"/><publish:property name="Owner" publish:category="UML" publish:description="The Owner of the Element" publish:ismodellink="false" publish:value="&lt;Class&gt; ResourceRolePartyRoleDetails" xmi:id="_47D8046A01083EFD11D103D5_0"/><publish:property name="Stereotype" publish:category="UML" publish:value="documentation"/></publish:properties></ownedComment><generalization name="&lt;Unnamed Generalization&gt;" publish:icon="1896161996_icon.png" publish:qualifiedname="mTOP-SM-SID-fragment::Logical View::Resource Domain::Resource ABE::LogicalResource ABE::ResourceRolePartyRoleDetails::&lt;Generalization&gt;" xmi:id="_47D8046A01083EFD1211016A_0" xsi:type="uml:Generalization"><publish:properties><publish:property name="General" publish:category="UML" publish:description="The General of the Generalization" publish:ismodellink="false" publish:value="&lt;Class&gt; Entity" xmi:id="_47D8046A01083DDE84EE01B9"/><publish:property name="Is Substitutable" publish:category="UML" publish:description="The Is Substitutable of the Generalization" publish:value="false"/><publish:property name="Keywords" publish:category="UML" publish:description="Keywords property of the UML element"/><publish:property name="Owner" publish:category="UML" publish:description="The Owner of the Element" publish:ismodellink="false" publish:value="&lt;Class&gt; ResourceRolePartyRoleDetails" xmi:id="_47D8046A01083EFD11D103D5_0"/><publish:property name="Specific" publish:category="UML" publish:description="The Specific of the Generalization" publish:ismodellink="false" publish:value="&lt;Class&gt; ResourceRolePartyRoleDetails" xmi:id="_47D8046A01083EFD11D103D5_0"/><publish:property name="Stereotype" publish:category="UML"/></publish:properties></generalization><ownedAttribute name="requisiteSkillSet" publish:icon="-1358617930_icon.png" publish:qualifiedname="mTOP-SM-SID-fragment::Logical View::Resource Domain::Resource ABE::LogicalResource ABE::ResourceRolePartyRoleDetails::requisiteSkillSet" xmi:id="_47D8046A01083EFD127F0122_0" xsi:type="uml:Property"><publish:properties><publish:property name="Aggregation" publish:category="UML" publish:description="The Aggregation of the Property" publish:value="None"/><publish:property name="Alias" publish:category="UML" publish:description="Alias property of the UML element"/><publish:property name="Association" publish:category="UML" publish:description="The Association of the Property"/><publish:property name="Association End" publish:category="UML" publish:description="The Association End of the Property"/><publish:property name="Class" publish:category="UML" publish:description="The Class of the Property" publish:ismodellink="false" publish:value="&lt;Class&gt; ResourceRolePartyRoleDetails" xmi:id="_47D8046A01083EFD11D103D5_0"/><publish:property name="Datatype" publish:category="UML" publish:description="The Datatype of the Property"/><publish:property name="Default" publish:category="UML" publish:description="The Default of the Property"/><publish:property name="Default Value" publish:category="UML" publish:description="The Default Value of the Property"/><publish:property name="Is Composite" publish:category="UML" publish:description="The Is Composite of the Property" publish:value="false"/><publish:property name="Is Derived" publish:category="UML" publish:description="The Is Derived of the Property" publish:value="false"/><publish:property name="Is Derived Union" publish:category="UML" publish:description="The Is Derived Union of the Property" publish:value="false"/><publish:property name="Is Leaf" publish:category="UML" publish:description="The Is Leaf of the Redefinable Element" publish:value="false"/><publish:property name="Is Ordered" publish:category="UML" publish:description="The Is Ordered of the Multiplicity Element" publish:value="false"/><publish:property name="Is Read Only" publish:category="UML" publish:description="The Is Read Only of the Structural Feature" publish:value="false"/><publish:property name="Is Static" publish:category="UML" publish:description="The Is Static of the Feature" publish:value="false"/><publish:property name="Is Unique" publish:category="UML" publish:description="The Is Unique of the Multiplicity Element" publish:value="true"/><publish:property name="Keywords" publish:category="UML" publish:description="Keywords property of the UML element"/><publish:property name="Lower" publish:category="UML" publish:description="The Lower of the Multiplicity Element" publish:value="1"/><publish:property name="Lower Value" publish:category="UML" publish:description="The Lower Value of the Multiplicity Element"/><publish:property name="Multiplicity" publish:category="UML" publish:description="Multiplicity property of Multiplicity Element" publish:value="1"/><publish:property name="Name" publish:category="UML" publish:description="The Name of the Named Element" publish:value="requisiteSkillSet"/><publish:property name="Name Expression" publish:category="UML" publish:description="The Name Expression of the Named Element"/><publish:property name="Namespace" publish:category="UML" publish:description="The Namespace of the Named Element" publish:ismodellink="false" publish:value="&lt;Class&gt; ResourceRolePartyRoleDetails" xmi:id="_47D8046A01083EFD11D103D5_0"/><publish:property name="Opposite" publish:category="UML" publish:description="The Opposite of the Property"/><publish:property name="Owner" publish:category="UML" publish:description="The Owner of the Element" publish:ismodellink="false" publish:value="&lt;Class&gt; ResourceRolePartyRoleDetails" xmi:id="_47D8046A01083EFD11D103D5_0"/><publish:property name="Owning Association" publish:category="UML" publish:description="The Owning Association of the Property"/><publish:property name="Owning Template Parameter" publish:category="UML" publish:description="The Owning Template Parameter of the Parameterable Element"/><publish:property name="Qualified Name" publish:category="UML" publish:description="The Qualified Name of the Named Element" publish:value="mTOP-SM-SID-fragment::Logical View::Resource Domain::Resource ABE::LogicalResource ABE::ResourceRolePartyRoleDetails::requisiteSkillSet"/><publish:property name="Stereotype" publish:category="UML"/><publish:property name="Template Parameter" publish:category="UML" publish:description="The Template Parameter of the Parameterable Element"/><publish:property name="Type" publish:category="UML" publish:description="The Type of the Typed Element"/><publish:property name="Upper" publish:category="UML" publish:description="The Upper of the Multiplicity Element" publish:value="1"/><publish:property name="Upper Value" publish:category="UML" publish:description="The Upper Value of the Multiplicity Element"/><publish:property name="Visibility" publish:category="UML" publish:description="The Visibility of the Named Element" publish:value="Public"/></publish:properties><ownedComment annotatedElement="_47D8046A01083EFD127F0122_0" body="This attribute is an array of integers, and is used to define a set of skills that are required for this PartyRole to possess in order to manage this Resource. The values appear as a comma separated list." isDocumentation="true" isURL="false" name="&lt;Unnamed Comment&gt;" publish:icon="956637791_icon.png" publish:qualifiedname="mTOP-SM-SID-fragment::Logical View::Resource Domain::Resource ABE::LogicalResource ABE::ResourceRolePartyRoleDetails::requisiteSkillSet::&lt;Comment&gt;" xmi:id="_R.p89QPD_E.d.y.jV.s.u3.w.h.r3.g.g" xsi:type="uml:Comment"><publish:properties><publish:property name="Body" publish:category="UML" publish:description="The Body of the Comment" publish:value="This attribute is an array of integers, and is used to define a set of skills that are required for this PartyRole to possess in order to manage this Resource. The values appear as a comma separated list."/><publish:property name="Keywords" publish:category="UML" publish:description="Keywords property of the UML element"/><publish:property xmlns="http://www.ibm.com/Rational/XTools/Publish" anchor="#_47D8046A01083EFD127F0122_0" name="Owner" publish:category="UML" publish:description="The Owner of the Element" publish:ismodellink="false" publish:value="&lt;Property&gt; requisiteSkillSet" xmi:id="_47D8046A01083EFD11D103D5_0"/><publish:property name="Stereotype" publish:category="UML" publish:value="documentation"/></publish:properties></ownedComment></ownedAttribute><ownedAttribute name="validForManagingResourceRols" publish:icon="-1358617930_icon.png" publish:is_association="false" publish:qualifiedname="mTOP-SM-SID-fragment::Logical View::Resource Domain::Resource ABE::LogicalResource ABE::ResourceRolePartyRoleDetails::validForManagingResourceRols" publish:type="TimePeriod" publish:typeid="_47D8046A01083C2319F50258" xmi:id="_47D8046A01083EFD12D60005_0" xsi:type="uml:Property"><publish:properties><publish:property name="Aggregation" publish:category="UML" publish:description="The Aggregation of the Property" publish:value="None"/><publish:property name="Alias" publish:category="UML" publish:description="Alias property of the UML element"/><publish:property name="Association" publish:category="UML" publish:description="The Association of the Property"/><publish:property name="Association End" publish:category="UML" publish:description="The Association End of the Property"/><publish:property name="Class" publish:category="UML" publish:description="The Class of the Property" publish:ismodellink="false" publish:value="&lt;Class&gt; ResourceRolePartyRoleDetails" xmi:id="_47D8046A01083EFD11D103D5_0"/><publish:property name="Datatype" publish:category="UML" publish:description="The Datatype of the Property"/><publish:property name="Default" publish:category="UML" publish:description="The Default of the Property"/><publish:property name="Default Value" publish:category="UML" publish:description="The Default Value of the Property"/><publish:property name="Is Composite" publish:category="UML" publish:description="The Is Composite of the Property" publish:value="false"/><publish:property name="Is Derived" publish:category="UML" publish:description="The Is Derived of the Property" publish:value="false"/><publish:property name="Is Derived Union" publish:category="UML" publish:description="The Is Derived Union of the Property" publish:value="false"/><publish:property name="Is Leaf" publish:category="UML" publish:description="The Is Leaf of the Redefinable Element" publish:value="false"/><publish:property name="Is Ordered" publish:category="UML" publish:description="The Is Ordered of the Multiplicity Element" publish:value="false"/><publish:property name="Is Read Only" publish:category="UML" publish:description="The Is Read Only of the Structural Feature" publish:value="false"/><publish:property name="Is Static" publish:category="UML" publish:description="The Is Static of the Feature" publish:value="false"/><publish:property name="Is Unique" publish:category="UML" publish:description="The Is Unique of the Multiplicity Element" publish:value="true"/><publish:property name="Keywords" publish:category="UML" publish:description="Keywords property of the UML element"/><publish:property name="Lower" publish:category="UML" publish:description="The Lower of the Multiplicity Element" publish:value="1"/><publish:property name="Lower Value" publish:category="UML" publish:description="The Lower Value of the Multiplicity Element"/><publish:property name="Multiplicity" publish:category="UML" publish:description="Multiplicity property of Multiplicity Element" publish:value="1"/><publish:property name="Name" publish:category="UML" publish:description="The Name of the Named Element" publish:value="validForManagingResourceRols"/><publish:property name="Name Expression" publish:category="UML" publish:description="The Name Expression of the Named Element"/><publish:property name="Namespace" publish:category="UML" publish:description="The Namespace of the Named Element" publish:ismodellink="false" publish:value="&lt;Class&gt; ResourceRolePartyRoleDetails" xmi:id="_47D8046A01083EFD11D103D5_0"/><publish:property name="Opposite" publish:category="UML" publish:description="The Opposite of the Property"/><publish:property name="Owner" publish:category="UML" publish:description="The Owner of the Element" publish:ismodellink="false" publish:value="&lt;Class&gt; ResourceRolePartyRoleDetails" xmi:id="_47D8046A01083EFD11D103D5_0"/><publish:property name="Owning Association" publish:category="UML" publish:description="The Owning Association of the Property"/><publish:property name="Owning Template Parameter" publish:category="UML" publish:description="The Owning Template Parameter of the Parameterable Element"/><publish:property name="Qualified Name" publish:category="UML" publish:description="The Qualified Name of the Named Element" publish:value="mTOP-SM-SID-fragment::Logical View::Resource Domain::Resource ABE::LogicalResource ABE::ResourceRolePartyRoleDetails::validForManagingResourceRols"/><publish:property name="Stereotype" publish:category="UML"/><publish:property name="Template Parameter" publish:category="UML" publish:description="The Template Parameter of the Parameterable Element"/><publish:property name="Type" publish:category="UML" publish:description="The Type of the Typed Element" publish:ismodellink="false" publish:value="&lt;&lt;baseType&gt;&gt; &lt;Class&gt; TimePeriod" xmi:id="_47D8046A01083C2319F50258"/><publish:property name="Upper" publish:category="UML" publish:description="The Upper of the Multiplicity Element" publish:value="1"/><publish:property name="Upper Value" publish:category="UML" publish:description="The Upper Value of the Multiplicity Element"/><publish:property name="Visibility" publish:category="UML" publish:description="The Visibility of the Named Element" publish:value="Public"/></publish:properties><ownedComment annotatedElement="_47D8046A01083EFD12D60005_0" body="This attribute defines a starting and ending time period for which it is permissible for this PartyRole to manage this Resource.&#10;&#10;TimePeriod is a complex data structure, that consists of a DateStamp and a TimeStamp to define its starting time and ending time.&#10;" isDocumentation="true" isURL="false" name="&lt;Unnamed Comment&gt;" publish:icon="956637791_icon.png" publish:qualifiedname="mTOP-SM-SID-fragment::Logical View::Resource Domain::Resource ABE::LogicalResource ABE::ResourceRolePartyRoleDetails::validForManagingResourceRols::&lt;Comment&gt;" xmi:id="_R.p89Q_D_E.d.y.jV.s.u3.w.h.r3.g.g" xsi:type="uml:Comment"><publish:properties><publish:property name="Body" publish:category="UML" publish:description="The Body of the Comment" publish:value="This attribute defines a starting and ending time period for which it is permissible for this PartyRole to manage this Resource...."/><publish:property name="Keywords" publish:category="UML" publish:description="Keywords property of the UML element"/><publish:property xmlns="http://www.ibm.com/Rational/XTools/Publish" anchor="#_47D8046A01083EFD12D60005_0" name="Owner" publish:category="UML" publish:description="The Owner of the Element" publish:ismodellink="false" publish:value="&lt;Property&gt; validForManagingResourceRols : TimePeriod" xmi:id="_47D8046A01083EFD11D103D5_0"/><publish:property name="Stereotype" publish:category="UML" publish:value="documentation"/></publish:properties></ownedComment></ownedAttribute></packagedElement><packagedElement name="&lt;Unnamed Association&gt;" publish:icon="-989519169_icon.png" publish:qualifiedname="mTOP-SM-SID-fragment::Logical View::Resource Domain::Resource ABE::LogicalResource ABE::&lt;Association&gt;" xmi:id="_47D8046A01083EFF67150068_0" xsi:type="uml:Association"><publish:properties><publish:property name="Alias" publish:category="UML" publish:description="Alias property of the UML element"/><publish:property name="Is Abstract" publish:category="UML" publish:description="The Is Abstract of the Classifier" publish:value="false"/><publish:property name="Is Derived" publish:category="UML" publish:description="The Is Derived of the Association" publish:value="false"/><publish:property name="Is Leaf" publish:category="UML" publish:description="The Is Leaf of the Redefinable Element" publish:value="false"/><publish:property name="Keywords" publish:category="UML" publish:description="Keywords property of the UML element"/><publish:property name="Kind" publish:category="UML" publish:description="Association kind property of Association" publish:value="1 - aggregation"/><publish:property name="Name" publish:category="UML" publish:description="The Name of the Named Element"/><publish:property name="Name Expression" publish:category="UML" publish:description="The Name Expression of the Named Element"/><publish:property name="Namespace" publish:category="UML" publish:description="The Namespace of the Named Element" publish:ismodellink="false" publish:value="&lt;Package&gt; LogicalResource ABE" xmi:id="_47D8046A01083DDEA0990115_0"/><publish:property name="Owned Template Signature" publish:category="UML" publish:description="The Owned Template Signature of the Templateable Element"/><publish:property name="Owner" publish:category="UML" publish:description="The Owner of the Element" publish:ismodellink="false" publish:value="&lt;Package&gt; LogicalResource ABE" xmi:id="_47D8046A01083DDEA0990115_0"/><publish:property name="Owning Template Parameter" publish:category="UML" publish:description="The Owning Template Parameter of the Parameterable Element"/><publish:property name="Package" publish:category="UML" publish:description="The Package of the Type" publish:ismodellink="false" publish:value="&lt;Package&gt; LogicalResource ABE" xmi:id="_47D8046A01083DDEA0990115_0"/><publish:property name="Qualified Name" publish:category="UML" publish:description="The Qualified Name of the Named Element"/><publish:property name="Representation" publish:category="UML" publish:description="The Representation of the Classifier"/><publish:property name="Stereotype" publish:category="UML"/><publish:property name="Template Parameter" publish:category="UML" publish:description="The Template Parameter of the Parameterable Element"/><publish:property name="Visibility" publish:category="UML" publish:description="The Visibility of the Named Element" publish:value="Public"/></publish:properties><ownedEnd name="&lt;Unnamed Property&gt;" publish:icon="-1358617930_icon.png" publish:qualifiedname="mTOP-SM-SID-fragment::Logical View::Resource Domain::Resource ABE::LogicalResource ABE::&lt;Association&gt;::&lt;Property&gt;" xmi:id="_47D8046A01083EFF67170129_0" xsi:type="uml:Property"><publish:properties><publish:property name="Aggregation" publish:category="UML" publish:description="The Aggregation of the Property" publish:value="Shared"/><publish:property name="Alias" publish:category="UML" publish:description="Alias property of the UML element"/><publish:property name="Association" publish:category="UML" publish:description="The Association of the Property" publish:ismodellink="false" publish:value="&lt;Association&gt; A_&lt;Property&gt;_&lt;Property&gt;" xmi:id="_47D8046A01083EFF67150068_0"/><publish:property name="Association End" publish:category="UML" publish:description="The Association End of the Property"/><publish:property name="Class" publish:category="UML" publish:description="The Class of the Property"/><publish:property name="Datatype" publish:category="UML" publish:description="The Datatype of the Property"/><publish:property name="Default" publish:category="UML" publish:description="The Default of the Property"/><publish:property name="Default Value" publish:category="UML" publish:description="The Default Value of the Property"/><publish:property name="Is Composite" publish:category="UML" publish:description="The Is Composite of the Property" publish:value="false"/><publish:property name="Is Derived" publish:category="UML" publish:description="The Is Derived of the Property" publish:value="false"/><publish:property name="Is Derived Union" publish:category="UML" publish:description="The Is Derived Union of the Property" publish:value="false"/><publish:property name="Is Leaf" publish:category="UML" publish:description="The Is Leaf of the Redefinable Element" publish:value="false"/><publish:property name="Is Ordered" publish:category="UML" publish:description="The Is Ordered of the Multiplicity Element" publish:value="false"/><publish:property name="Is Read Only" publish:category="UML" publish:description="The Is Read Only of the Structural Feature" publish:value="false"/><publish:property name="Is Static" publish:category="UML" publish:description="The Is Static of the Feature" publish:value="false"/><publish:property name="Is Unique" publish:category="UML" publish:description="The Is Unique of the Multiplicity Element" publish:value="false"/><publish:property name="Keywords" publish:category="UML" publish:description="Keywords property of the UML element"/><publish:property name="Lower" publish:category="UML" publish:description="The Lower of the Multiplicity Element" publish:value="1"/><publish:property name="Lower Value" publish:category="UML" publish:description="The Lower Value of the Multiplicity Element"/><publish:property name="Multiplicity" publish:category="UML" publish:description="Multiplicity property of Multiplicity Element" publish:value="1"/><publish:property name="Name" publish:category="UML" publish:description="The Name of the Named Element"/><publish:property name="Name Expression" publish:category="UML" publish:description="The Name Expression of the Named Element"/><publish:property name="Namespace" publish:category="UML" publish:description="The Namespace of the Named Element" publish:ismodellink="false" publish:value="&lt;Association&gt; A_&lt;Property&gt;_&lt;Property&gt;" xmi:id="_47D8046A01083EFF67150068_0"/><publish:property name="Opposite" publish:category="UML" publish:description="The Opposite of the Property"/><publish:property name="Owner" publish:category="UML" publish:description="The Owner of the Element" publish:ismodellink="false" publish:value="&lt;Association&gt; A_&lt;Property&gt;_&lt;Property&gt;" xmi:id="_47D8046A01083EFF67150068_0"/><publish:property name="Owning Association" publish:category="UML" publish:description="The Owning Association of the Property" publish:ismodellink="false" publish:value="&lt;Association&gt; A_&lt;Property&gt;_&lt;Property&gt;" xmi:id="_47D8046A01083EFF67150068_0"/><publish:property name="Owning Template Parameter" publish:category="UML" publish:description="The Owning Template Parameter of the Parameterable Element"/><publish:property name="Qualified Name" publish:category="UML" publish:description="The Qualified Name of the Named Element"/><publish:property name="Stereotype" publish:category="UML"/><publish:property name="Template Parameter" publish:category="UML" publish:description="The Template Parameter of the Parameterable Element"/><publish:property name="Type" publish:category="UML" publish:description="The Type of the Typed Element"/><publish:property name="Upper" publish:category="UML" publish:description="The Upper of the Multiplicity Element" publish:value="1"/><publish:property name="Upper Value" publish:category="UML" publish:description="The Upper Value of the Multiplicity Element"/><publish:property name="Visibility" publish:category="UML" publish:description="The Visibility of the Named Element" publish:value="Public"/></publish:properties></ownedEnd><ownedEnd name="&lt;Unnamed Property&gt;" publish:icon="-1358617930_icon.png" publish:qualifiedname="mTOP-SM-SID-fragment::Logical View::Resource Domain::Resource ABE::LogicalResource ABE::&lt;Association&gt;::&lt;Property&gt;" xmi:id="_47D8046A01083EFF6717012B_0" xsi:type="uml:Property"><publish:properties><publish:property name="Aggregation" publish:category="UML" publish:description="The Aggregation of the Property" publish:value="None"/><publish:property name="Alias" publish:category="UML" publish:description="Alias property of the UML element"/><publish:property name="Association" publish:category="UML" publish:description="The Association of the Property" publish:ismodellink="false" publish:value="&lt;Association&gt; A_&lt;Property&gt;_&lt;Property&gt;" xmi:id="_47D8046A01083EFF67150068_0"/><publish:property name="Association End" publish:category="UML" publish:description="The Association End of the Property"/><publish:property name="Class" publish:category="UML" publish:description="The Class of the Property"/><publish:property name="Datatype" publish:category="UML" publish:description="The Datatype of the Property"/><publish:property name="Default" publish:category="UML" publish:description="The Default of the Property"/><publish:property name="Default Value" publish:category="UML" publish:description="The Default Value of the Property"/><publish:property name="Is Composite" publish:category="UML" publish:description="The Is Composite of the Property" publish:value="false"/><publish:property name="Is Derived" publish:category="UML" publish:description="The Is Derived of the Property" publish:value="false"/><publish:property name="Is Derived Union" publish:category="UML" publish:description="The Is Derived Union of the Property" publish:value="false"/><publish:property name="Is Leaf" publish:category="UML" publish:description="The Is Leaf of the Redefinable Element" publish:value="false"/><publish:property name="Is Ordered" publish:category="UML" publish:description="The Is Ordered of the Multiplicity Element" publish:value="false"/><publish:property name="Is Read Only" publish:category="UML" publish:description="The Is Read Only of the Structural Feature" publish:value="false"/><publish:property name="Is Static" publish:category="UML" publish:description="The Is Static of the Feature" publish:value="false"/><publish:property name="Is Unique" publish:category="UML" publish:description="The Is Unique of the Multiplicity Element" publish:value="false"/><publish:property name="Keywords" publish:category="UML" publish:description="Keywords property of the UML element"/><publish:property name="Lower" publish:category="UML" publish:description="The Lower of the Multiplicity Element" publish:value="1"/><publish:property name="Lower Value" publish:category="UML" publish:description="The Lower Value of the Multiplicity Element"/><publish:property name="Multiplicity" publish:category="UML" publish:description="Multiplicity property of Multiplicity Element" publish:value="1"/><publish:property name="Name" publish:category="UML" publish:description="The Name of the Named Element"/><publish:property name="Name Expression" publish:category="UML" publish:description="The Name Expression of the Named Element"/><publish:property name="Namespace" publish:category="UML" publish:description="The Namespace of the Named Element" publish:ismodellink="false" publish:value="&lt;Association&gt; A_&lt;Property&gt;_&lt;Property&gt;" xmi:id="_47D8046A01083EFF67150068_0"/><publish:property name="Opposite" publish:category="UML" publish:description="The Opposite of the Property"/><publish:property name="Owner" publish:category="UML" publish:description="The Owner of the Element" publish:ismodellink="false" publish:value="&lt;Association&gt; A_&lt;Property&gt;_&lt;Property&gt;" xmi:id="_47D8046A01083EFF67150068_0"/><publish:property name="Owning Association" publish:category="UML" publish:description="The Owning Association of the Property" publish:ismodellink="false" publish:value="&lt;Association&gt; A_&lt;Property&gt;_&lt;Property&gt;" xmi:id="_47D8046A01083EFF67150068_0"/><publish:property name="Owning Template Parameter" publish:category="UML" publish:description="The Owning Template Parameter of the Parameterable Element"/><publish:property name="Qualified Name" publish:category="UML" publish:description="The Qualified Name of the Named Element"/><publish:property name="Stereotype" publish:category="UML"/><publish:property name="Template Parameter" publish:category="UML" publish:description="The Template Parameter of the Parameterable Element"/><publish:property name="Type" publish:category="UML" publish:description="The Type of the Typed Element"/><publish:property name="Upper" publish:category="UML" publish:description="The Upper of the Multiplicity Element" publish:value="1"/><publish:property name="Upper Value" publish:category="UML" publish:description="The Upper Value of the Multiplicity Element"/><publish:property name="Visibility" publish:category="UML" publish:description="The Visibility of the Named Element" publish:value="Public"/></publish:properties></ownedEnd></packagedElement></packagedElement>