<?xml version="1.0" encoding="UTF-8"?><packagedElement name="Class Diagrams" xmlns:publish="http://www.ibm.com/Rational/XTools/Publish" publish:diagramFormat="PNG" publish:icon="503652848_icon.png" publish:modelname="ServiceActivation" publish:qualifiedname="ServiceActivation::Class Diagrams" publish:sortOrder="storage" publish:toplevelguid="_.wB.eOYAO3E.d.y.mH.a8.a.e.fUMFQ" xmlns:xmi="http://www.omg.org/XMI" xmi:id="_-5YGUB5.cE.d.y.jX65.v.z.eW.aBA" xmi:version="2.0" xmlns:com.ibm.xtools.notation="http:///com/ibm/xtools/notation.ecore" xmlns:uml="http://www.eclipse.org/uml2/1.0.0/UML" xmlns:xsi="http://www.w3.org/2001/XMLSchema-instance" xsi:type="uml:Package"><publish:properties><publish:property canonicalName="Alias" name="Alias" publish:category="UML"/><publish:property canonicalName="Keywords" name="Keywords" publish:category="UML"/><publish:property canonicalName="name" name="Name" publish:category="UML" publish:value="Class Diagrams"/><publish:property canonicalName="nameExpression" name="Name Expression" publish:category="UML"/><publish:property canonicalName="namespace" name="Namespace" publish:category="UML" publish:ismodellink="true" publish:value="ServiceActivation" xmi:id="_.wB.eOYAO3E.d.y.mH.a8.a.e.fUMFQ"/><publish:property canonicalName="nestingPackage" name="Nesting Package" publish:category="UML" publish:ismodellink="true" publish:value="ServiceActivation" xmi:id="_.wB.eOYAO3E.d.y.mH.a8.a.e.fUMFQ"/><publish:property canonicalName="ownedTemplateSignature" name="Owned Template Signature" publish:category="UML"/><publish:property canonicalName="owner" name="Owner" publish:category="UML" publish:ismodellink="true" publish:value="ServiceActivation" xmi:id="_.wB.eOYAO3E.d.y.mH.a8.a.e.fUMFQ"/><publish:property canonicalName="owningTemplateParameter" name="Owning Template Parameter" publish:category="UML"/><publish:property canonicalName="qualifiedName" name="Qualified Name" publish:category="UML" publish:value="ServiceActivation::Class Diagrams"/><publish:property canonicalName="Stereotype" name="Stereotype" publish:category="UML"/><publish:property canonicalName="templateParameter" name="Template Parameter" publish:category="UML"/><publish:property canonicalName="visibility" name="Visibility" publish:category="UML" publish:value="Public"/></publish:properties><contents Type="Class" isDefault="false" name="SA Class Diagram" publish:icon="-603644090_icon.png" publish:imageType="PNG" publish:qualifiedname="ServiceActivation::Class Diagrams::SA Class Diagram" xmi:id="_.h.o.bP.wAO4E.d.y.mH.a8.a.e.fUMFQ" xsi:type="notation:Diagram"><publish:properties><publish:property canonicalName="description" name="Description" publish:category="View"/><publish:property canonicalName="graphLayout" name="Graph Layout" publish:category="View" publish:value="VerticalOrthogonalHierarchical"/><publish:property canonicalName="labelLayout" name="Label Layout" publish:category="View" publish:value="None"/><publish:property canonicalName="linkLayout" name="Link Layout" publish:category="View" publish:value="None"/><publish:property canonicalName="measurementUnit" name="Measurement Unit" publish:category="View" publish:value="Himetric"/><publish:property canonicalName="name" name="Name" publish:category="View" publish:value="SA Class Diagram"/><publish:property canonicalName="pageHeight" name="Page Height" publish:category="View" publish:value="100"/><publish:property canonicalName="pageWidth" name="Page Width" publish:category="View" publish:value="100"/><publish:property canonicalName="pageX" name="Page X" publish:category="View" publish:value="0"/><publish:property canonicalName="pageY" name="Page Y" publish:category="View" publish:value="0"/><publish:property canonicalName="styles" name="Styles" publish:category="View"/><publish:property canonicalName="useAliasName" name="Use Alias Name" publish:category="View" publish:value="false"/></publish:properties><publish:partInfo anchor="#_.r.aR.u4AO5E.d.y.mH.a8.a.e.fUMFQ" name="retrieveOrderState" publish:ismodellink="false" publish:partLowerX="480" publish:partLowerY="161" publish:partUpperX="307" publish:partUpperY="145" shape="rect" xmi:id="_7.bIOQAO3E.d.y.mH.a8.a.e.fUMFQ"/><publish:partInfo anchor="#_.p.y.kKMAO5E.d.y.mH.a8.a.e.fUMFQ" name="retrieveServiceOrders" publish:ismodellink="false" publish:partLowerX="480" publish:partLowerY="145" publish:partUpperX="307" publish:partUpperY="129" shape="rect" xmi:id="_7.bIOQAO3E.d.y.mH.a8.a.e.fUMFQ"/><publish:partInfo anchor="#_.oP.b.j.gAO5E.d.y.mH.a8.a.e.fUMFQ" name="modifyOrder" publish:ismodellink="false" publish:partLowerX="480" publish:partLowerY="129" publish:partUpperX="307" publish:partUpperY="113" shape="rect" xmi:id="_7.bIOQAO3E.d.y.mH.a8.a.e.fUMFQ"/><publish:partInfo anchor="#_.nL.uD.wAO5E.d.y.mH.a8.a.e.fUMFQ" name="resumeOrder" publish:ismodellink="false" publish:partLowerX="480" publish:partLowerY="113" publish:partUpperX="307" publish:partUpperY="97" shape="rect" xmi:id="_7.bIOQAO3E.d.y.mH.a8.a.e.fUMFQ"/><publish:partInfo anchor="#_.l9.mD.wAO5E.d.y.mH.a8.a.e.fUMFQ" name="suspendOrder" publish:ismodellink="false" publish:partLowerX="480" publish:partLowerY="97" publish:partUpperX="307" publish:partUpperY="81" shape="rect" xmi:id="_7.bIOQAO3E.d.y.mH.a8.a.e.fUMFQ"/><publish:partInfo anchor="#_.j6R.hIAO5E.d.y.mH.a8.a.e.fUMFQ" name="finalizeOrder" publish:ismodellink="false" publish:partLowerX="480" publish:partLowerY="81" publish:partUpperX="307" publish:partUpperY="65" shape="rect" xmi:id="_7.bIOQAO3E.d.y.mH.a8.a.e.fUMFQ"/><publish:partInfo anchor="#_.gHHY.kAO5E.d.y.mH.a8.a.e.fUMFQ" name="cancelOrder" publish:ismodellink="false" publish:partLowerX="480" publish:partLowerY="65" publish:partUpperX="307" publish:partUpperY="49" shape="rect" xmi:id="_7.bIOQAO3E.d.y.mH.a8.a.e.fUMFQ"/><publish:partInfo anchor="#_G.p.z3.wAO5E.d.y.mH.a8.a.e.fUMFQ" name="stopOrder" publish:ismodellink="false" publish:partLowerX="480" publish:partLowerY="49" publish:partUpperX="307" publish:partUpperY="33" shape="rect" xmi:id="_7.bIOQAO3E.d.y.mH.a8.a.e.fUMFQ"/><publish:partInfo name="ServiceOrderManagement" publish:ismodellink="false" publish:partLowerX="489" publish:partLowerY="166" publish:partUpperX="300" publish:partUpperY="9" shape="rect" xmi:id="_7.bIOQAO3E.d.y.mH.a8.a.e.fUMFQ"/><publish:partInfo anchor="#_VDRT0AO9E.d.y.mH.a8.a.e.fUMFQ" name="modification" publish:ismodellink="false" publish:partLowerX="741" publish:partLowerY="97" publish:partUpperX="553" publish:partUpperY="81" shape="rect" xmi:id="_9.xEK4AO3E.d.y.mH.a8.a.e.fUMFQ"/><publish:partInfo anchor="#_P.f.s.zAAO8E.d.y.mH.a8.a.e.fUMFQ" name="activation" publish:ismodellink="false" publish:partLowerX="741" publish:partLowerY="81" publish:partUpperX="553" publish:partUpperY="65" shape="rect" xmi:id="_9.xEK4AO3E.d.y.mH.a8.a.e.fUMFQ"/><publish:partInfo anchor="#_.u2.bF.oAO5E.d.y.mH.a8.a.e.fUMFQ" name="provision" publish:ismodellink="false" publish:partLowerX="741" publish:partLowerY="65" publish:partUpperX="553" publish:partUpperY="49" shape="rect" xmi:id="_9.xEK4AO3E.d.y.mH.a8.a.e.fUMFQ"/><publish:partInfo anchor="#_IL.s.hQAO5E.d.y.mH.a8.a.e.fUMFQ" name="feasibility" publish:ismodellink="false" publish:partLowerX="741" publish:partLowerY="49" publish:partUpperX="553" publish:partUpperY="33" shape="rect" xmi:id="_9.xEK4AO3E.d.y.mH.a8.a.e.fUMFQ"/><publish:partInfo name="ServiceComponentActivation" publish:ismodellink="false" publish:partLowerX="750" publish:partLowerY="102" publish:partUpperX="546" publish:partUpperY="9" shape="rect" xmi:id="_9.xEK4AO3E.d.y.mH.a8.a.e.fUMFQ"/><publish:partInfo anchor="#_.k3.zZAAO8E.d.y.mH.a8.a.e.fUMFQ" name="testProvisionedServices" publish:ismodellink="false" publish:partLowerX="223" publish:partLowerY="433" publish:partUpperX="16" publish:partUpperY="417" shape="rect" xmi:id="_5M.u.dAAO3E.d.y.mH.a8.a.e.fUMFQ"/><publish:partInfo anchor="#_.hG.d1YAO8E.d.y.mH.a8.a.e.fUMFQ" name="deactivateParties" publish:ismodellink="false" publish:partLowerX="223" publish:partLowerY="417" publish:partUpperX="16" publish:partUpperY="401" shape="rect" xmi:id="_5M.u.dAAO3E.d.y.mH.a8.a.e.fUMFQ"/><publish:partInfo anchor="#_.f.y.nA0AO8E.d.y.mH.a8.a.e.fUMFQ" name="activateParties" publish:ismodellink="false" publish:partLowerX="223" publish:partLowerY="401" publish:partUpperX="16" publish:partUpperY="385" shape="rect" xmi:id="_5M.u.dAAO3E.d.y.mH.a8.a.e.fUMFQ"/><publish:partInfo anchor="#_.e.r1.mAAO8E.d.y.mH.a8.a.e.fUMFQ" name="replaceParties" publish:ismodellink="false" publish:partLowerX="223" publish:partLowerY="385" publish:partUpperX="16" publish:partUpperY="369" shape="rect" xmi:id="_5M.u.dAAO3E.d.y.mH.a8.a.e.fUMFQ"/><publish:partInfo anchor="#_.dC4.rMAO8E.d.y.mH.a8.a.e.fUMFQ" name="removeParties" publish:ismodellink="false" publish:partLowerX="223" publish:partLowerY="369" publish:partUpperX="16" publish:partUpperY="353" shape="rect" xmi:id="_5M.u.dAAO3E.d.y.mH.a8.a.e.fUMFQ"/><publish:partInfo anchor="#_.cS.dT0AO8E.d.y.mH.a8.a.e.fUMFQ" name="addParties" publish:ismodellink="false" publish:partLowerX="223" publish:partLowerY="353" publish:partUpperX="16" publish:partUpperY="337" shape="rect" xmi:id="_5M.u.dAAO3E.d.y.mH.a8.a.e.fUMFQ"/><publish:partInfo anchor="#_.aH-ZQAO8E.d.y.mH.a8.a.e.fUMFQ" name="deactivateSAPs" publish:ismodellink="false" publish:partLowerX="223" publish:partLowerY="337" publish:partUpperX="16" publish:partUpperY="321" shape="rect" xmi:id="_5M.u.dAAO3E.d.y.mH.a8.a.e.fUMFQ"/><publish:partInfo anchor="#_ZGRE.oAO8E.d.y.mH.a8.a.e.fUMFQ" name="activateSAPs" publish:ismodellink="false" publish:partLowerX="223" publish:partLowerY="321" publish:partUpperX="16" publish:partUpperY="305" shape="rect" xmi:id="_5M.u.dAAO3E.d.y.mH.a8.a.e.fUMFQ"/><publish:partInfo anchor="#_X.b.x4.wAO8E.d.y.mH.a8.a.e.fUMFQ" name="replaceSAPs" publish:ismodellink="false" publish:partLowerX="223" publish:partLowerY="305" publish:partUpperX="16" publish:partUpperY="289" shape="rect" xmi:id="_5M.u.dAAO3E.d.y.mH.a8.a.e.fUMFQ"/><publish:partInfo anchor="#_.i.l.w6YAO7E.d.y.mH.a8.a.e.fUMFQ" name="removeSAPs" publish:ismodellink="false" publish:partLowerX="223" publish:partLowerY="289" publish:partUpperX="16" publish:partUpperY="273" shape="rect" xmi:id="_5M.u.dAAO3E.d.y.mH.a8.a.e.fUMFQ"/><publish:partInfo anchor="#_.g.fZD.wAO7E.d.y.mH.a8.a.e.fUMFQ" name="addSAPs" publish:ismodellink="false" publish:partLowerX="223" publish:partLowerY="273" publish:partUpperX="16" publish:partUpperY="257" shape="rect" xmi:id="_5M.u.dAAO3E.d.y.mH.a8.a.e.fUMFQ"/><publish:partInfo anchor="#_TTN.y0AO6E.d.y.mH.a8.a.e.fUMFQ" name="changeServiceCharacteristicValues" publish:ismodellink="false" publish:partLowerX="223" publish:partLowerY="257" publish:partUpperX="16" publish:partUpperY="241" shape="rect" xmi:id="_5M.u.dAAO3E.d.y.mH.a8.a.e.fUMFQ"/><publish:partInfo anchor="#_SI.cB.wAO6E.d.y.mH.a8.a.e.fUMFQ" name="migrateServices" publish:ismodellink="false" publish:partLowerX="223" publish:partLowerY="241" publish:partUpperX="16" publish:partUpperY="225" shape="rect" xmi:id="_5M.u.dAAO3E.d.y.mH.a8.a.e.fUMFQ"/><publish:partInfo anchor="#_Q.nZ.s0AO6E.d.y.mH.a8.a.e.fUMFQ" name="modifyServices" publish:ismodellink="false" publish:partLowerX="223" publish:partLowerY="225" publish:partUpperX="16" publish:partUpperY="209" shape="rect" xmi:id="_5M.u.dAAO3E.d.y.mH.a8.a.e.fUMFQ"/><publish:partInfo anchor="#_PK.k.i.cAO6E.d.y.mH.a8.a.e.fUMFQ" name="amendServices" publish:ismodellink="false" publish:partLowerX="223" publish:partLowerY="209" publish:partUpperX="16" publish:partUpperY="193" shape="rect" xmi:id="_5M.u.dAAO3E.d.y.mH.a8.a.e.fUMFQ"/><publish:partInfo anchor="#_.d.dH3.gAO5E.d.y.mH.a8.a.e.fUMFQ" name="retrieveServiceStates" publish:ismodellink="false" publish:partLowerX="223" publish:partLowerY="193" publish:partUpperX="16" publish:partUpperY="177" shape="rect" xmi:id="_5M.u.dAAO3E.d.y.mH.a8.a.e.fUMFQ"/><publish:partInfo anchor="#_.cK-6MAO5E.d.y.mH.a8.a.e.fUMFQ" name="cancelServices" publish:ismodellink="false" publish:partLowerX="223" publish:partLowerY="177" publish:partUpperX="16" publish:partUpperY="161" shape="rect" xmi:id="_5M.u.dAAO3E.d.y.mH.a8.a.e.fUMFQ"/><publish:partInfo anchor="#_.bO6T.gAO5E.d.y.mH.a8.a.e.fUMFQ" name="retireServices" publish:ismodellink="false" publish:partLowerX="223" publish:partLowerY="161" publish:partUpperX="16" publish:partUpperY="145" shape="rect" xmi:id="_5M.u.dAAO3E.d.y.mH.a8.a.e.fUMFQ"/><publish:partInfo anchor="#_.aMJ2AAO5E.d.y.mH.a8.a.e.fUMFQ" name="terminateServices" publish:ismodellink="false" publish:partLowerX="223" publish:partLowerY="145" publish:partUpperX="16" publish:partUpperY="129" shape="rect" xmi:id="_5M.u.dAAO3E.d.y.mH.a8.a.e.fUMFQ"/><publish:partInfo anchor="#_Y.xI.p.gAO5E.d.y.mH.a8.a.e.fUMFQ" name="deactivateServices" publish:ismodellink="false" publish:partLowerX="223" publish:partLowerY="129" publish:partUpperX="16" publish:partUpperY="113" shape="rect" xmi:id="_5M.u.dAAO3E.d.y.mH.a8.a.e.fUMFQ"/><publish:partInfo anchor="#_X.t_.x.gAO5E.d.y.mH.a8.a.e.fUMFQ" name="activateServices" publish:ismodellink="false" publish:partLowerX="223" publish:partLowerY="113" publish:partUpperX="16" publish:partUpperY="97" shape="rect" xmi:id="_5M.u.dAAO3E.d.y.mH.a8.a.e.fUMFQ"/><publish:partInfo anchor="#_WX.wXUAO5E.d.y.mH.a8.a.e.fUMFQ" name="provisionServices" publish:ismodellink="false" publish:partLowerX="223" publish:partLowerY="97" publish:partUpperX="16" publish:partUpperY="81" shape="rect" xmi:id="_5M.u.dAAO3E.d.y.mH.a8.a.e.fUMFQ"/><publish:partInfo anchor="#_Q.r.yTAAO5E.d.y.mH.a8.a.e.fUMFQ" name="reserveServices" publish:ismodellink="false" publish:partLowerX="223" publish:partLowerY="81" publish:partUpperX="16" publish:partUpperY="65" shape="rect" xmi:id="_5M.u.dAAO3E.d.y.mH.a8.a.e.fUMFQ"/><publish:partInfo anchor="#_M4.c.kQAO5E.d.y.mH.a8.a.e.fUMFQ" name="designServices" publish:ismodellink="false" publish:partLowerX="223" publish:partLowerY="65" publish:partUpperX="16" publish:partUpperY="49" shape="rect" xmi:id="_5M.u.dAAO3E.d.y.mH.a8.a.e.fUMFQ"/><publish:partInfo anchor="#_D26.u0AO4E.d.y.mH.a8.a.e.fUMFQ" name="checkServiceFeasibility" publish:ismodellink="false" publish:partLowerX="223" publish:partLowerY="49" publish:partUpperX="16" publish:partUpperY="33" shape="rect" xmi:id="_5M.u.dAAO3E.d.y.mH.a8.a.e.fUMFQ"/><publish:partInfo name="ServiceActivation" publish:ismodellink="false" publish:partLowerX="232" publish:partLowerY="438" publish:partUpperX="9" publish:partUpperY="9" shape="rect" xmi:id="_5M.u.dAAO3E.d.y.mH.a8.a.e.fUMFQ"/></contents></packagedElement>