<?xml version="1.0" encoding="UTF-8"?><uml:Model xmlns:uml="http://www.eclipse.org/uml2/1.0.0/UML" name="ServiceActivation" xmlns:publish="http://www.ibm.com/Rational/XTools/Publish" publish:diagramFormat="PNG" publish:icon="1862607264_icon.png" publish:modelname="ServiceActivation" publish:profiles="Standard, Default, Deployment" publish:qualifiedname="ServiceActivation" publish:sortOrder="storage" publish:toplevelguid="_.wB.eOYAO3E.d.y.mH.a8.a.e.fUMFQ" xmlns:xmi="http://www.omg.org/XMI" xmi:id="_.wB.eOYAO3E.d.y.mH.a8.a.e.fUMFQ" xmi:version="2.0" xmlns:com.ibm.xtools.notation="http:///com/ibm/xtools/notation.ecore" xmlns:xsi="http://www.w3.org/2001/XMLSchema-instance" xsi:type="uml:Model"><publish:properties><publish:property canonicalName="Alias" name="Alias" publish:category="UML"/><publish:property canonicalName="Keywords" name="Keywords" publish:category="UML"/><publish:property canonicalName="name" name="Name" publish:category="UML" publish:value="ServiceActivation"/><publish:property canonicalName="nameExpression" name="Name Expression" publish:category="UML"/><publish:property canonicalName="namespace" name="Namespace" publish:category="UML"/><publish:property canonicalName="nestingPackage" name="Nesting Package" publish:category="UML"/><publish:property canonicalName="ownedTemplateSignature" name="Owned Template Signature" publish:category="UML"/><publish:property canonicalName="owner" name="Owner" publish:category="UML"/><publish:property canonicalName="owningTemplateParameter" name="Owning Template Parameter" publish:category="UML"/><publish:property canonicalName="qualifiedName" name="Qualified Name" publish:category="UML" publish:value="ServiceActivation"/><publish:property canonicalName="Stereotype" name="Stereotype" publish:category="UML"/><publish:property canonicalName="templateParameter" name="Template Parameter" publish:category="UML"/><publish:property canonicalName="viewpoint" name="Viewpoint" publish:category="UML"/><publish:property canonicalName="visibility" name="Visibility" publish:category="UML" publish:value="Public"/></publish:properties><appliedProfiles><profile name="Standard" visibility="public"/><profile name="Default" visibility="public"/><profile name="Deployment" visibility="public"/></appliedProfiles><packageImport name="&lt;Unnamed PackageImport&gt;" publish:icon="1342513711_icon.png" publish:qualifiedname="ServiceActivation::&lt;PackageImport&gt;" xmi:id="_.wB.eOZAO3E.d.y.mH.a8.a.e.fUMFQ" xsi:type="uml:PackageImport"><publish:properties><publish:property canonicalName="importedPackage" name="Imported Package" publish:category="UML" publish:value="«modelLibrary» UMLPrimitiveTypes"/><publish:property canonicalName="importingNamespace" name="Importing Namespace" publish:category="UML" publish:ismodellink="true" publish:value="ServiceActivation" xmi:id="_.wB.eOYAO3E.d.y.mH.a8.a.e.fUMFQ"/><publish:property canonicalName="Keywords" name="Keywords" publish:category="UML"/><publish:property canonicalName="owner" name="Owner" publish:category="UML" publish:ismodellink="true" publish:value="ServiceActivation" xmi:id="_.wB.eOYAO3E.d.y.mH.a8.a.e.fUMFQ"/><publish:property canonicalName="Stereotype" name="Stereotype" publish:category="UML"/><publish:property canonicalName="visibility" name="Visibility" publish:category="UML" publish:value="Public"/></publish:properties></packageImport></uml:Model>