<?xml version="1.0" encoding="UTF-8"?><uml:Model xmlns:uml="http://www.eclipse.org/uml2/1.0.0/UML" name="ServiceActivation" xmlns:publish="http://www.ibm.com/Rational/XTools/Publish" publish:diagramFormat="PNG" publish:icon="1862607264_icon.png" publish:modelname="ServiceActivation" publish:profiles="Standard, Default, Deployment" publish:qualifiedname="ServiceActivation" publish:sortOrder="storage" publish:toplevelguid="_.wB.eOYAO3E.d.y.mH.a8.a.e.fUMFQ" xmlns:xmi="http://www.omg.org/XMI" xmi:id="_.wB.eOYAO3E.d.y.mH.a8.a.e.fUMFQ" xmi:version="2.0" xmlns:com.ibm.xtools.notation="http:///com/ibm/xtools/notation.ecore" xmlns:xsi="http://www.w3.org/2001/XMLSchema-instance" xsi:type="uml:Model"><appliedProfiles><profile name="Standard" visibility="public"/><profile name="Default" visibility="public"/><profile name="Deployment" visibility="public"/></appliedProfiles><packagedElement name="Interfaces" publish:diagramFormat="PNG" publish:icon="503652848_icon.png" publish:modelname="ServiceActivation" publish:qualifiedname="ServiceActivation::Interfaces" publish:sortOrder="storage" publish:toplevelguid="_.wB.eOYAO3E.d.y.mH.a8.a.e.fUMFQ" xmi:id="_0L.c7.gAO3E.d.y.mH.a8.a.e.fUMFQ" xsi:type="uml:Package"><packagedElement name="ServiceActivation" publish:icon="688201629_icon.png" publish:qualifiedname="ServiceActivation::Interfaces::ServiceActivation" xmi:id="_5M.u.dAAO3E.d.y.mH.a8.a.e.fUMFQ" xsi:type="uml:Class"><ownedOperation name="checkServiceFeasibility" publish:icon="1963270078_icon.png" publish:qualifiedname="ServiceActivation::Interfaces::ServiceActivation::checkServiceFeasibility" xmi:id="_D26.u0AO4E.d.y.mH.a8.a.e.fUMFQ" xsi:type="uml:Operation"/><ownedOperation name="designServices" publish:icon="1963270078_icon.png" publish:qualifiedname="ServiceActivation::Interfaces::ServiceActivation::designServices" xmi:id="_M4.c.kQAO5E.d.y.mH.a8.a.e.fUMFQ" xsi:type="uml:Operation"/><ownedOperation name="reserveServices" publish:icon="1963270078_icon.png" publish:qualifiedname="ServiceActivation::Interfaces::ServiceActivation::reserveServices" xmi:id="_Q.r.yTAAO5E.d.y.mH.a8.a.e.fUMFQ" xsi:type="uml:Operation"/><ownedOperation name="provisionServices" publish:icon="1963270078_icon.png" publish:qualifiedname="ServiceActivation::Interfaces::ServiceActivation::provisionServices" xmi:id="_WX.wXUAO5E.d.y.mH.a8.a.e.fUMFQ" xsi:type="uml:Operation"/><ownedOperation name="activateServices" publish:icon="1963270078_icon.png" publish:qualifiedname="ServiceActivation::Interfaces::ServiceActivation::activateServices" xmi:id="_X.t_.x.gAO5E.d.y.mH.a8.a.e.fUMFQ" xsi:type="uml:Operation"/><ownedOperation name="deactivateServices" publish:icon="1963270078_icon.png" publish:qualifiedname="ServiceActivation::Interfaces::ServiceActivation::deactivateServices" xmi:id="_Y.xI.p.gAO5E.d.y.mH.a8.a.e.fUMFQ" xsi:type="uml:Operation"/><ownedOperation name="terminateServices" publish:icon="1963270078_icon.png" publish:qualifiedname="ServiceActivation::Interfaces::ServiceActivation::terminateServices" xmi:id="_.aMJ2AAO5E.d.y.mH.a8.a.e.fUMFQ" xsi:type="uml:Operation"/><ownedOperation name="retireServices" publish:icon="1963270078_icon.png" publish:qualifiedname="ServiceActivation::Interfaces::ServiceActivation::retireServices" xmi:id="_.bO6T.gAO5E.d.y.mH.a8.a.e.fUMFQ" xsi:type="uml:Operation"/><ownedOperation name="cancelServices" publish:icon="1963270078_icon.png" publish:qualifiedname="ServiceActivation::Interfaces::ServiceActivation::cancelServices" xmi:id="_.cK-6MAO5E.d.y.mH.a8.a.e.fUMFQ" xsi:type="uml:Operation"/><ownedOperation name="retrieveServiceStates" publish:icon="1963270078_icon.png" publish:qualifiedname="ServiceActivation::Interfaces::ServiceActivation::retrieveServiceStates" xmi:id="_.d.dH3.gAO5E.d.y.mH.a8.a.e.fUMFQ" xsi:type="uml:Operation"/><ownedOperation name="amendServices" publish:icon="1963270078_icon.png" publish:qualifiedname="ServiceActivation::Interfaces::ServiceActivation::amendServices" xmi:id="_PK.k.i.cAO6E.d.y.mH.a8.a.e.fUMFQ" xsi:type="uml:Operation"/><ownedOperation name="modifyServices" publish:icon="1963270078_icon.png" publish:qualifiedname="ServiceActivation::Interfaces::ServiceActivation::modifyServices" xmi:id="_Q.nZ.s0AO6E.d.y.mH.a8.a.e.fUMFQ" xsi:type="uml:Operation"/><ownedOperation name="migrateServices" publish:icon="1963270078_icon.png" publish:qualifiedname="ServiceActivation::Interfaces::ServiceActivation::migrateServices" xmi:id="_SI.cB.wAO6E.d.y.mH.a8.a.e.fUMFQ" xsi:type="uml:Operation"/><ownedOperation name="changeServiceCharacteristicValues" publish:icon="1963270078_icon.png" publish:qualifiedname="ServiceActivation::Interfaces::ServiceActivation::changeServiceCharacteristicValues" xmi:id="_TTN.y0AO6E.d.y.mH.a8.a.e.fUMFQ" xsi:type="uml:Operation"/><ownedOperation name="addSAPs" publish:icon="1963270078_icon.png" publish:qualifiedname="ServiceActivation::Interfaces::ServiceActivation::addSAPs" xmi:id="_.g.fZD.wAO7E.d.y.mH.a8.a.e.fUMFQ" xsi:type="uml:Operation"/><ownedOperation name="removeSAPs" publish:icon="1963270078_icon.png" publish:qualifiedname="ServiceActivation::Interfaces::ServiceActivation::removeSAPs" xmi:id="_.i.l.w6YAO7E.d.y.mH.a8.a.e.fUMFQ" xsi:type="uml:Operation"/><ownedOperation name="replaceSAPs" publish:icon="1963270078_icon.png" publish:qualifiedname="ServiceActivation::Interfaces::ServiceActivation::replaceSAPs" xmi:id="_X.b.x4.wAO8E.d.y.mH.a8.a.e.fUMFQ" xsi:type="uml:Operation"/><ownedOperation name="activateSAPs" publish:icon="1963270078_icon.png" publish:qualifiedname="ServiceActivation::Interfaces::ServiceActivation::activateSAPs" xmi:id="_ZGRE.oAO8E.d.y.mH.a8.a.e.fUMFQ" xsi:type="uml:Operation"/><ownedOperation name="deactivateSAPs" publish:icon="1963270078_icon.png" publish:qualifiedname="ServiceActivation::Interfaces::ServiceActivation::deactivateSAPs" xmi:id="_.aH-ZQAO8E.d.y.mH.a8.a.e.fUMFQ" xsi:type="uml:Operation"/><ownedOperation name="addParties" publish:icon="1963270078_icon.png" publish:qualifiedname="ServiceActivation::Interfaces::ServiceActivation::addParties" xmi:id="_.cS.dT0AO8E.d.y.mH.a8.a.e.fUMFQ" xsi:type="uml:Operation"/><ownedOperation name="removeParties" publish:icon="1963270078_icon.png" publish:qualifiedname="ServiceActivation::Interfaces::ServiceActivation::removeParties" xmi:id="_.dC4.rMAO8E.d.y.mH.a8.a.e.fUMFQ" xsi:type="uml:Operation"/><ownedOperation name="replaceParties" publish:icon="1963270078_icon.png" publish:qualifiedname="ServiceActivation::Interfaces::ServiceActivation::replaceParties" xmi:id="_.e.r1.mAAO8E.d.y.mH.a8.a.e.fUMFQ" xsi:type="uml:Operation"/><ownedOperation name="activateParties" publish:icon="1963270078_icon.png" publish:qualifiedname="ServiceActivation::Interfaces::ServiceActivation::activateParties" xmi:id="_.f.y.nA0AO8E.d.y.mH.a8.a.e.fUMFQ" xsi:type="uml:Operation"/><ownedOperation name="deactivateParties" publish:icon="1963270078_icon.png" publish:qualifiedname="ServiceActivation::Interfaces::ServiceActivation::deactivateParties" xmi:id="_.hG.d1YAO8E.d.y.mH.a8.a.e.fUMFQ" xsi:type="uml:Operation"/><ownedOperation name="testProvisionedServices" publish:icon="1963270078_icon.png" publish:qualifiedname="ServiceActivation::Interfaces::ServiceActivation::testProvisionedServices" xmi:id="_.k3.zZAAO8E.d.y.mH.a8.a.e.fUMFQ" xsi:type="uml:Operation"/></packagedElement><packagedElement name="ServiceOrderManagement" publish:icon="688201629_icon.png" publish:qualifiedname="ServiceActivation::Interfaces::ServiceOrderManagement" xmi:id="_7.bIOQAO3E.d.y.mH.a8.a.e.fUMFQ" xsi:type="uml:Class"><ownedOperation name="stopOrder" publish:icon="1963270078_icon.png" publish:qualifiedname="ServiceActivation::Interfaces::ServiceOrderManagement::stopOrder" xmi:id="_G.p.z3.wAO5E.d.y.mH.a8.a.e.fUMFQ" xsi:type="uml:Operation"/><ownedOperation name="cancelOrder" publish:icon="1963270078_icon.png" publish:qualifiedname="ServiceActivation::Interfaces::ServiceOrderManagement::cancelOrder" xmi:id="_.gHHY.kAO5E.d.y.mH.a8.a.e.fUMFQ" xsi:type="uml:Operation"/><ownedOperation name="finalizeOrder" publish:icon="1963270078_icon.png" publish:qualifiedname="ServiceActivation::Interfaces::ServiceOrderManagement::finalizeOrder" xmi:id="_.j6R.hIAO5E.d.y.mH.a8.a.e.fUMFQ" xsi:type="uml:Operation"/><ownedOperation name="suspendOrder" publish:icon="1963270078_icon.png" publish:qualifiedname="ServiceActivation::Interfaces::ServiceOrderManagement::suspendOrder" xmi:id="_.l9.mD.wAO5E.d.y.mH.a8.a.e.fUMFQ" xsi:type="uml:Operation"/><ownedOperation name="resumeOrder" publish:icon="1963270078_icon.png" publish:qualifiedname="ServiceActivation::Interfaces::ServiceOrderManagement::resumeOrder" xmi:id="_.nL.uD.wAO5E.d.y.mH.a8.a.e.fUMFQ" xsi:type="uml:Operation"/><ownedOperation name="modifyOrder" publish:icon="1963270078_icon.png" publish:qualifiedname="ServiceActivation::Interfaces::ServiceOrderManagement::modifyOrder" xmi:id="_.oP.b.j.gAO5E.d.y.mH.a8.a.e.fUMFQ" xsi:type="uml:Operation"/><ownedOperation name="retrieveServiceOrders" publish:icon="1963270078_icon.png" publish:qualifiedname="ServiceActivation::Interfaces::ServiceOrderManagement::retrieveServiceOrders" xmi:id="_.p.y.kKMAO5E.d.y.mH.a8.a.e.fUMFQ" xsi:type="uml:Operation"/><ownedOperation name="retrieveOrderState" publish:icon="1963270078_icon.png" publish:qualifiedname="ServiceActivation::Interfaces::ServiceOrderManagement::retrieveOrderState" xmi:id="_.r.aR.u4AO5E.d.y.mH.a8.a.e.fUMFQ" xsi:type="uml:Operation"/></packagedElement><packagedElement name="ServiceComponentActivation" publish:icon="688201629_icon.png" publish:qualifiedname="ServiceActivation::Interfaces::ServiceComponentActivation" xmi:id="_9.xEK4AO3E.d.y.mH.a8.a.e.fUMFQ" xsi:type="uml:Class"><ownedOperation name="feasibility" publish:icon="1963270078_icon.png" publish:qualifiedname="ServiceActivation::Interfaces::ServiceComponentActivation::feasibility" xmi:id="_IL.s.hQAO5E.d.y.mH.a8.a.e.fUMFQ" xsi:type="uml:Operation"/><ownedOperation name="provision" publish:icon="1963270078_icon.png" publish:qualifiedname="ServiceActivation::Interfaces::ServiceComponentActivation::provision" xmi:id="_.u2.bF.oAO5E.d.y.mH.a8.a.e.fUMFQ" xsi:type="uml:Operation"/><ownedOperation name="activation" publish:icon="1963270078_icon.png" publish:qualifiedname="ServiceActivation::Interfaces::ServiceComponentActivation::activation" xmi:id="_P.f.s.zAAO8E.d.y.mH.a8.a.e.fUMFQ" xsi:type="uml:Operation"/><ownedOperation name="modification" publish:icon="1963270078_icon.png" publish:qualifiedname="ServiceActivation::Interfaces::ServiceComponentActivation::modification" xmi:id="_VDRT0AO9E.d.y.mH.a8.a.e.fUMFQ" xsi:type="uml:Operation"/></packagedElement></packagedElement><packagedElement name="Class Diagrams" publish:diagramFormat="PNG" publish:icon="503652848_icon.png" publish:modelname="ServiceActivation" publish:qualifiedname="ServiceActivation::Class Diagrams" publish:sortOrder="storage" publish:toplevelguid="_.wB.eOYAO3E.d.y.mH.a8.a.e.fUMFQ" xmi:id="_-5YGUB5.cE.d.y.jX65.v.z.eW.aBA" xsi:type="uml:Package"/></uml:Model>