<?xml version="1.0" encoding="UTF-8"?><publish:diagrams xmlns:publish="http://www.ibm.com/Rational/XTools/Publish" xmlns:xmi="http://www.omg.org/XMI"><publish:diagram name="RP Common Create/Modify Diagram" publish:icon="_hgEj0bq5EdyA7v53CjAzng_icon.jpeg" publish:qualifiedname="ResourceProvisioning::Class Diagrams::RP Common Create/Modify Diagram" xmi:id="_hgEj0bq5EdyA7v53CjAzng"/><publish:diagram name="RP DDP Relationship Diagram" publish:icon="_Kwp7AMpvEdyA6Npz6T0T-A_icon.jpeg" publish:qualifiedname="ResourceProvisioning::Class Diagrams::RP DDP Relationship Diagram" xmi:id="_Kwp7AMpvEdyA6Npz6T0T-A"/><publish:diagram name="RP Interface Diagram" publish:icon="_l3gcwNyoEdyY2qUBC6uXag_icon.jpeg" publish:qualifiedname="ResourceProvisioning::Class Diagrams::RP Interface Diagram" xmi:id="_l3gcwNyoEdyY2qUBC6uXag"/><publish:diagram name="RP Common Resource Provisioning Service Interface Diagram" publish:icon="_dSElcPy8Edy9qu6lRYtp2g_icon.jpeg" publish:qualifiedname="ResourceProvisioning::Class Diagrams::RP Common Resource Provisioning Service Interface Diagram" xmi:id="_dSElcPy8Edy9qu6lRYtp2g"/><publish:diagram name="RP Connection Control Service Interface Diagram" publish:icon="_UPrTsPzDEdy9qu6lRYtp2g_icon.jpeg" publish:qualifiedname="ResourceProvisioning::Class Diagrams::RP Connection Control Service Interface Diagram" xmi:id="_UPrTsPzDEdy9qu6lRYtp2g"/><publish:diagram name="RP Flow Domain Control Service Interface Diagram" publish:icon="_kYuNwAO8Ed2MqpipL0DPfA_icon.jpeg" publish:qualifiedname="ResourceProvisioning::Class Diagrams::RP Flow Domain Control Service Interface Diagram" xmi:id="_kYuNwAO8Ed2MqpipL0DPfA"/><publish:diagram name="RP Equipment Provisioning Service Interface Diagram" publish:icon="_AsYE4Ar1Ed2g7OahyJLk5A_icon.jpeg" publish:qualifiedname="ResourceProvisioning::Class Diagrams::RP Equipment Provisioning Service Interface Diagram" xmi:id="_AsYE4Ar1Ed2g7OahyJLk5A"/><publish:diagram name="RP Gui Cut Through Control Service Interface Diagram" publish:icon="_LWbXUAr2Ed2g7OahyJLk5A_icon.jpeg" publish:qualifiedname="ResourceProvisioning::Class Diagrams::RP Gui Cut Through Control Service Interface Diagram" xmi:id="_LWbXUAr2Ed2g7OahyJLk5A"/><publish:diagram name="RP Termination Point Control Service Interface Diagram" publish:icon="_aFZ3wAr3Ed2g7OahyJLk5A_icon.jpeg" publish:qualifiedname="ResourceProvisioning::Class Diagrams::RP Termination Point Control Service Interface Diagram" xmi:id="_aFZ3wAr3Ed2g7OahyJLk5A"/><publish:diagram name="RP Topological Link Control Service Interface Diagram" publish:icon="_IXKe8Ar4Ed2g7OahyJLk5A_icon.jpeg" publish:qualifiedname="ResourceProvisioning::Class Diagrams::RP Topological Link Control Service Interface Diagram" xmi:id="_IXKe8Ar4Ed2g7OahyJLk5A"/><publish:diagram name="RP Traffic Conditioning Profile Control Service Interface Diagram" publish:icon="_2TKRgAr4Ed2g7OahyJLk5A_icon.jpeg" publish:qualifiedname="ResourceProvisioning::Class Diagrams::RP Traffic Conditioning Profile Control Service Interface Diagram" xmi:id="_2TKRgAr4Ed2g7OahyJLk5A"/><publish:diagram name="RP Transmission Descriptor Control Service Interface Diagram" publish:icon="_229FoAr5Ed2g7OahyJLk5A_icon.jpeg" publish:qualifiedname="ResourceProvisioning::Class Diagrams::RP Transmission Descriptor Control Service Interface Diagram" xmi:id="_229FoAr5Ed2g7OahyJLk5A"/></publish:diagrams>