<?xml version="1.0" encoding="UTF-8"?><packagedElement xmlns:publish="http://www.ibm.com/Rational/XTools/Publish" xmlns:xmi="http://www.omg.org/XMI" xmlns:com.ibm.xtools.notation="http:///com/ibm/xtools/notation.ecore" xmlns:uml="http://www.eclipse.org/uml2/1.0.0/UML" xmlns:xsi="http://www.w3.org/2001/XMLSchema-instance" name="Class Diagrams" publish:diagramFormat="GIF" publish:icon="_QKD60PpJEduVsYI7mfNDXQ_icon.jpeg" publish:modelname="ResourceProvisioning" publish:qualifiedname="ResourceProvisioning::Class Diagrams" publish:toplevelguid="_EjUhMPpJEduVsYI7mfNDXQ" xmi:id="_QKD60PpJEduVsYI7mfNDXQ" xmi:version="2.0" xsi:type="uml:Package"><publish:properties><publish:property name="Alias" publish:category="UML" publish:description="Alias property of the UML element"/><publish:property name="Keywords" publish:category="UML" publish:description="Keywords property of the UML element"/><publish:property name="Name" publish:category="UML" publish:description="The Name of the Named Element" publish:value="Class Diagrams"/><publish:property name="Name Expression" publish:category="UML" publish:description="The Name Expression of the Named Element"/><publish:property name="Namespace" publish:category="UML" publish:description="The Namespace of the Named Element" publish:value="&lt;Model&gt; ResourceProvisioning"/><publish:property name="Nesting Package" publish:category="UML" publish:description="The Nesting Package of the Package" publish:value="&lt;Model&gt; ResourceProvisioning"/><publish:property name="Owned Template Signature" publish:category="UML" publish:description="The Owned Template Signature of the Templateable Element"/><publish:property name="Owner" publish:category="UML" publish:description="The Owner of the Element" publish:value="&lt;Model&gt; ResourceProvisioning"/><publish:property name="Owning Template Parameter" publish:category="UML" publish:description="The Owning Template Parameter of the Parameterable Element"/><publish:property name="Qualified Name" publish:category="UML" publish:description="The Qualified Name of the Named Element" publish:value="ResourceProvisioning::Class Diagrams"/><publish:property name="Stereotype" publish:category="UML"/><publish:property name="Template Parameter" publish:category="UML" publish:description="The Template Parameter of the Parameterable Element"/><publish:property name="Visibility" publish:category="UML" publish:description="The Visibility of the Named Element" publish:value="Public"/></publish:properties><contents Type="Class" name="RP Common Create/Modify Diagram" publish:icon="_hgEj0bq5EdyA7v53CjAzng_icon.jpeg" publish:imageType="GIF" publish:qualifiedname="ResourceProvisioning::Class Diagrams::RP Common Create/Modify Diagram" xmi:id="_hgEj0bq5EdyA7v53CjAzng" xsi:type="notation:Diagram"><publish:properties><publish:property name="Measurement Unit" publish:category="View" publish:description="The Measurement Unit of the Diagram" publish:value="Himetric"/><publish:property name="Name" publish:category="View" publish:description="The Name of the Diagram" publish:value="RP Common Create/Modify Diagram"/><publish:property name="Styles" publish:category="View" publish:description="The Styles of the View"/></publish:properties><publish:partInfo coords="536,522,1824,422,1825,431,537,531,536,522" name="Dependency" publish:ismodellink="false" shape="poly" xmi:id="__IJwaQn0Ed2zPMxbRUN0OA"/><publish:partInfo coords="1955,498,2168,498,2158,508,2158,457,2168,457,2168,508,2168,508,1955,508,1955,498" name="Dependency" publish:ismodellink="false" shape="poly" xmi:id="_FHhmEN75Edym2_8ToWs_iA"/><publish:partInfo coords="2147,312,2171,312,2181,321,2181,370,2171,370,2171,321,2171,321,2147,321,2147,312" name="Dependency" publish:ismodellink="false" shape="poly" xmi:id="_SBYKMN71Edym2_8ToWs_iA"/><publish:partInfo name="TrafficConditioningProfileModifyData" publish:ismodellink="false" publish:partLowerX="536" publish:partLowerY="586" publish:partUpperX="9" publish:partUpperY="517" shape="rect" xmi:id="__IJwYAn0Ed2zPMxbRUN0OA"/><publish:partInfo name="TransmissionDescriptorCreateData" publish:ismodellink="false" publish:partLowerX="1955" publish:partLowerY="536" publish:partUpperX="1711" publish:partUpperY="470" shape="rect" xmi:id="__Rxq4N1cEdyrKNXnBMy96w"/><publish:partInfo name="TerminationPointPoolCreateData" publish:ismodellink="false" publish:partLowerX="2292" publish:partLowerY="287" publish:partUpperX="1719" publish:partUpperY="168" shape="rect" xmi:id="__AZHUN1ZEdyrKNXnBMy96w"/><publish:partInfo name="TopologicalLinkCreateData" publish:ismodellink="false" publish:partLowerX="1835" publish:partLowerY="160" publish:partUpperX="1437" publish:partUpperY="9" shape="rect" xmi:id="_lfaK8N1aEdyrKNXnBMy96w"/><publish:partInfo name="TrafficConditioningProfileCreateData" publish:ismodellink="false" publish:partLowerX="2146" publish:partLowerY="358" publish:partUpperX="1623" publish:partUpperY="287" shape="rect" xmi:id="_-cXXwN1aEdyrKNXnBMy96w"/><publish:partInfo name="MatrixFlowDomainModifydata" publish:ismodellink="false" publish:partLowerX="762" publish:partLowerY="838" publish:partUpperX="278" publish:partUpperY="767" shape="rect" xmi:id="_SuiNgNy4EdyY2qUBC6uXag"/><publish:partInfo name="MatrixFlowDomainCreateData" publish:ismodellink="false" publish:partLowerX="2099" publish:partLowerY="692" publish:partUpperX="1615" publish:partUpperY="605" shape="rect" xmi:id="_14lV4Ny3EdyY2qUBC6uXag"/><publish:partInfo name="FlowDomainCreateData" publish:ismodellink="false" publish:partLowerX="1972" publish:partLowerY="958" publish:partUpperX="1488" publish:partUpperY="855" shape="rect" xmi:id="_IOnuYN4_EdySY5hKwKv9GA"/><publish:partInfo name="FlowDomainModifyData" publish:ismodellink="false" publish:partLowerX="802" publish:partLowerY="930" publish:partUpperX="318" publish:partUpperY="859" shape="rect" xmi:id="_DmZwwNy4EdyY2qUBC6uXag"/><publish:partInfo name="FloatingTerminationPointCreateData" publish:ismodellink="false" publish:partLowerX="2076" publish:partLowerY="847" publish:partUpperX="1556" publish:partUpperY="712" shape="rect" xmi:id="_j1bK0N1ZEdyrKNXnBMy96w"/><publish:partInfo name="FlowDomainFragmentSetData" publish:ismodellink="false" publish:partLowerX="1373" publish:partLowerY="1105" publish:partUpperX="889" publish:partUpperY="954" shape="rect" xmi:id="_vtKrQN4REdyjuan7cJ_t3A"/><publish:partInfo name="FlowDomainFragmentModifyData" publish:ismodellink="false" publish:partLowerX="960" publish:partLowerY="1212" publish:partUpperX="568" publish:partUpperY="1141" shape="rect" xmi:id="_KX4roNy4EdyY2qUBC6uXag"/><publish:partInfo name="RouteCreateData" publish:ismodellink="false" publish:partLowerX="591" publish:partLowerY="1117" publish:partUpperX="163" publish:partUpperY="950" shape="rect" xmi:id="_yc5TINysEdyY2qUBC6uXag"/><publish:partInfo name="FlowDomainFragmentCreateData" publish:ismodellink="false" publish:partLowerX="1739" publish:partLowerY="1276" publish:partUpperX="1318" publish:partUpperY="1141" shape="rect" xmi:id="_ZNzMcNy3EdyY2qUBC6uXag"/><publish:partInfo name="EquipmentCreateData" publish:ismodellink="false" publish:partLowerX="1894" publish:partLowerY="1117" publish:partUpperX="1425" publish:partUpperY="966" shape="rect" xmi:id="_BU3soNywEdyY2qUBC6uXag"/><publish:partInfo name="SubnetworkConnectionCreateData" publish:ismodellink="false" publish:partLowerX="1440" publish:partLowerY="795" publish:partUpperX="1012" publish:partUpperY="517" shape="rect" xmi:id="_Mi6tELq8EdyA7v53CjAzng"/><publish:partInfo name="SubnetworkConnectionData" publish:ismodellink="false" publish:partLowerX="1200" publish:partLowerY="470" publish:partUpperX="733" publish:partUpperY="256" shape="rect" xmi:id="_Igd2MLq6EdyA7v53CjAzng"/><publish:partInfo name="SubnetworkConnectionModifyData" publish:ismodellink="false" publish:partLowerX="967" publish:partLowerY="652" publish:partUpperX="603" publish:partUpperY="517" shape="rect" xmi:id="_Gtk8QLq6EdyA7v53CjAzng"/></contents><contents Type="Class" name="RP DDP Relationship Diagram" publish:icon="_Kwp7AMpvEdyA6Npz6T0T-A_icon.jpeg" publish:imageType="GIF" publish:qualifiedname="ResourceProvisioning::Class Diagrams::RP DDP Relationship Diagram" xmi:id="_Kwp7AMpvEdyA6Npz6T0T-A" xsi:type="notation:Diagram"><publish:properties><publish:property name="Measurement Unit" publish:category="View" publish:description="The Measurement Unit of the Diagram" publish:value="Himetric"/><publish:property name="Name" publish:category="View" publish:description="The Name of the Diagram" publish:value="RP DDP Relationship Diagram"/><publish:property name="Styles" publish:category="View" publish:description="The Styles of the View"/></publish:properties><publish:partInfo name="ResourceProvisioning" publish:ismodellink="true" publish:partLowerX="179" publish:partLowerY="160" publish:partUpperX="33" publish:partUpperY="149" shape="rect" xmi:id="_EjUhMPpJEduVsYI7mfNDXQ"/><publish:partInfo name="ResourceProvisioning" publish:ismodellink="true" publish:partLowerX="189" publish:partLowerY="162" publish:partUpperX="23" publish:partUpperY="109" shape="rect" xmi:id="_EjUhMPpJEduVsYI7mfNDXQ"/></contents><contents Type="Class" name="RP Interface Diagram" publish:icon="_l3gcwNyoEdyY2qUBC6uXag_icon.jpeg" publish:imageType="GIF" publish:qualifiedname="ResourceProvisioning::Class Diagrams::RP Interface Diagram" xmi:id="_l3gcwNyoEdyY2qUBC6uXag" xsi:type="notation:Diagram"><publish:properties><publish:property name="Measurement Unit" publish:category="View" publish:description="The Measurement Unit of the Diagram" publish:value="Himetric"/><publish:property name="Name" publish:category="View" publish:description="The Name of the Diagram" publish:value="RP Interface Diagram"/><publish:property name="Styles" publish:category="View" publish:description="The Styles of the View"/></publish:properties><publish:partInfo coords="787,1629,787,1692,777,1692,777,1629,787,1629" name="uses" publish:ismodellink="false" shape="poly" xmi:id="_KA3psAriEd2g7OahyJLk5A"/><publish:partInfo coords="839,1747,923,1798,918,1807,834,1756,839,1747" name="Association" publish:ismodellink="false" shape="poly" xmi:id="_W-sAcArhEd2g7OahyJLk5A"/><publish:partInfo coords="746,1763,678,1816,672,1809,740,1756,746,1763" name="Association" publish:ismodellink="false" shape="poly" xmi:id="_DhF_UArhEd2g7OahyJLk5A"/><publish:partInfo coords="2084,1542,2148,1542,2138,1552,2138,973,2148,983,1272,983,1262,973,1262,912,1272,922,966,922,956,912,956,883,966,883,966,912,966,912,1272,912,1272,912,1272,973,1272,973,2148,973,2148,973,2148,1552,2148,1552,2084,1552,2084,1542" name="uses" publish:ismodellink="false" shape="poly" xmi:id="_a3Y4wAoPEd2zPMxbRUN0OA"/><publish:partInfo coords="1757,819,1757,753,1767,753,1767,819,1757,819" name="uses" publish:ismodellink="false" shape="poly" xmi:id="_-7hNIAn1Ed2zPMxbRUN0OA"/><publish:partInfo coords="2304,819,2304,753,2314,753,2314,819,2304,819" name="uses" publish:ismodellink="false" shape="poly" xmi:id="_1JXI0AnwEd2zPMxbRUN0OA"/><publish:partInfo coords="331,227,331,323,321,323,321,227,331,227" name="uses" publish:ismodellink="false" shape="poly" xmi:id="_yRUWUAfPEd2i3JAX-OUexw"/><publish:partInfo coords="1229,1220,1229,1142,1239,1142,1239,1220,1229,1220" name="uses" publish:ismodellink="false" shape="poly" xmi:id="_EwqEsAb6Ed2_ftADVU4G6w"/><publish:partInfo coords="326,1220,326,1174,336,1174,336,1220,326,1220" name="uses" publish:ismodellink="false" shape="poly" xmi:id="_8Ri2QAbsEd2_ftADVU4G6w"/><publish:partInfo coords="678,1220,678,1158,688,1158,688,1220,678,1220" name="uses" publish:ismodellink="false" shape="poly" xmi:id="_ubqd0AbnEd2_ftADVU4G6w"/><publish:partInfo coords="768,96,768,267,758,267,758,96,768,96" name="uses" publish:ismodellink="false" shape="poly" xmi:id="_T-024AYcEd2HgpQ3_l2TFw"/><publish:partInfo coords="1595,1220,1595,1160,1605,1160,1605,1220,1595,1220" name="uses" publish:ismodellink="false" shape="poly" xmi:id="_kbdBkAFfEd2tcMzU8qWcPQ"/><publish:partInfo name="TransmissionDescriptorAssociatedResource" publish:ismodellink="false" publish:partLowerX="934" publish:partLowerY="1756" publish:partUpperX="629" publish:partUpperY="1692" shape="rect" xmi:id="_1Z73YArgEd2g7OahyJLk5A"/><publish:partInfo name="TransmissionDescriptorModifyData" publish:ismodellink="false" publish:partLowerX="1455" publish:partLowerY="883" publish:partUpperX="1200" publish:partUpperY="819" shape="rect" xmi:id="_N0mSsAohEd2zPMxbRUN0OA"/><publish:partInfo name="TransmissionDescriptorSetData" publish:ismodellink="false" publish:partLowerX="1400" publish:partLowerY="781" publish:partUpperX="906" publish:partUpperY="664" shape="rect" xmi:id="_JpYr8AogEd2zPMxbRUN0OA"/><publish:partInfo name="TransmissionDescriptorCreateData" publish:ismodellink="false" publish:partLowerX="1104" publish:partLowerY="883" publish:partUpperX="851" publish:partUpperY="819" shape="rect" xmi:id="__Rxq4N1cEdyrKNXnBMy96w"/><publish:partInfo name="TrafficConditioningProfileModifyData" publish:ismodellink="false" publish:partLowerX="2029" publish:partLowerY="753" publish:partUpperX="1502" publish:partUpperY="684" shape="rect" xmi:id="__IJwYAn0Ed2zPMxbRUN0OA"/><publish:partInfo name="TrafficConditioningProfileCreateData" publish:ismodellink="false" publish:partLowerX="2584" publish:partLowerY="753" publish:partUpperX="2057" publish:partUpperY="684" shape="rect" xmi:id="_-cXXwN1aEdyrKNXnBMy96w"/><publish:partInfo name="TopologicalLinkCreateData" publish:ismodellink="false" publish:partLowerX="430" publish:partLowerY="472" publish:partUpperX="25" publish:partUpperY="323" shape="rect" xmi:id="_lfaK8N1aEdyrKNXnBMy96w"/><publish:partInfo name="TerminationPointPoolCreateData" publish:ismodellink="false" publish:partLowerX="1528" publish:partLowerY="1142" publish:partUpperX="962" publish:partUpperY="1025" shape="rect" xmi:id="__AZHUN1ZEdyrKNXnBMy96w"/><publish:partInfo name="GroupTerminationPointCreateData" publish:ismodellink="false" publish:partLowerX="408" publish:partLowerY="1174" publish:partUpperX="9" publish:partUpperY="1025" shape="rect" xmi:id="_4a7xEAbsEd2_ftADVU4G6w"/><publish:partInfo name="FloatingTerminationPointCreateData" publish:ismodellink="false" publish:partLowerX="946" publish:partLowerY="1158" publish:partUpperX="430" publish:partUpperY="1025" shape="rect" xmi:id="_j1bK0N1ZEdyrKNXnBMy96w"/><publish:partInfo name="EquipmentCreateData" publish:ismodellink="false" publish:partLowerX="941" publish:partLowerY="416" publish:partUpperX="458" publish:partUpperY="267" shape="rect" xmi:id="_BU3soNywEdyY2qUBC6uXag"/><publish:partInfo name="TerminationPointData" publish:ismodellink="false" publish:partLowerX="2082" publish:partLowerY="1160" publish:partUpperX="1549" publish:partUpperY="1025" shape="rect" xmi:id="_G7AjYOR_Edyd-_NSHGr2NQ"/><publish:partInfo name="TrafficConditioningProfileControlService" publish:ismodellink="false" publish:partLowerX="3106" publish:partLowerY="922" publish:partUpperX="1506" publish:partUpperY="819" shape="rect" xmi:id="_xt8UsNynEdyY2qUBC6uXag"/><publish:partInfo name="TopologicalLinkControlService" publish:ismodellink="false" publish:partLowerX="725" publish:partLowerY="227" publish:partUpperX="17" publish:partUpperY="140" shape="rect" xmi:id="_uapX8NynEdyY2qUBC6uXag"/><publish:partInfo name="SoftwareAndDataControlService" publish:ismodellink="false" publish:partLowerX="2148" publish:partLowerY="394" publish:partUpperX="1466" publish:partUpperY="275" shape="rect" xmi:id="_pCIbINynEdyY2qUBC6uXag"/><publish:partInfo name="TransmissionDescriptorControlService" publish:ismodellink="false" publish:partLowerX="2083" publish:partLowerY="1629" publish:partUpperX="13" publish:partUpperY="1478" shape="rect" xmi:id="_0XE6INynEdyY2qUBC6uXag"/><publish:partInfo name="GuiCutThroughControlService" publish:ismodellink="false" publish:partLowerX="2887" publish:partLowerY="236" publish:partUpperX="1117" publish:partUpperY="133" shape="rect" xmi:id="_mfamwNynEdyY2qUBC6uXag"/><publish:partInfo name="EquipmentProvisioningService" publish:ismodellink="false" publish:partLowerX="1276" publish:partLowerY="96" publish:partUpperX="291" publish:partUpperY="9" shape="rect" xmi:id="_hReiQNynEdyY2qUBC6uXag"/><publish:partInfo name="TerminationPointControlService" publish:ismodellink="false" publish:partLowerX="1648" publish:partLowerY="1418" publish:partUpperX="263" publish:partUpperY="1220" shape="rect" xmi:id="_fSjG4Lq6EdyA7v53CjAzng"/></contents><contents Type="Class" name="RP Common Resource Provisioning Service Interface Diagram" publish:icon="_dSElcPy8Edy9qu6lRYtp2g_icon.jpeg" publish:imageType="GIF" publish:qualifiedname="ResourceProvisioning::Class Diagrams::RP Common Resource Provisioning Service Interface Diagram" xmi:id="_dSElcPy8Edy9qu6lRYtp2g" xsi:type="notation:Diagram"><publish:properties><publish:property name="Measurement Unit" publish:category="View" publish:description="The Measurement Unit of the Diagram" publish:value="Himetric"/><publish:property name="Name" publish:category="View" publish:description="The Name of the Diagram" publish:value="RP Common Resource Provisioning Service Interface Diagram"/><publish:property name="Styles" publish:category="View" publish:description="The Styles of the View"/></publish:properties><publish:partInfo coords="795,404,905,404,905,414,795,414,795,404" name="Dependency" publish:ismodellink="false" shape="poly" xmi:id="_g_61kPpeEdy3oJyJgWjfdA"/><publish:partInfo name="CommonResourceProvisioningService" publish:ismodellink="false" publish:partLowerX="795" publish:partLowerY="466" publish:partUpperX="25" publish:partUpperY="379" shape="rect" xmi:id="_tlijoKlcEdy39Z05qVqfpQ"/></contents><contents Type="Class" name="RP Connection Control Service Interface Diagram" publish:icon="_UPrTsPzDEdy9qu6lRYtp2g_icon.jpeg" publish:imageType="GIF" publish:qualifiedname="ResourceProvisioning::Class Diagrams::RP Connection Control Service Interface Diagram" xmi:id="_UPrTsPzDEdy9qu6lRYtp2g" xsi:type="notation:Diagram"><publish:properties><publish:property name="Measurement Unit" publish:category="View" publish:description="The Measurement Unit of the Diagram" publish:value="Himetric"/><publish:property name="Name" publish:category="View" publish:description="The Name of the Diagram" publish:value="RP Connection Control Service Interface Diagram"/><publish:property name="Styles" publish:category="View" publish:description="The Styles of the View"/></publish:properties><publish:partInfo coords="140,303,140,953,130,943,323,943,323,953,130,953,130,953,130,303,140,303" name="uses" publish:ismodellink="false" shape="poly" xmi:id="_IuG4gPzEEdy9qu6lRYtp2g"/><publish:partInfo coords="1488,303,1488,881,1478,891,1212,891,1212,881,1478,881,1478,881,1478,303,1488,303" name="uses" publish:ismodellink="false" shape="poly" xmi:id="_G4ieAPzEEdy9qu6lRYtp2g"/><publish:partInfo coords="2333,303,2333,373,2323,373,2323,303,2333,303" name="uses" publish:ismodellink="false" shape="poly" xmi:id="_nIcoQPtJEdyRyo17Bs-IWQ"/><publish:partInfo coords="1765,303,1765,373,1755,373,1755,303,1765,303" name="uses" publish:ismodellink="false" shape="poly" xmi:id="_cR6WEPXDEdyFSuWihON4JA"/><publish:partInfo name="SubnetworkConnectionData" publish:ismodellink="false" publish:partLowerX="1041" publish:partLowerY="721" publish:partUpperX="566" publish:partUpperY="509" shape="rect" xmi:id="_Igd2MLq6EdyA7v53CjAzng"/><publish:partInfo name="SubnetworkConnectionModifyData" publish:ismodellink="false" publish:partLowerX="1211" publish:partLowerY="902" publish:partUpperX="827" publish:partUpperY="769" shape="rect" xmi:id="_Gtk8QLq6EdyA7v53CjAzng"/><publish:partInfo name="SubnetworkConnectionCreateData" publish:ismodellink="false" publish:partLowerX="762" publish:partLowerY="1046" publish:partUpperX="324" publish:partUpperY="770" shape="rect" xmi:id="_Mi6tELq8EdyA7v53CjAzng"/><publish:partInfo name="RouteCreateData" publish:ismodellink="false" publish:partLowerX="2536" publish:partLowerY="526" publish:partUpperX="2098" publish:partUpperY="374" shape="rect" xmi:id="_yc5TINysEdyY2qUBC6uXag"/><publish:partInfo name="TerminationPointData" publish:ismodellink="false" publish:partLowerX="2032" publish:partLowerY="509" publish:partUpperX="1499" publish:partUpperY="374" shape="rect" xmi:id="_G7AjYOR_Edyd-_NSHGr2NQ"/><publish:partInfo name="ConnectionControlService" publish:ismodellink="false" publish:partLowerX="2737" publish:partLowerY="303" publish:partUpperX="9" publish:partUpperY="9" shape="rect" xmi:id="_eE4qcNynEdyY2qUBC6uXag"/></contents><contents Type="Class" name="RP Flow Domain Control Service Interface Diagram" publish:icon="_kYuNwAO8Ed2MqpipL0DPfA_icon.jpeg" publish:imageType="GIF" publish:qualifiedname="ResourceProvisioning::Class Diagrams::RP Flow Domain Control Service Interface Diagram" xmi:id="_kYuNwAO8Ed2MqpipL0DPfA" xsi:type="notation:Diagram"><publish:properties><publish:property name="Measurement Unit" publish:category="View" publish:description="The Measurement Unit of the Diagram" publish:value="Himetric"/><publish:property name="Name" publish:category="View" publish:description="The Name of the Diagram" publish:value="RP Flow Domain Control Service Interface Diagram"/><publish:property name="Styles" publish:category="View" publish:description="The Styles of the View"/></publish:properties><publish:partInfo coords="1648,302,1648,811,1638,811,1638,302,1648,302" name="uses" publish:ismodellink="false" shape="poly" xmi:id="_AK66gAVLEd2k6OkJh8ypgA"/><publish:partInfo coords="2237,302,2237,995,2227,1005,1663,1005,1663,995,2227,995,2227,995,2227,302,2237,302" name="uses" publish:ismodellink="false" shape="poly" xmi:id="_-wnfsAVKEd2k6OkJh8ypgA"/><publish:partInfo coords="1231,302,1231,812,1221,812,1221,302,1231,302" name="uses" publish:ismodellink="false" shape="poly" xmi:id="_9clE8AVKEd2k6OkJh8ypgA"/><publish:partInfo coords="722,302,722,811,712,811,712,302,722,302" name="uses" publish:ismodellink="false" shape="poly" xmi:id="_8AVwcAVKEd2k6OkJh8ypgA"/><publish:partInfo coords="39,302,39,1006,29,996,265,996,265,1006,29,1006,29,1006,29,302,39,302" name="uses" publish:ismodellink="false" shape="poly" xmi:id="_6bmnQAVKEd2k6OkJh8ypgA"/><publish:partInfo coords="231,302,231,811,221,811,221,302,231,302" name="uses" publish:ismodellink="false" shape="poly" xmi:id="_4n08gAVKEd2k6OkJh8ypgA"/><publish:partInfo coords="1941,302,1941,386,1931,386,1931,302,1941,302" name="uses" publish:ismodellink="false" shape="poly" xmi:id="_rUOYcAVKEd2k6OkJh8ypgA"/><publish:partInfo name="MatrixFlowDomainModifydata" publish:ismodellink="false" publish:partLowerX="1662" publish:partLowerY="1035" publish:partUpperX="1183" publish:partUpperY="966" shape="rect" xmi:id="_SuiNgNy4EdyY2qUBC6uXag"/><publish:partInfo name="MatrixFlowDomainCreateData" publish:ismodellink="false" publish:partLowerX="744" publish:partLowerY="1049" publish:partUpperX="265" publish:partUpperY="964" shape="rect" xmi:id="_14lV4Ny3EdyY2qUBC6uXag"/><publish:partInfo name="FlowDomainModifyData" publish:ismodellink="false" publish:partLowerX="1912" publish:partLowerY="880" publish:partUpperX="1433" publish:partUpperY="811" shape="rect" xmi:id="_DmZwwNy4EdyY2qUBC6uXag"/><publish:partInfo name="FlowDomainCreateData" publish:ismodellink="false" publish:partLowerX="524" publish:partLowerY="912" publish:partUpperX="45" publish:partUpperY="811" shape="rect" xmi:id="_IOnuYN4_EdySY5hKwKv9GA"/><publish:partInfo name="FlowDomainFragmentSetData" publish:ismodellink="false" publish:partLowerX="1208" publish:partLowerY="737" publish:partUpperX="723" publish:partUpperY="601" shape="rect" xmi:id="_vtKrQN4REdyjuan7cJ_t3A"/><publish:partInfo name="FlowDomainFragmentModifyData" publish:ismodellink="false" publish:partLowerX="1411" publish:partLowerY="881" publish:partUpperX="1001" publish:partUpperY="812" shape="rect" xmi:id="_KX4roNy4EdyY2qUBC6uXag"/><publish:partInfo name="FlowDomainFragmentCreateData" publish:ismodellink="false" publish:partLowerX="986" publish:partLowerY="944" publish:partUpperX="552" publish:partUpperY="811" shape="rect" xmi:id="_ZNzMcNy3EdyY2qUBC6uXag"/><publish:partInfo name="FlowDomainControlService" publish:ismodellink="false" publish:partLowerX="2259" publish:partLowerY="301" publish:partUpperX="13" publish:partUpperY="9" shape="rect" xmi:id="_j8ZQYNynEdyY2qUBC6uXag"/><publish:partInfo name="TerminationPointData" publish:ismodellink="false" publish:partLowerX="2193" publish:partLowerY="521" publish:partUpperX="1660" publish:partUpperY="386" shape="rect" xmi:id="_G7AjYOR_Edyd-_NSHGr2NQ"/></contents><contents Type="Class" name="RP Equipment Provisioning Service Interface Diagram" publish:icon="_AsYE4Ar1Ed2g7OahyJLk5A_icon.jpeg" publish:imageType="GIF" publish:qualifiedname="ResourceProvisioning::Class Diagrams::RP Equipment Provisioning Service Interface Diagram" xmi:id="_AsYE4Ar1Ed2g7OahyJLk5A" xsi:type="notation:Diagram"><publish:properties><publish:property name="Measurement Unit" publish:category="View" publish:description="The Measurement Unit of the Diagram" publish:value="Himetric"/><publish:property name="Name" publish:category="View" publish:description="The Name of the Diagram" publish:value="RP Equipment Provisioning Service Interface Diagram"/><publish:property name="Styles" publish:category="View" publish:description="The Styles of the View"/></publish:properties><publish:partInfo coords="499,572,499,529,509,529,509,572,499,572" name="uses" publish:ismodellink="false" shape="poly" xmi:id="_T-024AYcEd2HgpQ3_l2TFw"/><publish:partInfo name="EquipmentCreateData" publish:ismodellink="false" publish:partLowerX="750" publish:partLowerY="530" publish:partUpperX="267" publish:partUpperY="381" shape="rect" xmi:id="_BU3soNywEdyY2qUBC6uXag"/><publish:partInfo name="EquipmentProvisioningService" publish:ismodellink="false" publish:partLowerX="1007" publish:partLowerY="658" publish:partUpperX="9" publish:partUpperY="573" shape="rect" xmi:id="_hReiQNynEdyY2qUBC6uXag"/></contents><contents Type="Class" name="RP Gui Cut Through Control Service Interface Diagram" publish:icon="_LWbXUAr2Ed2g7OahyJLk5A_icon.jpeg" publish:imageType="GIF" publish:qualifiedname="ResourceProvisioning::Class Diagrams::RP Gui Cut Through Control Service Interface Diagram" xmi:id="_LWbXUAr2Ed2g7OahyJLk5A" xsi:type="notation:Diagram"><publish:properties><publish:property name="Measurement Unit" publish:category="View" publish:description="The Measurement Unit of the Diagram" publish:value="Himetric"/><publish:property name="Name" publish:category="View" publish:description="The Name of the Diagram" publish:value="RP Gui Cut Through Control Service Interface Diagram"/><publish:property name="Styles" publish:category="View" publish:description="The Styles of the View"/></publish:properties><publish:partInfo coords="920,184,920,126,930,126,930,184,920,184" name="uses" publish:ismodellink="false" shape="poly" xmi:id="_WFErUAr2Ed2g7OahyJLk5A"/><publish:partInfo name="GuiCutThroughProfileInfo" publish:ismodellink="false" publish:partLowerX="1147" publish:partLowerY="126" publish:partUpperX="716" publish:partUpperY="9" shape="rect" xmi:id="_8zn_8Ny4EdyY2qUBC6uXag"/><publish:partInfo name="GuiCutThroughControlService" publish:ismodellink="false" publish:partLowerX="1853" publish:partLowerY="285" publish:partUpperX="9" publish:partUpperY="184" shape="rect" xmi:id="_mfamwNynEdyY2qUBC6uXag"/></contents><contents Type="Class" name="RP Termination Point Control Service Interface Diagram" publish:icon="_aFZ3wAr3Ed2g7OahyJLk5A_icon.jpeg" publish:imageType="GIF" publish:qualifiedname="ResourceProvisioning::Class Diagrams::RP Termination Point Control Service Interface Diagram" xmi:id="_aFZ3wAr3Ed2g7OahyJLk5A" xsi:type="notation:Diagram"><publish:properties><publish:property name="Measurement Unit" publish:category="View" publish:description="The Measurement Unit of the Diagram" publish:value="Himetric"/><publish:property name="Name" publish:category="View" publish:description="The Name of the Diagram" publish:value="RP Termination Point Control Service Interface Diagram"/><publish:property name="Styles" publish:category="View" publish:description="The Styles of the View"/></publish:properties><publish:partInfo coords="1229,632,1229,555,1239,555,1239,632,1229,632" name="uses" publish:ismodellink="false" shape="poly" xmi:id="_EwqEsAb6Ed2_ftADVU4G6w"/><publish:partInfo coords="326,632,326,587,336,587,336,632,326,632" name="uses" publish:ismodellink="false" shape="poly" xmi:id="_8Ri2QAbsEd2_ftADVU4G6w"/><publish:partInfo coords="678,632,678,571,688,571,688,632,678,632" name="uses" publish:ismodellink="false" shape="poly" xmi:id="_ubqd0AbnEd2_ftADVU4G6w"/><publish:partInfo coords="1595,632,1595,573,1605,573,1605,632,1595,632" name="uses" publish:ismodellink="false" shape="poly" xmi:id="_kbdBkAFfEd2tcMzU8qWcPQ"/><publish:partInfo name="TerminationPointPoolCreateData" publish:ismodellink="false" publish:partLowerX="1528" publish:partLowerY="555" publish:partUpperX="962" publish:partUpperY="438" shape="rect" xmi:id="__AZHUN1ZEdyrKNXnBMy96w"/><publish:partInfo name="GroupTerminationPointCreateData" publish:ismodellink="false" publish:partLowerX="408" publish:partLowerY="587" publish:partUpperX="9" publish:partUpperY="438" shape="rect" xmi:id="_4a7xEAbsEd2_ftADVU4G6w"/><publish:partInfo name="FloatingTerminationPointCreateData" publish:ismodellink="false" publish:partLowerX="946" publish:partLowerY="571" publish:partUpperX="430" publish:partUpperY="438" shape="rect" xmi:id="_j1bK0N1ZEdyrKNXnBMy96w"/><publish:partInfo name="TerminationPointData" publish:ismodellink="false" publish:partLowerX="2082" publish:partLowerY="573" publish:partUpperX="1549" publish:partUpperY="438" shape="rect" xmi:id="_G7AjYOR_Edyd-_NSHGr2NQ"/><publish:partInfo name="TerminationPointControlService" publish:ismodellink="false" publish:partLowerX="1648" publish:partLowerY="831" publish:partUpperX="263" publish:partUpperY="633" shape="rect" xmi:id="_fSjG4Lq6EdyA7v53CjAzng"/></contents><contents Type="Class" name="RP Topological Link Control Service Interface Diagram" publish:icon="_IXKe8Ar4Ed2g7OahyJLk5A_icon.jpeg" publish:imageType="GIF" publish:qualifiedname="ResourceProvisioning::Class Diagrams::RP Topological Link Control Service Interface Diagram" xmi:id="_IXKe8Ar4Ed2g7OahyJLk5A" xsi:type="notation:Diagram"><publish:properties><publish:property name="Measurement Unit" publish:category="View" publish:description="The Measurement Unit of the Diagram" publish:value="Himetric"/><publish:property name="Name" publish:category="View" publish:description="The Name of the Diagram" publish:value="RP Topological Link Control Service Interface Diagram"/><publish:property name="Styles" publish:category="View" publish:description="The Styles of the View"/></publish:properties><publish:partInfo coords="355,624,355,567,365,567,365,624,355,624" name="uses" publish:ismodellink="false" shape="poly" xmi:id="_yRUWUAfPEd2i3JAX-OUexw"/><publish:partInfo name="TopologicalLinkCreateData" publish:ismodellink="false" publish:partLowerX="568" publish:partLowerY="567" publish:partUpperX="163" publish:partUpperY="418" shape="rect" xmi:id="_lfaK8N1aEdyrKNXnBMy96w"/><publish:partInfo name="TopologicalLinkControlService" publish:ismodellink="false" publish:partLowerX="721" publish:partLowerY="710" publish:partUpperX="9" publish:partUpperY="625" shape="rect" xmi:id="_uapX8NynEdyY2qUBC6uXag"/></contents><contents Type="Class" name="RP Traffic Conditioning Profile Control Service Interface Diagram" publish:icon="_2TKRgAr4Ed2g7OahyJLk5A_icon.jpeg" publish:imageType="GIF" publish:qualifiedname="ResourceProvisioning::Class Diagrams::RP Traffic Conditioning Profile Control Service Interface Diagram" xmi:id="_2TKRgAr4Ed2g7OahyJLk5A" xsi:type="notation:Diagram"><publish:properties><publish:property name="Measurement Unit" publish:category="View" publish:description="The Measurement Unit of the Diagram" publish:value="Himetric"/><publish:property name="Name" publish:category="View" publish:description="The Name of the Diagram" publish:value="RP Traffic Conditioning Profile Control Service Interface Diagram"/><publish:property name="Styles" publish:category="View" publish:description="The Styles of the View"/></publish:properties><publish:partInfo coords="828,630,828,683,818,683,818,630,828,630" name="uses" publish:ismodellink="false" shape="poly" xmi:id="_iAaUkAr5Ed2g7OahyJLk5A"/><publish:partInfo coords="899,529,899,475,909,475,909,529,899,529" name="uses" publish:ismodellink="false" shape="poly" xmi:id="_-7hNIAn1Ed2zPMxbRUN0OA"/><publish:partInfo coords="721,529,721,475,731,475,731,529,721,529" name="uses" publish:ismodellink="false" shape="poly" xmi:id="_1JXI0AnwEd2zPMxbRUN0OA"/><publish:partInfo name="TerminationPointData" publish:ismodellink="false" publish:partLowerX="1084" publish:partLowerY="817" publish:partUpperX="553" publish:partUpperY="684" shape="rect" xmi:id="_G7AjYOR_Edyd-_NSHGr2NQ"/><publish:partInfo name="TrafficConditioningProfileModifyData" publish:ismodellink="false" publish:partLowerX="1350" publish:partLowerY="475" publish:partUpperX="823" publish:partUpperY="406" shape="rect" xmi:id="__IJwYAn0Ed2zPMxbRUN0OA"/><publish:partInfo name="TrafficConditioningProfileCreateData" publish:ismodellink="false" publish:partLowerX="806" publish:partLowerY="475" publish:partUpperX="279" publish:partUpperY="406" shape="rect" xmi:id="_-cXXwN1aEdyrKNXnBMy96w"/><publish:partInfo name="TrafficConditioningProfileControlService" publish:ismodellink="false" publish:partLowerX="1640" publish:partLowerY="630" publish:partUpperX="9" publish:partUpperY="529" shape="rect" xmi:id="_xt8UsNynEdyY2qUBC6uXag"/></contents><contents Type="Class" name="RP Transmission Descriptor Control Service Interface Diagram" publish:icon="_229FoAr5Ed2g7OahyJLk5A_icon.jpeg" publish:imageType="GIF" publish:qualifiedname="ResourceProvisioning::Class Diagrams::RP Transmission Descriptor Control Service Interface Diagram" xmi:id="_229FoAr5Ed2g7OahyJLk5A" xsi:type="notation:Diagram"><publish:properties><publish:property name="Measurement Unit" publish:category="View" publish:description="The Measurement Unit of the Diagram" publish:value="Himetric"/><publish:property name="Name" publish:category="View" publish:description="The Name of the Diagram" publish:value="RP Transmission Descriptor Control Service Interface Diagram"/><publish:property name="Styles" publish:category="View" publish:description="The Styles of the View"/></publish:properties><publish:partInfo coords="580,856,580,925,570,925,570,856,580,856" name="uses" publish:ismodellink="false" shape="poly" xmi:id="_KA3psAriEd2g7OahyJLk5A"/><publish:partInfo coords="536,997,468,1050,461,1042,529,989,536,997" name="Association" publish:ismodellink="false" shape="poly" xmi:id="_DhF_UArhEd2g7OahyJLk5A"/><publish:partInfo coords="629,981,713,1032,707,1040,623,989,629,981" name="Association" publish:ismodellink="false" shape="poly" xmi:id="_W-sAcArhEd2g7OahyJLk5A"/><publish:partInfo coords="1567,856,1567,910,1557,910,1557,856,1567,856" name="uses" publish:ismodellink="false" shape="poly" xmi:id="_hg__QAr6Ed2g7OahyJLk5A"/><publish:partInfo coords="1248,707,1248,635,1258,635,1258,707,1248,707" name="uses" publish:ismodellink="false" shape="poly" xmi:id="_Uu6z4Ar6Ed2g7OahyJLk5A"/><publish:partInfo coords="846,707,846,636,856,636,856,707,846,707" name="uses" publish:ismodellink="false" shape="poly" xmi:id="_a3Y4wAoPEd2zPMxbRUN0OA"/><publish:partInfo name="TransmissionDescriptorAssociatedResource" publish:ismodellink="false" publish:partLowerX="723" publish:partLowerY="990" publish:partUpperX="418" publish:partUpperY="926" shape="rect" xmi:id="_1Z73YArgEd2g7OahyJLk5A"/><publish:partInfo name="TransmissionDescriptorModifyData" publish:ismodellink="false" publish:partLowerX="1390" publish:partLowerY="636" publish:partUpperX="1135" publish:partUpperY="572" shape="rect" xmi:id="_N0mSsAohEd2zPMxbRUN0OA"/><publish:partInfo name="TransmissionDescriptorCreateData" publish:ismodellink="false" publish:partLowerX="981" publish:partLowerY="637" publish:partUpperX="728" publish:partUpperY="573" shape="rect" xmi:id="__Rxq4N1cEdyrKNXnBMy96w"/><publish:partInfo name="TransmissionDescriptorSetData" publish:ismodellink="false" publish:partLowerX="1308" publish:partLowerY="523" publish:partUpperX="814" publish:partUpperY="406" shape="rect" xmi:id="_JpYr8AogEd2zPMxbRUN0OA"/><publish:partInfo name="TransmissionDescriptorControlService" publish:ismodellink="false" publish:partLowerX="2112" publish:partLowerY="857" publish:partUpperX="9" publish:partUpperY="708" shape="rect" xmi:id="_0XE6INynEdyY2qUBC6uXag"/><publish:partInfo name="TerminationPointData" publish:ismodellink="false" publish:partLowerX="1802" publish:partLowerY="1043" publish:partUpperX="1271" publish:partUpperY="910" shape="rect" xmi:id="_G7AjYOR_Edyd-_NSHGr2NQ"/></contents></packagedElement>