<?xml version="1.0" encoding="UTF-8"?><uml:Model name="ResourceProvisioning" diagramFormat="GIF" xmlns:publish="http://www.ibm.com/Rational/XTools/Publish" publish:icon="520427053_icon.png" publish:modelname="ResourceProvisioning" publish:profiles="Standard, Default, Deployment, mTOP UML Profile" publish:qualifiedname="ResourceProvisioning" publish:sortOrder="storage" publish:toplevelguid="_E.jU.hMP.pJE.d.uV.sYI7.m.fNDXQ" xmlns:xmi="http://www.omg.org/XMI" xmi:id="_E.jU.hMP.pJE.d.uV.sYI7.m.fNDXQ" xmi:version="2.0" xmlns:com.ibm.xtools.notation="http:///com/ibm/xtools/notation.ecore" xmlns:uml="http://www.eclipse.org/uml2/1.0.0/UML" xmlns:xsi="http://www.w3.org/2001/XMLSchema-instance" xsi:type="uml:Model"><publish:properties><publish:property name="Alias" publish:category="UML" publish:description="Alias property of the UML element"/><publish:property name="Keywords" publish:category="UML" publish:description="Keywords property of the UML element"/><publish:property name="Name" publish:category="UML" publish:description="The Name of the Named Element" publish:value="ResourceProvisioning"/><publish:property name="Name Expression" publish:category="UML" publish:description="The Name Expression of the Named Element"/><publish:property name="Namespace" publish:category="UML" publish:description="The Namespace of the Named Element"/><publish:property name="Nesting Package" publish:category="UML" publish:description="The Nesting Package of the Package"/><publish:property name="Owned Template Signature" publish:category="UML" publish:description="The Owned Template Signature of the Templateable Element"/><publish:property name="Owner" publish:category="UML" publish:description="The Owner of the Element"/><publish:property name="Owning Template Parameter" publish:category="UML" publish:description="The Owning Template Parameter of the Parameterable Element"/><publish:property name="Qualified Name" publish:category="UML" publish:description="The Qualified Name of the Named Element" publish:value="ResourceProvisioning"/><publish:property name="Stereotype" publish:category="UML"/><publish:property name="Template Parameter" publish:category="UML" publish:description="The Template Parameter of the Parameterable Element"/><publish:property name="Viewpoint" publish:category="UML" publish:description="The Viewpoint of the Model"/><publish:property name="Visibility" publish:category="UML" publish:description="The Visibility of the Named Element" publish:value="Public"/></publish:properties><appliedProfiles><profile name="Standard" visibility="public"/><profile name="Default" visibility="public"/><profile name="Deployment" visibility="public"/><profile name="mTOP UML Profile" visibility="public"/></appliedProfiles><ownedComment annotatedElement="_E.jU.hMP.pJE.d.uV.sYI7.m.fNDXQ" body="&lt;HTML&gt;&lt;HEAD&gt;&#13;&#10;&lt;META content=&quot;MSHTML 6.00.2900.3429&quot; name=GENERATOR&gt;&lt;/HEAD&gt;&#13;&#10;&lt;BODY&gt;Changes as identified in version 0.10 of Comparison-RP.doc from 20th October 2008 integrated.&amp;nbsp;&lt;/BODY&gt;&lt;/HTML&gt;" isDocumentation="true" isURL="false" name="&lt;Unnamed Comment&gt;" publish:icon="-1710942275_icon.png" publish:qualifiedname="ResourceProvisioning::&lt;Comment&gt;" xmi:id="_.bV.r.j4K.zJE.d2M54_OO.i.t.iD.w" xsi:type="uml:Comment"><publish:properties><publish:property name="Body" publish:category="UML" publish:description="The Body of the Comment" publish:value="&lt;HTML&gt;&lt;HEAD&gt;..."/><publish:property name="Keywords" publish:category="UML" publish:description="Keywords property of the UML element"/><publish:property name="Owner" publish:category="UML" publish:description="The Owner of the Element" publish:ismodellink="true" publish:value="&lt;Model&gt; ResourceProvisioning" xmi:id="_E.jU.hMP.pJE.d.uV.sYI7.m.fNDXQ"/><publish:property name="Stereotype" publish:category="UML" publish:value="documentation"/></publish:properties></ownedComment><packageImport name="&lt;Unnamed PackageImport&gt;" publish:icon="671422399_icon.png" publish:qualifiedname="ResourceProvisioning::&lt;PackageImport&gt;" xmi:id="_E.jU.hNP.pJE.d.uV.sYI7.m.fNDXQ" xsi:type="uml:PackageImport"><publish:properties><publish:property name="Imported Package" publish:category="UML" publish:description="The Imported Package of the Package Import" publish:value="&lt;&lt;modelLibrary&gt;&gt; &lt;Model&gt; UML Primitive Types"/><publish:property name="Importing Namespace" publish:category="UML" publish:description="The Importing Namespace of the Package Import" publish:ismodellink="true" publish:value="&lt;Model&gt; ResourceProvisioning" xmi:id="_E.jU.hMP.pJE.d.uV.sYI7.m.fNDXQ"/><publish:property name="Keywords" publish:category="UML" publish:description="Keywords property of the UML element"/><publish:property name="Owner" publish:category="UML" publish:description="The Owner of the Element" publish:ismodellink="true" publish:value="&lt;Model&gt; ResourceProvisioning" xmi:id="_E.jU.hMP.pJE.d.uV.sYI7.m.fNDXQ"/><publish:property name="Stereotype" publish:category="UML"/><publish:property name="Visibility" publish:category="UML" publish:description="The Visibility of the Package Import" publish:value="Public"/></publish:properties></packageImport><packageImport name="&lt;Unnamed PackageImport&gt;" publish:icon="671422399_icon.png" publish:qualifiedname="ResourceProvisioning::&lt;PackageImport&gt;" xmi:id="_R.kXD.cM.p.vE.d.yA6N.p.z6T0T-A" xsi:type="uml:PackageImport"><publish:properties><publish:property name="Imported Package" publish:category="UML" publish:description="The Imported Package of the Package Import" publish:value="&lt;Model&gt; NetworkResourceFulfillment"/><publish:property name="Importing Namespace" publish:category="UML" publish:description="The Importing Namespace of the Package Import" publish:ismodellink="true" publish:value="&lt;Model&gt; ResourceProvisioning" xmi:id="_E.jU.hMP.pJE.d.uV.sYI7.m.fNDXQ"/><publish:property name="Keywords" publish:category="UML" publish:description="Keywords property of the UML element"/><publish:property name="Owner" publish:category="UML" publish:description="The Owner of the Element" publish:ismodellink="true" publish:value="&lt;Model&gt; ResourceProvisioning" xmi:id="_E.jU.hMP.pJE.d.uV.sYI7.m.fNDXQ"/><publish:property name="Stereotype" publish:category="UML"/><publish:property name="Visibility" publish:category="UML" publish:description="The Visibility of the Package Import" publish:value="Public"/></publish:properties></packageImport><packagedElement name="&lt;Unnamed Association&gt;" publish:icon="-2029708309_icon.png" publish:qualifiedname="ResourceProvisioning::&lt;Association&gt;" xmi:id="_D.hF_UA.r.hE.d2.g7O.a.h.yJL.k5A" xsi:type="uml:Association"><publish:properties><publish:property name="Alias" publish:category="UML" publish:description="Alias property of the UML element"/><publish:property name="Is Abstract" publish:category="UML" publish:description="The Is Abstract of the Classifier" publish:value="false"/><publish:property name="Is Derived" publish:category="UML" publish:description="The Is Derived of the Association" publish:value="false"/><publish:property name="Is Leaf" publish:category="UML" publish:description="The Is Leaf of the Redefinable Element" publish:value="false"/><publish:property name="Keywords" publish:category="UML" publish:description="Keywords property of the UML element"/><publish:property name="Kind" publish:category="UML" publish:description="Association kind property of Association" publish:value="2 - composition"/><publish:property name="Name" publish:category="UML" publish:description="The Name of the Named Element"/><publish:property name="Name Expression" publish:category="UML" publish:description="The Name Expression of the Named Element"/><publish:property name="Namespace" publish:category="UML" publish:description="The Namespace of the Named Element" publish:ismodellink="true" publish:value="&lt;Model&gt; ResourceProvisioning" xmi:id="_E.jU.hMP.pJE.d.uV.sYI7.m.fNDXQ"/><publish:property name="Owned Template Signature" publish:category="UML" publish:description="The Owned Template Signature of the Templateable Element"/><publish:property name="Owner" publish:category="UML" publish:description="The Owner of the Element" publish:ismodellink="true" publish:value="&lt;Model&gt; ResourceProvisioning" xmi:id="_E.jU.hMP.pJE.d.uV.sYI7.m.fNDXQ"/><publish:property name="Owning Template Parameter" publish:category="UML" publish:description="The Owning Template Parameter of the Parameterable Element"/><publish:property name="Package" publish:category="UML" publish:description="The Package of the Type" publish:ismodellink="true" publish:value="&lt;Model&gt; ResourceProvisioning" xmi:id="_E.jU.hMP.pJE.d.uV.sYI7.m.fNDXQ"/><publish:property name="Qualified Name" publish:category="UML" publish:description="The Qualified Name of the Named Element"/><publish:property name="Representation" publish:category="UML" publish:description="The Representation of the Classifier"/><publish:property name="Stereotype" publish:category="UML"/><publish:property name="Template Parameter" publish:category="UML" publish:description="The Template Parameter of the Parameterable Element"/><publish:property name="Visibility" publish:category="UML" publish:description="The Visibility of the Named Element" publish:value="Public"/></publish:properties><ownedEnd name="&lt;Unnamed Property&gt;" publish:icon="1728387099_icon.png" publish:is_association="true" publish:qualifiedname="ResourceProvisioning::&lt;Association&gt;::&lt;Property&gt;" publish:type="TransmissionDescriptorAssociatedResource" publish:typeid="_1Z73YA.r.gE.d2.g7O.a.h.yJL.k5A" xmi:id="_D.hP.wU.w.r.hE.d2.g7O.a.h.yJL.k5A" xsi:type="uml:Property"><publish:properties><publish:property name="Aggregation" publish:category="UML" publish:description="The Aggregation of the Property" publish:value="None"/><publish:property name="Alias" publish:category="UML" publish:description="Alias property of the UML element"/><publish:property name="Association" publish:category="UML" publish:description="The Association of the Property" publish:ismodellink="false" publish:value="&lt;Association&gt; A_tp_transmissionDescriptorAssociatedResource" xmi:id="_D.hF_UA.r.hE.d2.g7O.a.h.yJL.k5A"/><publish:property name="Association End" publish:category="UML" publish:description="The Association End of the Property"/><publish:property name="Class" publish:category="UML" publish:description="The Class of the Property"/><publish:property name="Datatype" publish:category="UML" publish:description="The Datatype of the Property"/><publish:property name="Default" publish:category="UML" publish:description="The Default of the Property"/><publish:property name="Default Value" publish:category="UML" publish:description="The Default Value of the Property"/><publish:property name="Is Composite" publish:category="UML" publish:description="The Is Composite of the Property" publish:value="false"/><publish:property name="Is Derived" publish:category="UML" publish:description="The Is Derived of the Property" publish:value="false"/><publish:property name="Is Derived Union" publish:category="UML" publish:description="The Is Derived Union of the Property" publish:value="false"/><publish:property name="Is Leaf" publish:category="UML" publish:description="The Is Leaf of the Redefinable Element" publish:value="false"/><publish:property name="Is Ordered" publish:category="UML" publish:description="The Is Ordered of the Multiplicity Element" publish:value="false"/><publish:property name="Is Read Only" publish:category="UML" publish:description="The Is Read Only of the Structural Feature" publish:value="false"/><publish:property name="Is Static" publish:category="UML" publish:description="The Is Static of the Feature" publish:value="false"/><publish:property name="Is Unique" publish:category="UML" publish:description="The Is Unique of the Multiplicity Element" publish:value="true"/><publish:property name="isInvariant" publish:category="mTOPAttribute" publish:value="False"/><publish:property name="Keywords" publish:category="UML" publish:description="Keywords property of the UML element"/><publish:property name="Lower" publish:category="UML" publish:description="The Lower of the Multiplicity Element" publish:value="1"/><publish:property name="Lower Value" publish:category="UML" publish:description="The Lower Value of the Multiplicity Element"/><publish:property name="Multiplicity" publish:category="UML" publish:description="Multiplicity property of Multiplicity Element" publish:value="1"/><publish:property name="Name" publish:category="UML" publish:description="The Name of the Named Element"/><publish:property name="Name Expression" publish:category="UML" publish:description="The Name Expression of the Named Element"/><publish:property name="Namespace" publish:category="UML" publish:description="The Namespace of the Named Element" publish:ismodellink="false" publish:value="&lt;Association&gt; A_tp_transmissionDescriptorAssociatedResource" xmi:id="_D.hF_UA.r.hE.d2.g7O.a.h.yJL.k5A"/><publish:property name="notificationType" publish:category="mTOPAttribute" publish:value="0 - NOT_APPLICABLE"/><publish:property name="Opposite" publish:category="UML" publish:description="The Opposite of the Property"/><publish:property name="Owner" publish:category="UML" publish:description="The Owner of the Element" publish:ismodellink="false" publish:value="&lt;Association&gt; A_tp_transmissionDescriptorAssociatedResource" xmi:id="_D.hF_UA.r.hE.d2.g7O.a.h.yJL.k5A"/><publish:property name="Owning Association" publish:category="UML" publish:description="The Owning Association of the Property" publish:ismodellink="false" publish:value="&lt;Association&gt; A_tp_transmissionDescriptorAssociatedResource" xmi:id="_D.hF_UA.r.hE.d2.g7O.a.h.yJL.k5A"/><publish:property name="Owning Template Parameter" publish:category="UML" publish:description="The Owning Template Parameter of the Parameterable Element"/><publish:property name="Qualified Name" publish:category="UML" publish:description="The Qualified Name of the Named Element"/><publish:property name="Stereotype" publish:category="UML" publish:value="mTOPAttribute"/><publish:property name="Template Parameter" publish:category="UML" publish:description="The Template Parameter of the Parameterable Element"/><publish:property name="Type" publish:category="UML" publish:description="The Type of the Typed Element" publish:ismodellink="false" publish:value="&lt;&lt;choice&gt;&gt; &lt;Data Type&gt; TransmissionDescriptorAssociatedResource" xmi:id="_1Z73YA.r.gE.d2.g7O.a.h.yJL.k5A"/><publish:property name="Upper" publish:category="UML" publish:description="The Upper of the Multiplicity Element" publish:value="1"/><publish:property name="Upper Value" publish:category="UML" publish:description="The Upper Value of the Multiplicity Element"/><publish:property name="Visibility" publish:category="UML" publish:description="The Visibility of the Named Element" publish:value="Private"/><publish:property name="writeable" publish:category="mTOPAttribute" publish:value="1 - REQUESTING_OS_ONLY"/></publish:properties></ownedEnd></packagedElement><packagedElement name="&lt;Unnamed Association&gt;" publish:icon="-2029708309_icon.png" publish:qualifiedname="ResourceProvisioning::&lt;Association&gt;" xmi:id="_W-.sA.cA.r.hE.d2.g7O.a.h.yJL.k5A" xsi:type="uml:Association"><publish:properties><publish:property name="Alias" publish:category="UML" publish:description="Alias property of the UML element"/><publish:property name="Is Abstract" publish:category="UML" publish:description="The Is Abstract of the Classifier" publish:value="false"/><publish:property name="Is Derived" publish:category="UML" publish:description="The Is Derived of the Association" publish:value="false"/><publish:property name="Is Leaf" publish:category="UML" publish:description="The Is Leaf of the Redefinable Element" publish:value="false"/><publish:property name="Keywords" publish:category="UML" publish:description="Keywords property of the UML element"/><publish:property name="Kind" publish:category="UML" publish:description="Association kind property of Association" publish:value="2 - composition"/><publish:property name="Name" publish:category="UML" publish:description="The Name of the Named Element"/><publish:property name="Name Expression" publish:category="UML" publish:description="The Name Expression of the Named Element"/><publish:property name="Namespace" publish:category="UML" publish:description="The Namespace of the Named Element" publish:ismodellink="true" publish:value="&lt;Model&gt; ResourceProvisioning" xmi:id="_E.jU.hMP.pJE.d.uV.sYI7.m.fNDXQ"/><publish:property name="Owned Template Signature" publish:category="UML" publish:description="The Owned Template Signature of the Templateable Element"/><publish:property name="Owner" publish:category="UML" publish:description="The Owner of the Element" publish:ismodellink="true" publish:value="&lt;Model&gt; ResourceProvisioning" xmi:id="_E.jU.hMP.pJE.d.uV.sYI7.m.fNDXQ"/><publish:property name="Owning Template Parameter" publish:category="UML" publish:description="The Owning Template Parameter of the Parameterable Element"/><publish:property name="Package" publish:category="UML" publish:description="The Package of the Type" publish:ismodellink="true" publish:value="&lt;Model&gt; ResourceProvisioning" xmi:id="_E.jU.hMP.pJE.d.uV.sYI7.m.fNDXQ"/><publish:property name="Qualified Name" publish:category="UML" publish:description="The Qualified Name of the Named Element"/><publish:property name="Representation" publish:category="UML" publish:description="The Representation of the Classifier"/><publish:property name="Stereotype" publish:category="UML"/><publish:property name="Template Parameter" publish:category="UML" publish:description="The Template Parameter of the Parameterable Element"/><publish:property name="Visibility" publish:category="UML" publish:description="The Visibility of the Named Element" publish:value="Public"/></publish:properties><ownedEnd name="&lt;Unnamed Property&gt;" publish:icon="1728387099_icon.png" publish:is_association="true" publish:qualifiedname="ResourceProvisioning::&lt;Association&gt;::&lt;Property&gt;" publish:type="TransmissionDescriptorAssociatedResource" publish:typeid="_1Z73YA.r.gE.d2.g7O.a.h.yJL.k5A" xmi:id="_W-.sA.dQ.r.hE.d2.g7O.a.h.yJL.k5A" xsi:type="uml:Property"><publish:properties><publish:property name="Aggregation" publish:category="UML" publish:description="The Aggregation of the Property" publish:value="None"/><publish:property name="Alias" publish:category="UML" publish:description="Alias property of the UML element"/><publish:property name="Association" publish:category="UML" publish:description="The Association of the Property" publish:ismodellink="false" publish:value="&lt;Association&gt; A_mfd_transmissionDescriptorAssociatedResource" xmi:id="_W-.sA.cA.r.hE.d2.g7O.a.h.yJL.k5A"/><publish:property name="Association End" publish:category="UML" publish:description="The Association End of the Property"/><publish:property name="Class" publish:category="UML" publish:description="The Class of the Property"/><publish:property name="Datatype" publish:category="UML" publish:description="The Datatype of the Property"/><publish:property name="Default" publish:category="UML" publish:description="The Default of the Property"/><publish:property name="Default Value" publish:category="UML" publish:description="The Default Value of the Property"/><publish:property name="Is Composite" publish:category="UML" publish:description="The Is Composite of the Property" publish:value="false"/><publish:property name="Is Derived" publish:category="UML" publish:description="The Is Derived of the Property" publish:value="false"/><publish:property name="Is Derived Union" publish:category="UML" publish:description="The Is Derived Union of the Property" publish:value="false"/><publish:property name="Is Leaf" publish:category="UML" publish:description="The Is Leaf of the Redefinable Element" publish:value="false"/><publish:property name="Is Ordered" publish:category="UML" publish:description="The Is Ordered of the Multiplicity Element" publish:value="false"/><publish:property name="Is Read Only" publish:category="UML" publish:description="The Is Read Only of the Structural Feature" publish:value="false"/><publish:property name="Is Static" publish:category="UML" publish:description="The Is Static of the Feature" publish:value="false"/><publish:property name="Is Unique" publish:category="UML" publish:description="The Is Unique of the Multiplicity Element" publish:value="true"/><publish:property name="isInvariant" publish:category="mTOPAttribute" publish:value="False"/><publish:property name="Keywords" publish:category="UML" publish:description="Keywords property of the UML element"/><publish:property name="Lower" publish:category="UML" publish:description="The Lower of the Multiplicity Element" publish:value="1"/><publish:property name="Lower Value" publish:category="UML" publish:description="The Lower Value of the Multiplicity Element"/><publish:property name="Multiplicity" publish:category="UML" publish:description="Multiplicity property of Multiplicity Element" publish:value="1"/><publish:property name="Name" publish:category="UML" publish:description="The Name of the Named Element"/><publish:property name="Name Expression" publish:category="UML" publish:description="The Name Expression of the Named Element"/><publish:property name="Namespace" publish:category="UML" publish:description="The Namespace of the Named Element" publish:ismodellink="false" publish:value="&lt;Association&gt; A_mfd_transmissionDescriptorAssociatedResource" xmi:id="_W-.sA.cA.r.hE.d2.g7O.a.h.yJL.k5A"/><publish:property name="notificationType" publish:category="mTOPAttribute" publish:value="0 - NOT_APPLICABLE"/><publish:property name="Opposite" publish:category="UML" publish:description="The Opposite of the Property"/><publish:property name="Owner" publish:category="UML" publish:description="The Owner of the Element" publish:ismodellink="false" publish:value="&lt;Association&gt; A_mfd_transmissionDescriptorAssociatedResource" xmi:id="_W-.sA.cA.r.hE.d2.g7O.a.h.yJL.k5A"/><publish:property name="Owning Association" publish:category="UML" publish:description="The Owning Association of the Property" publish:ismodellink="false" publish:value="&lt;Association&gt; A_mfd_transmissionDescriptorAssociatedResource" xmi:id="_W-.sA.cA.r.hE.d2.g7O.a.h.yJL.k5A"/><publish:property name="Owning Template Parameter" publish:category="UML" publish:description="The Owning Template Parameter of the Parameterable Element"/><publish:property name="Qualified Name" publish:category="UML" publish:description="The Qualified Name of the Named Element"/><publish:property name="Stereotype" publish:category="UML" publish:value="mTOPAttribute"/><publish:property name="Template Parameter" publish:category="UML" publish:description="The Template Parameter of the Parameterable Element"/><publish:property name="Type" publish:category="UML" publish:description="The Type of the Typed Element" publish:ismodellink="false" publish:value="&lt;&lt;choice&gt;&gt; &lt;Data Type&gt; TransmissionDescriptorAssociatedResource" xmi:id="_1Z73YA.r.gE.d2.g7O.a.h.yJL.k5A"/><publish:property name="Upper" publish:category="UML" publish:description="The Upper of the Multiplicity Element" publish:value="1"/><publish:property name="Upper Value" publish:category="UML" publish:description="The Upper Value of the Multiplicity Element"/><publish:property name="Visibility" publish:category="UML" publish:description="The Visibility of the Named Element" publish:value="Private"/><publish:property name="writeable" publish:category="mTOPAttribute" publish:value="1 - REQUESTING_OS_ONLY"/></publish:properties></ownedEnd></packagedElement></uml:Model>