<?xml version="1.0" encoding="UTF-8"?><packagedElement name="Class Diagrams" diagramFormat="GIF" xmlns:publish="http://www.ibm.com/Rational/XTools/Publish" publish:icon="319100858_icon.png" publish:modelname="ResourceProvisioning" publish:qualifiedname="ResourceProvisioning::Class Diagrams" publish:sortOrder="storage" publish:toplevelguid="_E.jU.hMP.pJE.d.uV.sYI7.m.fNDXQ" xmlns:xmi="http://www.omg.org/XMI" xmi:id="_QKD60P.pJE.d.uV.sYI7.m.fNDXQ" xmi:version="2.0" xmlns:com.ibm.xtools.notation="http:///com/ibm/xtools/notation.ecore" xmlns:uml="http://www.eclipse.org/uml2/1.0.0/UML" xmlns:xsi="http://www.w3.org/2001/XMLSchema-instance" xsi:type="uml:Package"><publish:properties><publish:property name="Alias" publish:category="UML" publish:description="Alias property of the UML element"/><publish:property name="Keywords" publish:category="UML" publish:description="Keywords property of the UML element"/><publish:property name="Name" publish:category="UML" publish:description="The Name of the Named Element" publish:value="Class Diagrams"/><publish:property name="Name Expression" publish:category="UML" publish:description="The Name Expression of the Named Element"/><publish:property name="Namespace" publish:category="UML" publish:description="The Namespace of the Named Element" publish:ismodellink="true" publish:value="&lt;Model&gt; ResourceProvisioning" xmi:id="_E.jU.hMP.pJE.d.uV.sYI7.m.fNDXQ"/><publish:property name="Nesting Package" publish:category="UML" publish:description="The Nesting Package of the Package" publish:ismodellink="true" publish:value="&lt;Model&gt; ResourceProvisioning" xmi:id="_E.jU.hMP.pJE.d.uV.sYI7.m.fNDXQ"/><publish:property name="Owned Template Signature" publish:category="UML" publish:description="The Owned Template Signature of the Templateable Element"/><publish:property name="Owner" publish:category="UML" publish:description="The Owner of the Element" publish:ismodellink="true" publish:value="&lt;Model&gt; ResourceProvisioning" xmi:id="_E.jU.hMP.pJE.d.uV.sYI7.m.fNDXQ"/><publish:property name="Owning Template Parameter" publish:category="UML" publish:description="The Owning Template Parameter of the Parameterable Element"/><publish:property name="Qualified Name" publish:category="UML" publish:description="The Qualified Name of the Named Element" publish:value="ResourceProvisioning::Class Diagrams"/><publish:property name="Stereotype" publish:category="UML"/><publish:property name="Template Parameter" publish:category="UML" publish:description="The Template Parameter of the Parameterable Element"/><publish:property name="Visibility" publish:category="UML" publish:description="The Visibility of the Named Element" publish:value="Public"/></publish:properties><contents Type="Class" isDefault="false" name="RP DDP Relationship Diagram" publish:icon="1208293359_icon.png" publish:imageType="GIF" publish:qualifiedname="ResourceProvisioning::Class Diagrams::RP DDP Relationship Diagram" xmi:id="_K.w.p7AM.p.vE.d.yA6N.p.z6T0T-A" xsi:type="notation:Diagram"><publish:properties><publish:property name="Measurement Unit" publish:category="View" publish:description="The Measurement Unit of the Diagram" publish:value="Himetric"/><publish:property name="Name" publish:category="View" publish:description="The Name of the Diagram" publish:value="RP DDP Relationship Diagram"/><publish:property name="Styles" publish:category="View" publish:description="The Styles of the View"/></publish:properties><publish:partInfo coords="89,290,89,229,99,229,99,290,89,290" name="PackageImport" publish:ismodellink="false" shape="poly" xmi:id="_R.kXD.cM.p.vE.d.yA6N.p.z6T0T-A"/><publish:partInfo name="ResourceProvisioning" publish:ismodellink="true" publish:partLowerX="171" publish:partLowerY="326" publish:partUpperX="28" publish:partUpperY="315" shape="rect" xmi:id="_E.jU.hMP.pJE.d.uV.sYI7.m.fNDXQ"/><publish:partInfo name="ResourceProvisioning" publish:ismodellink="true" publish:partLowerX="181" publish:partLowerY="328" publish:partUpperX="18" publish:partUpperY="278" shape="rect" xmi:id="_E.jU.hMP.pJE.d.uV.sYI7.m.fNDXQ"/></contents><contents Type="Class" isDefault="false" name="RP Interface Diagram" publish:icon="1208293359_icon.png" publish:imageType="GIF" publish:qualifiedname="ResourceProvisioning::Class Diagrams::RP Interface Diagram" xmi:id="_.l3.g.c.wN.y.oE.d.yY2.qUBC6.uX.a.g" xsi:type="notation:Diagram"><publish:properties><publish:property name="Measurement Unit" publish:category="View" publish:description="The Measurement Unit of the Diagram" publish:value="Himetric"/><publish:property name="Name" publish:category="View" publish:description="The Name of the Diagram" publish:value="RP Interface Diagram"/><publish:property name="Styles" publish:category="View" publish:description="The Styles of the View"/></publish:properties><publish:partInfo coords="2076,1547,2327,1547,2317,1557,2317,942,2327,952,1291,952,1281,942,1281,872,1291,872,1291,942,1291,942,2327,942,2327,942,2327,1557,2327,1557,2076,1557,2076,1547" name="modifies TMD with" publish:ismodellink="false" shape="poly" xmi:id="_U.u6.z4A.r6E.d2.g7O.a.h.yJL.k5A"/><publish:partInfo coords="1872,1470,1872,1149,1882,1149,1882,1470,1872,1470" name="uses" publish:ismodellink="false" shape="poly" xmi:id="_.h.g__QA.r6E.d2.g7O.a.h.yJL.k5A"/><publish:partInfo coords="782,1602,782,1684,772,1684,772,1602,782,1602" name="uses" publish:ismodellink="false" shape="poly" xmi:id="_KA3.p.sA.r.iE.d2.g7O.a.h.yJL.k5A"/><publish:partInfo coords="828,1737,918,1791,913,1799,823,1745,828,1737" name="Association" publish:ismodellink="false" shape="poly" xmi:id="_W-.sA.cA.r.hE.d2.g7O.a.h.yJL.k5A"/><publish:partInfo coords="739,1753,668,1809,661,1801,733,1745,739,1753" name="Association" publish:ismodellink="false" shape="poly" xmi:id="_D.hF_UA.r.hE.d2.g7O.a.h.yJL.k5A"/><publish:partInfo coords="1308,811,1308,616,1318,616,1318,811,1308,811" name="Generalization" publish:ismodellink="false" shape="poly" xmi:id="_.b.uV.p.sA.o.hE.d2.zPM.x.bRUN0OA"/><publish:partInfo coords="1508,676,1508,616,1518,616,1518,676,1508,676" name="Generalization" publish:ismodellink="false" shape="poly" xmi:id="__IJ.wY.g.n0E.d2.zPM.x.bRUN0OA"/><publish:partInfo coords="1283,811,1283,770,1293,770,1293,811,1283,811" name="Generalization" publish:ismodellink="false" shape="poly" xmi:id="_N0.mS.s.w.o.hE.d2.zPM.x.bRUN0OA"/><publish:partInfo coords="986,811,986,770,996,770,996,811,986,811" name="Generalization" publish:ismodellink="false" shape="poly" xmi:id="_T.qIYIA.o.gE.d2.zPM.x.bRUN0OA"/><publish:partInfo coords="2076,1520,2279,1520,2269,1530,2269,984,2279,994,1263,994,1253,984,1253,900,1263,910,947,910,937,900,937,872,947,872,947,900,947,900,1263,900,1263,900,1263,984,1263,984,2279,984,2279,984,2279,1530,2279,1530,2076,1530,2076,1520" name="creates TMD with" publish:ismodellink="false" shape="poly" xmi:id="_.a3Y4.wA.oPE.d2.zPM.x.bRUN0OA"/><publish:partInfo coords="860,811,860,615,870,615,870,811,860,811" name="Generalization" publish:ismodellink="false" shape="poly" xmi:id="_DG7.nUN75E.d.y.m2_8T.oW.s_.iA"/><publish:partInfo coords="1750,811,1750,742,1760,742,1760,811,1750,811" name="modifies TC Profile with" publish:ismodellink="false" shape="poly" xmi:id="_-7.hNIA.n1E.d2.zPM.x.bRUN0OA"/><publish:partInfo coords="2303,811,2303,742,2313,742,2313,811,2303,811" name="creates TC Profile with" publish:ismodellink="false" shape="poly" xmi:id="_1JXI0A.n.wE.d2.zPM.x.bRUN0OA"/><publish:partInfo coords="2307,676,2307,640,2317,650,947,650,937,640,937,615,947,615,947,640,947,640,2317,640,2317,640,2317,676,2307,676" name="Generalization" publish:ismodellink="false" shape="poly" xmi:id="_R.wI.i0N7.tE.d.y.m2_8T.oW.s_.iA"/><publish:partInfo coords="230,216,230,315,220,315,220,216,230,216" name="creates TL with" publish:ismodellink="false" shape="poly" xmi:id="_.yRUWUA.fPE.d2.i3JAX-OU.e.x.w"/><publish:partInfo coords="229,461,229,580,219,571,755,571,755,580,219,580,219,580,219,461,229,461" name="Generalization" publish:ismodellink="false" shape="poly" xmi:id="_.v.aA.f0N7.vE.d.y.m2_8T.oW.s_.iA"/><publish:partInfo coords="1374,1212,1374,1131,1384,1131,1384,1212,1374,1212" name="craetes TP Pool with" publish:ismodellink="false" shape="poly" xmi:id="_E.w.qE.sA.b6E.d2_.f.tADVU4G6.w"/><publish:partInfo coords="1166,1017,1166,925,1176,935,819,935,809,925,809,615,819,615,819,925,819,925,1176,925,1176,925,1176,1017,1166,1017" name="Generalization" publish:ismodellink="false" shape="poly" xmi:id="_L9LB.gN70E.d.y.m2_8T.oW.s_.iA"/><publish:partInfo coords="372,1212,372,1163,382,1163,382,1212,372,1212" name="creates GTP with" publish:ismodellink="false" shape="poly" xmi:id="_8R.i2QA.b.sE.d2_.f.tADVU4G6.w"/><publish:partInfo coords="158,1017,159,777,168,767,773,767,763,777,763,615,773,615,773,777,773,777,168,777,168,777,168,1017,158,1017" name="Generalization" publish:ismodellink="false" shape="poly" xmi:id="_4.a7.xE.g.b.sE.d2_.f.tADVU4G6.w"/><publish:partInfo coords="743,1212,743,1163,753,1163,753,1212,743,1212" name="creates FTP with" publish:ismodellink="false" shape="poly" xmi:id="_.u.b.q.d0A.b.nE.d2_.f.tADVU4G6.w"/><publish:partInfo coords="785,1017,785,615,795,615,795,1017,785,1017" name="Generalization" publish:ismodellink="false" shape="poly" xmi:id="_8P.sB.wN4_E.d.ySY5.hK.wK.v9GA"/><publish:partInfo coords="1011,85,1011,234,1001,244,680,244,690,234,690,259,680,259,680,234,680,234,1001,234,1001,234,1001,85,1011,85" name="creates Equipment with" publish:ismodellink="false" shape="poly" xmi:id="_T-024AY.cE.d2H.g.pQ3_.l2TF.w"/><publish:partInfo coords="793,405,793,549,783,549,783,405,793,405" name="Generalization" publish:ismodellink="false" shape="poly" xmi:id="_.q.r.w8UN.y.wE.d.yY2.qUBC6.uX.a.g"/><publish:partInfo coords="1713,1212,1713,1149,1723,1149,1723,1212,1713,1212" name="uses" publish:ismodellink="false" shape="poly" xmi:id="_.k.b.dB.kAF.fE.d2.t.cM.zU8.qW.cPQ"/><publish:partInfo name="TransmissionDescriptorAssociatedResource" publish:ismodellink="false" publish:partLowerX="927" publish:partLowerY="1746" publish:partUpperX="620" publish:partUpperY="1683" shape="rect" xmi:id="_1Z73YA.r.gE.d2.g7O.a.h.yJL.k5A"/><publish:partInfo name="TransmissionDescriptorModifyData" publish:ismodellink="false" publish:partLowerX="1447" publish:partLowerY="873" publish:partUpperX="1191" publish:partUpperY="810" shape="rect" xmi:id="_N0.mS.sA.o.hE.d2.zPM.x.bRUN0OA"/><publish:partInfo name="TransmissionDescriptorSetData" publish:ismodellink="false" publish:partLowerX="1396" publish:partLowerY="771" publish:partUpperX="897" publish:partUpperY="655" shape="rect" xmi:id="_J.pY.r8A.o.gE.d2.zPM.x.bRUN0OA"/><publish:partInfo name="TransmissionDescriptorCreateData" publish:ismodellink="false" publish:partLowerX="1096" publish:partLowerY="873" publish:partUpperX="842" publish:partUpperY="810" shape="rect" xmi:id="__R.x.q4N1.cE.d.y.rKNX.nBM.y96.w"/><publish:partInfo name="TrafficConditioningProfileModifyData" publish:ismodellink="false" publish:partLowerX="2025" publish:partLowerY="743" publish:partUpperX="1493" publish:partUpperY="675" shape="rect" xmi:id="__IJ.wYA.n0E.d2.zPM.x.bRUN0OA"/><publish:partInfo name="TrafficConditioningProfileCreateData" publish:ismodellink="false" publish:partLowerX="2580" publish:partLowerY="743" publish:partUpperX="2048" publish:partUpperY="675" shape="rect" xmi:id="_-.cXX.wN1.aE.d.y.rKNX.nBM.y96.w"/><publish:partInfo name="TopologicalLinkCreateData" publish:ismodellink="false" publish:partLowerX="426" publish:partLowerY="462" publish:partUpperX="16" publish:partUpperY="314" shape="rect" xmi:id="_.l.f.aK8N1.aE.d.y.rKNX.nBM.y96.w"/><publish:partInfo name="TerminationPointPoolCreateData" publish:ismodellink="false" publish:partLowerX="1671" publish:partLowerY="1132" publish:partUpperX="1100" publish:partUpperY="1016" shape="rect" xmi:id="__AZHUN1ZE.d.y.rKNX.nBM.y96.w"/><publish:partInfo name="GroupTerminationPointCreateData" publish:ismodellink="false" publish:partLowerX="404" publish:partLowerY="1164" publish:partUpperX="0" publish:partUpperY="1016" shape="rect" xmi:id="_4.a7.xEA.b.sE.d2_.f.tADVU4G6.w"/><publish:partInfo name="FloatingTerminationPointCreateData" publish:ismodellink="false" publish:partLowerX="1086" publish:partLowerY="1164" publish:partUpperX="421" publish:partUpperY="1016" shape="rect" xmi:id="_.j1.bK0N1ZE.d.y.rKNX.nBM.y96.w"/><publish:partInfo name="EquipmentCreateData" publish:ismodellink="false" publish:partLowerX="937" publish:partLowerY="406" publish:partUpperX="449" publish:partUpperY="258" shape="rect" xmi:id="_BU3.s.oN.y.wE.d.yY2.qUBC6.uX.a.g"/><publish:partInfo name="TrafficConditioningProfileControlService" publish:ismodellink="false" publish:partLowerX="3102" publish:partLowerY="912" publish:partUpperX="1497" publish:partUpperY="810" shape="rect" xmi:id="_.x.t8U.sN.y.nE.d.yY2.qUBC6.uX.a.g"/><publish:partInfo name="TopologicalLinkControlService" publish:ismodellink="false" publish:partLowerX="964" publish:partLowerY="217" publish:partUpperX="8" publish:partUpperY="131" shape="rect" xmi:id="_.u.a.pX8N.y.nE.d.yY2.qUBC6.uX.a.g"/><publish:partInfo name="SoftwareAndDataControlService" publish:ismodellink="false" publish:partLowerX="2144" publish:partLowerY="384" publish:partUpperX="1457" publish:partUpperY="266" shape="rect" xmi:id="_.pCI.bIN.y.nE.d.yY2.qUBC6.uX.a.g"/><publish:partInfo name="TransmissionDescriptorControlService" publish:ismodellink="false" publish:partLowerX="2079" publish:partLowerY="1603" publish:partUpperX="4" publish:partUpperY="1469" shape="rect" xmi:id="_0XE6IN.y.nE.d.yY2.qUBC6.uX.a.g"/><publish:partInfo name="GuiCutThroughControlService" publish:ismodellink="false" publish:partLowerX="2883" publish:partLowerY="226" publish:partUpperX="1108" publish:partUpperY="124" shape="rect" xmi:id="_.m.f.a.m.wN.y.nE.d.yY2.qUBC6.uX.a.g"/><publish:partInfo name="EquipmentProvisioningService" publish:ismodellink="false" publish:partLowerX="1210" publish:partLowerY="86" publish:partUpperX="282" publish:partUpperY="0" shape="rect" xmi:id="_.hR.e.iQN.y.nE.d.yY2.qUBC6.uX.a.g"/><publish:partInfo name="TerminationPointControlService" publish:ismodellink="false" publish:partLowerX="1752" publish:partLowerY="1409" publish:partUpperX="362" publish:partUpperY="1211" shape="rect" xmi:id="_.fS.jG4L.q6E.d.yA7.v53C.jA.z.n.g"/></contents><contents Type="Class" isDefault="false" name="RP Common Resource Provisioning Service Interface Diagram" publish:icon="1208293359_icon.png" publish:imageType="GIF" publish:qualifiedname="ResourceProvisioning::Class Diagrams::RP Common Resource Provisioning Service Interface Diagram" xmi:id="_.dSE.l.cP.y8E.d.y9.q.u6.lRY.t.p2.g" xsi:type="notation:Diagram"><publish:properties><publish:property name="Measurement Unit" publish:category="View" publish:description="The Measurement Unit of the Diagram" publish:value="Himetric"/><publish:property name="Name" publish:category="View" publish:description="The Name of the Diagram" publish:value="RP Common Resource Provisioning Service Interface Diagram"/><publish:property name="Styles" publish:category="View" publish:description="The Styles of the View"/></publish:properties><publish:partInfo coords="1045,465,1179,465,1169,475,1169,360,1179,360,1179,475,1179,475,1045,475,1045,465" name="Dependency" publish:ismodellink="false" shape="poly" xmi:id="_.g_61.kP.p.eE.d.y3.oJ.yJ.gW.j.f.dA"/><publish:partInfo coords="521,434,521,357,530,357,530,434,521,434" name="Generalization" publish:ismodellink="false" shape="poly" xmi:id="_18V2.gK.l.cE.d.y39Z05.qV.q.f.pQ"/><publish:partInfo name="CommonResourceProvisioningService" publish:ismodellink="false" publish:partLowerX="1048" publish:partLowerY="519" publish:partUpperX="0" publish:partUpperY="433" shape="rect" xmi:id="_.t.l.i.j.oK.l.cE.d.y39Z05.qV.q.f.pQ"/></contents><contents Type="Class" isDefault="false" name="RP Connection Control Service Interface Diagram" publish:icon="1208293359_icon.png" publish:imageType="GIF" publish:qualifiedname="ResourceProvisioning::Class Diagrams::RP Connection Control Service Interface Diagram" xmi:id="_UP.rT.sP.zDE.d.y9.q.u6.lRY.t.p2.g" xsi:type="notation:Diagram"><publish:properties><publish:property name="Measurement Unit" publish:category="View" publish:description="The Measurement Unit of the Diagram" publish:value="Himetric"/><publish:property name="Name" publish:category="View" publish:description="The Name of the Diagram" publish:value="RP Connection Control Service Interface Diagram"/><publish:property name="Styles" publish:category="View" publish:description="The Styles of the View"/></publish:properties><publish:partInfo coords="673,970,673,931,683,931,683,970,673,970" name="Generalization" publish:ismodellink="false" shape="poly" xmi:id="_X.cS.qYL.q8E.d.yA7.v53C.jA.z.n.g"/><publish:partInfo coords="930,970,930,931,940,931,940,970,930,970" name="Generalization" publish:ismodellink="false" shape="poly" xmi:id="_TG-3AL.q8E.d.yA7.v53C.jA.z.n.g"/><publish:partInfo coords="1135,970,1135,768,1145,768,1145,970,1135,970" name="Generalization" publish:ismodellink="false" shape="poly" xmi:id="_.cF5.dUL.q9E.d.yA7.v53C.jA.z.n.g"/><publish:partInfo coords="356,970,356,768,366,768,366,970,356,970" name="Generalization" publish:ismodellink="false" shape="poly" xmi:id="_.b.b.k.t8L.q9E.d.yA7.v53C.jA.z.n.g"/><publish:partInfo coords="125,293,125,1056,115,1046,228,1046,228,1056,115,1056,115,1056,115,293,125,293" name="creates SNC with" publish:ismodellink="false" shape="poly" xmi:id="_I.uG4.gP.zEE.d.y9.q.u6.lRY.t.p2.g"/><publish:partInfo coords="1489,293,1489,1048,1479,1058,1216,1058,1216,1048,1479,1048,1479,1048,1479,293,1489,293" name="modifies SNC with" publish:ismodellink="false" shape="poly" xmi:id="_G4.i.eAP.zEE.d.y9.q.u6.lRY.t.p2.g"/><publish:partInfo coords="2330,293,2330,422,2320,422,2320,293,2330,293" name="creates Route with" publish:ismodellink="false" shape="poly" xmi:id="_.nI.c.oQP.tJE.d.yR.y.o17B.s-IWQ"/><publish:partInfo coords="1779,293,1779,422,1769,422,1769,293,1779,293" name="modifies TPs with" publish:ismodellink="false" shape="poly" xmi:id="_.cR6WEPXDE.d.yFS.uW.i.hON4JA"/><publish:partInfo name="SubnetworkConnectionSetData" publish:ismodellink="false" publish:partLowerX="1052" publish:partLowerY="932" publish:partUpperX="572" publish:partUpperY="544" shape="rect" xmi:id="_I.g.d2ML.q6E.d.yA7.v53C.jA.z.n.g"/><publish:partInfo name="SubnetworkConnectionModifyData" publish:ismodellink="false" publish:partLowerX="1219" publish:partLowerY="1101" publish:partUpperX="830" publish:partUpperY="969" shape="rect" xmi:id="_G.t.k8QL.q6E.d.yA7.v53C.jA.z.n.g"/><publish:partInfo name="SubnetworkConnectionCreateData" publish:ismodellink="false" publish:partLowerX="796" publish:partLowerY="1101" publish:partUpperX="227" publish:partUpperY="969" shape="rect" xmi:id="_M.i6.tEL.q8E.d.yA7.v53C.jA.z.n.g"/><publish:partInfo name="RouteCreateData" publish:ismodellink="false" publish:partLowerX="2543" publish:partLowerY="572" publish:partUpperX="2100" publish:partUpperY="421" shape="rect" xmi:id="_.y.c5TIN.y.sE.d.yY2.qUBC6.uX.a.g"/><publish:partInfo name="ConnectionControlService" publish:ismodellink="false" publish:partLowerX="2746" publish:partLowerY="294" publish:partUpperX="0" publish:partUpperY="0" shape="rect" xmi:id="_.eE4.q.cN.y.nE.d.yY2.qUBC6.uX.a.g"/></contents><contents Type="Class" isDefault="false" name="RP Flow Domain Control Service Interface Diagram" publish:icon="1208293359_icon.png" publish:imageType="GIF" publish:qualifiedname="ResourceProvisioning::Class Diagrams::RP Flow Domain Control Service Interface Diagram" xmi:id="_.kY.uN.wAO8E.d2M.q.p.i.pL0DP.fA" xsi:type="notation:Diagram"><publish:properties><publish:property name="Measurement Unit" publish:category="View" publish:description="The Measurement Unit of the Diagram" publish:value="Himetric"/><publish:property name="Name" publish:category="View" publish:description="The Name of the Diagram" publish:value="RP Flow Domain Control Service Interface Diagram"/><publish:property name="Styles" publish:category="View" publish:description="The Styles of the View"/></publish:properties><publish:partInfo coords="1687,291,1687,803,1677,803,1677,291,1687,291" name="modifies FD with" publish:ismodellink="false" shape="poly" xmi:id="_AK66.gAVLE.d2.k6O.kJ.h8.y.p.gA"/><publish:partInfo coords="2334,291,2334,989,2324,999,1699,999,1699,989,2324,989,2324,989,2324,291,2334,291" name="modifies MFD with" publish:ismodellink="false" shape="poly" xmi:id="_-.w.n.f.sAVKE.d2.k6O.kJ.h8.y.p.gA"/><publish:partInfo coords="1257,291,1257,804,1247,804,1247,291,1257,291" name="modifies FDFr with" publish:ismodellink="false" shape="poly" xmi:id="_9.c.lE8AVKE.d2.k6O.kJ.h8.y.p.gA"/><publish:partInfo coords="728,291,728,803,718,803,718,291,728,291" name="creates FDFr with" publish:ismodellink="false" shape="poly" xmi:id="_8AV.w.cAVKE.d2.k6O.kJ.h8.y.p.gA"/><publish:partInfo coords="37,291,37,996,27,986,261,986,261,996,27,996,27,996,27,291,37,291" name="creates MFD with" publish:ismodellink="false" shape="poly" xmi:id="_6.b.m.nQAVKE.d2.k6O.kJ.h8.y.p.gA"/><publish:partInfo coords="279,291,279,803,269,803,269,291,279,291" name="creates FD with" publish:ismodellink="false" shape="poly" xmi:id="_4.n08.gAVKE.d2.k6O.kJ.h8.y.p.gA"/><publish:partInfo coords="1977,291,1977,378,1967,378,1967,291,1977,291" name="uses" publish:ismodellink="false" shape="poly" xmi:id="_.rUOY.cAVKE.d2.k6O.kJ.h8.y.p.gA"/><publish:partInfo coords="1450,958,1450,724,1460,724,1460,958,1450,958" name="Generalization" publish:ismodellink="false" shape="poly" xmi:id="_4.t3R0N7.kE.d.y.m2_8T.oW.s_.iA"/><publish:partInfo coords="526,956,526,722,536,722,536,956,526,956" name="Generalization" publish:ismodellink="false" shape="poly" xmi:id="_4OP.zEN7.jE.d.y.m2_8T.oW.s_.iA"/><publish:partInfo coords="1551,803,1551,724,1561,724,1561,803,1551,803" name="Generalization" publish:ismodellink="false" shape="poly" xmi:id="_3.nYK4N7.kE.d.y.m2_8T.oW.s_.iA"/><publish:partInfo coords="405,803,405,722,414,722,414,803,405,803" name="Generalization" publish:ismodellink="false" shape="poly" xmi:id="_.r.aCTQN4_E.d.ySY5.hK.wK.v9GA"/><publish:partInfo coords="848,803,848,726,858,726,858,803,848,803" name="Generalization" publish:ismodellink="false" shape="poly" xmi:id="_I.w.aQ0N4TE.d.y.j.u.a.n7.cJ_.t3A"/><publish:partInfo coords="1118,804,1118,726,1128,726,1128,804,1118,804" name="Generalization" publish:ismodellink="false" shape="poly" xmi:id="_SOHW0N4SE.d.y.j.u.a.n7.cJ_.t3A"/><publish:partInfo coords="1347,804,1347,724,1357,724,1357,804,1347,804" name="Generalization" publish:ismodellink="false" shape="poly" xmi:id="_.u.j-EAN4QE.d.y.j.u.a.n7.cJ_.t3A"/><publish:partInfo coords="611,803,611,722,621,722,621,803,611,803" name="Generalization" publish:ismodellink="false" shape="poly" xmi:id="_.cLZ.f.kN1.zE.d.yS.mP0H.x.f.s.n0.g"/><publish:partInfo name="MatrixFlowDomainModifydata" publish:ismodellink="false" publish:partLowerX="1702" publish:partLowerY="1025" publish:partUpperX="1218" publish:partUpperY="957" shape="rect" xmi:id="_S.u.iN.gN.y4E.d.yY2.qUBC6.uX.a.g"/><publish:partInfo name="MatrixFlowDomainCreateData" publish:ismodellink="false" publish:partLowerX="744" publish:partLowerY="1039" publish:partUpperX="260" publish:partUpperY="955" shape="rect" xmi:id="_14.lV4N.y3E.d.yY2.qUBC6.uX.a.g"/><publish:partInfo name="FlowDomainModifyData" publish:ismodellink="false" publish:partLowerX="1952" publish:partLowerY="870" publish:partUpperX="1468" publish:partUpperY="802" shape="rect" xmi:id="_D.mZ.w.wN.y4E.d.yY2.qUBC6.uX.a.g"/><publish:partInfo name="FlowDomainCreateData" publish:ismodellink="false" publish:partLowerX="524" publish:partLowerY="886" publish:partUpperX="40" publish:partUpperY="802" shape="rect" xmi:id="_IO.n.uYN4_E.d.ySY5.hK.wK.v9GA"/><publish:partInfo name="FlowDomainFragmentSetData" publish:ismodellink="false" publish:partLowerX="1222" publish:partLowerY="727" publish:partUpperX="732" publish:partUpperY="592" shape="rect" xmi:id="_.v.tK.rQN4RE.d.y.j.u.a.n7.cJ_.t3A"/><publish:partInfo name="FlowDomainFragmentModifyData" publish:ismodellink="false" publish:partLowerX="1451" publish:partLowerY="871" publish:partUpperX="1036" publish:partUpperY="803" shape="rect" xmi:id="_KX4.r.oN.y4E.d.yY2.qUBC6.uX.a.g"/><publish:partInfo name="FlowDomainFragmentCreateData" publish:ismodellink="false" publish:partLowerX="987" publish:partLowerY="918" publish:partUpperX="548" publish:partUpperY="802" shape="rect" xmi:id="_ZN.zM.cN.y3E.d.yY2.qUBC6.uX.a.g"/><publish:partInfo name="FlowDomainControlService" publish:ismodellink="false" publish:partLowerX="2624" publish:partLowerY="292" publish:partUpperX="8" publish:partUpperY="0" shape="rect" xmi:id="_.j8ZQYN.y.nE.d.yY2.qUBC6.uX.a.g"/></contents><contents Type="Class" isDefault="false" name="RP Equipment Provisioning Service Interface Diagram" publish:icon="1208293359_icon.png" publish:imageType="GIF" publish:qualifiedname="ResourceProvisioning::Class Diagrams::RP Equipment Provisioning Service Interface Diagram" xmi:id="_A.sYE4A.r1E.d2.g7O.a.h.yJL.k5A" xsi:type="notation:Diagram"><publish:properties><publish:property name="Measurement Unit" publish:category="View" publish:description="The Measurement Unit of the Diagram" publish:value="Himetric"/><publish:property name="Name" publish:category="View" publish:description="The Name of the Diagram" publish:value="RP Equipment Provisioning Service Interface Diagram"/><publish:property name="Styles" publish:category="View" publish:description="The Styles of the View"/></publish:properties><publish:partInfo coords="461,389,461,353,471,353,471,389,461,389" name="Generalization" publish:ismodellink="false" shape="poly" xmi:id="_.q.r.w8UN.y.wE.d.yY2.qUBC6.uX.a.g"/><publish:partInfo coords="461,601,461,535,471,535,471,601,461,601" name="creates Equipment with" publish:ismodellink="false" shape="poly" xmi:id="_T-024AY.cE.d2H.g.pQ3_.l2TF.w"/><publish:partInfo name="EquipmentCreateData" publish:ismodellink="false" publish:partLowerX="716" publish:partLowerY="536" publish:partUpperX="228" publish:partUpperY="388" shape="rect" xmi:id="_BU3.s.oN.y.wE.d.yY2.qUBC6.uX.a.g"/><publish:partInfo name="EquipmentProvisioningService" publish:ismodellink="false" publish:partLowerX="943" publish:partLowerY="684" publish:partUpperX="0" publish:partUpperY="600" shape="rect" xmi:id="_.hR.e.iQN.y.nE.d.yY2.qUBC6.uX.a.g"/></contents><contents Type="Class" isDefault="false" name="RP Gui Cut Through Control Service Interface Diagram" publish:icon="1208293359_icon.png" publish:imageType="GIF" publish:qualifiedname="ResourceProvisioning::Class Diagrams::RP Gui Cut Through Control Service Interface Diagram" xmi:id="_LW.bXUA.r2E.d2.g7O.a.h.yJL.k5A" xsi:type="notation:Diagram"><publish:properties><publish:property name="Measurement Unit" publish:category="View" publish:description="The Measurement Unit of the Diagram" publish:value="Himetric"/><publish:property name="Name" publish:category="View" publish:description="The Name of the Diagram" publish:value="RP Gui Cut Through Control Service Interface Diagram"/><publish:property name="Styles" publish:category="View" publish:description="The Styles of the View"/></publish:properties><publish:partInfo coords="930,99,930,152,920,152,920,99,930,99" name="uses" publish:ismodellink="false" shape="poly" xmi:id="_WFE.rUA.r2E.d2.g7O.a.h.yJL.k5A"/><publish:partInfo name="GuiCutThroughProfileInfo" publish:ismodellink="false" publish:partLowerX="1135" publish:partLowerY="267" publish:partUpperX="707" publish:partUpperY="151" shape="rect" xmi:id="_8.z.n_8N.y4E.d.yY2.qUBC6.uX.a.g"/><publish:partInfo name="GuiCutThroughControlService" publish:ismodellink="false" publish:partLowerX="1849" publish:partLowerY="100" publish:partUpperX="0" publish:partUpperY="0" shape="rect" xmi:id="_.m.f.a.m.wN.y.nE.d.yY2.qUBC6.uX.a.g"/></contents><contents Type="Class" isDefault="false" name="RP Termination Point Control Service Interface Diagram" publish:icon="1208293359_icon.png" publish:imageType="GIF" publish:qualifiedname="ResourceProvisioning::Class Diagrams::RP Termination Point Control Service Interface Diagram" xmi:id="_.aFZ3.wA.r3E.d2.g7O.a.h.yJL.k5A" xsi:type="notation:Diagram"><publish:properties><publish:property name="Measurement Unit" publish:category="View" publish:description="The Measurement Unit of the Diagram" publish:value="Himetric"/><publish:property name="Name" publish:category="View" publish:description="The Name of the Diagram" publish:value="RP Termination Point Control Service Interface Diagram"/><publish:property name="Styles" publish:category="View" publish:description="The Styles of the View"/></publish:properties><publish:partInfo coords="1383,672,1383,572,1393,572,1393,672,1383,672" name="craetes TP Pool with" publish:ismodellink="false" shape="poly" xmi:id="_E.w.qE.sA.b6E.d2_.f.tADVU4G6.w"/><publish:partInfo coords="1381,458,1381,417,1391,427,871,427,861,417,861,377,871,377,871,417,871,417,1391,417,1391,417,1391,458,1381,458" name="Generalization" publish:ismodellink="false" shape="poly" xmi:id="_L9LB.gN70E.d.y.m2_8T.oW.s_.iA"/><publish:partInfo coords="373,672,373,604,382,604,382,672,373,672" name="creates GTP with" publish:ismodellink="false" shape="poly" xmi:id="_8R.i2QA.b.sE.d2_.f.tADVU4G6.w"/><publish:partInfo coords="190,458,190,421,200,411,638,411,628,421,628,377,638,377,638,421,638,421,200,421,200,421,200,458,190,458" name="Generalization" publish:ismodellink="false" shape="poly" xmi:id="_4.a7.xE.g.b.sE.d2_.f.tADVU4G6.w"/><publish:partInfo coords="743,672,743,604,753,604,753,672,743,672" name="creates FTP with" publish:ismodellink="false" shape="poly" xmi:id="_.u.b.q.d0A.b.nE.d2_.f.tADVU4G6.w"/><publish:partInfo coords="736,458,736,377,746,377,746,458,736,458" name="Generalization" publish:ismodellink="false" shape="poly" xmi:id="_8P.sB.wN4_E.d.ySY5.hK.wK.v9GA"/><publish:partInfo coords="1718,672,1718,590,1728,590,1728,672,1718,672" name="uses" publish:ismodellink="false" shape="poly" xmi:id="_.k.b.dB.kAF.fE.d2.t.cM.zU8.qW.cPQ"/><publish:partInfo name="TerminationPointPoolCreateData" publish:ismodellink="false" publish:partLowerX="1680" publish:partLowerY="573" publish:partUpperX="1109" publish:partUpperY="457" shape="rect" xmi:id="__AZHUN1ZE.d.y.rKNX.nBM.y96.w"/><publish:partInfo name="GroupTerminationPointCreateData" publish:ismodellink="false" publish:partLowerX="404" publish:partLowerY="605" publish:partUpperX="0" publish:partUpperY="457" shape="rect" xmi:id="_4.a7.xEA.b.sE.d2_.f.tADVU4G6.w"/><publish:partInfo name="FloatingTerminationPointCreateData" publish:ismodellink="false" publish:partLowerX="1086" publish:partLowerY="605" publish:partUpperX="421" publish:partUpperY="457" shape="rect" xmi:id="_.j1.bK0N1ZE.d.y.rKNX.nBM.y96.w"/><publish:partInfo name="TerminationPointControlService" publish:ismodellink="false" publish:partLowerX="1752" publish:partLowerY="869" publish:partUpperX="362" publish:partUpperY="671" shape="rect" xmi:id="_.fS.jG4L.q6E.d.yA7.v53C.jA.z.n.g"/></contents><contents Type="Class" isDefault="false" name="RP Topological Link Control Service Interface Diagram" publish:icon="1208293359_icon.png" publish:imageType="GIF" publish:qualifiedname="ResourceProvisioning::Class Diagrams::RP Topological Link Control Service Interface Diagram" xmi:id="_IXK.e8A.r4E.d2.g7O.a.h.yJL.k5A" xsi:type="notation:Diagram"><publish:properties><publish:property name="Measurement Unit" publish:category="View" publish:description="The Measurement Unit of the Diagram" publish:value="Himetric"/><publish:property name="Name" publish:category="View" publish:description="The Name of the Diagram" publish:value="RP Topological Link Control Service Interface Diagram"/><publish:property name="Styles" publish:category="View" publish:description="The Styles of the View"/></publish:properties><publish:partInfo coords="470,427,470,378,480,378,480,427,470,427" name="Generalization" publish:ismodellink="false" shape="poly" xmi:id="_.v.aA.f0N7.vE.d.y.m2_8T.oW.s_.iA"/><publish:partInfo coords="470,633,470,573,480,573,480,633,470,633" name="creates TL with" publish:ismodellink="false" shape="poly" xmi:id="_.yRUWUA.fPE.d2.i3JAX-OU.e.x.w"/><publish:partInfo name="TopologicalLinkCreateData" publish:ismodellink="false" publish:partLowerX="686" publish:partLowerY="574" publish:partUpperX="276" publish:partUpperY="426" shape="rect" xmi:id="_.l.f.aK8N1.aE.d.y.rKNX.nBM.y96.w"/><publish:partInfo name="TopologicalLinkControlService" publish:ismodellink="false" publish:partLowerX="962" publish:partLowerY="716" publish:partUpperX="0" publish:partUpperY="632" shape="rect" xmi:id="_.u.a.pX8N.y.nE.d.yY2.qUBC6.uX.a.g"/></contents><contents Type="Class" isDefault="false" name="RP Traffic Conditioning Profile Control Service Interface Diagram" publish:icon="1208293359_icon.png" publish:imageType="GIF" publish:qualifiedname="ResourceProvisioning::Class Diagrams::RP Traffic Conditioning Profile Control Service Interface Diagram" xmi:id="_2TKR.gA.r4E.d2.g7O.a.h.yJL.k5A" xsi:type="notation:Diagram"><publish:properties><publish:property name="Measurement Unit" publish:category="View" publish:description="The Measurement Unit of the Diagram" publish:value="Himetric"/><publish:property name="Name" publish:category="View" publish:description="The Name of the Diagram" publish:value="RP Traffic Conditioning Profile Control Service Interface Diagram"/><publish:property name="Styles" publish:category="View" publish:description="The Styles of the View"/></publish:properties><publish:partInfo coords="826,647,823,704,813,704,816,647,826,647" name="uses" publish:ismodellink="false" shape="poly" xmi:id="_.iA.aU.kA.r5E.d2.g7O.a.h.yJL.k5A"/><publish:partInfo coords="1069,426,1069,382,1079,382,1079,426,1069,426" name="Generalization" publish:ismodellink="false" shape="poly" xmi:id="__IJ.wY.g.n0E.d2.zPM.x.bRUN0OA"/><publish:partInfo coords="1069,549,1069,492,1079,492,1079,549,1069,549" name="modifies TC Profile with" publish:ismodellink="false" shape="poly" xmi:id="_-7.hNIA.n1E.d2.zPM.x.bRUN0OA"/><publish:partInfo coords="525,549,525,492,535,492,535,549,525,549" name="creates TC Profile with" publish:ismodellink="false" shape="poly" xmi:id="_1JXI0A.n.wE.d2.zPM.x.bRUN0OA"/><publish:partInfo coords="525,426,525,381,535,381,535,426,525,426" name="Generalization" publish:ismodellink="false" shape="poly" xmi:id="_R.wI.i0N7.tE.d.y.m2_8T.oW.s_.iA"/><publish:partInfo name="TrafficConditioningProfileModifyData" publish:ismodellink="false" publish:partLowerX="1346" publish:partLowerY="493" publish:partUpperX="814" publish:partUpperY="425" shape="rect" xmi:id="__IJ.wYA.n0E.d2.zPM.x.bRUN0OA"/><publish:partInfo name="TrafficConditioningProfileCreateData" publish:ismodellink="false" publish:partLowerX="802" publish:partLowerY="493" publish:partUpperX="270" publish:partUpperY="425" shape="rect" xmi:id="_-.cXX.wN1.aE.d.y.rKNX.nBM.y96.w"/><publish:partInfo name="TrafficConditioningProfileControlService" publish:ismodellink="false" publish:partLowerX="1636" publish:partLowerY="648" publish:partUpperX="0" publish:partUpperY="548" shape="rect" xmi:id="_.x.t8U.sN.y.nE.d.yY2.qUBC6.uX.a.g"/></contents><contents Type="Class" isDefault="false" name="RP Transmission Descriptor Control Service Interface Diagram" publish:icon="1208293359_icon.png" publish:imageType="GIF" publish:qualifiedname="ResourceProvisioning::Class Diagrams::RP Transmission Descriptor Control Service Interface Diagram" xmi:id="_229F.oA.r5E.d2.g7O.a.h.yJL.k5A" xsi:type="notation:Diagram"><publish:properties><publish:property name="Measurement Unit" publish:category="View" publish:description="The Measurement Unit of the Diagram" publish:value="Himetric"/><publish:property name="Name" publish:category="View" publish:description="The Name of the Diagram" publish:value="RP Transmission Descriptor Control Service Interface Diagram"/><publish:property name="Styles" publish:category="View" publish:description="The Styles of the View"/></publish:properties><publish:partInfo coords="572,858,572,946,562,946,562,858,572,858" name="uses" publish:ismodellink="false" shape="poly" xmi:id="_KA3.p.sA.r.iE.d2.g7O.a.h.yJL.k5A"/><publish:partInfo coords="529,1015,457,1071,451,1063,523,1007,529,1015" name="Association" publish:ismodellink="false" shape="poly" xmi:id="_D.hF_UA.r.hE.d2.g7O.a.h.yJL.k5A"/><publish:partInfo coords="618,998,708,1052,703,1061,613,1007,618,998" name="Association" publish:ismodellink="false" shape="poly" xmi:id="_W-.sA.cA.r.hE.d2.g7O.a.h.yJL.k5A"/><publish:partInfo coords="1539,858,1539,930,1529,930,1529,858,1539,858" name="uses" publish:ismodellink="false" shape="poly" xmi:id="_.h.g__QA.r6E.d2.g7O.a.h.yJL.k5A"/><publish:partInfo coords="1243,728,1243,652,1252,652,1252,728,1243,728" name="modifies TMD with" publish:ismodellink="false" shape="poly" xmi:id="_U.u6.z4A.r6E.d2.g7O.a.h.yJL.k5A"/><publish:partInfo coords="1332,592,1332,381,1342,381,1342,592,1332,592" name="Generalization" publish:ismodellink="false" shape="poly" xmi:id="_.b.uV.p.sA.o.hE.d2.zPM.x.bRUN0OA"/><publish:partInfo coords="1204,592,1204,540,1214,540,1214,592,1204,592" name="Generalization" publish:ismodellink="false" shape="poly" xmi:id="_N0.mS.s.w.o.hE.d2.zPM.x.bRUN0OA"/><publish:partInfo coords="753,592,753,381,763,381,763,592,753,592" name="Generalization" publish:ismodellink="false" shape="poly" xmi:id="_DG7.nUN75E.d.y.m2_8T.oW.s_.iA"/><publish:partInfo coords="835,728,835,653,845,653,845,728,835,728" name="creates TMD with" publish:ismodellink="false" shape="poly" xmi:id="_.a3Y4.wA.oPE.d2.zPM.x.bRUN0OA"/><publish:partInfo coords="878,592,878,540,888,540,888,592,878,592" name="Generalization" publish:ismodellink="false" shape="poly" xmi:id="_T.qIYIA.o.gE.d2.zPM.x.bRUN0OA"/><publish:partInfo name="TransmissionDescriptorAssociatedResource" publish:ismodellink="false" publish:partLowerX="716" publish:partLowerY="1008" publish:partUpperX="409" publish:partUpperY="945" shape="rect" xmi:id="_1Z73YA.r.gE.d2.g7O.a.h.yJL.k5A"/><publish:partInfo name="TransmissionDescriptorModifyData" publish:ismodellink="false" publish:partLowerX="1382" publish:partLowerY="654" publish:partUpperX="1126" publish:partUpperY="591" shape="rect" xmi:id="_N0.mS.sA.o.hE.d2.zPM.x.bRUN0OA"/><publish:partInfo name="TransmissionDescriptorCreateData" publish:ismodellink="false" publish:partLowerX="973" publish:partLowerY="654" publish:partUpperX="719" publish:partUpperY="591" shape="rect" xmi:id="__R.x.q4N1.cE.d.y.rKNX.nBM.y96.w"/><publish:partInfo name="TransmissionDescriptorSetData" publish:ismodellink="false" publish:partLowerX="1304" publish:partLowerY="541" publish:partUpperX="805" publish:partUpperY="425" shape="rect" xmi:id="_J.pY.r8A.o.gE.d2.zPM.x.bRUN0OA"/><publish:partInfo name="TransmissionDescriptorControlService" publish:ismodellink="false" publish:partLowerX="2106" publish:partLowerY="859" publish:partUpperX="0" publish:partUpperY="727" shape="rect" xmi:id="_0XE6IN.y.nE.d.yY2.qUBC6.uX.a.g"/></contents></packagedElement>