<?xml version="1.0" encoding="UTF-8"?><packagedElement name="Class Diagrams" diagramFormat="GIF" xmlns:publish="http://www.ibm.com/Rational/XTools/Publish" publish:icon="-955966614_icon.png" publish:modelname="Framework" publish:qualifiedname="Framework::Class Diagrams" publish:sortOrder="storage" publish:toplevelguid="_.v.t.w3.wO2IE.d.uD1.d0J9.j2.p4.g" xmlns:xmi="http://www.omg.org/XMI" xmi:id="_.gG.p.uEO2KE.d.uD1.d0J9.j2.p4.g" xmi:version="2.0" xmlns:com.ibm.xtools.notation="http:///com/ibm/xtools/notation.ecore" xmlns:uml="http://www.eclipse.org/uml2/1.0.0/UML" xmlns:xsi="http://www.w3.org/2001/XMLSchema-instance" xsi:type="uml:Package"><publish:properties><publish:property name="Alias" publish:category="UML" publish:description="Alias property of the UML element"/><publish:property name="Keywords" publish:category="UML" publish:description="Keywords property of the UML element"/><publish:property name="Name" publish:category="UML" publish:description="The Name of the Named Element" publish:value="Class Diagrams"/><publish:property name="Name Expression" publish:category="UML" publish:description="The Name Expression of the Named Element"/><publish:property name="Namespace" publish:category="UML" publish:description="The Namespace of the Named Element" publish:ismodellink="true" publish:value="&lt;Model&gt; Framework" xmi:id="_.v.t.w3.wO2IE.d.uD1.d0J9.j2.p4.g"/><publish:property name="Nesting Package" publish:category="UML" publish:description="The Nesting Package of the Package" publish:ismodellink="true" publish:value="&lt;Model&gt; Framework" xmi:id="_.v.t.w3.wO2IE.d.uD1.d0J9.j2.p4.g"/><publish:property name="Owned Template Signature" publish:category="UML" publish:description="The Owned Template Signature of the Templateable Element"/><publish:property name="Owner" publish:category="UML" publish:description="The Owner of the Element" publish:ismodellink="true" publish:value="&lt;Model&gt; Framework" xmi:id="_.v.t.w3.wO2IE.d.uD1.d0J9.j2.p4.g"/><publish:property name="Owning Template Parameter" publish:category="UML" publish:description="The Owning Template Parameter of the Parameterable Element"/><publish:property name="Qualified Name" publish:category="UML" publish:description="The Qualified Name of the Named Element" publish:value="Framework::Class Diagrams"/><publish:property name="Stereotype" publish:category="UML"/><publish:property name="Template Parameter" publish:category="UML" publish:description="The Template Parameter of the Parameterable Element"/><publish:property name="Visibility" publish:category="UML" publish:description="The Visibility of the Named Element" publish:value="Public"/></publish:properties><contents Type="Class" isDefault="false" name="FMW Common Object Class Diagram" publish:icon="251993995_icon.png" publish:imageType="GIF" publish:qualifiedname="Framework::Class Diagrams::FMW Common Object Class Diagram" xmi:id="__2.w.fIO2JE.d.uD1.d0J9.j2.p4.g" xsi:type="notation:Diagram"><publish:properties><publish:property name="Measurement Unit" publish:category="View" publish:description="The Measurement Unit of the Diagram" publish:value="Himetric"/><publish:property name="Name" publish:category="View" publish:description="The Name of the Diagram" publish:value="FMW Common Object Class Diagram"/><publish:property name="Styles" publish:category="View" publish:description="The Styles of the View"/></publish:properties><publish:partInfo coords="214,225,214,181,224,181,224,225,214,225" name="Generalization" publish:ismodellink="false" shape="poly" xmi:id="__9.bW.k.dV.yE.d.y.o2J7V.mO8KV.g"/><publish:partInfo name="CommonObjectInfo" publish:ismodellink="false" publish:partLowerX="463" publish:partLowerY="182" publish:partUpperX="0" publish:partUpperY="0" shape="rect" xmi:id="_.o9.aZ.cA6.yE.d.y.d7PUN.b-IYCQ"/><publish:partInfo name="ManagementDomain" publish:ismodellink="false" publish:partLowerX="333" publish:partLowerY="289" publish:partUpperX="116" publish:partUpperY="224" shape="rect" xmi:id="_3BA.f.cP.x8E.d.u.u.u.oHTW.mKV.yQ"/></contents><contents Type="Class" isDefault="false" name="FMW Notifications Diagram" publish:icon="251993995_icon.png" publish:imageType="GIF" publish:qualifiedname="Framework::Class Diagrams::FMW Notifications Diagram" xmi:id="_.c.nCQIP.x-E.d.u.u.u.oHTW.mKV.yQ" xsi:type="notation:Diagram"><publish:properties><publish:property name="Measurement Unit" publish:category="View" publish:description="The Measurement Unit of the Diagram" publish:value="Himetric"/><publish:property name="Name" publish:category="View" publish:description="The Name of the Diagram" publish:value="FMW Notifications Diagram"/><publish:property name="Styles" publish:category="View" publish:description="The Styles of the View"/></publish:properties><publish:partInfo coords="558,621,558,469,567,469,567,621,558,621" name="Dependency" publish:ismodellink="false" shape="poly" xmi:id="_L.p.f.xEJ.m.nE.d.y.y.z.pZ_R.xH.d0.w"/><publish:partInfo coords="766,667,1023,667,1013,677,1013,435,1023,445,895,445,895,435,1023,435,1023,435,1023,677,1023,677,766,677,766,667" name="Dependency" publish:ismodellink="false" shape="poly" xmi:id="_K6IJ.oJ.m.nE.d.y.y.z.pZ_R.xH.d0.w"/><publish:partInfo coords="658,613,731,566,736,574,663,621,658,613" name="Dependency" publish:ismodellink="false" shape="poly" xmi:id="_KX8C.kJ.m.nE.d.y.y.z.pZ_R.xH.d0.w"/><publish:partInfo coords="381,683,120,683,111,673,111,362,120,362,120,673,120,673,381,673,381,683" name="Dependency" publish:ismodellink="false" shape="poly" xmi:id="_GY1.v.wJ.m.nE.d.y.y.z.pZ_R.xH.d0.w"/><publish:partInfo coords="473,630,397,583,402,574,479,621,473,630" name="Dependency" publish:ismodellink="false" shape="poly" xmi:id="_E2.qLUJ.m.nE.d.y.y.z.pZ_R.xH.d0.w"/><publish:partInfo coords="1287,244,1287,19,1297,29,762,29,762,19,1297,19,1297,19,1297,244,1287,244" name="Generalization" publish:ismodellink="false" shape="poly" xmi:id="_STA1EP.y.eE.d.u.u.u.oHTW.mKV.yQ"/><publish:partInfo coords="1119,122,1119,38,1129,48,762,48,762,38,1129,38,1129,38,1129,122,1119,122" name="Generalization" publish:ismodellink="false" shape="poly" xmi:id="_.q.o.h.c0P.y.dE.d.u.u.u.oHTW.mKV.yQ"/><publish:partInfo coords="966,244,966,48,975,58,762,58,762,48,975,48,975,48,975,244,966,244" name="Generalization" publish:ismodellink="false" shape="poly" xmi:id="_.b6.dNQP.y.aE.d.u.u.u.oHTW.mKV.yQ"/><publish:partInfo coords="826,123,826,84,835,94,762,94,762,84,835,84,835,84,835,123,826,123" name="Generalization" publish:ismodellink="false" shape="poly" xmi:id="_W.pITAP.yZE.d.u.u.u.oHTW.mKV.yQ"/><publish:partInfo coords="364,407,364,319,374,309,419,309,419,319,374,319,374,319,374,407,364,407" name="Generalization" publish:ismodellink="false" shape="poly" xmi:id="_H.d90.kP.ySE.d.u.u.u.oHTW.mKV.yQ"/><publish:partInfo coords="258,121,258,53,268,43,377,43,377,53,268,53,268,53,268,121,258,121" name="Generalization" publish:ismodellink="false" shape="poly" xmi:id="_B.aSF.wP.yQE.d.u.u.u.oHTW.mKV.yQ"/><publish:partInfo coords="65,262,65,23,75,13,377,13,377,23,75,23,75,23,75,262,65,262" name="Generalization" publish:ismodellink="false" shape="poly" xmi:id="_M3HW.cP.yFE.d.u.u.u.oHTW.mKV.yQ"/><publish:partInfo coords="337,506,337,488,347,478,465,478,455,488,455,348,465,348,465,488,465,488,347,488,347,488,347,506,337,506" name="Generalization" publish:ismodellink="false" shape="poly" xmi:id="_G.w.mEIP.yFE.d.u.u.u.oHTW.mKV.yQ"/><publish:partInfo coords="678,506,678,348,688,348,688,506,678,506" name="Generalization" publish:ismodellink="false" shape="poly" xmi:id="_.yKP.rMP.yEE.d.u.u.u.oHTW.mKV.yQ"/><publish:partInfo coords="784,407,784,393,794,403,705,403,695,393,695,348,705,348,705,393,705,393,794,393,794,393,794,407,784,407" name="Generalization" publish:ismodellink="false" shape="poly" xmi:id="_.n.jHU.cP.yEE.d.u.u.u.oHTW.mKV.yQ"/><publish:partInfo coords="559,406,559,348,569,348,569,406,559,406" name="Generalization" publish:ismodellink="false" shape="poly" xmi:id="_6IPR8P.yDE.d.u.u.u.oHTW.mKV.yQ"/><publish:partInfo coords="560,248,560,102,570,102,570,248,560,248" name="Generalization" publish:ismodellink="false" shape="poly" xmi:id="_6.e.n.hEP.pTE.d.uV.sYI7.m.fNDXQ"/><publish:partInfo name="MultiEventNotifications" publish:ismodellink="false" publish:partLowerX="770" publish:partLowerY="738" publish:partUpperX="380" publish:partUpperY="620" shape="rect" xmi:id="_C.yL5.kP.y.gE.d.u.u.u.oHTW.mKV.yQ"/><publish:partInfo name="LogStateChangeNotification" publish:ismodellink="false" publish:partLowerX="1445" publish:partLowerY="340" publish:partUpperX="1118" publish:partUpperY="243" shape="rect" xmi:id="_I5_.p.gP.yZE.d.u.u.u.oHTW.mKV.yQ"/><publish:partInfo name="LogProcessingErrorAlarmNotification" publish:ismodellink="false" publish:partLowerX="1264" publish:partLowerY="207" publish:partUpperX="986" publish:partUpperY="121" shape="rect" xmi:id="_I6F.wIP.yZE.d.u.u.u.oHTW.mKV.yQ"/><publish:partInfo name="LogCapacityThresholdAlarmNotification" publish:ismodellink="false" publish:partLowerX="1105" publish:partLowerY="345" publish:partUpperX="745" publish:partUpperY="243" shape="rect" xmi:id="_I5_.p.i.f.yZE.d.u.u.u.oHTW.mKV.yQ"/><publish:partInfo name="LogAttributeValueChangeNotification" publish:ismodellink="false" publish:partLowerX="950" publish:partLowerY="224" publish:partUpperX="657" publish:partUpperY="122" shape="rect" xmi:id="_I55.i4P.yZE.d.u.u.u.oHTW.mKV.yQ"/><publish:partInfo name="HeartbeatNotification" publish:ismodellink="false" publish:partLowerX="449" publish:partLowerY="471" publish:partUpperX="271" publish:partUpperY="406" shape="rect" xmi:id="_BO.h20P.ySE.d.u.u.u.oHTW.mKV.yQ"/><publish:partInfo name="FileTransferStatusNotification" publish:ismodellink="false" publish:partLowerX="445" publish:partLowerY="238" publish:partUpperX="98" publish:partUpperY="120" shape="rect" xmi:id="_1GRW.cP.yPE.d.u.u.u.oHTW.mKV.yQ"/><publish:partInfo name="ObjectDiscoveryNotification" publish:ismodellink="false" publish:partLowerX="346" publish:partLowerY="363" publish:partUpperX="0" publish:partUpperY="261" shape="rect" xmi:id="_J8.mGEP.yFE.d.u.u.u.oHTW.mKV.yQ"/><publish:partInfo name="StateChangeNotification" publish:ismodellink="false" publish:partLowerX="537" publish:partLowerY="575" publish:partUpperX="157" publish:partUpperY="505" shape="rect" xmi:id="_4.u.eNMP.yEE.d.u.u.u.oHTW.mKV.yQ"/><publish:partInfo name="AttributeValueChangeNotification" publish:ismodellink="false" publish:partLowerX="980" publish:partLowerY="575" publish:partUpperX="600" publish:partUpperY="505" shape="rect" xmi:id="_.q6.w.l.sP.yEE.d.u.u.u.oHTW.mKV.yQ"/><publish:partInfo name="ObjectCreationNotification" publish:ismodellink="false" publish:partLowerX="898" publish:partLowerY="471" publish:partUpperX="701" publish:partUpperY="406" shape="rect" xmi:id="_.j.vAJ.oP.yEE.d.u.u.u.oHTW.mKV.yQ"/><publish:partInfo name="ObjectDeletionNotification" publish:ismodellink="false" publish:partLowerX="668" publish:partLowerY="470" publish:partUpperX="473" publish:partUpperY="405" shape="rect" xmi:id="_.yDFI.sP.yDE.d.u.u.u.oHTW.mKV.yQ"/><publish:partInfo name="EventInformation" publish:ismodellink="false" publish:partLowerX="723" publish:partLowerY="349" publish:partUpperX="418" publish:partUpperY="247" shape="rect" xmi:id="_.z.fXP8P.pTE.d.uV.sYI7.m.fNDXQ"/><publish:partInfo name="CommonEventInformation" publish:ismodellink="false" publish:partLowerX="766" publish:partLowerY="103" publish:partUpperX="376" publish:partUpperY="1" shape="rect" xmi:id="_76.bRYP.pLE.d.uV.sYI7.m.fNDXQ"/></contents><contents Type="Class" isDefault="false" name="FMW Data Types Class Diagram" publish:icon="251993995_icon.png" publish:imageType="GIF" publish:qualifiedname="Framework::Class Diagrams::FMW Data Types Class Diagram" xmi:id="_.u.pNBACPOE.d.y.p.g.fGA_0P3-.g" xsi:type="notation:Diagram"><publish:properties><publish:property name="Measurement Unit" publish:category="View" publish:description="The Measurement Unit of the Diagram" publish:value="Himetric"/><publish:property name="Name" publish:category="View" publish:description="The Name of the Diagram" publish:value="FMW Data Types Class Diagram"/><publish:property name="Styles" publish:category="View" publish:description="The Styles of the View"/></publish:properties><publish:partInfo name="ResourceFulfillmentState" publish:ismodellink="false" publish:partLowerX="1030" publish:partLowerY="228" publish:partUpperX="774" publish:partUpperY="124" shape="rect" xmi:id="_4Y8N.oP.x6E.d.u.u.u.oHTW.mKV.yQ"/><publish:partInfo name="PerceivedSeverity" publish:ismodellink="false" publish:partLowerX="147" publish:partLowerY="359" publish:partUpperX="0" publish:partUpperY="223" shape="rect" xmi:id="_C.bVSEP.y.bE.d.u.u.u.oHTW.mKV.yQ"/><publish:partInfo name="OperationStatus" publish:ismodellink="false" publish:partLowerX="137" publish:partLowerY="200" publish:partUpperX="0" publish:partUpperY="96" shape="rect" xmi:id="_.u.y1.a.wP.yVE.d.u.u.u.oHTW.mKV.yQ"/><publish:partInfo name="ObjectType" publish:ismodellink="false" publish:partLowerX="434" publish:partLowerY="572" publish:partUpperX="191" publish:partUpperY="100" shape="rect" xmi:id="_.o8.h4.cP.pVE.d.uV.sYI7.m.fNDXQ"/><publish:partInfo name="ObjectName" publish:ismodellink="false" publish:partLowerX="114" publish:partLowerY="436" publish:partUpperX="0" publish:partUpperY="385" shape="rect" xmi:id="_P.t7.d.cP.oSE.d.uS.g.t.mT.zBJ.nV.w"/><publish:partInfo name="ItuTTime" publish:ismodellink="false" publish:partLowerX="1034" publish:partLowerY="51" publish:partUpperX="941" publish:partUpperY="0" shape="rect" xmi:id="_2K.a.rIP.x7E.d.u.u.u.oHTW.mKV.yQ"/><publish:partInfo name="FileTransferStatus" publish:ismodellink="false" publish:partLowerX="923" publish:partLowerY="88" publish:partUpperX="774" publish:partUpperY="0" shape="rect" xmi:id="_.l.y.sCMP.yQE.d.u.u.u.oHTW.mKV.yQ"/><publish:partInfo name="EventType" publish:ismodellink="false" publish:partLowerX="764" publish:partLowerY="328" publish:partUpperX="512" publish:partUpperY="0" shape="rect" xmi:id="_3QQ9.cP.pNE.d.uV.sYI7.m.fNDXQ"/><publish:partInfo name="BackupStatus" publish:ismodellink="false" publish:partLowerX="1018" publish:partLowerY="564" publish:partUpperX="460" publish:partUpperY="492" shape="rect" xmi:id="_.hJ.tS.oP.yVE.d.u.u.u.oHTW.mKV.yQ"/><publish:partInfo name="AttributeValuePair" publish:ismodellink="false" publish:partLowerX="315" publish:partLowerY="72" publish:partUpperX="0" publish:partUpperY="0" shape="rect" xmi:id="_8_P-.sP.o7E.d.uV.sYI7.m.fNDXQ"/></contents><contents Type="Class" isDefault="false" name="FMW Common Object Provisioning Interface Diagram" publish:icon="251993995_icon.png" publish:imageType="GIF" publish:qualifiedname="Framework::Class Diagrams::FMW Common Object Provisioning Interface Diagram" xmi:id="_.iGO.cACS.nE.d.y.q.c.o.mT-DT.tQQ" xsi:type="notation:Diagram"><publish:properties><publish:property name="Measurement Unit" publish:category="View" publish:description="The Measurement Unit of the Diagram" publish:value="Himetric"/><publish:property name="Name" publish:category="View" publish:description="The Name of the Diagram" publish:value="FMW Common Object Provisioning Interface Diagram"/><publish:property name="Styles" publish:category="View" publish:description="The Styles of the View"/></publish:properties><publish:partInfo coords="280,533,280,472,290,472,290,533,280,533" name="Generalization" publish:ismodellink="false" shape="poly" xmi:id="_X-SAIL.q.bE.d.yA7.v53C.jA.z.n.g"/><publish:partInfo coords="399,140,399,85,408,85,408,140,399,140" name="Generalization" publish:ismodellink="false" shape="poly" xmi:id="_L0.m.i.kK.gFE.d.yB.v.u4Q.gH3.iC.w"/><publish:partInfo coords="515,533,515,472,525,472,525,533,515,533" name="Generalization" publish:ismodellink="false" shape="poly" xmi:id="_.qUG.d0K.f4E.d.yB.v.u4Q.gH3.iC.w"/><publish:partInfo name="CommonObjectModifyData" publish:ismodellink="false" publish:partLowerX="392" publish:partLowerY="597" publish:partUpperX="190" publish:partUpperY="532" shape="rect" xmi:id="_QXA.s.w.b.q.bE.d.yA7.v53C.jA.z.n.g"/><publish:partInfo name="CommonObjectCreateData" publish:ismodellink="false" publish:partLowerX="691" publish:partLowerY="602" publish:partUpperX="417" publish:partUpperY="532" shape="rect" xmi:id="_.fJJBQK.f4E.d.yB.v.u4Q.gH3.iC.w"/><publish:partInfo name="Common" publish:ismodellink="false" publish:partLowerX="691" publish:partLowerY="86" publish:partUpperX="124" publish:partUpperY="0" shape="rect" xmi:id="_.c.c.p.u0J.j.vE.d.y.uNMSCX.kX.oC.g"/><publish:partInfo name="CommonObjectSetData" publish:ismodellink="false" publish:partLowerX="635" publish:partLowerY="473" publish:partUpperX="172" publish:partUpperY="323" shape="rect" xmi:id="_MP.s.wEP_FE.d.uKKL.vC_EB00A"/><publish:partInfo name="CommonObjectProvisioning" publish:ismodellink="false" publish:partLowerX="821" publish:partLowerY="257" publish:partUpperX="0" publish:partUpperY="139" shape="rect" xmi:id="_8K.m.qACVOE.d.y.i.v86.a.e.j.kL.cA"/></contents><contents Type="Class" isDefault="false" name="Operation Exceptions Class Diagram" publish:icon="251993995_icon.png" publish:imageType="GIF" publish:qualifiedname="Framework::Class Diagrams::Operation Exceptions Class Diagram" xmi:id="_.i.kI6QCV.bE.d.y.i.v86.a.e.j.kL.cA" xsi:type="notation:Diagram"><publish:properties><publish:property name="Measurement Unit" publish:category="View" publish:description="The Measurement Unit of the Diagram" publish:value="Himetric"/><publish:property name="Name" publish:category="View" publish:description="The Name of the Diagram" publish:value="Operation Exceptions Class Diagram"/><publish:property name="Styles" publish:category="View" publish:description="The Styles of the View"/></publish:properties><publish:partInfo name="COMM_LOSS" publish:ismodellink="false" publish:partLowerX="1005" publish:partLowerY="70" publish:partUpperX="683" publish:partUpperY="0" shape="rect" xmi:id="_K.v.zCEJEZE.d.y.p.u.rM.a9DXJ.y.w"/><publish:partInfo name="TP_INVALID_ENDPOINT" publish:ismodellink="false" publish:partLowerX="322" publish:partLowerY="432" publish:partUpperX="0" publish:partUpperY="362" shape="rect" xmi:id="_.sZQBYCV.fE.d.y.i.v86.a.e.j.kL.cA"/><publish:partInfo name="TIMESLOT_IN_USE" publish:ismodellink="false" publish:partLowerX="1005" publish:partLowerY="344" publish:partUpperX="683" publish:partUpperY="274" shape="rect" xmi:id="_.j.bWSQCV.fE.d.y.i.v86.a.e.j.kL.cA"/><publish:partInfo name="NOT_IN_VALID_STATE" publish:ismodellink="false" publish:partLowerX="1005" publish:partLowerY="253" publish:partUpperX="683" publish:partUpperY="183" shape="rect" xmi:id="_V.vFW.kCV.fE.d.y.i.v86.a.e.j.kL.cA"/><publish:partInfo name="ACCESS_DENIED" publish:ismodellink="false" publish:partLowerX="322" publish:partLowerY="70" publish:partUpperX="0" publish:partUpperY="0" shape="rect" xmi:id="_MGUF.gCV.fE.d.y.i.v86.a.e.j.kL.cA"/><publish:partInfo name="NE_COMM_LOSS" publish:ismodellink="false" publish:partLowerX="322" publish:partLowerY="253" publish:partUpperX="0" publish:partUpperY="183" shape="rect" xmi:id="_6V.dI.cCV.dE.d.y.i.v86.a.e.j.kL.cA"/><publish:partInfo name="UNABLE_TO_COMPLY" publish:ismodellink="false" publish:partLowerX="664" publish:partLowerY="432" publish:partUpperX="342" publish:partUpperY="362" shape="rect" xmi:id="_.rY.l.g.gCV.dE.d.y.i.v86.a.e.j.kL.cA"/><publish:partInfo name="PROTECTION_EFFORT_NOT_MET" publish:ismodellink="false" publish:partLowerX="664" publish:partLowerY="344" publish:partUpperX="342" publish:partUpperY="274" shape="rect" xmi:id="_Y.f.e.s.gCV.dE.d.y.i.v86.a.e.j.kL.cA"/><publish:partInfo name="CAPACITY_EXCEEDED" publish:ismodellink="false" publish:partLowerX="664" publish:partLowerY="70" publish:partUpperX="342" publish:partUpperY="0" shape="rect" xmi:id="_E.xQ1.cCV.dE.d.y.i.v86.a.e.j.kL.cA"/><publish:partInfo name="OBJECT_IN_USE" publish:ismodellink="false" publish:partLowerX="322" publish:partLowerY="344" publish:partUpperX="0" publish:partUpperY="274" shape="rect" xmi:id="_412MUCV.cE.d.y.i.v86.a.e.j.kL.cA"/><publish:partInfo name="UNSUPPORTED_ROUTING_CONSTRAINTS" publish:ismodellink="false" publish:partLowerX="1005" publish:partLowerY="432" publish:partUpperX="683" publish:partUpperY="362" shape="rect" xmi:id="_.r.q.aF.wCV.cE.d.y.i.v86.a.e.j.kL.cA"/><publish:partInfo name="USERLABEL_IN_USE" publish:ismodellink="false" publish:partLowerX="664" publish:partLowerY="523" publish:partUpperX="342" publish:partUpperY="453" shape="rect" xmi:id="_.gS.x.fICV.cE.d.y.i.v86.a.e.j.kL.cA"/><publish:partInfo name="ENTITY_NOT_FOUND" publish:ismodellink="false" publish:partLowerX="322" publish:partLowerY="162" publish:partUpperX="0" publish:partUpperY="92" shape="rect" xmi:id="_TAY.cACV.cE.d.y.i.v86.a.e.j.kL.cA"/><publish:partInfo name="INVALID_INPUT" publish:ismodellink="false" publish:partLowerX="1005" publish:partLowerY="162" publish:partUpperX="683" publish:partUpperY="92" shape="rect" xmi:id="_.uA.rPACV.bE.d.y.i.v86.a.e.j.kL.cA"/><publish:partInfo name="NOT_IMPLEMENTED" publish:ismodellink="false" publish:partLowerX="664" publish:partLowerY="253" publish:partUpperX="342" publish:partUpperY="183" shape="rect" xmi:id="_.c9.oFECVYE.d.y.i.v86.a.e.j.kL.cA"/><publish:partInfo name="INTERNAL_ERROR" publish:ismodellink="false" publish:partLowerX="664" publish:partLowerY="162" publish:partUpperX="342" publish:partUpperY="92" shape="rect" xmi:id="_R.oI.sICV.bE.d.y.i.v86.a.e.j.kL.cA"/></contents><contents Type="Class" isDefault="false" name="MTOSI naming tree Class Diagram" publish:icon="251993995_icon.png" publish:imageType="GIF" publish:qualifiedname="Framework::Class Diagrams::MTOSI naming tree Class Diagram" xmi:id="_IN7MEKXHE.d2597.xQ-.kI.hBQ" xsi:type="notation:Diagram"><publish:properties><publish:property name="Measurement Unit" publish:category="View" publish:description="The Measurement Unit of the Diagram" publish:value="Himetric"/><publish:property name="Name" publish:category="View" publish:description="The Name of the Diagram" publish:value="MTOSI naming tree Class Diagram"/><publish:property name="Styles" publish:category="View" publish:description="The Styles of the View"/></publish:properties><publish:partInfo name="ManagementDomain" publish:ismodellink="false" publish:partLowerX="839" publish:partLowerY="92" publish:partUpperX="623" publish:partUpperY="56" shape="rect" xmi:id="_3BA.f.cP.x8E.d.u.u.u.oHTW.mKV.yQ"/></contents><contents Type="Class" isDefault="false" name="FMW MART Service Interface Diagram" publish:icon="251993995_icon.png" publish:imageType="GIF" publish:qualifiedname="Framework::Class Diagrams::FMW MART Service Interface Diagram" xmi:id="_.z583.cOI.dE.d2.qHN.w.d.lV5.t3Q" xsi:type="notation:Diagram"><publish:properties><publish:property name="Measurement Unit" publish:category="View" publish:description="The Measurement Unit of the Diagram" publish:value="Himetric"/><publish:property name="Name" publish:category="View" publish:description="The Name of the Diagram" publish:value="FMW MART Service Interface Diagram"/><publish:property name="Styles" publish:category="View" publish:description="The Styles of the View"/></publish:properties><publish:partInfo coords="719,244,719,386,709,376,827,376,827,386,709,386,709,386,709,244,719,244" name="uses" publish:ismodellink="false" shape="poly" xmi:id="_.qCATYOJIE.d2.qHN.w.d.lV5.t3Q"/><publish:partInfo coords="1142,260,1142,307,1132,307,1132,260,1142,260" name="uses" publish:ismodellink="false" shape="poly" xmi:id="_N_.gHYOJHE.d2.qHN.w.d.lV5.t3Q"/><publish:partInfo coords="946,260,946,307,936,307,936,260,946,260" name="uses" publish:ismodellink="false" shape="poly" xmi:id="_M.v.o.a8OJHE.d2.qHN.w.d.lV5.t3Q"/><publish:partInfo coords="1230,407,1230,430,1221,440,1037,440,1037,430,1221,430,1221,430,1221,407,1230,407" name="uses" publish:ismodellink="false" shape="poly" xmi:id="_K.o7NIOJHE.d2.qHN.w.d.lV5.t3Q"/><publish:partInfo coords="447,669,447,708,437,708,437,669,447,669" name="uses" publish:ismodellink="false" shape="poly" xmi:id="_ED.bVQOJGE.d2.qHN.w.d.lV5.t3Q"/><publish:partInfo coords="240,614,193,614,193,604,240,604,240,614" name="uses" publish:ismodellink="false" shape="poly" xmi:id="_7.dIN0OJFE.d2.qHN.w.d.lV5.t3Q"/><publish:partInfo coords="249,537,249,513,259,523,116,523,106,513,106,479,116,479,116,513,116,513,259,513,259,513,259,537,249,537" name="uses" publish:ismodellink="false" shape="poly" xmi:id="_1P2.zQOJFE.d2.qHN.w.d.lV5.t3Q"/><publish:partInfo coords="839,886,753,886,753,876,839,876,839,886" name="uses" publish:ismodellink="false" shape="poly" xmi:id="_A.h49.oOJFE.d2.qHN.w.d.lV5.t3Q"/><publish:partInfo coords="715,768,715,811,705,811,705,768,715,768" name="uses" publish:ismodellink="false" shape="poly" xmi:id="_L.t.g-AOJEE.d2.qHN.w.d.lV5.t3Q"/><publish:partInfo coords="950,768,950,811,940,811,940,768,950,768" name="uses" publish:ismodellink="false" shape="poly" xmi:id="_ELT.w0OJEE.d2.qHN.w.d.lV5.t3Q"/><publish:partInfo coords="859,617,859,668,849,668,849,617,859,617" name="uses" publish:ismodellink="false" shape="poly" xmi:id="_.w.k.vE.wOJBE.d2.qHN.w.d.lV5.t3Q"/><publish:partInfo coords="717,501,717,422,727,432,517,432,517,422,727,422,727,422,727,501,717,501" name="uses" publish:ismodellink="false" shape="poly" xmi:id="_.sKD.pMOJBE.d2.qHN.w.d.lV5.t3Q"/><publish:partInfo coords="288,308,288,537,278,537,278,308,288,308" name="uses" publish:ismodellink="false" shape="poly" xmi:id="_.z.f.x.k.cOI_E.d2.qHN.w.d.lV5.t3Q"/><publish:partInfo coords="391,308,391,378,381,378,381,308,391,308" name="uses" publish:ismodellink="false" shape="poly" xmi:id="_.y.aU_UOI_E.d2.qHN.w.d.lV5.t3Q"/><publish:partInfo coords="237,308,237,568,227,578,193,578,193,568,227,568,227,568,227,308,237,308" name="uses" publish:ismodellink="false" shape="poly" xmi:id="_.w.nI.jYOI_E.d2.qHN.w.d.lV5.t3Q"/><publish:partInfo coords="153,308,153,379,143,379,143,308,153,308" name="uses" publish:ismodellink="false" shape="poly" xmi:id="_.v.f.c.i.kOI_E.d2.qHN.w.d.lV5.t3Q"/><publish:partInfo coords="910,112,910,160,900,160,900,112,910,112" name="uses" publish:ismodellink="false" shape="poly" xmi:id="_.s.b.iJ0OI4E.d2.qHN.w.d.lV5.t3Q"/><publish:partInfo coords="651,112,651,160,641,160,641,112,651,112" name="uses" publish:ismodellink="false" shape="poly" xmi:id="_.qD2.g.wOI4E.d2.qHN.w.d.lV5.t3Q"/><publish:partInfo coords="815,112,815,501,805,501,805,112,815,112" name="uses" publish:ismodellink="false" shape="poly" xmi:id="_.n8.j.dEOI4E.d2.qHN.w.d.lV5.t3Q"/><publish:partInfo coords="314,112,314,160,304,160,304,112,314,112" name="uses" publish:ismodellink="false" shape="poly" xmi:id="_Z.xS4QOI4E.d2.qHN.w.d.lV5.t3Q"/><publish:partInfo name="OperationState" publish:ismodellink="false" publish:partLowerX="1387" publish:partLowerY="408" publish:partUpperX="1052" publish:partUpperY="306" shape="rect" xmi:id="_.k.m2.nIC4_E.d26CM.lL.p.yBM3Q"/><publish:partInfo name="State" publish:ismodellink="false" publish:partLowerX="1040" publish:partLowerY="456" publish:partUpperX="826" publish:partUpperY="306" shape="rect" xmi:id="_.p02.dYC48E.d26CM.lL.p.yBM3Q"/><publish:partInfo name="Operation" publish:ismodellink="false" publish:partLowerX="605" publish:partLowerY="793" publish:partUpperX="270" publish:partUpperY="707" shape="rect" xmi:id="_B.eWV8C2HE.d2.b.v.e.w_.s.v.oXHA"/><publish:partInfo name="ResultType" publish:ismodellink="false" publish:partLowerX="756" publish:partLowerY="944" publish:partUpperX="560" publish:partUpperY="810" shape="rect" xmi:id="_Z.a.a.e.gC4.sE.d26CM.lL.p.yBM3Q"/><publish:partInfo name="OperationResult" publish:ismodellink="false" publish:partLowerX="1210" publish:partLowerY="944" publish:partUpperX="838" publish:partUpperY="810" shape="rect" xmi:id="_.xE9.oQC4.sE.d26CM.lL.p.yBM3Q"/><publish:partInfo name="OperationSetResult" publish:ismodellink="false" publish:partLowerX="1044" publish:partLowerY="769" publish:partUpperX="655" publish:partUpperY="667" shape="rect" xmi:id="_A.k.x-.gC4.oE.d2R9.fB.yI3-6D.w"/><publish:partInfo name="FailPolicy" publish:ismodellink="false" publish:partLowerX="212" publish:partLowerY="480" publish:partUpperX="16" publish:partUpperY="378" shape="rect" xmi:id="_.sD2Y.sC2FE.d2.b.v.e.w_.s.v.oXHA"/><publish:partInfo name="OperationSet" publish:ismodellink="false" publish:partLowerX="629" publish:partLowerY="670" publish:partUpperX="239" publish:partUpperY="536" shape="rect" xmi:id="_NIIHIC4.kE.d2R9.fB.yI3-6D.w"/><publish:partInfo name="Order" publish:ismodellink="false" publish:partLowerX="196" publish:partLowerY="622" publish:partUpperX="0" publish:partUpperY="536" shape="rect" xmi:id="_A.h0R.sC2GE.d2.b.v.e.w_.s.v.oXHA"/><publish:partInfo name="Template" publish:ismodellink="false" publish:partLowerX="520" publish:partLowerY="463" publish:partUpperX="298" publish:partUpperY="377" shape="rect" xmi:id="_.t.jP5.cC2GE.d2.b.v.e.w_.s.v.oXHA"/><publish:partInfo name="SingleTerminateProcessResponseData" publish:ismodellink="false" publish:partLowerX="788" publish:partLowerY="245" publish:partUpperX="497" publish:partUpperY="159" shape="rect" xmi:id="_2.ySV.cC5CE.d26CM.lL.p.yBM3Q"/><publish:partInfo name="SingleDoProcessResponseData" publish:ismodellink="false" publish:partLowerX="1060" publish:partLowerY="619" publish:partUpperX="643" publish:partUpperY="501" shape="rect" xmi:id="_Y16WYC5EE.d26CM.lL.p.yBM3Q"/><publish:partInfo name="SingleDoProcessRequestData" publish:ismodellink="false" publish:partLowerX="466" publish:partLowerY="309" publish:partUpperX="76" publish:partUpperY="159" shape="rect" xmi:id="_.iV.m.u.gC5FE.d26CM.lL.p.yBM3Q"/><publish:partInfo name="OperationSetState" publish:ismodellink="false" publish:partLowerX="1215" publish:partLowerY="261" publish:partUpperX="834" publish:partUpperY="159" shape="rect" xmi:id="_EL.nW.wC4.yE.d26CM.lL.p.yBM3Q"/><publish:partInfo name="MartService" publish:ismodellink="false" publish:partLowerX="968" publish:partLowerY="113" publish:partUpperX="143" publish:partUpperY="0" shape="rect" xmi:id="__X4KU.d-2E.d.yF.k.aOT6BXR.g.g"/></contents></packagedElement>