<?xml version="1.0" encoding="UTF-8"?><publish:packages xmlns:publish="http://www.ibm.com/Rational/XTools/Publish" xmlns:xmi="http://www.omg.org/XMI"><publish:package name="Operation Exceptions" publish:icon="-955966614_icon.png" publish:qualifiedname="Framework::Operation Exceptions" xmi:id="_9.iES.kCVWE.d.y.i.v86.a.e.j.kL.cA"/><publish:package name="Type Definitions" publish:icon="-955966614_icon.png" publish:qualifiedname="Framework::Type Definitions" xmi:id="_.fXGV4O2JE.d.uD1.d0J9.j2.p4.g"/><publish:package name="Interfaces" publish:icon="-955966614_icon.png" publish:qualifiedname="Framework::Interfaces" xmi:id="_-.nGY.oO2KE.d.uD1.d0J9.j2.p4.g"/><publish:package name="Data Object Classes" publish:icon="-955966614_icon.png" publish:qualifiedname="Framework::Data Object Classes" xmi:id="_.iT.iR0O2JE.d.uD1.d0J9.j2.p4.g"/><publish:package name="Class Diagrams" publish:icon="-955966614_icon.png" publish:qualifiedname="Framework::Class Diagrams" xmi:id="_.gG.p.uEO2KE.d.uD1.d0J9.j2.p4.g"/><publish:package name="Notifications" publish:icon="-955966614_icon.png" publish:qualifiedname="Framework::Notifications" xmi:id="_1.p.u74FVPE.d.y.a2.sE_.yD1P.fQ"/><publish:package name="Type Definitions" publish:icon="-955966614_icon.png" publish:qualifiedname="Framework::Type Definitions" xmi:id="_.fXGV4O2JE.d.uD1.d0J9.j2.p4.g"/><publish:package name="Data Object Classes" publish:icon="-955966614_icon.png" publish:qualifiedname="Framework::Data Object Classes" xmi:id="_.iT.iR0O2JE.d.uD1.d0J9.j2.p4.g"/><publish:package name="Class Diagrams" publish:icon="-955966614_icon.png" publish:qualifiedname="Framework::Class Diagrams" xmi:id="_.gG.p.uEO2KE.d.uD1.d0J9.j2.p4.g"/><publish:package name="Interfaces" publish:icon="-955966614_icon.png" publish:qualifiedname="Framework::Interfaces" xmi:id="_-.nGY.oO2KE.d.uD1.d0J9.j2.p4.g"/><publish:package name="Operation Exceptions" publish:icon="-955966614_icon.png" publish:qualifiedname="Framework::Operation Exceptions" xmi:id="_9.iES.kCVWE.d.y.i.v86.a.e.j.kL.cA"/><publish:package name="Notifications" publish:icon="-955966614_icon.png" publish:qualifiedname="Framework::Notifications" xmi:id="_1.p.u74FVPE.d.y.a2.sE_.yD1P.fQ"/></publish:packages>