<?xml version="1.0" encoding="UTF-8"?><uml:Model name="Framework" diagramFormat="GIF" xmlns:publish="http://www.ibm.com/Rational/XTools/Publish" publish:icon="-1509614288_icon.png" publish:modelname="Framework" publish:profiles="Standard, Default, Deployment, mTOP UML Profile" publish:qualifiedname="Framework" publish:sortOrder="storage" publish:toplevelguid="_.v.t.w3.wO2IE.d.uD1.d0J9.j2.p4.g" xmlns:xmi="http://www.omg.org/XMI" xmi:id="_.v.t.w3.wO2IE.d.uD1.d0J9.j2.p4.g" xmi:version="2.0" xmlns:com.ibm.xtools.notation="http:///com/ibm/xtools/notation.ecore" xmlns:uml="http://www.eclipse.org/uml2/1.0.0/UML" xmlns:xsi="http://www.w3.org/2001/XMLSchema-instance" xsi:type="uml:Model"><publish:properties><publish:property name="Alias" publish:category="UML" publish:description="Alias property of the UML element"/><publish:property name="Keywords" publish:category="UML" publish:description="Keywords property of the UML element"/><publish:property name="Name" publish:category="UML" publish:description="The Name of the Named Element" publish:value="Framework"/><publish:property name="Name Expression" publish:category="UML" publish:description="The Name Expression of the Named Element"/><publish:property name="Namespace" publish:category="UML" publish:description="The Namespace of the Named Element"/><publish:property name="Nesting Package" publish:category="UML" publish:description="The Nesting Package of the Package"/><publish:property name="Owned Template Signature" publish:category="UML" publish:description="The Owned Template Signature of the Templateable Element"/><publish:property name="Owner" publish:category="UML" publish:description="The Owner of the Element"/><publish:property name="Owning Template Parameter" publish:category="UML" publish:description="The Owning Template Parameter of the Parameterable Element"/><publish:property name="Qualified Name" publish:category="UML" publish:description="The Qualified Name of the Named Element" publish:value="Framework"/><publish:property name="Stereotype" publish:category="UML"/><publish:property name="Template Parameter" publish:category="UML" publish:description="The Template Parameter of the Parameterable Element"/><publish:property name="Viewpoint" publish:category="UML" publish:description="The Viewpoint of the Model"/><publish:property name="Visibility" publish:category="UML" publish:description="The Visibility of the Named Element" publish:value="Public"/></publish:properties><appliedProfiles><profile name="Standard" visibility="public"/><profile name="Default" visibility="public"/><profile name="Deployment" visibility="public"/><profile name="mTOP UML Profile" visibility="public"/></appliedProfiles><ownedComment annotatedElement="_.v.t.w3.wO2IE.d.uD1.d0J9.j2.p4.g" body="&lt;HTML&gt;&lt;HEAD&gt;&#13;&#10;&lt;META content=&quot;MSHTML 6.00.2900.3429&quot; name=GENERATOR&gt;&lt;/HEAD&gt;&#13;&#10;&lt;BODY&gt;&#13;&#10;&lt;P&gt;attributes in CommonObjectInfo and CommonResourceInfo have been assigned to CORBA or XML or both&lt;/P&gt;&#13;&#10;&lt;P&gt;requirements added to the log related notification&lt;/P&gt;&#13;&#10;&lt;P&gt;MTOSI naming tree Class Diagram added&lt;/P&gt;&#13;&#10;&lt;P&gt;notImplemented, internalError, unableToComply and commLoss exceptions added to all&amp;nbsp;non-notification operations.&lt;/P&gt;&lt;/BODY&gt;&lt;/HTML&gt;" isDocumentation="true" isURL="false" name="&lt;Unnamed Comment&gt;" publish:icon="-955968002_icon.png" publish:qualifiedname="Framework::&lt;Comment&gt;" xmi:id="_.n.w2.kEJCOE.d2PV.o.nQ.iIO6.r.g" xsi:type="uml:Comment"><publish:properties><publish:property name="Body" publish:category="UML" publish:description="The Body of the Comment" publish:value="&lt;HTML&gt;&lt;HEAD&gt;..."/><publish:property name="Keywords" publish:category="UML" publish:description="Keywords property of the UML element"/><publish:property name="Owner" publish:category="UML" publish:description="The Owner of the Element" publish:ismodellink="true" publish:value="&lt;Model&gt; Framework" xmi:id="_.v.t.w3.wO2IE.d.uD1.d0J9.j2.p4.g"/><publish:property name="Stereotype" publish:category="UML" publish:value="documentation"/></publish:properties></ownedComment><packageImport name="&lt;Unnamed PackageImport&gt;" publish:icon="218437561_icon.png" publish:qualifiedname="Framework::&lt;PackageImport&gt;" xmi:id="_.v.t.w3.xO2IE.d.uD1.d0J9.j2.p4.g" xsi:type="uml:PackageImport"><publish:properties><publish:property name="Imported Package" publish:category="UML" publish:description="The Imported Package of the Package Import" publish:value="&lt;&lt;modelLibrary&gt;&gt; &lt;Model&gt; UML Primitive Types"/><publish:property name="Importing Namespace" publish:category="UML" publish:description="The Importing Namespace of the Package Import" publish:ismodellink="true" publish:value="&lt;Model&gt; Framework" xmi:id="_.v.t.w3.wO2IE.d.uD1.d0J9.j2.p4.g"/><publish:property name="Keywords" publish:category="UML" publish:description="Keywords property of the UML element"/><publish:property name="Owner" publish:category="UML" publish:description="The Owner of the Element" publish:ismodellink="true" publish:value="&lt;Model&gt; Framework" xmi:id="_.v.t.w3.wO2IE.d.uD1.d0J9.j2.p4.g"/><publish:property name="Stereotype" publish:category="UML"/><publish:property name="Visibility" publish:category="UML" publish:description="The Visibility of the Package Import" publish:value="Public"/></publish:properties></packageImport></uml:Model>