<?xml version="1.0" encoding="UTF-8"?><publish:elements xmlns:publish="http://www.ibm.com/Rational/XTools/Publish" xmlns:xmi="http://www.omg.org/XMI" xmlns:xsi="http://www.w3.org/2001/XMLSchema-instance"><publish:element name="NOT_IMPLEMENTED" publish:icon="_c9oFECVYEdyiv86aejkLcA_icon.jpeg" publish:qualifiedname="Framework::Operation Exceptions::NOT_IMPLEMENTED" xmi:id="_c9oFECVYEdyiv86aejkLcA" xsi:type="uml:DataType"/><publish:element name="INTERNAL_ERROR" publish:icon="_RoIsICVbEdyiv86aejkLcA_icon.jpeg" publish:qualifiedname="Framework::Operation Exceptions::INTERNAL_ERROR" xmi:id="_RoIsICVbEdyiv86aejkLcA" xsi:type="uml:DataType"/><publish:element name="INVALID_INPUT" publish:icon="_uArPACVbEdyiv86aejkLcA_icon.jpeg" publish:qualifiedname="Framework::Operation Exceptions::INVALID_INPUT" xmi:id="_uArPACVbEdyiv86aejkLcA" xsi:type="uml:DataType"/><publish:element name="ENTITY_NOT_FOUND" publish:icon="_TAYcACVcEdyiv86aejkLcA_icon.jpeg" publish:qualifiedname="Framework::Operation Exceptions::ENTITY_NOT_FOUND" xmi:id="_TAYcACVcEdyiv86aejkLcA" xsi:type="uml:DataType"/><publish:element name="USERLABEL_IN_USE" publish:icon="_gSxfICVcEdyiv86aejkLcA_icon.jpeg" publish:qualifiedname="Framework::Operation Exceptions::USERLABEL_IN_USE" xmi:id="_gSxfICVcEdyiv86aejkLcA" xsi:type="uml:DataType"/><publish:element name="UNSUPPORTED_ROUTING_CONSTRAINTS" publish:icon="_rqaFwCVcEdyiv86aejkLcA_icon.jpeg" publish:qualifiedname="Framework::Operation Exceptions::UNSUPPORTED_ROUTING_CONSTRAINTS" xmi:id="_rqaFwCVcEdyiv86aejkLcA" xsi:type="uml:DataType"/><publish:element name="OBJECT_IN_USE" publish:icon="_412MUCVcEdyiv86aejkLcA_icon.jpeg" publish:qualifiedname="Framework::Operation Exceptions::OBJECT_IN_USE" xmi:id="_412MUCVcEdyiv86aejkLcA" xsi:type="uml:DataType"/><publish:element name="CAPACITY_EXCEEDED" publish:icon="_ExQ1cCVdEdyiv86aejkLcA_icon.jpeg" publish:qualifiedname="Framework::Operation Exceptions::CAPACITY_EXCEEDED" xmi:id="_ExQ1cCVdEdyiv86aejkLcA" xsi:type="uml:DataType"/><publish:element name="PROTECTION_EFFORT_NOT_MET" publish:icon="_YfesgCVdEdyiv86aejkLcA_icon.jpeg" publish:qualifiedname="Framework::Operation Exceptions::PROTECTION_EFFORT_NOT_MET" xmi:id="_YfesgCVdEdyiv86aejkLcA" xsi:type="uml:DataType"/><publish:element name="UNABLE_TO_COMPLY" publish:icon="_rYlggCVdEdyiv86aejkLcA_icon.jpeg" publish:qualifiedname="Framework::Operation Exceptions::UNABLE_TO_COMPLY" xmi:id="_rYlggCVdEdyiv86aejkLcA" xsi:type="uml:DataType"/><publish:element name="NE_COMM_LOSS" publish:icon="_6VdIcCVdEdyiv86aejkLcA_icon.jpeg" publish:qualifiedname="Framework::Operation Exceptions::NE_COMM_LOSS" xmi:id="_6VdIcCVdEdyiv86aejkLcA" xsi:type="uml:DataType"/><publish:element name="ACCESS_DENIED" publish:icon="_MGUFgCVfEdyiv86aejkLcA_icon.jpeg" publish:qualifiedname="Framework::Operation Exceptions::ACCESS_DENIED" xmi:id="_MGUFgCVfEdyiv86aejkLcA" xsi:type="uml:DataType"/><publish:element name="NOT_IN_VALID_STATE" publish:icon="_VvFWkCVfEdyiv86aejkLcA_icon.jpeg" publish:qualifiedname="Framework::Operation Exceptions::NOT_IN_VALID_STATE" xmi:id="_VvFWkCVfEdyiv86aejkLcA" xsi:type="uml:DataType"/><publish:element name="TIMESLOT_IN_USE" publish:icon="_jbWSQCVfEdyiv86aejkLcA_icon.jpeg" publish:qualifiedname="Framework::Operation Exceptions::TIMESLOT_IN_USE" xmi:id="_jbWSQCVfEdyiv86aejkLcA" xsi:type="uml:DataType"/><publish:element name="TP_INVALID_ENDPOINT" publish:icon="_sZQBYCVfEdyiv86aejkLcA_icon.jpeg" publish:qualifiedname="Framework::Operation Exceptions::TP_INVALID_ENDPOINT" xmi:id="_sZQBYCVfEdyiv86aejkLcA" xsi:type="uml:DataType"/><publish:element name="COMM_LOSS" publish:icon="_KvzCEJEZEdypurMa9DXJyw_icon.jpeg" publish:qualifiedname="Framework::Operation Exceptions::COMM_LOSS" xmi:id="_KvzCEJEZEdypurMa9DXJyw" xsi:type="uml:DataType"/><publish:element name="ObjectName" publish:icon="_Pt7dcPoSEduSgtmTzBJnVw_icon.jpeg" publish:qualifiedname="Framework::Type Definitions::ObjectName" xmi:id="_Pt7dcPoSEduSgtmTzBJnVw" xsi:type="uml:DataType"/><publish:element name="AttributeValuePair" publish:icon="_8_P-sPo7EduVsYI7mfNDXQ_icon.jpeg" publish:qualifiedname="Framework::Type Definitions::AttributeValuePair" xmi:id="_8_P-sPo7EduVsYI7mfNDXQ" xsi:type="uml:DataType"/><publish:element name="EventType" publish:icon="_3QQ9cPpNEduVsYI7mfNDXQ_icon.jpeg" publish:qualifiedname="Framework::Type Definitions::EventType" xmi:id="_3QQ9cPpNEduVsYI7mfNDXQ" xsi:type="uml:Enumeration"/><publish:element name="OBJECT_CREATION" publish:icon="_8XFGQPpNEduVsYI7mfNDXQ_icon.jpeg" publish:qualifiedname="Framework::Type Definitions::EventType::OBJECT_CREATION" xmi:id="_8XFGQPpNEduVsYI7mfNDXQ" xsi:type="uml:EnumerationLiteral"/><publish:element name="OBJECT_DELETION" publish:icon="_-HG5cPpNEduVsYI7mfNDXQ_icon.jpeg" publish:qualifiedname="Framework::Type Definitions::EventType::OBJECT_DELETION" xmi:id="_-HG5cPpNEduVsYI7mfNDXQ" xsi:type="uml:EnumerationLiteral"/><publish:element name="ATTRIBUTE_VALUE_CHANGE" publish:icon="_BTA0wPpOEduVsYI7mfNDXQ_icon.jpeg" publish:qualifiedname="Framework::Type Definitions::EventType::ATTRIBUTE_VALUE_CHANGE" xmi:id="_BTA0wPpOEduVsYI7mfNDXQ" xsi:type="uml:EnumerationLiteral"/><publish:element name="STATE_CHANGE" publish:icon="_DVMH4PpOEduVsYI7mfNDXQ_icon.jpeg" publish:qualifiedname="Framework::Type Definitions::EventType::STATE_CHANGE" xmi:id="_DVMH4PpOEduVsYI7mfNDXQ" xsi:type="uml:EnumerationLiteral"/><publish:element name="ROUTE_CHANGE" publish:icon="_FfrCcPpOEduVsYI7mfNDXQ_icon.jpeg" publish:qualifiedname="Framework::Type Definitions::EventType::ROUTE_CHANGE" xmi:id="_FfrCcPpOEduVsYI7mfNDXQ" xsi:type="uml:EnumerationLiteral"/><publish:element name="PROTECTION_SWITCH" publish:icon="_I6eVYPpOEduVsYI7mfNDXQ_icon.jpeg" publish:qualifiedname="Framework::Type Definitions::EventType::PROTECTION_SWITCH" xmi:id="_I6eVYPpOEduVsYI7mfNDXQ" xsi:type="uml:EnumerationLiteral"/><publish:element name="EQUIPMENT_PROTECTION_SWITCH" publish:icon="_KWiqwPpOEduVsYI7mfNDXQ_icon.jpeg" publish:qualifiedname="Framework::Type Definitions::EventType::EQUIPMENT_PROTECTION_SWITCH" xmi:id="_KWiqwPpOEduVsYI7mfNDXQ" xsi:type="uml:EnumerationLiteral"/><publish:element name="TCA" publish:icon="_NWB6sPpOEduVsYI7mfNDXQ_icon.jpeg" publish:qualifiedname="Framework::Type Definitions::EventType::TCA" xmi:id="_NWB6sPpOEduVsYI7mfNDXQ" xsi:type="uml:EnumerationLiteral"/><publish:element name="ALARM" publish:icon="_PjYjEPpOEduVsYI7mfNDXQ_icon.jpeg" publish:qualifiedname="Framework::Type Definitions::EventType::ALARM" xmi:id="_PjYjEPpOEduVsYI7mfNDXQ" xsi:type="uml:EnumerationLiteral"/><publish:element name="FILE_TRANSFER_STATUS" publish:icon="_Q5PiwPpOEduVsYI7mfNDXQ_icon.jpeg" publish:qualifiedname="Framework::Type Definitions::EventType::FILE_TRANSFER_STATUS" xmi:id="_Q5PiwPpOEduVsYI7mfNDXQ" xsi:type="uml:EnumerationLiteral"/><publish:element name="PM_POINT_STATE_CHNAGE" publish:icon="_Syb5APpOEduVsYI7mfNDXQ_icon.jpeg" publish:qualifiedname="Framework::Type Definitions::EventType::PM_POINT_STATE_CHNAGE" xmi:id="_Syb5APpOEduVsYI7mfNDXQ" xsi:type="uml:EnumerationLiteral"/><publish:element name="SOFTWARE_BACKUP_STATUS" publish:icon="_WPWEwPpOEduVsYI7mfNDXQ_icon.jpeg" publish:qualifiedname="Framework::Type Definitions::EventType::SOFTWARE_BACKUP_STATUS" xmi:id="_WPWEwPpOEduVsYI7mfNDXQ" xsi:type="uml:EnumerationLiteral"/><publish:element name="HEARTBEAT" publish:icon="_XsFIgPpOEduVsYI7mfNDXQ_icon.jpeg" publish:qualifiedname="Framework::Type Definitions::EventType::HEARTBEAT" xmi:id="_XsFIgPpOEduVsYI7mfNDXQ" xsi:type="uml:EnumerationLiteral"/><publish:element name="OBJECT_DISCOVERY" publish:icon="__hglcPpOEduVsYI7mfNDXQ_icon.jpeg" publish:qualifiedname="Framework::Type Definitions::EventType::OBJECT_DISCOVERY" xmi:id="__hglcPpOEduVsYI7mfNDXQ" xsi:type="uml:EnumerationLiteral"/><publish:element name="LOG_ATTRIBUTE_VALUE_CHANGE" publish:icon="_G7NhcPpQEduVsYI7mfNDXQ_icon.jpeg" publish:qualifiedname="Framework::Type Definitions::EventType::LOG_ATTRIBUTE_VALUE_CHANGE" xmi:id="_G7NhcPpQEduVsYI7mfNDXQ" xsi:type="uml:EnumerationLiteral"/><publish:element name="LOG_CAPACITY_THRESHOLD_ALARM" publish:icon="_O1-YkPpQEduVsYI7mfNDXQ_icon.jpeg" publish:qualifiedname="Framework::Type Definitions::EventType::LOG_CAPACITY_THRESHOLD_ALARM" xmi:id="_O1-YkPpQEduVsYI7mfNDXQ" xsi:type="uml:EnumerationLiteral"/><publish:element name="LOG_PROCESSING_ERROR_ALARM" publish:icon="_S52dsPpQEduVsYI7mfNDXQ_icon.jpeg" publish:qualifiedname="Framework::Type Definitions::EventType::LOG_PROCESSING_ERROR_ALARM" xmi:id="_S52dsPpQEduVsYI7mfNDXQ" xsi:type="uml:EnumerationLiteral"/><publish:element name="LOG_STATE_CHANGE" publish:icon="_XSKhwPpQEduVsYI7mfNDXQ_icon.jpeg" publish:qualifiedname="Framework::Type Definitions::EventType::LOG_STATE_CHANGE" xmi:id="_XSKhwPpQEduVsYI7mfNDXQ" xsi:type="uml:EnumerationLiteral"/><publish:element name="ObjectType" publish:icon="_o8h4cPpVEduVsYI7mfNDXQ_icon.jpeg" publish:qualifiedname="Framework::Type Definitions::ObjectType" xmi:id="_o8h4cPpVEduVsYI7mfNDXQ" xsi:type="uml:Enumeration"/><publish:element name="AID" publish:icon="_tQ2bsPx2EduuuoHTWmKVyQ_icon.jpeg" publish:qualifiedname="Framework::Type Definitions::ObjectType::AID" xmi:id="_tQ2bsPx2EduuuoHTWmKVyQ" xsi:type="uml:EnumerationLiteral"/><publish:element name="CALL" publish:icon="_vO7R8Px2EduuuoHTWmKVyQ_icon.jpeg" publish:qualifiedname="Framework::Type Definitions::ObjectType::CALL" xmi:id="_vO7R8Px2EduuuoHTWmKVyQ" xsi:type="uml:EnumerationLiteral"/><publish:element name="CONNECTION" publish:icon="_weGa0Px2EduuuoHTWmKVyQ_icon.jpeg" publish:qualifiedname="Framework::Type Definitions::ObjectType::CONNECTION" xmi:id="_weGa0Px2EduuuoHTWmKVyQ" xsi:type="uml:EnumerationLiteral"/><publish:element name="CTP" publish:icon="_yGlbkPx2EduuuoHTWmKVyQ_icon.jpeg" publish:qualifiedname="Framework::Type Definitions::ObjectType::CTP" xmi:id="_yGlbkPx2EduuuoHTWmKVyQ" xsi:type="uml:EnumerationLiteral"/><publish:element name="EMS" publish:icon="_25RHcPx2EduuuoHTWmKVyQ_icon.jpeg" publish:qualifiedname="Framework::Type Definitions::ObjectType::EMS" xmi:id="_25RHcPx2EduuuoHTWmKVyQ" xsi:type="uml:EnumerationLiteral"/><publish:element name="PROTECTION_GROUP" publish:icon="_4vzLQPx2EduuuoHTWmKVyQ_icon.jpeg" publish:qualifiedname="Framework::Type Definitions::ObjectType::PROTECTION_GROUP" xmi:id="_4vzLQPx2EduuuoHTWmKVyQ" xsi:type="uml:EnumerationLiteral"/><publish:element name="EQUIPMENT" publish:icon="_6KDiwPx2EduuuoHTWmKVyQ_icon.jpeg" publish:qualifiedname="Framework::Type Definitions::ObjectType::EQUIPMENT" xmi:id="_6KDiwPx2EduuuoHTWmKVyQ" xsi:type="uml:EnumerationLiteral"/><publish:element name="EQUIPMENT_HOLDER" publish:icon="_7GCC0Px2EduuuoHTWmKVyQ_icon.jpeg" publish:qualifiedname="Framework::Type Definitions::ObjectType::EQUIPMENT_HOLDER" xmi:id="_7GCC0Px2EduuuoHTWmKVyQ" xsi:type="uml:EnumerationLiteral"/><publish:element name="FLOW_DOMAIN" publish:icon="_8e228Px2EduuuoHTWmKVyQ_icon.jpeg" publish:qualifiedname="Framework::Type Definitions::ObjectType::FLOW_DOMAIN" xmi:id="_8e228Px2EduuuoHTWmKVyQ" xsi:type="uml:EnumerationLiteral"/><publish:element name="FLOW_DOMAIN_FRAGMENT" publish:icon="_92ibkPx2EduuuoHTWmKVyQ_icon.jpeg" publish:qualifiedname="Framework::Type Definitions::ObjectType::FLOW_DOMAIN_FRAGMENT" xmi:id="_92ibkPx2EduuuoHTWmKVyQ" xsi:type="uml:EnumerationLiteral"/><publish:element name="ME" publish:icon="__gvTkPx2EduuuoHTWmKVyQ_icon.jpeg" publish:qualifiedname="Framework::Type Definitions::ObjectType::ME" xmi:id="__gvTkPx2EduuuoHTWmKVyQ" xsi:type="uml:EnumerationLiteral"/><publish:element name="MATRIX_FLOW_DOMAIN" publish:icon="_G3UfkPx3EduuuoHTWmKVyQ_icon.jpeg" publish:qualifiedname="Framework::Type Definitions::ObjectType::MATRIX_FLOW_DOMAIN" xmi:id="_G3UfkPx3EduuuoHTWmKVyQ" xsi:type="uml:EnumerationLiteral"/><publish:element name="MATRIX_FLOW_DOMAIN_FRAGMENT" publish:icon="_It18UPx3EduuuoHTWmKVyQ_icon.jpeg" publish:qualifiedname="Framework::Type Definitions::ObjectType::MATRIX_FLOW_DOMAIN_FRAGMENT" xmi:id="_It18UPx3EduuuoHTWmKVyQ" xsi:type="uml:EnumerationLiteral"/><publish:element name="MLRA" publish:icon="_KwTjUPx3EduuuoHTWmKVyQ_icon.jpeg" publish:qualifiedname="Framework::Type Definitions::ObjectType::MLRA" xmi:id="_KwTjUPx3EduuuoHTWmKVyQ" xsi:type="uml:EnumerationLiteral"/><publish:element name="MULTI_LAYER_SNPP" publish:icon="_M2fzwPx3EduuuoHTWmKVyQ_icon.jpeg" publish:qualifiedname="Framework::Type Definitions::ObjectType::MULTI_LAYER_SNPP" xmi:id="_M2fzwPx3EduuuoHTWmKVyQ" xsi:type="uml:EnumerationLiteral"/><publish:element name="MULTI_LAYER_SNPP_LINK" publish:icon="_RXOM8Px3EduuuoHTWmKVyQ_icon.jpeg" publish:qualifiedname="Framework::Type Definitions::ObjectType::MULTI_LAYER_SNPP_LINK" xmi:id="_RXOM8Px3EduuuoHTWmKVyQ" xsi:type="uml:EnumerationLiteral"/><publish:element name="MLSN" publish:icon="_TybrIPx3EduuuoHTWmKVyQ_icon.jpeg" publish:qualifiedname="Framework::Type Definitions::ObjectType::MLSN" xmi:id="_TybrIPx3EduuuoHTWmKVyQ" xsi:type="uml:EnumerationLiteral"/><publish:element name="PTP" publish:icon="_atf_0Px3EduuuoHTWmKVyQ_icon.jpeg" publish:qualifiedname="Framework::Type Definitions::ObjectType::PTP" xmi:id="_atf_0Px3EduuuoHTWmKVyQ" xsi:type="uml:EnumerationLiteral"/><publish:element name="PM_POINT" publish:icon="_cu6d8Px3EduuuoHTWmKVyQ_icon.jpeg" publish:qualifiedname="Framework::Type Definitions::ObjectType::PM_POINT" xmi:id="_cu6d8Px3EduuuoHTWmKVyQ" xsi:type="uml:EnumerationLiteral"/><publish:element name="SNP" publish:icon="_h73D8Px3EduuuoHTWmKVyQ_icon.jpeg" publish:qualifiedname="Framework::Type Definitions::ObjectType::SNP" xmi:id="_h73D8Px3EduuuoHTWmKVyQ" xsi:type="uml:EnumerationLiteral"/><publish:element name="SNPP" publish:icon="_kFMvAPx3EduuuoHTWmKVyQ_icon.jpeg" publish:qualifiedname="Framework::Type Definitions::ObjectType::SNPP" xmi:id="_kFMvAPx3EduuuoHTWmKVyQ" xsi:type="uml:EnumerationLiteral"/><publish:element name="SNC" publish:icon="_l77AEPx3EduuuoHTWmKVyQ_icon.jpeg" publish:qualifiedname="Framework::Type Definitions::ObjectType::SNC" xmi:id="_l77AEPx3EduuuoHTWmKVyQ" xsi:type="uml:EnumerationLiteral"/><publish:element name="TCA_PARAMETER_PROFILE" publish:icon="_odzuAPx3EduuuoHTWmKVyQ_icon.jpeg" publish:qualifiedname="Framework::Type Definitions::ObjectType::TCA_PARAMETER_PROFILE" xmi:id="_odzuAPx3EduuuoHTWmKVyQ" xsi:type="uml:EnumerationLiteral"/><publish:element name="TP_POOL" publish:icon="_uo1s4Px3EduuuoHTWmKVyQ_icon.jpeg" publish:qualifiedname="Framework::Type Definitions::ObjectType::TP_POOL" xmi:id="_uo1s4Px3EduuuoHTWmKVyQ" xsi:type="uml:EnumerationLiteral"/><publish:element name="TOPOLOGICAL_LINK" publish:icon="_wOXgQPx3EduuuoHTWmKVyQ_icon.jpeg" publish:qualifiedname="Framework::Type Definitions::ObjectType::TOPOLOGICAL_LINK" xmi:id="_wOXgQPx3EduuuoHTWmKVyQ" xsi:type="uml:EnumerationLiteral"/><publish:element name="TC_PROFILE" publish:icon="_y-k-EPx3EduuuoHTWmKVyQ_icon.jpeg" publish:qualifiedname="Framework::Type Definitions::ObjectType::TC_PROFILE" xmi:id="_y-k-EPx3EduuuoHTWmKVyQ" xsi:type="uml:EnumerationLiteral"/><publish:element name="TRAFFIC_DESCRIPTOR" publish:icon="_2d-dIPx3EduuuoHTWmKVyQ_icon.jpeg" publish:qualifiedname="Framework::Type Definitions::ObjectType::TRAFFIC_DESCRIPTOR" xmi:id="_2d-dIPx3EduuuoHTWmKVyQ" xsi:type="uml:EnumerationLiteral"/><publish:element name="ResourceFulfillmentState" publish:icon="_4Y8NoPx6EduuuoHTWmKVyQ_icon.jpeg" publish:qualifiedname="Framework::Type Definitions::ResourceFulfillmentState" xmi:id="_4Y8NoPx6EduuuoHTWmKVyQ" xsi:type="uml:Enumeration"/><publish:element name="IN_SERVICE" publish:icon="_-IJzMPx6EduuuoHTWmKVyQ_icon.jpeg" publish:qualifiedname="Framework::Type Definitions::ResourceFulfillmentState::IN_SERVICE" xmi:id="_-IJzMPx6EduuuoHTWmKVyQ" xsi:type="uml:EnumerationLiteral"/><publish:element name="OUT_OF_SERVICE" publish:icon="__crWIPx6EduuuoHTWmKVyQ_icon.jpeg" publish:qualifiedname="Framework::Type Definitions::ResourceFulfillmentState::OUT_OF_SERVICE" xmi:id="__crWIPx6EduuuoHTWmKVyQ" xsi:type="uml:EnumerationLiteral"/><publish:element name="OUT_OF_SERVICE_BY_MAINTENANCE" publish:icon="_A34I0Px7EduuuoHTWmKVyQ_icon.jpeg" publish:qualifiedname="Framework::Type Definitions::ResourceFulfillmentState::OUT_OF_SERVICE_BY_MAINTENANCE" xmi:id="_A34I0Px7EduuuoHTWmKVyQ" xsi:type="uml:EnumerationLiteral"/><publish:element name="SERVICE_STATE_NOT_APPLICABLE" publish:icon="_F4MoEPx7EduuuoHTWmKVyQ_icon.jpeg" publish:qualifiedname="Framework::Type Definitions::ResourceFulfillmentState::SERVICE_STATE_NOT_APPLICABLE" xmi:id="_F4MoEPx7EduuuoHTWmKVyQ" xsi:type="uml:EnumerationLiteral"/><publish:element name="ItuTTime" publish:icon="_2KarIPx7EduuuoHTWmKVyQ_icon.jpeg" publish:qualifiedname="Framework::Type Definitions::ItuTTime" xmi:id="_2KarIPx7EduuuoHTWmKVyQ" xsi:type="uml:DataType"/><publish:element name="FileTransferStatus" publish:icon="_lysCMPyQEduuuoHTWmKVyQ_icon.jpeg" publish:qualifiedname="Framework::Type Definitions::FileTransferStatus" xmi:id="_lysCMPyQEduuuoHTWmKVyQ" xsi:type="uml:Enumeration"/><publish:element name="IN_PROGRESS" publish:icon="_ndRUsPyQEduuuoHTWmKVyQ_icon.jpeg" publish:qualifiedname="Framework::Type Definitions::FileTransferStatus::IN_PROGRESS" xmi:id="_ndRUsPyQEduuuoHTWmKVyQ" xsi:type="uml:EnumerationLiteral"/><publish:element name="FAILED" publish:icon="_o2FhwPyQEduuuoHTWmKVyQ_icon.jpeg" publish:qualifiedname="Framework::Type Definitions::FileTransferStatus::FAILED" xmi:id="_o2FhwPyQEduuuoHTWmKVyQ" xsi:type="uml:EnumerationLiteral"/><publish:element name="COMPLETED" publish:icon="_p5m0QPyQEduuuoHTWmKVyQ_icon.jpeg" publish:qualifiedname="Framework::Type Definitions::FileTransferStatus::COMPLETED" xmi:id="_p5m0QPyQEduuuoHTWmKVyQ" xsi:type="uml:EnumerationLiteral"/><publish:element name="BackupStatus" publish:icon="_hJtSoPyVEduuuoHTWmKVyQ_icon.jpeg" publish:qualifiedname="Framework::Type Definitions::BackupStatus" xmi:id="_hJtSoPyVEduuuoHTWmKVyQ" xsi:type="uml:DataType"/><publish:element name="OperationStatus" publish:icon="_uy1awPyVEduuuoHTWmKVyQ_icon.jpeg" publish:qualifiedname="Framework::Type Definitions::OperationStatus" xmi:id="_uy1awPyVEduuuoHTWmKVyQ" xsi:type="uml:Enumeration"/><publish:element name="IDLE" publish:icon="_yNinEPyVEduuuoHTWmKVyQ_icon.jpeg" publish:qualifiedname="Framework::Type Definitions::OperationStatus::IDLE" xmi:id="_yNinEPyVEduuuoHTWmKVyQ" xsi:type="uml:EnumerationLiteral"/><publish:element name="IN_PROGRESS" publish:icon="_zQsGIPyVEduuuoHTWmKVyQ_icon.jpeg" publish:qualifiedname="Framework::Type Definitions::OperationStatus::IN_PROGRESS" xmi:id="_zQsGIPyVEduuuoHTWmKVyQ" xsi:type="uml:EnumerationLiteral"/><publish:element name="COMPLETED" publish:icon="_0zofkPyVEduuuoHTWmKVyQ_icon.jpeg" publish:qualifiedname="Framework::Type Definitions::OperationStatus::COMPLETED" xmi:id="_0zofkPyVEduuuoHTWmKVyQ" xsi:type="uml:EnumerationLiteral"/><publish:element name="ABORTED" publish:icon="_1-UKAPyVEduuuoHTWmKVyQ_icon.jpeg" publish:qualifiedname="Framework::Type Definitions::OperationStatus::ABORTED" xmi:id="_1-UKAPyVEduuuoHTWmKVyQ" xsi:type="uml:EnumerationLiteral"/><publish:element name="PerceivedSeverity" publish:icon="_CbVSEPybEduuuoHTWmKVyQ_icon.jpeg" publish:qualifiedname="Framework::Type Definitions::PerceivedSeverity" xmi:id="_CbVSEPybEduuuoHTWmKVyQ" xsi:type="uml:Enumeration"/><publish:element name="INDETERMINATE" publish:icon="_El-ksPybEduuuoHTWmKVyQ_icon.jpeg" publish:qualifiedname="Framework::Type Definitions::PerceivedSeverity::INDETERMINATE" xmi:id="_El-ksPybEduuuoHTWmKVyQ" xsi:type="uml:EnumerationLiteral"/><publish:element name="CRITICAL" publish:icon="_GItiwPybEduuuoHTWmKVyQ_icon.jpeg" publish:qualifiedname="Framework::Type Definitions::PerceivedSeverity::CRITICAL" xmi:id="_GItiwPybEduuuoHTWmKVyQ" xsi:type="uml:EnumerationLiteral"/><publish:element name="MAJOR" publish:icon="_HYo5kPybEduuuoHTWmKVyQ_icon.jpeg" publish:qualifiedname="Framework::Type Definitions::PerceivedSeverity::MAJOR" xmi:id="_HYo5kPybEduuuoHTWmKVyQ" xsi:type="uml:EnumerationLiteral"/><publish:element name="MINOR" publish:icon="_Ih-gMPybEduuuoHTWmKVyQ_icon.jpeg" publish:qualifiedname="Framework::Type Definitions::PerceivedSeverity::MINOR" xmi:id="_Ih-gMPybEduuuoHTWmKVyQ" xsi:type="uml:EnumerationLiteral"/><publish:element name="WARNING" publish:icon="_JfwXEPybEduuuoHTWmKVyQ_icon.jpeg" publish:qualifiedname="Framework::Type Definitions::PerceivedSeverity::WARNING" xmi:id="_JfwXEPybEduuuoHTWmKVyQ" xsi:type="uml:EnumerationLiteral"/><publish:element name="CLEARED" publish:icon="_Kel94PybEduuuoHTWmKVyQ_icon.jpeg" publish:qualifiedname="Framework::Type Definitions::PerceivedSeverity::CLEARED" xmi:id="_Kel94PybEduuuoHTWmKVyQ" xsi:type="uml:EnumerationLiteral"/><publish:element name="CommonObjectSetData" publish:icon="_MPswEP_FEduKKLvC_EB00A_icon.jpeg" publish:qualifiedname="Framework::Type Definitions::CommonObjectSetData" xmi:id="_MPswEP_FEduKKLvC_EB00A" xsi:type="uml:DataType"/><publish:element name="Real" publish:icon="_5UUPMGKgEdyNhvM9Xq9guw_icon.jpeg" publish:qualifiedname="Framework::Type Definitions::Real" xmi:id="_5UUPMGKgEdyNhvM9Xq9guw" xsi:type="uml:PrimitiveType"/><publish:element name="UnsignedInteger" publish:icon="_h311UJEREdypurMa9DXJyw_icon.jpeg" publish:qualifiedname="Framework::Type Definitions::UnsignedInteger" xmi:id="_h311UJEREdypurMa9DXJyw" xsi:type="uml:PrimitiveType"/><publish:element name="AttributeMatchingCriteria" publish:icon="_9S3Y0JmdEdyyzpZ_RxHd0w_icon.jpeg" publish:qualifiedname="Framework::Type Definitions::AttributeMatchingCriteria" xmi:id="_9S3Y0JmdEdyyzpZ_RxHd0w" xsi:type="uml:Enumeration"/><publish:element name="PRESENCE" publish:icon="_TDP78JmeEdyyzpZ_RxHd0w_icon.jpeg" publish:qualifiedname="Framework::Type Definitions::AttributeMatchingCriteria::PRESENCE" xmi:id="_TDP78JmeEdyyzpZ_RxHd0w" xsi:type="uml:EnumerationLiteral"/><publish:element name="EQUALITY" publish:icon="_U3rG8JmeEdyyzpZ_RxHd0w_icon.jpeg" publish:qualifiedname="Framework::Type Definitions::AttributeMatchingCriteria::EQUALITY" xmi:id="_U3rG8JmeEdyyzpZ_RxHd0w" xsi:type="uml:EnumerationLiteral"/><publish:element name="COMPARISON" publish:icon="_WSHrsJmeEdyyzpZ_RxHd0w_icon.jpeg" publish:qualifiedname="Framework::Type Definitions::AttributeMatchingCriteria::COMPARISON" xmi:id="_WSHrsJmeEdyyzpZ_RxHd0w" xsi:type="uml:EnumerationLiteral"/><publish:element name="SUBSTRINGS" publish:icon="_ZoJMUJmeEdyyzpZ_RxHd0w_icon.jpeg" publish:qualifiedname="Framework::Type Definitions::AttributeMatchingCriteria::SUBSTRINGS" xmi:id="_ZoJMUJmeEdyyzpZ_RxHd0w" xsi:type="uml:EnumerationLiteral"/><publish:element name="SET_OF_SUPERSET" publish:icon="_ZO-o8JmfEdyyzpZ_RxHd0w_icon.jpeg" publish:qualifiedname="Framework::Type Definitions::AttributeMatchingCriteria::SET_OF_SUPERSET" xmi:id="_ZO-o8JmfEdyyzpZ_RxHd0w" xsi:type="uml:EnumerationLiteral"/><publish:element name="SET_OF_SUBSET" publish:icon="_cgtfcJmfEdyyzpZ_RxHd0w_icon.jpeg" publish:qualifiedname="Framework::Type Definitions::AttributeMatchingCriteria::SET_OF_SUBSET" xmi:id="_cgtfcJmfEdyyzpZ_RxHd0w" xsi:type="uml:EnumerationLiteral"/><publish:element name="SET_OF_NON_NULL_INTERSECTION" publish:icon="_eGbgEJmfEdyyzpZ_RxHd0w_icon.jpeg" publish:qualifiedname="Framework::Type Definitions::AttributeMatchingCriteria::SET_OF_NON_NULL_INTERSECTION" xmi:id="_eGbgEJmfEdyyzpZ_RxHd0w" xsi:type="uml:EnumerationLiteral"/><publish:element name="CommonObjectCreateData" publish:icon="_fJJBQKf4EdyBvu4QgH3iCw_icon.jpeg" publish:qualifiedname="Framework::Type Definitions::CommonObjectCreateData" xmi:id="_fJJBQKf4EdyBvu4QgH3iCw" xsi:type="uml:DataType"/><publish:element name="CommonObjectModifyData" publish:icon="_QXAswbqbEdyA7v53CjAzng_icon.jpeg" publish:qualifiedname="Framework::Type Definitions::CommonObjectModifyData" xmi:id="_QXAswbqbEdyA7v53CjAzng" xsi:type="uml:DataType"/><publish:element name="FailPolicy" publish:icon="_sD2YsC2FEd2bvew_svoXHA_icon.jpeg" publish:qualifiedname="Framework::Type Definitions::FailPolicy" xmi:id="_sD2YsC2FEd2bvew_svoXHA" xsi:type="uml:Enumeration"/><publish:element name="BEST_EFFORT" publish:icon="_uaNMEC2FEd2bvew_svoXHA_icon.jpeg" publish:qualifiedname="Framework::Type Definitions::FailPolicy::BEST_EFFORT" xmi:id="_uaNMEC2FEd2bvew_svoXHA" xsi:type="uml:EnumerationLiteral"/><publish:element name="HALT" publish:icon="_wlh0IC2FEd2bvew_svoXHA_icon.jpeg" publish:qualifiedname="Framework::Type Definitions::FailPolicy::HALT" xmi:id="_wlh0IC2FEd2bvew_svoXHA" xsi:type="uml:EnumerationLiteral"/><publish:element name="ROLL_BACK" publish:icon="_xzxI4C2FEd2bvew_svoXHA_icon.jpeg" publish:qualifiedname="Framework::Type Definitions::FailPolicy::ROLL_BACK" xmi:id="_xzxI4C2FEd2bvew_svoXHA" xsi:type="uml:EnumerationLiteral"/><publish:element name="Order" publish:icon="_Ah0RsC2GEd2bvew_svoXHA_icon.jpeg" publish:qualifiedname="Framework::Type Definitions::Order" xmi:id="_Ah0RsC2GEd2bvew_svoXHA" xsi:type="uml:Enumeration"/><publish:element name="SEQUENTIAL" publish:icon="_FbogUC2GEd2bvew_svoXHA_icon.jpeg" publish:qualifiedname="Framework::Type Definitions::Order::SEQUENTIAL" xmi:id="_FbogUC2GEd2bvew_svoXHA" xsi:type="uml:EnumerationLiteral"/><publish:element name="ANY" publish:icon="_GwRYAC2GEd2bvew_svoXHA_icon.jpeg" publish:qualifiedname="Framework::Type Definitions::Order::ANY" xmi:id="_GwRYAC2GEd2bvew_svoXHA" xsi:type="uml:EnumerationLiteral"/><publish:element name="Template" publish:icon="_tjP5cC2GEd2bvew_svoXHA_icon.jpeg" publish:qualifiedname="Framework::Type Definitions::Template" xmi:id="_tjP5cC2GEd2bvew_svoXHA" xsi:type="uml:DataType"/><publish:element name="Operation" publish:icon="_BeWV8C2HEd2bvew_svoXHA_icon.jpeg" publish:qualifiedname="Framework::Type Definitions::Operation" xmi:id="_BeWV8C2HEd2bvew_svoXHA" xsi:type="uml:DataType"/><publish:element name="OperationSet" publish:icon="_NIIHIC4kEd2R9fByI3-6Dw_icon.jpeg" publish:qualifiedname="Framework::Type Definitions::OperationSet" xmi:id="_NIIHIC4kEd2R9fByI3-6Dw" xsi:type="uml:DataType"/><publish:element name="OperationSetResult" publish:icon="_Akx-gC4oEd2R9fByI3-6Dw_icon.jpeg" publish:qualifiedname="Framework::Type Definitions::OperationSetResult" xmi:id="_Akx-gC4oEd2R9fByI3-6Dw" xsi:type="uml:DataType"/><publish:element name="ResultType" publish:icon="_ZaaegC4sEd26CMlLpyBM3Q_icon.jpeg" publish:qualifiedname="Framework::Type Definitions::ResultType" xmi:id="_ZaaegC4sEd26CMlLpyBM3Q" xsi:type="uml:Enumeration"/><publish:element name="SUCCESS" publish:icon="_bP1IAC4sEd26CMlLpyBM3Q_icon.jpeg" publish:qualifiedname="Framework::Type Definitions::ResultType::SUCCESS" xmi:id="_bP1IAC4sEd26CMlLpyBM3Q" xsi:type="uml:EnumerationLiteral"/><publish:element name="FAILURE" publish:icon="_cPnKAC4sEd26CMlLpyBM3Q_icon.jpeg" publish:qualifiedname="Framework::Type Definitions::ResultType::FAILURE" xmi:id="_cPnKAC4sEd26CMlLpyBM3Q" xsi:type="uml:EnumerationLiteral"/><publish:element name="WARNING" publish:icon="_dM21YC4sEd26CMlLpyBM3Q_icon.jpeg" publish:qualifiedname="Framework::Type Definitions::ResultType::WARNING" xmi:id="_dM21YC4sEd26CMlLpyBM3Q" xsi:type="uml:EnumerationLiteral"/><publish:element name="NOT_ATTEMPTED" publish:icon="_fD6doC4sEd26CMlLpyBM3Q_icon.jpeg" publish:qualifiedname="Framework::Type Definitions::ResultType::NOT_ATTEMPTED" xmi:id="_fD6doC4sEd26CMlLpyBM3Q" xsi:type="uml:EnumerationLiteral"/><publish:element name="UNKNOWN" publish:icon="_gQp9kC4sEd26CMlLpyBM3Q_icon.jpeg" publish:qualifiedname="Framework::Type Definitions::ResultType::UNKNOWN" xmi:id="_gQp9kC4sEd26CMlLpyBM3Q" xsi:type="uml:EnumerationLiteral"/><publish:element name="OperationResult" publish:icon="_xE9oQC4sEd26CMlLpyBM3Q_icon.jpeg" publish:qualifiedname="Framework::Type Definitions::OperationResult" xmi:id="_xE9oQC4sEd26CMlLpyBM3Q" xsi:type="uml:DataType"/><publish:element name="Any" publish:icon="_urnOcC4wEd26CMlLpyBM3Q_icon.jpeg" publish:qualifiedname="Framework::Type Definitions::Any" xmi:id="_urnOcC4wEd26CMlLpyBM3Q" xsi:type="uml:PrimitiveType"/><publish:element name="OperationSetState" publish:icon="_ELnWwC4yEd26CMlLpyBM3Q_icon.jpeg" publish:qualifiedname="Framework::Type Definitions::OperationSetState" xmi:id="_ELnWwC4yEd26CMlLpyBM3Q" xsi:type="uml:DataType"/><publish:element name="State" publish:icon="_p02dYC48Ed26CMlLpyBM3Q_icon.jpeg" publish:qualifiedname="Framework::Type Definitions::State" xmi:id="_p02dYC48Ed26CMlLpyBM3Q" xsi:type="uml:Enumeration"/><publish:element name="COMPLETED_SUCCESSFULLY" publish:icon="_4WTCsC4-Ed26CMlLpyBM3Q_icon.jpeg" publish:qualifiedname="Framework::Type Definitions::State::COMPLETED_SUCCESSFULLY" xmi:id="_4WTCsC4-Ed26CMlLpyBM3Q" xsi:type="uml:EnumerationLiteral"/><publish:element name="TERMINATED_SUCCESSFULLY" publish:icon="_6GzXAC4-Ed26CMlLpyBM3Q_icon.jpeg" publish:qualifiedname="Framework::Type Definitions::State::TERMINATED_SUCCESSFULLY" xmi:id="_6GzXAC4-Ed26CMlLpyBM3Q" xsi:type="uml:EnumerationLiteral"/><publish:element name="FAILED" publish:icon="_7zSG8C4-Ed26CMlLpyBM3Q_icon.jpeg" publish:qualifiedname="Framework::Type Definitions::State::FAILED" xmi:id="_7zSG8C4-Ed26CMlLpyBM3Q" xsi:type="uml:EnumerationLiteral"/><publish:element name="NOT_STARTED" publish:icon="_9wTNQC4-Ed26CMlLpyBM3Q_icon.jpeg" publish:qualifiedname="Framework::Type Definitions::State::NOT_STARTED" xmi:id="_9wTNQC4-Ed26CMlLpyBM3Q" xsi:type="uml:EnumerationLiteral"/><publish:element name="IN_PROGRESS" publish:icon="_NHCGsC4_Ed26CMlLpyBM3Q_icon.jpeg" publish:qualifiedname="Framework::Type Definitions::State::IN_PROGRESS" xmi:id="_NHCGsC4_Ed26CMlLpyBM3Q" xsi:type="uml:EnumerationLiteral"/><publish:element name="UNKNOWN" publish:icon="_Oul6YC4_Ed26CMlLpyBM3Q_icon.jpeg" publish:qualifiedname="Framework::Type Definitions::State::UNKNOWN" xmi:id="_Oul6YC4_Ed26CMlLpyBM3Q" xsi:type="uml:EnumerationLiteral"/><publish:element name="OperationState" publish:icon="_km2nIC4_Ed26CMlLpyBM3Q_icon.jpeg" publish:qualifiedname="Framework::Type Definitions::OperationState" xmi:id="_km2nIC4_Ed26CMlLpyBM3Q" xsi:type="uml:DataType"/><publish:element name="SingleTerminateProcessResponse" publish:icon="_2ySVcC5CEd26CMlLpyBM3Q_icon.jpeg" publish:qualifiedname="Framework::Type Definitions::SingleTerminateProcessResponse" xmi:id="_2ySVcC5CEd26CMlLpyBM3Q" xsi:type="uml:DataType"/><publish:element name="SingleDoProcessResponse" publish:icon="_Y16WYC5EEd26CMlLpyBM3Q_icon.jpeg" publish:qualifiedname="Framework::Type Definitions::SingleDoProcessResponse" xmi:id="_Y16WYC5EEd26CMlLpyBM3Q" xsi:type="uml:DataType"/><publish:element name="SingleDoProcessRequest" publish:icon="_iVmugC5FEd26CMlLpyBM3Q_icon.jpeg" publish:qualifiedname="Framework::Type Definitions::SingleDoProcessRequest" xmi:id="_iVmugC5FEd26CMlLpyBM3Q" xsi:type="uml:DataType"/><publish:element name="CommonObjectProvisioning" publish:icon="_8KmqACVOEdyiv86aejkLcA_icon.jpeg" publish:qualifiedname="Framework::Interfaces::CommonObjectProvisioning" xmi:id="_8KmqACVOEdyiv86aejkLcA" xsi:type="uml:Interface"/><publish:element name="setUserLabel" publish:icon="_VWkdHCSoEdyqcomT-DTtQQ_icon.jpeg" publish:qualifiedname="Framework::Interfaces::CommonObjectProvisioning::setUserLabel" xmi:id="_VWkdHCSoEdyqcomT-DTtQQ" xsi:type="uml:Operation"/><publish:element name="setOwner" publish:icon="_VWkdECSoEdyqcomT-DTtQQ_icon.jpeg" publish:qualifiedname="Framework::Interfaces::CommonObjectProvisioning::setOwner" xmi:id="_VWkdECSoEdyqcomT-DTtQQ" xsi:type="uml:Operation"/><publish:element name="setNativeEmsName" publish:icon="_LZdIICSyEdyqcomT-DTtQQ_icon.jpeg" publish:qualifiedname="Framework::Interfaces::CommonObjectProvisioning::setNativeEmsName" xmi:id="_LZdIICSyEdyqcomT-DTtQQ" xsi:type="uml:Operation"/><publish:element name="setAdditionalInfo" publish:icon="_VWqjuySoEdyqcomT-DTtQQ_icon.jpeg" publish:qualifiedname="Framework::Interfaces::CommonObjectProvisioning::setAdditionalInfo" xmi:id="_VWqjuySoEdyqcomT-DTtQQ" xsi:type="uml:Operation"/><publish:element name="Common" publish:icon="_ccpu0JjvEdyuNMSCXkXoCg_icon.jpeg" publish:qualifiedname="Framework::Interfaces::Common" xmi:id="_ccpu0JjvEdyuNMSCXkXoCg" xsi:type="uml:Interface"/><publish:element name="getVersion" publish:icon="_rB0ocJjvEdyuNMSCXkXoCg_icon.jpeg" publish:qualifiedname="Framework::Interfaces::Common::getVersion" xmi:id="_rB0ocJjvEdyuNMSCXkXoCg" xsi:type="uml:Operation"/><publish:element name="getCapabilities" publish:icon="_tQlS4JmbEdyyzpZ_RxHd0w_icon.jpeg" publish:qualifiedname="Framework::Interfaces::Common::getCapabilities" xmi:id="_tQlS4JmbEdyyzpZ_RxHd0w" xsi:type="uml:Operation"/><publish:element name="MartService" publish:icon="__X4KUd-2EdyFkaOT6BXRgg_icon.jpeg" publish:qualifiedname="Framework::Interfaces::MartService" xmi:id="__X4KUd-2EdyFkaOT6BXRgg" xsi:type="uml:Interface"/><publish:element name="doProcess" publish:icon="_MiZD0N-3EdyFkaOT6BXRgg_icon.jpeg" publish:qualifiedname="Framework::Interfaces::MartService::doProcess" xmi:id="_MiZD0N-3EdyFkaOT6BXRgg" xsi:type="uml:Operation"/><publish:element name="getProcessState" publish:icon="_OOIM4N-3EdyFkaOT6BXRgg_icon.jpeg" publish:qualifiedname="Framework::Interfaces::MartService::getProcessState" xmi:id="_OOIM4N-3EdyFkaOT6BXRgg" xsi:type="uml:Operation"/><publish:element name="terminateProcess" publish:icon="_P5aqAN-3EdyFkaOT6BXRgg_icon.jpeg" publish:qualifiedname="Framework::Interfaces::MartService::terminateProcess" xmi:id="_P5aqAN-3EdyFkaOT6BXRgg" xsi:type="uml:Operation"/><publish:element name="NotificationBrokerService" publish:icon="_BpUBcN-3EdyFkaOT6BXRgg_icon.jpeg" publish:qualifiedname="Framework::Interfaces::NotificationBrokerService" xmi:id="_BpUBcN-3EdyFkaOT6BXRgg" xsi:type="uml:Interface"/><publish:element name="notify" publish:icon="_UvNUQN-3EdyFkaOT6BXRgg_icon.jpeg" publish:qualifiedname="Framework::Interfaces::NotificationBrokerService::notify" xmi:id="_UvNUQN-3EdyFkaOT6BXRgg" xsi:type="uml:Operation"/><publish:element name="subscribe" publish:icon="_V_YisN-3EdyFkaOT6BXRgg_icon.jpeg" publish:qualifiedname="Framework::Interfaces::NotificationBrokerService::subscribe" xmi:id="_V_YisN-3EdyFkaOT6BXRgg" xsi:type="uml:Operation"/><publish:element name="unsubscribe" publish:icon="_XLhlsN-3EdyFkaOT6BXRgg_icon.jpeg" publish:qualifiedname="Framework::Interfaces::NotificationBrokerService::unsubscribe" xmi:id="_XLhlsN-3EdyFkaOT6BXRgg" xsi:type="uml:Operation"/><publish:element name="NotificationConsumerService" publish:icon="_D-UxAN-3EdyFkaOT6BXRgg_icon.jpeg" publish:qualifiedname="Framework::Interfaces::NotificationConsumerService" xmi:id="_D-UxAN-3EdyFkaOT6BXRgg" xsi:type="uml:Interface"/><publish:element name="notify" publish:icon="_Z4OcgN-3EdyFkaOT6BXRgg_icon.jpeg" publish:qualifiedname="Framework::Interfaces::NotificationConsumerService::notify" xmi:id="_Z4OcgN-3EdyFkaOT6BXRgg" xsi:type="uml:Operation"/><publish:element name="NotificationProducerService" publish:icon="_GapCcN-3EdyFkaOT6BXRgg_icon.jpeg" publish:qualifiedname="Framework::Interfaces::NotificationProducerService" xmi:id="_GapCcN-3EdyFkaOT6BXRgg" xsi:type="uml:Interface"/><publish:element name="subscribe" publish:icon="_cMzHMN-3EdyFkaOT6BXRgg_icon.jpeg" publish:qualifiedname="Framework::Interfaces::NotificationProducerService::subscribe" xmi:id="_cMzHMN-3EdyFkaOT6BXRgg" xsi:type="uml:Operation"/><publish:element name="unsubscribe" publish:icon="_dhu50N-3EdyFkaOT6BXRgg_icon.jpeg" publish:qualifiedname="Framework::Interfaces::NotificationProducerService::unsubscribe" xmi:id="_dhu50N-3EdyFkaOT6BXRgg" xsi:type="uml:Operation"/><publish:element name="ManagementDomain" publish:icon="_3BAfcPx8EduuuoHTWmKVyQ_icon.jpeg" publish:qualifiedname="Framework::Data Object Classes::ManagementDomain" xmi:id="_3BAfcPx8EduuuoHTWmKVyQ" xsi:type="uml:Class"/><publish:element name="CommonObjectInfo" publish:icon="_o9aZcA6yEdyd7PUNb-IYCQ_icon.jpeg" publish:qualifiedname="Framework::Data Object Classes::CommonObjectInfo" xmi:id="_o9aZcA6yEdyd7PUNb-IYCQ" xsi:type="uml:Class"/><publish:element name="CommonEventInformation" publish:icon="_76bRYPpLEduVsYI7mfNDXQ_icon.jpeg" publish:qualifiedname="Framework::Notifications::CommonEventInformation" xmi:id="_76bRYPpLEduVsYI7mfNDXQ" xsi:type="uml:Class"/><publish:element name="EventInformation" publish:icon="_zfXP8PpTEduVsYI7mfNDXQ_icon.jpeg" publish:qualifiedname="Framework::Notifications::EventInformation" xmi:id="_zfXP8PpTEduVsYI7mfNDXQ" xsi:type="uml:Class"/><publish:element name="AttributeValueChangeNotification" publish:icon="_q6wlsPyEEduuuoHTWmKVyQ_icon.jpeg" publish:qualifiedname="Framework::Notifications::AttributeValueChangeNotification" xmi:id="_q6wlsPyEEduuuoHTWmKVyQ" xsi:type="uml:Class"/><publish:element name="FileTransferStatusNotification" publish:icon="_1GRWcPyPEduuuoHTWmKVyQ_icon.jpeg" publish:qualifiedname="Framework::Notifications::FileTransferStatusNotification" xmi:id="_1GRWcPyPEduuuoHTWmKVyQ" xsi:type="uml:Class"/><publish:element name="HeartbeatNotification" publish:icon="_BOh20PySEduuuoHTWmKVyQ_icon.jpeg" publish:qualifiedname="Framework::Notifications::HeartbeatNotification" xmi:id="_BOh20PySEduuuoHTWmKVyQ" xsi:type="uml:Class"/><publish:element name="LogAttributeValueChangeNotification" publish:icon="_I55i4PyZEduuuoHTWmKVyQ_icon.jpeg" publish:qualifiedname="Framework::Notifications::LogAttributeValueChangeNotification" xmi:id="_I55i4PyZEduuuoHTWmKVyQ" xsi:type="uml:Class"/><publish:element name="LogCapacityThresholdAlarmNotification" publish:icon="_I5_pifyZEduuuoHTWmKVyQ_icon.jpeg" publish:qualifiedname="Framework::Notifications::LogCapacityThresholdAlarmNotification" xmi:id="_I5_pifyZEduuuoHTWmKVyQ" xsi:type="uml:Class"/><publish:element name="LogProcessingErrorAlarmNotification" publish:icon="_I6FwIPyZEduuuoHTWmKVyQ_icon.jpeg" publish:qualifiedname="Framework::Notifications::LogProcessingErrorAlarmNotification" xmi:id="_I6FwIPyZEduuuoHTWmKVyQ" xsi:type="uml:Class"/><publish:element name="LogStateChangeNotification" publish:icon="_I5_pgPyZEduuuoHTWmKVyQ_icon.jpeg" publish:qualifiedname="Framework::Notifications::LogStateChangeNotification" xmi:id="_I5_pgPyZEduuuoHTWmKVyQ" xsi:type="uml:Class"/><publish:element name="MultiEventNotifications" publish:icon="_CyL5kPygEduuuoHTWmKVyQ_icon.jpeg" publish:qualifiedname="Framework::Notifications::MultiEventNotifications" xmi:id="_CyL5kPygEduuuoHTWmKVyQ" xsi:type="uml:Class"/><publish:element name="ObjectCreationNotification" publish:icon="_jvAJoPyEEduuuoHTWmKVyQ_icon.jpeg" publish:qualifiedname="Framework::Notifications::ObjectCreationNotification" xmi:id="_jvAJoPyEEduuuoHTWmKVyQ" xsi:type="uml:Class"/><publish:element name="ObjectDeletionNotification" publish:icon="_yDFIsPyDEduuuoHTWmKVyQ_icon.jpeg" publish:qualifiedname="Framework::Notifications::ObjectDeletionNotification" xmi:id="_yDFIsPyDEduuuoHTWmKVyQ" xsi:type="uml:Class"/><publish:element name="ObjectDiscoveryNotification" publish:icon="_J8mGEPyFEduuuoHTWmKVyQ_icon.jpeg" publish:qualifiedname="Framework::Notifications::ObjectDiscoveryNotification" xmi:id="_J8mGEPyFEduuuoHTWmKVyQ" xsi:type="uml:Class"/><publish:element name="StateChangeNotification" publish:icon="_4ueNMPyEEduuuoHTWmKVyQ_icon.jpeg" publish:qualifiedname="Framework::Notifications::StateChangeNotification" xmi:id="_4ueNMPyEEduuuoHTWmKVyQ" xsi:type="uml:Class"/><publish:element publish:icon="_E2qLUJmnEdyyzpZ_RxHd0w_icon.jpeg" publish:qualifiedname="Framework::Notifications::&lt;Dependency&gt;" xmi:id="_E2qLUJmnEdyyzpZ_RxHd0w" xsi:type="uml:Dependency"/><publish:element publish:icon="_GY1vwJmnEdyyzpZ_RxHd0w_icon.jpeg" publish:qualifiedname="Framework::Notifications::&lt;Dependency&gt;" xmi:id="_GY1vwJmnEdyyzpZ_RxHd0w" xsi:type="uml:Dependency"/><publish:element publish:icon="_KX8CkJmnEdyyzpZ_RxHd0w_icon.jpeg" publish:qualifiedname="Framework::Notifications::&lt;Dependency&gt;" xmi:id="_KX8CkJmnEdyyzpZ_RxHd0w" xsi:type="uml:Dependency"/><publish:element publish:icon="_K6IJoJmnEdyyzpZ_RxHd0w_icon.jpeg" publish:qualifiedname="Framework::Notifications::&lt;Dependency&gt;" xmi:id="_K6IJoJmnEdyyzpZ_RxHd0w" xsi:type="uml:Dependency"/><publish:element publish:icon="_LpfxEJmnEdyyzpZ_RxHd0w_icon.jpeg" publish:qualifiedname="Framework::Notifications::&lt;Dependency&gt;" xmi:id="_LpfxEJmnEdyyzpZ_RxHd0w" xsi:type="uml:Dependency"/></publish:elements>