<?xml version="1.0" encoding="UTF-8"?>
<soap:Envelope xmlns:soap="http://schemas.xmlsoap.org/soap/envelope/" xmlns:hdr="http://www.tmforum.org/mtop/fmw/xsd/hdr/v1" xmlns:mer="http://www.tmforum.org/mtop/mri/xsd/mer/v1" xmlns:coi="http://www.tmforum.org/mtop/fmw/xsd/coi/v1" xmlns:gen="http://www.tmforum.org/mtop/fmw/xsd/gen/v1" xmlns:nam="http://www.tmforum.org/mtop/fmw/xsd/nam/v1" xmlns:cri="http://www.tmforum.org/mtop/nrb/xsd/cri/v1" xmlns:lay="http://www.tmforum.org/mtop/nrb/xsd/lay/v1" xmlns:lp="http://www.tmforum.org/mtop/nrb/xsd/lp/v1" xmlns:me="http://www.tmforum.org/mtop/nrf/xsd/me/v1" xmlns:nt1="vendor.v1" xmlns:xsi="http://www.w3.org/2001/XMLSchema-instance" xsi:schemaLocation="http://www.tmforum.org/mtop/mri/xsd/mer/v1 ../xsd/ManagedElementRetrievalMessages.xsd http://schemas.xmlsoap.org/soap/envelope/ http://schemas.xmlsoap.org/soap/envelope/">
  <soap:Header>
    <hdr:header>
      <hdr:activityName>getManagedElement</hdr:activityName>
      <hdr:msgName>getManagedElementResponse</hdr:msgName>
      <hdr:msgType>RESPONSE</hdr:msgType>
      <hdr:senderURI>/MTOSI/EmsOS</hdr:senderURI>
      <hdr:destinationURI>/MTOSI/InventoryOS</hdr:destinationURI>
      <hdr:correlationId>1111</hdr:correlationId>
      <hdr:communicationPattern>SimpleResponse</hdr:communicationPattern>
      <hdr:communicationStyle>MSG</hdr:communicationStyle>
      <hdr:timestamp>2007-07-30T09:26:00</hdr:timestamp>
    </hdr:header>
  </soap:Header>
  <soap:Body>
    <mer:getManagedElementResponse>
      <mer:me>
        <coi:userLabel>string</coi:userLabel>
        <coi:discoveredName>string</coi:discoveredName>
        <coi:namingOs>string</coi:namingOs>
        <coi:owner>string</coi:owner>
        <coi:aliasNameList>
          <gen:alias>
            <gen:aliasName>string</gen:aliasName>
            <gen:aliasValue>string</gen:aliasValue>
          </gen:alias>
        </coi:aliasNameList>
        <cri:source>NETWORK_EMS</cri:source>
        <cri:networkAccessDomain>string</cri:networkAccessDomain>
        <cri:resourceState>INSTALLING</cri:resourceState>
        <me:location>string</me:location>
        <me:manufacturer>string</me:manufacturer>
        <me:productName>string</me:productName>
        <me:softwareVersion>string</me:softwareVersion>
        <me:isInSyncState>true</me:isInSyncState>
        <me:supportedConnectionLayerRateList>
          <lay:layerRate>LR_Line_OC48_STS48_and_MS_STM16</lay:layerRate>
          <lay:layerRate>LR_Line_OC192_STS192_and_MS_STM64</lay:layerRate>
        </me:supportedConnectionLayerRateList>
        <me:communicationState>CS_AVAILABLE</me:communicationState>
      </mer:me>
    </mer:getManagedElementResponse>
  </soap:Body>
</soap:Envelope>
