<?xml version="1.0" encoding="UTF-8"?>
<soap:Envelope xmlns:soap="http://schemas.xmlsoap.org/soap/envelope/" xmlns:mer="http://www.tmforum.org/mtop/mri/xsd/mer/v1" xmlns:hdr="http://www.tmforum.org/mtop/fmw/xsd/hdr/v1" xmlns:msg="http://www.tmforum.org/mtop/fmw/xsd/msg/v1" xmlns:nt1="vendor.v1" xmlns:xsi="http://www.w3.org/2001/XMLSchema-instance" xsi:schemaLocation="http://www.tmforum.org/mtop/mri/xsd/mer/v1 ../xsd/ManagedElementRetrievalMessages.xsd http://schemas.xmlsoap.org/soap/envelope/ http://schemas.xmlsoap.org/soap/envelope/">
  <soap:Body>
    <soap:Fault>
      <faultcode>Client</faultcode>
      <faultstring>Unrecognized object type "MF" used in filter</faultstring>
      <faultactor>http://host:port/ManagedElementRetrievalV1</faultactor>
      <detail>
        <mer:getManagedElementException>
          <msg:invalidInput>
            <hdr:header>
              <hdr:activityName>getManagedElement</hdr:activityName>
              <hdr:msgType>ERROR</hdr:msgType>
              <hdr:activityStatus>FAILURE</hdr:activityStatus>
              <hdr:communicationPattern>SimpleResponse</hdr:communicationPattern>
              <hdr:communicationStyle>RPC</hdr:communicationStyle>
              <hdr:timestamp>2007-07-30T09:26:00.0Z</hdr:timestamp>
            </hdr:header>
            <msg:reason>Unrecognized object type "MF" used in filter</msg:reason>
          </msg:invalidInput>
        </mer:getManagedElementException>
      </detail>
    </soap:Fault>
  </soap:Body>
</soap:Envelope>
