<?xml version="1.0" encoding="UTF-8"?>
<soap:Envelope xmlns:soap="http://schemas.xmlsoap.org/soap/envelope/" xmlns:hdr="http://www.tmforum.org/mtop/fmw/xsd/hdr/v1" xmlns:mer="http://www.tmforum.org/mtop/mri/xsd/mer/v1" xmlns:me="http://www.tmforum.org/mtop/nrf/xsd/me/v1" xmlns:coi="http://www.tmforum.org/mtop/fmw/xsd/coi/v1" xmlns:gen="http://www.tmforum.org/mtop/fmw/xsd/gen/v1" xmlns:nam="http://www.tmforum.org/mtop/fmw/xsd/nam/v1" xmlns:cri="http://www.tmforum.org/mtop/nrb/xsd/cri/v1" xmlns:lay="http://www.tmforum.org/mtop/nrb/xsd/lay/v1" xmlns:nt1="vendor.v1" xmlns:xsi="http://www.w3.org/2001/XMLSchema-instance" xsi:schemaLocation="http://www.tmforum.org/mtop/mri/xsd/mer/v1 ../xsd/ManagedElementRetrievalMessages.xsd http://schemas.xmlsoap.org/soap/envelope/ http://schemas.xmlsoap.org/soap/envelope/">
  <soap:Header>
    <hdr:header>
      <hdr:activityName>getManagedElementsIterator</hdr:activityName>
      <hdr:msgName>getManagedElementsIteratorResponse</hdr:msgName>
      <hdr:msgType>RESPONSE</hdr:msgType>
      <hdr:senderURI>/MTOSI/EMS01</hdr:senderURI>
      <hdr:destinationURI>/MTOSI/InventoryOS</hdr:destinationURI>
      <hdr:communicationPattern>MultipleBatchResponse</hdr:communicationPattern>
      <hdr:communicationStyle>RPC</hdr:communicationStyle>
      <hdr:requestedBatchSize>500</hdr:requestedBatchSize>
      <hdr:batchSequenceNumber>2</hdr:batchSequenceNumber>
      <hdr:batchSequenceEndOfReply>true</hdr:batchSequenceEndOfReply>
      <hdr:timestamp>2007-07-30T09:26:00</hdr:timestamp>
    </hdr:header>
  </soap:Header>
  <soap:Body>
    <mer:getManagedElementsIteratorResponse>
      <mer:meList>
        <me:me>
          <coi:name>
            <nam:rdn>
              <nam:type>MD</nam:type>
              <nam:value>string</nam:value>
            </nam:rdn>
            <nam:rdn>
              <nam:type>ME</nam:type>
              <nam:value>string</nam:value>
            </nam:rdn>
          </coi:name>
          <coi:userLabel>string</coi:userLabel>
          <coi:discoveredName>string</coi:discoveredName>
          <coi:namingOs>string</coi:namingOs>
          <coi:owner>string</coi:owner>
          <coi:aliasNameList>
            <gen:alias>
              <gen:aliasName>string</gen:aliasName>
              <gen:aliasValue>string</gen:aliasValue>
            </gen:alias>
          </coi:aliasNameList>
          <cri:source>NETWORK_EMS</cri:source>
          <cri:networkAccessDomain>string</cri:networkAccessDomain>
          <cri:resourceState>INSTALLING</cri:resourceState>
          <me:location>string</me:location>
          <me:manufacturer>string</me:manufacturer>
          <me:productName>string</me:productName>
          <me:softwareVersion>string</me:softwareVersion>
          <me:isInSyncState>true</me:isInSyncState>
          <me:supportedConnectionLayerRateList>
            <lay:layerRate>LR_Line_OC48_STS48_and_MS_STM16</lay:layerRate>
            <lay:layerRate>LR_Line_OC192_STS192_and_MS_STM64</lay:layerRate>
          </me:supportedConnectionLayerRateList>
          <me:communicationState>CS_AVAILABLE</me:communicationState>
        </me:me>
        <me:me>
          <coi:name>
            <nam:rdn>
              <nam:type>mdNm</nam:type>
              <nam:value>string</nam:value>
            </nam:rdn>
            <nam:rdn>
              <nam:type>meNm</nam:type>
              <nam:value>string</nam:value>
            </nam:rdn>
          </coi:name>
          <coi:userLabel>string</coi:userLabel>
          <coi:discoveredName>string</coi:discoveredName>
          <coi:namingOs>string</coi:namingOs>
          <coi:owner>string</coi:owner>
          <coi:aliasNameList>
            <gen:alias>
              <gen:aliasName>string</gen:aliasName>
              <gen:aliasValue>string</gen:aliasValue>
            </gen:alias>
          </coi:aliasNameList>
          <cri:source>NETWORK_EMS</cri:source>
          <cri:networkAccessDomain>string</cri:networkAccessDomain>
          <cri:resourceState>INSTALLING</cri:resourceState>
          <me:location>string</me:location>
          <me:manufacturer>string</me:manufacturer>
          <me:productName>string</me:productName>
          <me:softwareVersion>string</me:softwareVersion>
          <me:isInSyncState>true</me:isInSyncState>
          <me:supportedConnectionLayerRateList>
            <lay:layerRate>LR_Line_OC48_STS48_and_MS_STM16</lay:layerRate>
            <lay:layerRate>LR_Line_OC192_STS192_and_MS_STM64</lay:layerRate>
          </me:supportedConnectionLayerRateList>
          <me:communicationState>CS_AVAILABLE</me:communicationState>
        </me:me>
      </mer:meList>
    </mer:getManagedElementsIteratorResponse>
  </soap:Body>
</soap:Envelope>
