<?xml version="1.0" encoding="UTF-8"?>
<soap:Envelope xmlns:soap="http://schemas.xmlsoap.org/soap/envelope/" xmlns:hdr="http://www.tmforum.org/mtop/fmw/xsd/hdr/v1" xmlns:invr="http://www.tmforum.org/mtop/mri/xsd/rir/v1" xmlns:inv="http://www.tmforum.org/mtop/nrf/xsd/invdata/v1" xmlns:coi="http://www.tmforum.org/mtop/fmw/xsd/coi/v1" xmlns:gen="http://www.tmforum.org/mtop/fmw/xsd/gen/v1" xmlns:nam="http://www.tmforum.org/mtop/fmw/xsd/nam/v1" xmlns:cri="http://www.tmforum.org/mtop/nrb/xsd/cri/v1" xmlns:lay="http://www.tmforum.org/mtop/nrb/xsd/lay/v1" xmlns:lp="http://www.tmforum.org/mtop/nrb/xsd/lp/v1" xmlns:me="http://www.tmforum.org/mtop/nrf/xsd/me/v1" xmlns:ptp="http://www.tmforum.org/mtop/nrf/xsd/ptp/v1" xmlns:ctp="http://www.tmforum.org/mtop/nrf/xsd/ctp/v1" xmlns:nt1="vendor.v1" xmlns:xsi="http://www.w3.org/2001/XMLSchema-instance" xsi:schemaLocation="http://www.tmforum.org/mtop/mri/xsd/rir/v1 ../xsd/ResourceInventoryRetrievalMessages.xsd  
http://schemas.xmlsoap.org/soap/envelope/ http://schemas.xmlsoap.org/soap/envelope/">
  <soap:Header>
    <hdr:header>
      <hdr:activityName>getInventory</hdr:activityName>
      <hdr:msgName>getInventoryResponse</hdr:msgName>
      <hdr:msgType>RESPONSE</hdr:msgType>
      <hdr:senderURI>/MTOSI/EMS01</hdr:senderURI>
      <hdr:destinationURI>/MTOSI/InventoryOS</hdr:destinationURI>
      <hdr:communicationPattern>MultipleBatchResponse</hdr:communicationPattern>
      <hdr:communicationStyle>RPC</hdr:communicationStyle>
      <hdr:requestedBatchSize>500</hdr:requestedBatchSize>
      <hdr:batchSequenceNumber>1</hdr:batchSequenceNumber>
      <hdr:batchSequenceEndOfReply>false</hdr:batchSequenceEndOfReply>
      <hdr:iteratorReferenceURI>http://host:port/ResourceInventoryRetrievalV1/iterator123</hdr:iteratorReferenceURI>
      <hdr:timestamp>2007-07-30T09:26:00</hdr:timestamp>
    </hdr:header>
  </soap:Header>
  <soap:Body>
    <invr:getInventoryResponse>
      <invr:inventoryData>
        <inv:mdList>
          <inv:md>
            <inv:mdNm>MD_A</inv:mdNm>
            <inv:mdAttrs>
              <coi:userLabel>string</coi:userLabel>
              <coi:discoveredName>string</coi:discoveredName>
              <coi:namingOs>string</coi:namingOs>
              <coi:owner>string</coi:owner>
              <coi:aliasNameList>
                <gen:alias>
                  <gen:aliasName>string</gen:aliasName>
                  <gen:aliasValue>string</gen:aliasValue>
                </gen:alias>
              </coi:aliasNameList>
            </inv:mdAttrs>
            <inv:meList>
              <inv:meInv>
                <inv:meNm>string</inv:meNm>
                <inv:meAttrs>
                  <coi:userLabel>string</coi:userLabel>
                  <coi:discoveredName>string</coi:discoveredName>
                  <coi:namingOs>string</coi:namingOs>
                  <coi:owner>string</coi:owner>
                  <coi:aliasNameList>
                    <gen:alias>
                      <gen:aliasName>string</gen:aliasName>
                      <gen:aliasValue>string</gen:aliasValue>
                    </gen:alias>
                  </coi:aliasNameList>
                  <coi:vendorExtensions>
                    <nt1:meExt>
                      <nt1:att1>string</nt1:att1>
                    </nt1:meExt>
                  </coi:vendorExtensions>
                  <cri:source>NETWORK_EMS</cri:source>
                  <cri:networkAccessDomain>string</cri:networkAccessDomain>
                  <cri:resourceState>INSTALLING</cri:resourceState>
                  <me:location>string</me:location>
                  <me:manufacturer>string</me:manufacturer>
                  <me:productName>string</me:productName>
                  <me:softwareVersion>string</me:softwareVersion>
                  <me:isInSyncState>true</me:isInSyncState>
                  <me:supportedConnectionLayerRateList>
                    <lay:layerRate>LR_Line_OC48_STS48_and_MS_STM16</lay:layerRate>
                    <lay:layerRate>LR_Line_OC192_STS192_and_MS_STM64</lay:layerRate>
                  </me:supportedConnectionLayerRateList>
                  <me:communicationState>CS_AVAILABLE</me:communicationState>
                </inv:meAttrs>
                <inv:ptpList>
                  <inv:ptpInv>
                    <inv:ptpNm>string</inv:ptpNm>
                    <inv:ptpAttrs>
                      <coi:userLabel>string</coi:userLabel>
                      <coi:discoveredName>string</coi:discoveredName>
                      <coi:namingOs>string</coi:namingOs>
                      <coi:owner>string</coi:owner>
                      <coi:aliasNameList>
                        <gen:alias>
                          <gen:aliasName>string</gen:aliasName>
                          <gen:aliasValue>string</gen:aliasValue>
                        </gen:alias>
                      </coi:aliasNameList>
                      <coi:vendorExtensions>
                        <nt1:ptpExt>
                          <nt1:att1>string</nt1:att1>
                        </nt1:ptpExt>
                      </coi:vendorExtensions>
                      <cri:source>NETWORK_EMS</cri:source>
                      <cri:networkAccessDomain>string</cri:networkAccessDomain>
                      <cri:resourceState>INSTALLING</cri:resourceState>
                      <ptp:direction>D_BIDIRECTIONAL</ptp:direction>
                      <lp:transmissionParametersList>
                        <lp:transmissionParameters>
                          <lp:layer>LR_Line_OC48_STS48_and_MS_STM16</lp:layer>
                          <lp:parameterList>
                            <gen:nvs>
                              <gen:name>string</gen:name>
                              <gen:value>string</gen:value>
                            </gen:nvs>
                          </lp:parameterList>
                        </lp:transmissionParameters>
                      </lp:transmissionParametersList>
                    </inv:ptpAttrs>
                    <inv:ctpList>
                      <inv:ctpInv>
                        <inv:ctpNm>string</inv:ctpNm>
                        <inv:ctpAttrs>
                          <coi:userLabel>string</coi:userLabel>
                          <coi:discoveredName>string</coi:discoveredName>
                          <coi:namingOs>string</coi:namingOs>
                          <coi:owner>string</coi:owner>
                          <coi:aliasNameList>
                            <gen:alias>
                              <gen:aliasName>string</gen:aliasName>
                              <gen:aliasValue>string</gen:aliasValue>
                            </gen:alias>
                          </coi:aliasNameList>
                          <coi:vendorExtensions>
                            <nt1:ctpExt>
                              <nt1:att1>string</nt1:att1>
                            </nt1:ctpExt>
                          </coi:vendorExtensions>
                          <cri:source>NETWORK_EMS</cri:source>
                          <cri:networkAccessDomain>string</cri:networkAccessDomain>
                          <cri:resourceState>INSTALLING</cri:resourceState>
                          <ctp:direction>D_BIDIRECTIONAL</ctp:direction>
                          <ctp:isEdgePoint>true</ctp:isEdgePoint>
                          <lp:transmissionParametersList>
                            <lp:transmissionParameters>
                              <lp:layer>LR_STS1_and_AU3_High_Order_VC3</lp:layer>
                              <lp:parameterList>
                                <gen:nvs>
                                  <gen:name>string</gen:name>
                                  <gen:value>string</gen:value>
                                </gen:nvs>
                              </lp:parameterList>
                            </lp:transmissionParameters>
                          </lp:transmissionParametersList>
                        </inv:ctpAttrs>
                      </inv:ctpInv>
                    </inv:ctpList>
                  </inv:ptpInv>
                </inv:ptpList>
              </inv:meInv>
            </inv:meList>
          </inv:md>
        </inv:mdList>
        <inv:tmdList>
          <inv:tmd>
            <inv:tmdNm>string</inv:tmdNm>
            <inv:tmdAttrs>
              <coi:userLabel>string</coi:userLabel>
              <coi:owner>string</coi:owner>
              <coi:aliasNameList>
                <gen:alias>
                  <gen:aliasName>string</gen:aliasName>
                  <gen:aliasValue>string</gen:aliasValue>
                </gen:alias>
              </coi:aliasNameList>
              <coi:vendorExtensions/>
              <cri:source>NETWORK_EMS</cri:source>
              <cri:resourceState>INSTALLING</cri:resourceState>
            </inv:tmdAttrs>
          </inv:tmd>
        </inv:tmdList>
        <inv:osList>
          <inv:os>
            <inv:osNm>string</inv:osNm>
            <inv:osAttrs>
              <coi:userLabel>string</coi:userLabel>
              <coi:discoveredName>string</coi:discoveredName>
              <coi:namingOs>string</coi:namingOs>
              <coi:owner>string</coi:owner>
              <coi:aliasNameList>
                <gen:alias>
                  <gen:aliasName>string</gen:aliasName>
                  <gen:aliasValue>string</gen:aliasValue>
                </gen:alias>
              </coi:aliasNameList>
              <coi:vendorExtensions>
                <nt1:osExt>
                  <nt1:att1>string</nt1:att1>
                </nt1:osExt>
              </coi:vendorExtensions>
              <cri:source>OS</cri:source>
              <cri:networkAccessDomain>string</cri:networkAccessDomain>
              <cri:resourceState>INSTALLING</cri:resourceState>
            </inv:osAttrs>
          </inv:os>
        </inv:osList>
        <inv:voList>
    </inv:voList>
      </invr:inventoryData>
    </invr:getInventoryResponse>
  </soap:Body>
</soap:Envelope>
