<?xml version="1.0" encoding="UTF-8"?>
<soap:Envelope xmlns:soap="http://schemas.xmlsoap.org/soap/envelope/" xmlns:rir="http://www.tmforum.org/mtop/mri/xsd/rir/v1" xmlns:hdr="http://www.tmforum.org/mtop/fmw/xsd/hdr/v1" xmlns:msg="http://www.tmforum.org/mtop/fmw/xsd/msg/v1" xmlns:nt1="vendor.v1" xmlns:xsi="http://www.w3.org/2001/XMLSchema-instance" xsi:schemaLocation="http://www.tmforum.org/mtop/mri/xsd/rir/v1 ../xsd/ResourceInventoryRetrievalMessages.xsd http://schemas.xmlsoap.org/soap/envelope/ http://schemas.xmlsoap.org/soap/envelope/">
  <soap:Body>
    <soap:Fault>
      <faultcode>Client</faultcode>
      <faultstring>Server has reached maximum number of data iterators</faultstring>
      <faultactor>http://host:port/ResourceInventoryRetrievalV1</faultactor>
      <detail>
        <rir:getInventoryException>
          <msg:tooManyOpenIterators>
            <hdr:header>
              <hdr:activityName>getInventory</hdr:activityName>
              <hdr:msgType>ERROR</hdr:msgType>
              <hdr:activityStatus>FAILURE</hdr:activityStatus>
              <hdr:communicationPattern>MultipleBatchResponse</hdr:communicationPattern>
              <hdr:communicationStyle>RPC</hdr:communicationStyle>
              <hdr:timestamp>2007-07-30T09:26:00.0Z</hdr:timestamp>
            </hdr:header>
            <msg:reason>Server has reached maximum number of data iterators</msg:reason>
          </msg:tooManyOpenIterators>
        </rir:getInventoryException>
      </detail>
    </soap:Fault>
  </soap:Body>
</soap:Envelope>
