<?xml version="1.0" encoding="UTF-8"?>
<soap:Envelope xmlns:soap="http://schemas.xmlsoap.org/soap/envelope/" xmlns:hdr="http://www.tmforum.org/mtop/fmw/xsd/hdr/v1" xmlns:invr="http://www.tmforum.org/mtop/mri/xsd/rir/v1" xmlns:xsi="http://www.w3.org/2001/XMLSchema-instance" xsi:schemaLocation="http://www.tmforum.org/mtop/mri/xsd/rir/v1 ../xsd/ResourceInventoryRetrievalMessages.xsd  
http://schemas.xmlsoap.org/soap/envelope/ http://schemas.xmlsoap.org/soap/envelope/">
  <soap:Header>
    <hdr:header>
      <hdr:activityName>getInventory</hdr:activityName>
      <hdr:msgName>getInventoryResponse</hdr:msgName>
      <hdr:msgType>RESPONSE</hdr:msgType>
      <hdr:senderURI>/MTOSI/EMS01</hdr:senderURI>
      <hdr:destinationURI>/MTOSI/InventoryOS</hdr:destinationURI>
      <hdr:communicationPattern>BulkResponse</hdr:communicationPattern>
      <hdr:communicationStyle>RPC</hdr:communicationStyle>
      <hdr:timestamp>2007-07-30T09:26:00</hdr:timestamp>
    </hdr:header>
  </soap:Header>
  <soap:Body>
    <invr:getInventoryResponse/>
  </soap:Body>
</soap:Envelope>
