<?xml version="1.0" encoding="UTF-8"?><publish:elements xmlns:publish="http://www.ibm.com/Rational/XTools/Publish" xmlns:xmi="http://www.omg.org/XMI" xmlns:xsi="http://www.w3.org/2001/XMLSchema-instance"><publish:element publish:icon="_DhF_UArhEd2g7OahyJLk5A_icon.jpeg" publish:qualifiedname="ResourceProvisioning::&lt;Association&gt;" xmi:id="_DhF_UArhEd2g7OahyJLk5A" xsi:type="uml:Association"/><publish:element publish:icon="_W-sAcArhEd2g7OahyJLk5A_icon.jpeg" publish:qualifiedname="ResourceProvisioning::&lt;Association&gt;" xmi:id="_W-sAcArhEd2g7OahyJLk5A" xsi:type="uml:Association"/><publish:element name="CommonResourceProvisioningService" publish:icon="_tlijoKlcEdy39Z05qVqfpQ_icon.jpeg" publish:qualifiedname="ResourceProvisioning::Interfaces::CommonResourceProvisioningService" xmi:id="_tlijoKlcEdy39Z05qVqfpQ" xsi:type="uml:Interface"/><publish:element name="setTransmissionDescriptorAssociation" publish:icon="_rtS0Jt1bEdyrKNXnBMy96w_icon.jpeg" publish:qualifiedname="ResourceProvisioning::Interfaces::CommonResourceProvisioningService::setTransmissionDescriptorAssociation" xmi:id="_rtS0Jt1bEdyrKNXnBMy96w" xsi:type="uml:Operation"/><publish:element name="setNetworkAccessDomain" publish:icon="_tlijz6lcEdy39Z05qVqfpQ_icon.jpeg" publish:qualifiedname="ResourceProvisioning::Interfaces::CommonResourceProvisioningService::setNetworkAccessDomain" xmi:id="_tlijz6lcEdy39Z05qVqfpQ" xsi:type="uml:Operation"/><publish:element name="setCommonAttributes" publish:icon="_F25Z0PpeEdy3oJyJgWjfdA_icon.jpeg" publish:qualifiedname="ResourceProvisioning::Interfaces::CommonResourceProvisioningService::setCommonAttributes" xmi:id="_F25Z0PpeEdy3oJyJgWjfdA" xsi:type="uml:Operation"/><publish:element name="TerminationPointControlService" publish:icon="_fSjG4Lq6EdyA7v53CjAzng_icon.jpeg" publish:qualifiedname="ResourceProvisioning::Interfaces::TerminationPointControlService" xmi:id="_fSjG4Lq6EdyA7v53CjAzng" xsi:type="uml:Interface"/><publish:element name="createFloatingTerminationPoint" publish:icon="_zYfskN1YEdyrKNXnBMy96w_icon.jpeg" publish:qualifiedname="ResourceProvisioning::Interfaces::TerminationPointControlService::createFloatingTerminationPoint" xmi:id="_zYfskN1YEdyrKNXnBMy96w" xsi:type="uml:Operation"/><publish:element name="createGroupTerminationPoint" publish:icon="_zZr_c91YEdyrKNXnBMy96w_icon.jpeg" publish:qualifiedname="ResourceProvisioning::Interfaces::TerminationPointControlService::createGroupTerminationPoint" xmi:id="_zZr_c91YEdyrKNXnBMy96w" xsi:type="uml:Operation"/><publish:element name="createTerminationPointPool" publish:icon="_zZiOYN1YEdyrKNXnBMy96w_icon.jpeg" publish:qualifiedname="ResourceProvisioning::Interfaces::TerminationPointControlService::createTerminationPointPool" xmi:id="_zZiOYN1YEdyrKNXnBMy96w" xsi:type="uml:Operation"/><publish:element name="deleteFloatingTerminationPoint" publish:icon="_zYpdkN1YEdyrKNXnBMy96w_icon.jpeg" publish:qualifiedname="ResourceProvisioning::Interfaces::TerminationPointControlService::deleteFloatingTerminationPoint" xmi:id="_zYpdkN1YEdyrKNXnBMy96w" xsi:type="uml:Operation"/><publish:element name="deleteGroupTerminationPoint" publish:icon="_zZr_nd1YEdyrKNXnBMy96w_icon.jpeg" publish:qualifiedname="ResourceProvisioning::Interfaces::TerminationPointControlService::deleteGroupTerminationPoint" xmi:id="_zZr_nd1YEdyrKNXnBMy96w" xsi:type="uml:Operation"/><publish:element name="deleteTerminationPointPool" publish:icon="_zZiOb91YEdyrKNXnBMy96w_icon.jpeg" publish:qualifiedname="ResourceProvisioning::Interfaces::TerminationPointControlService::deleteTerminationPointPool" xmi:id="_zZiOb91YEdyrKNXnBMy96w" xsi:type="uml:Operation"/><publish:element name="modifyGroupTerminationPoint" publish:icon="_zZr_qd1YEdyrKNXnBMy96w_icon.jpeg" publish:qualifiedname="ResourceProvisioning::Interfaces::TerminationPointControlService::modifyGroupTerminationPoint" xmi:id="_zZr_qd1YEdyrKNXnBMy96w" xsi:type="uml:Operation"/><publish:element name="modifyTerminationPointPool" publish:icon="_zZiOe91YEdyrKNXnBMy96w_icon.jpeg" publish:qualifiedname="ResourceProvisioning::Interfaces::TerminationPointControlService::modifyTerminationPointPool" xmi:id="_zZiOe91YEdyrKNXnBMy96w" xsi:type="uml:Operation"/><publish:element name="setTerminationPointData" publish:icon="_SzbJgMptEdyA6Npz6T0T-A_icon.jpeg" publish:qualifiedname="ResourceProvisioning::Interfaces::TerminationPointControlService::setTerminationPointData" xmi:id="_SzbJgMptEdyA6Npz6T0T-A" xsi:type="uml:Operation"/><publish:element name="ConnectionControlService" publish:icon="_eE4qcNynEdyY2qUBC6uXag_icon.jpeg" publish:qualifiedname="ResourceProvisioning::Interfaces::ConnectionControlService" xmi:id="_eE4qcNynEdyY2qUBC6uXag" xsi:type="uml:Interface"/><publish:element name="activateSubnetworkConnection" publish:icon="_JG-mU9yqEdyY2qUBC6uXag_icon.jpeg" publish:qualifiedname="ResourceProvisioning::Interfaces::ConnectionControlService::activateSubnetworkConnection" xmi:id="_JG-mU9yqEdyY2qUBC6uXag" xsi:type="uml:Operation"/><publish:element name="addRoute" publish:icon="_JG-l0tyqEdyY2qUBC6uXag_icon.jpeg" publish:qualifiedname="ResourceProvisioning::Interfaces::ConnectionControlService::addRoute" xmi:id="_JG-l0tyqEdyY2qUBC6uXag" xsi:type="uml:Operation"/><publish:element name="checkValidSubnetworkConnection" publish:icon="_JG-mPtyqEdyY2qUBC6uXag_icon.jpeg" publish:qualifiedname="ResourceProvisioning::Interfaces::ConnectionControlService::checkValidSubnetworkConnection" xmi:id="_JG-mPtyqEdyY2qUBC6uXag" xsi:type="uml:Operation"/><publish:element name="createAndActivateSubnetworkConnection" publish:icon="_JG-mbtyqEdyY2qUBC6uXag_icon.jpeg" publish:qualifiedname="ResourceProvisioning::Interfaces::ConnectionControlService::createAndActivateSubnetworkConnection" xmi:id="_JG-mbtyqEdyY2qUBC6uXag" xsi:type="uml:Operation"/><publish:element name="createModifiedSubnetworkConnection" publish:icon="_JHIW69yqEdyY2qUBC6uXag_icon.jpeg" publish:qualifiedname="ResourceProvisioning::Interfaces::ConnectionControlService::createModifiedSubnetworkConnection" xmi:id="_JHIW69yqEdyY2qUBC6uXag" xsi:type="uml:Operation"/><publish:element name="createSubnetworkConnection" publish:icon="_JG-mJtyqEdyY2qUBC6uXag_icon.jpeg" publish:qualifiedname="ResourceProvisioning::Interfaces::ConnectionControlService::createSubnetworkConnection" xmi:id="_JG-mJtyqEdyY2qUBC6uXag" xsi:type="uml:Operation"/><publish:element name="deactivateAndDeleteSubnetworkConnection" publish:icon="_JHIW09yqEdyY2qUBC6uXag_icon.jpeg" publish:qualifiedname="ResourceProvisioning::Interfaces::ConnectionControlService::deactivateAndDeleteSubnetworkConnection" xmi:id="_JHIW09yqEdyY2qUBC6uXag" xsi:type="uml:Operation"/><publish:element name="deactivateSubnetworkConnection" publish:icon="_JG-midyqEdyY2qUBC6uXag_icon.jpeg" publish:qualifiedname="ResourceProvisioning::Interfaces::ConnectionControlService::deactivateSubnetworkConnection" xmi:id="_JG-midyqEdyY2qUBC6uXag" xsi:type="uml:Operation"/><publish:element name="deleteSubnetworkConnection" publish:icon="_JHIWwdyqEdyY2qUBC6uXag_icon.jpeg" publish:qualifiedname="ResourceProvisioning::Interfaces::ConnectionControlService::deleteSubnetworkConnection" xmi:id="_JHIWwdyqEdyY2qUBC6uXag" xsi:type="uml:Operation"/><publish:element name="modifySubnetworkConnection" publish:icon="_JHIXLdyqEdyY2qUBC6uXag_icon.jpeg" publish:qualifiedname="ResourceProvisioning::Interfaces::ConnectionControlService::modifySubnetworkConnection" xmi:id="_JHIXLdyqEdyY2qUBC6uXag" xsi:type="uml:Operation"/><publish:element name="removeRoute" publish:icon="_JG-lwNyqEdyY2qUBC6uXag_icon.jpeg" publish:qualifiedname="ResourceProvisioning::Interfaces::ConnectionControlService::removeRoute" xmi:id="_JG-lwNyqEdyY2qUBC6uXag" xsi:type="uml:Operation"/><publish:element name="setIntendedRoute" publish:icon="_JG-l6tyqEdyY2qUBC6uXag_icon.jpeg" publish:qualifiedname="ResourceProvisioning::Interfaces::ConnectionControlService::setIntendedRoute" xmi:id="_JG-l6tyqEdyY2qUBC6uXag" xsi:type="uml:Operation"/><publish:element name="setRoutesAdminState" publish:icon="_JG-mF9yqEdyY2qUBC6uXag_icon.jpeg" publish:qualifiedname="ResourceProvisioning::Interfaces::ConnectionControlService::setRoutesAdminState" xmi:id="_JG-mF9yqEdyY2qUBC6uXag" xsi:type="uml:Operation"/><publish:element name="swapSubnetworkConnection" publish:icon="_JHIXD9yqEdyY2qUBC6uXag_icon.jpeg" publish:qualifiedname="ResourceProvisioning::Interfaces::ConnectionControlService::swapSubnetworkConnection" xmi:id="_JHIXD9yqEdyY2qUBC6uXag" xsi:type="uml:Operation"/><publish:element name="switchRoute" publish:icon="_JG-l-dyqEdyY2qUBC6uXag_icon.jpeg" publish:qualifiedname="ResourceProvisioning::Interfaces::ConnectionControlService::switchRoute" xmi:id="_JG-l-dyqEdyY2qUBC6uXag" xsi:type="uml:Operation"/><publish:element name="EquipmentProvisioningService" publish:icon="_hReiQNynEdyY2qUBC6uXag_icon.jpeg" publish:qualifiedname="ResourceProvisioning::Interfaces::EquipmentProvisioningService" xmi:id="_hReiQNynEdyY2qUBC6uXag" xsi:type="uml:Interface"/><publish:element name="provisionEquipment" publish:icon="_zqnjK9yvEdyY2qUBC6uXag_icon.jpeg" publish:qualifiedname="ResourceProvisioning::Interfaces::EquipmentProvisioningService::provisionEquipment" xmi:id="_zqnjK9yvEdyY2qUBC6uXag" xsi:type="uml:Operation"/><publish:element name="unprovisionEquipment" publish:icon="_zqnjINyvEdyY2qUBC6uXag_icon.jpeg" publish:qualifiedname="ResourceProvisioning::Interfaces::EquipmentProvisioningService::unprovisionEquipment" xmi:id="_zqnjINyvEdyY2qUBC6uXag" xsi:type="uml:Operation"/><publish:element name="FlowDomainControlService" publish:icon="_j8ZQYNynEdyY2qUBC6uXag_icon.jpeg" publish:qualifiedname="ResourceProvisioning::Interfaces::FlowDomainControlService" xmi:id="_j8ZQYNynEdyY2qUBC6uXag" xsi:type="uml:Interface"/><publish:element name="assignConnectionlessPortTerminationPointsToMfd" publish:icon="_f8cA8NyyEdyY2qUBC6uXag_icon.jpeg" publish:qualifiedname="ResourceProvisioning::Interfaces::FlowDomainControlService::assignConnectionlessPortTerminationPointsToMfd" xmi:id="_f8cA8NyyEdyY2qUBC6uXag" xsi:type="uml:Operation"/><publish:element name="associateConnectionlessPortTerminationPointsWithFd" publish:icon="_f8lLC9yyEdyY2qUBC6uXag_icon.jpeg" publish:qualifiedname="ResourceProvisioning::Interfaces::FlowDomainControlService::associateConnectionlessPortTerminationPointsWithFd" xmi:id="_f8lLC9yyEdyY2qUBC6uXag" xsi:type="uml:Operation"/><publish:element name="associateMatrixFlowDomainsWithFd" publish:icon="_f8lLL9yyEdyY2qUBC6uXag_icon.jpeg" publish:qualifiedname="ResourceProvisioning::Interfaces::FlowDomainControlService::associateMatrixFlowDomainsWithFd" xmi:id="_f8lLL9yyEdyY2qUBC6uXag" xsi:type="uml:Operation"/><publish:element name="createAndActivateFlowDomainFragment" publish:icon="_f8u78tyyEdyY2qUBC6uXag_icon.jpeg" publish:qualifiedname="ResourceProvisioning::Interfaces::FlowDomainControlService::createAndActivateFlowDomainFragment" xmi:id="_f8u78tyyEdyY2qUBC6uXag" xsi:type="uml:Operation"/><publish:element name="createFlowDomain" publish:icon="_f8cBU9yyEdyY2qUBC6uXag_icon.jpeg" publish:qualifiedname="ResourceProvisioning::Interfaces::FlowDomainControlService::createFlowDomain" xmi:id="_f8cBU9yyEdyY2qUBC6uXag" xsi:type="uml:Operation"/><publish:element name="createMatrixFlowDomain" publish:icon="_f8cBFNyyEdyY2qUBC6uXag_icon.jpeg" publish:qualifiedname="ResourceProvisioning::Interfaces::FlowDomainControlService::createMatrixFlowDomain" xmi:id="_f8cBFNyyEdyY2qUBC6uXag" xsi:type="uml:Operation"/><publish:element name="deactivateAndDeleteFlowDomainFragment" publish:icon="_f8u8DdyyEdyY2qUBC6uXag_icon.jpeg" publish:qualifiedname="ResourceProvisioning::Interfaces::FlowDomainControlService::deactivateAndDeleteFlowDomainFragment" xmi:id="_f8u8DdyyEdyY2qUBC6uXag" xsi:type="uml:Operation"/><publish:element name="deAssociateConnectionlessPortTerminationPointsFromFd" publish:icon="_f8lLHdyyEdyY2qUBC6uXag_icon.jpeg" publish:qualifiedname="ResourceProvisioning::Interfaces::FlowDomainControlService::deAssociateConnectionlessPortTerminationPointsFromFd" xmi:id="_f8lLHdyyEdyY2qUBC6uXag" xsi:type="uml:Operation"/><publish:element name="deAssociateMatrixFlowDomainsFromFd" publish:icon="_f8u74NyyEdyY2qUBC6uXag_icon.jpeg" publish:qualifiedname="ResourceProvisioning::Interfaces::FlowDomainControlService::deAssociateMatrixFlowDomainsFromFd" xmi:id="_f8u74NyyEdyY2qUBC6uXag" xsi:type="uml:Operation"/><publish:element name="deleteFlowDomain" publish:icon="_f8lK4dyyEdyY2qUBC6uXag_icon.jpeg" publish:qualifiedname="ResourceProvisioning::Interfaces::FlowDomainControlService::deleteFlowDomain" xmi:id="_f8lK4dyyEdyY2qUBC6uXag" xsi:type="uml:Operation"/><publish:element name="deleteMatrixFlowDomain" publish:icon="_f8cBKdyyEdyY2qUBC6uXag_icon.jpeg" publish:qualifiedname="ResourceProvisioning::Interfaces::FlowDomainControlService::deleteMatrixFlowDomain" xmi:id="_f8cBKdyyEdyY2qUBC6uXag" xsi:type="uml:Operation"/><publish:element name="modifyFlowDomain" publish:icon="_f8lK89yyEdyY2qUBC6uXag_icon.jpeg" publish:qualifiedname="ResourceProvisioning::Interfaces::FlowDomainControlService::modifyFlowDomain" xmi:id="_f8lK89yyEdyY2qUBC6uXag" xsi:type="uml:Operation"/><publish:element name="modifyFlowDomainFragment" publish:icon="_f8u8H9yyEdyY2qUBC6uXag_icon.jpeg" publish:qualifiedname="ResourceProvisioning::Interfaces::FlowDomainControlService::modifyFlowDomainFragment" xmi:id="_f8u8H9yyEdyY2qUBC6uXag" xsi:type="uml:Operation"/><publish:element name="modifyMatrixFlowDomain" publish:icon="_f8cBO9yyEdyY2qUBC6uXag_icon.jpeg" publish:qualifiedname="ResourceProvisioning::Interfaces::FlowDomainControlService::modifyMatrixFlowDomain" xmi:id="_f8cBO9yyEdyY2qUBC6uXag" xsi:type="uml:Operation"/><publish:element name="unassignConnectionlessPortTerminationPointsFromMfd" publish:icon="_f8cBAtyyEdyY2qUBC6uXag_icon.jpeg" publish:qualifiedname="ResourceProvisioning::Interfaces::FlowDomainControlService::unassignConnectionlessPortTerminationPointsFromMfd" xmi:id="_f8cBAtyyEdyY2qUBC6uXag" xsi:type="uml:Operation"/><publish:element name="GuiCutThroughControlService" publish:icon="_mfamwNynEdyY2qUBC6uXag_icon.jpeg" publish:qualifiedname="ResourceProvisioning::Interfaces::GuiCutThroughControlService" xmi:id="_mfamwNynEdyY2qUBC6uXag" xsi:type="uml:Interface"/><publish:element name="destroyGuiCutThrough" publish:icon="_moSmMNy4EdyY2qUBC6uXag_icon.jpeg" publish:qualifiedname="ResourceProvisioning::Interfaces::GuiCutThroughControlService::destroyGuiCutThrough" xmi:id="_moSmMNy4EdyY2qUBC6uXag" xsi:type="uml:Operation"/><publish:element name="getGuiCutThroughProfileInfo" publish:icon="_moI1MNy4EdyY2qUBC6uXag_icon.jpeg" publish:qualifiedname="ResourceProvisioning::Interfaces::GuiCutThroughControlService::getGuiCutThroughProfileInfo" xmi:id="_moI1MNy4EdyY2qUBC6uXag" xsi:type="uml:Operation"/><publish:element name="launchGuiCutThrough" publish:icon="_moI1PNy4EdyY2qUBC6uXag_icon.jpeg" publish:qualifiedname="ResourceProvisioning::Interfaces::GuiCutThroughControlService::launchGuiCutThrough" xmi:id="_moI1PNy4EdyY2qUBC6uXag" xsi:type="uml:Operation"/><publish:element name="SoftwareAndDataControlService" publish:icon="_pCIbINynEdyY2qUBC6uXag_icon.jpeg" publish:qualifiedname="ResourceProvisioning::Interfaces::SoftwareAndDataControlService" xmi:id="_pCIbINynEdyY2qUBC6uXag" xsi:type="uml:Interface"/><publish:element name="abortManagedElementBackup" publish:icon="_SbWyq91XEdyrKNXnBMy96w_icon.jpeg" publish:qualifiedname="ResourceProvisioning::Interfaces::SoftwareAndDataControlService::abortManagedElementBackup" xmi:id="_SbWyq91XEdyrKNXnBMy96w" xsi:type="uml:Operation"/><publish:element name="backupManagedElement" publish:icon="_SbWykN1XEdyrKNXnBMy96w_icon.jpeg" publish:qualifiedname="ResourceProvisioning::Interfaces::SoftwareAndDataControlService::backupManagedElement" xmi:id="_SbWykN1XEdyrKNXnBMy96w" xsi:type="uml:Operation"/><publish:element name="getBackupList" publish:icon="_Sbf8gN1XEdyrKNXnBMy96w_icon.jpeg" publish:qualifiedname="ResourceProvisioning::Interfaces::SoftwareAndDataControlService::getBackupList" xmi:id="_Sbf8gN1XEdyrKNXnBMy96w" xsi:type="uml:Operation"/><publish:element name="getManagedElementBackupStatus" publish:icon="_SbWynN1XEdyrKNXnBMy96w_icon.jpeg" publish:qualifiedname="ResourceProvisioning::Interfaces::SoftwareAndDataControlService::getManagedElementBackupStatus" xmi:id="_SbWynN1XEdyrKNXnBMy96w" xsi:type="uml:Operation"/><publish:element name="TopologicalLinkControlService" publish:icon="_uapX8NynEdyY2qUBC6uXag_icon.jpeg" publish:qualifiedname="ResourceProvisioning::Interfaces::TopologicalLinkControlService" xmi:id="_uapX8NynEdyY2qUBC6uXag" xsi:type="uml:Interface"/><publish:element name="createTopologicalLink" publish:icon="_hFeWQN1aEdyrKNXnBMy96w_icon.jpeg" publish:qualifiedname="ResourceProvisioning::Interfaces::TopologicalLinkControlService::createTopologicalLink" xmi:id="_hFeWQN1aEdyrKNXnBMy96w" xsi:type="uml:Operation"/><publish:element name="deleteTopologicalLink" publish:icon="_hFoHQd1aEdyrKNXnBMy96w_icon.jpeg" publish:qualifiedname="ResourceProvisioning::Interfaces::TopologicalLinkControlService::deleteTopologicalLink" xmi:id="_hFoHQd1aEdyrKNXnBMy96w" xsi:type="uml:Operation"/><publish:element name="TrafficConditioningProfileControlService" publish:icon="_xt8UsNynEdyY2qUBC6uXag_icon.jpeg" publish:qualifiedname="ResourceProvisioning::Interfaces::TrafficConditioningProfileControlService" xmi:id="_xt8UsNynEdyY2qUBC6uXag" xsi:type="uml:Interface"/><publish:element name="createTrafficConditioningProfile" publish:icon="_0J4bUN1aEdyrKNXnBMy96w_icon.jpeg" publish:qualifiedname="ResourceProvisioning::Interfaces::TrafficConditioningProfileControlService::createTrafficConditioningProfile" xmi:id="_0J4bUN1aEdyrKNXnBMy96w" xsi:type="uml:Operation"/><publish:element name="deleteTrafficConditioningProfile" publish:icon="_0J4bX91aEdyrKNXnBMy96w_icon.jpeg" publish:qualifiedname="ResourceProvisioning::Interfaces::TrafficConditioningProfileControlService::deleteTrafficConditioningProfile" xmi:id="_0J4bX91aEdyrKNXnBMy96w" xsi:type="uml:Operation"/><publish:element name="modifyTrafficConditioningProfile" publish:icon="_0J4ba91aEdyrKNXnBMy96w_icon.jpeg" publish:qualifiedname="ResourceProvisioning::Interfaces::TrafficConditioningProfileControlService::modifyTrafficConditioningProfile" xmi:id="_0J4ba91aEdyrKNXnBMy96w" xsi:type="uml:Operation"/><publish:element name="TransmissionDescriptorControlService" publish:icon="_0XE6INynEdyY2qUBC6uXag_icon.jpeg" publish:qualifiedname="ResourceProvisioning::Interfaces::TransmissionDescriptorControlService" xmi:id="_0XE6INynEdyY2qUBC6uXag" xsi:type="uml:Interface"/><publish:element name="createTransmissionDescriptor" publish:icon="_rtJqIN1bEdyrKNXnBMy96w_icon.jpeg" publish:qualifiedname="ResourceProvisioning::Interfaces::TransmissionDescriptorControlService::createTransmissionDescriptor" xmi:id="_rtJqIN1bEdyrKNXnBMy96w" xsi:type="uml:Operation"/><publish:element name="deleteTransmissionDescriptor" publish:icon="_rtJqL91bEdyrKNXnBMy96w_icon.jpeg" publish:qualifiedname="ResourceProvisioning::Interfaces::TransmissionDescriptorControlService::deleteTransmissionDescriptor" xmi:id="_rtJqL91bEdyrKNXnBMy96w" xsi:type="uml:Operation"/><publish:element name="modifyTransmissionDescriptor" publish:icon="_rtJqOt1bEdyrKNXnBMy96w_icon.jpeg" publish:qualifiedname="ResourceProvisioning::Interfaces::TransmissionDescriptorControlService::modifyTransmissionDescriptor" xmi:id="_rtJqOt1bEdyrKNXnBMy96w" xsi:type="uml:Operation"/><publish:element name="verifyTransmissionDescriptorAssignment" publish:icon="_rtS0Ed1bEdyrKNXnBMy96w_icon.jpeg" publish:qualifiedname="ResourceProvisioning::Interfaces::TransmissionDescriptorControlService::verifyTransmissionDescriptorAssignment" xmi:id="_rtS0Ed1bEdyrKNXnBMy96w" xsi:type="uml:Operation"/><publish:element name="verifyTransmissionDescriptorAssignmentToMFD??" publish:icon="_-kvbMN1bEdyrKNXnBMy96w_icon.jpeg" publish:qualifiedname="ResourceProvisioning::Interfaces::TransmissionDescriptorControlService::verifyTransmissionDescriptorAssignmentToMFD??" xmi:id="_-kvbMN1bEdyrKNXnBMy96w" xsi:type="uml:Operation"/><publish:element name="modifies TPs with" publish:icon="_cR6WEPXDEdyFSuWihON4JA_icon.jpeg" publish:qualifiedname="ResourceProvisioning::Interfaces::modifies TPs with" xmi:id="_cR6WEPXDEdyFSuWihON4JA" xsi:type="uml:Dependency"/><publish:element publish:icon="_g_61kPpeEdy3oJyJgWjfdA_icon.jpeg" publish:qualifiedname="ResourceProvisioning::Interfaces::&lt;Dependency&gt;" xmi:id="_g_61kPpeEdy3oJyJgWjfdA" xsi:type="uml:Dependency"/><publish:element name="creates Route with" publish:icon="_nIcoQPtJEdyRyo17Bs-IWQ_icon.jpeg" publish:qualifiedname="ResourceProvisioning::Interfaces::creates Route with" xmi:id="_nIcoQPtJEdyRyo17Bs-IWQ" xsi:type="uml:Dependency"/><publish:element name="modifies SNC with" publish:icon="_G4ieAPzEEdy9qu6lRYtp2g_icon.jpeg" publish:qualifiedname="ResourceProvisioning::Interfaces::modifies SNC with" xmi:id="_G4ieAPzEEdy9qu6lRYtp2g" xsi:type="uml:Dependency"/><publish:element name="creates SNC with" publish:icon="_IuG4gPzEEdy9qu6lRYtp2g_icon.jpeg" publish:qualifiedname="ResourceProvisioning::Interfaces::creates SNC with" xmi:id="_IuG4gPzEEdy9qu6lRYtp2g" xsi:type="uml:Dependency"/><publish:element name="uses" publish:icon="_kbdBkAFfEd2tcMzU8qWcPQ_icon.jpeg" publish:qualifiedname="ResourceProvisioning::Interfaces::uses" xmi:id="_kbdBkAFfEd2tcMzU8qWcPQ" xsi:type="uml:Dependency"/><publish:element name="uses" publish:icon="_rUOYcAVKEd2k6OkJh8ypgA_icon.jpeg" publish:qualifiedname="ResourceProvisioning::Interfaces::uses" xmi:id="_rUOYcAVKEd2k6OkJh8ypgA" xsi:type="uml:Dependency"/><publish:element name="creates FD with" publish:icon="_4n08gAVKEd2k6OkJh8ypgA_icon.jpeg" publish:qualifiedname="ResourceProvisioning::Interfaces::creates FD with" xmi:id="_4n08gAVKEd2k6OkJh8ypgA" xsi:type="uml:Dependency"/><publish:element name="creates MFD with" publish:icon="_6bmnQAVKEd2k6OkJh8ypgA_icon.jpeg" publish:qualifiedname="ResourceProvisioning::Interfaces::creates MFD with" xmi:id="_6bmnQAVKEd2k6OkJh8ypgA" xsi:type="uml:Dependency"/><publish:element name="creates FDFr with" publish:icon="_8AVwcAVKEd2k6OkJh8ypgA_icon.jpeg" publish:qualifiedname="ResourceProvisioning::Interfaces::creates FDFr with" xmi:id="_8AVwcAVKEd2k6OkJh8ypgA" xsi:type="uml:Dependency"/><publish:element name="modifies FDFr with" publish:icon="_9clE8AVKEd2k6OkJh8ypgA_icon.jpeg" publish:qualifiedname="ResourceProvisioning::Interfaces::modifies FDFr with" xmi:id="_9clE8AVKEd2k6OkJh8ypgA" xsi:type="uml:Dependency"/><publish:element name="modifies MFD with" publish:icon="_-wnfsAVKEd2k6OkJh8ypgA_icon.jpeg" publish:qualifiedname="ResourceProvisioning::Interfaces::modifies MFD with" xmi:id="_-wnfsAVKEd2k6OkJh8ypgA" xsi:type="uml:Dependency"/><publish:element name="modifies FD with" publish:icon="_AK66gAVLEd2k6OkJh8ypgA_icon.jpeg" publish:qualifiedname="ResourceProvisioning::Interfaces::modifies FD with" xmi:id="_AK66gAVLEd2k6OkJh8ypgA" xsi:type="uml:Dependency"/><publish:element name="creates Equipment with" publish:icon="_T-024AYcEd2HgpQ3_l2TFw_icon.jpeg" publish:qualifiedname="ResourceProvisioning::Interfaces::creates Equipment with" xmi:id="_T-024AYcEd2HgpQ3_l2TFw" xsi:type="uml:Dependency"/><publish:element name="creates FTP with" publish:icon="_ubqd0AbnEd2_ftADVU4G6w_icon.jpeg" publish:qualifiedname="ResourceProvisioning::Interfaces::creates FTP with" xmi:id="_ubqd0AbnEd2_ftADVU4G6w" xsi:type="uml:Dependency"/><publish:element name="creates GTP with" publish:icon="_8Ri2QAbsEd2_ftADVU4G6w_icon.jpeg" publish:qualifiedname="ResourceProvisioning::Interfaces::creates GTP with" xmi:id="_8Ri2QAbsEd2_ftADVU4G6w" xsi:type="uml:Dependency"/><publish:element name="craetes TP Pool with" publish:icon="_EwqEsAb6Ed2_ftADVU4G6w_icon.jpeg" publish:qualifiedname="ResourceProvisioning::Interfaces::craetes TP Pool with" xmi:id="_EwqEsAb6Ed2_ftADVU4G6w" xsi:type="uml:Dependency"/><publish:element name="creates TL with" publish:icon="_yRUWUAfPEd2i3JAX-OUexw_icon.jpeg" publish:qualifiedname="ResourceProvisioning::Interfaces::creates TL with" xmi:id="_yRUWUAfPEd2i3JAX-OUexw" xsi:type="uml:Dependency"/><publish:element name="creates TC Profile with" publish:icon="_1JXI0AnwEd2zPMxbRUN0OA_icon.jpeg" publish:qualifiedname="ResourceProvisioning::Interfaces::creates TC Profile with" xmi:id="_1JXI0AnwEd2zPMxbRUN0OA" xsi:type="uml:Dependency"/><publish:element name="modifies TC Profile with" publish:icon="_-7hNIAn1Ed2zPMxbRUN0OA_icon.jpeg" publish:qualifiedname="ResourceProvisioning::Interfaces::modifies TC Profile with" xmi:id="_-7hNIAn1Ed2zPMxbRUN0OA" xsi:type="uml:Dependency"/><publish:element name="creates TMD with" publish:icon="_a3Y4wAoPEd2zPMxbRUN0OA_icon.jpeg" publish:qualifiedname="ResourceProvisioning::Interfaces::creates TMD with" xmi:id="_a3Y4wAoPEd2zPMxbRUN0OA" xsi:type="uml:Dependency"/><publish:element name="uses" publish:icon="_KA3psAriEd2g7OahyJLk5A_icon.jpeg" publish:qualifiedname="ResourceProvisioning::Interfaces::uses" xmi:id="_KA3psAriEd2g7OahyJLk5A" xsi:type="uml:Dependency"/><publish:element name="uses" publish:icon="_WFErUAr2Ed2g7OahyJLk5A_icon.jpeg" publish:qualifiedname="ResourceProvisioning::Interfaces::uses" xmi:id="_WFErUAr2Ed2g7OahyJLk5A" xsi:type="uml:Dependency"/><publish:element name="uses" publish:icon="_iAaUkAr5Ed2g7OahyJLk5A_icon.jpeg" publish:qualifiedname="ResourceProvisioning::Interfaces::uses" xmi:id="_iAaUkAr5Ed2g7OahyJLk5A" xsi:type="uml:Dependency"/><publish:element name="modifies TMD with" publish:icon="_Uu6z4Ar6Ed2g7OahyJLk5A_icon.jpeg" publish:qualifiedname="ResourceProvisioning::Interfaces::modifies TMD with" xmi:id="_Uu6z4Ar6Ed2g7OahyJLk5A" xsi:type="uml:Dependency"/><publish:element name="uses" publish:icon="_hg__QAr6Ed2g7OahyJLk5A_icon.jpeg" publish:qualifiedname="ResourceProvisioning::Interfaces::uses" xmi:id="_hg__QAr6Ed2g7OahyJLk5A" xsi:type="uml:Dependency"/><publish:element name="SubnetworkConnectionModifyData" publish:icon="_Gtk8QLq6EdyA7v53CjAzng_icon.jpeg" publish:qualifiedname="ResourceProvisioning::Type Definitions::SubnetworkConnectionModifyData" xmi:id="_Gtk8QLq6EdyA7v53CjAzng" xsi:type="uml:DataType"/><publish:element name="SubnetworkConnectionSetData" publish:icon="_Igd2MLq6EdyA7v53CjAzng_icon.jpeg" publish:qualifiedname="ResourceProvisioning::Type Definitions::SubnetworkConnectionSetData" xmi:id="_Igd2MLq6EdyA7v53CjAzng" xsi:type="uml:DataType"/><publish:element name="SubnetworkConnectionCreateData" publish:icon="_Mi6tELq8EdyA7v53CjAzng_icon.jpeg" publish:qualifiedname="ResourceProvisioning::Type Definitions::SubnetworkConnectionCreateData" xmi:id="_Mi6tELq8EdyA7v53CjAzng" xsi:type="uml:DataType"/><publish:element name="GradesOfImpact" publish:icon="_TSosANyrEdyY2qUBC6uXag_icon.jpeg" publish:qualifiedname="ResourceProvisioning::Type Definitions::GradesOfImpact" xmi:id="_TSosANyrEdyY2qUBC6uXag" xsi:type="uml:Enumeration"/><publish:element name="HITLESS" publish:icon="_g7ZnwNyrEdyY2qUBC6uXag_icon.jpeg" publish:qualifiedname="ResourceProvisioning::Type Definitions::GradesOfImpact::HITLESS" xmi:id="_g7ZnwNyrEdyY2qUBC6uXag" xsi:type="uml:EnumerationLiteral"/><publish:element name="MAJOR_IMPACT" publish:icon="_iEkPQNyrEdyY2qUBC6uXag_icon.jpeg" publish:qualifiedname="ResourceProvisioning::Type Definitions::GradesOfImpact::MAJOR_IMPACT" xmi:id="_iEkPQNyrEdyY2qUBC6uXag" xsi:type="uml:EnumerationLiteral"/><publish:element name="MINOR_IMPACT" publish:icon="_jpJncNyrEdyY2qUBC6uXag_icon.jpeg" publish:qualifiedname="ResourceProvisioning::Type Definitions::GradesOfImpact::MINOR_IMPACT" xmi:id="_jpJncNyrEdyY2qUBC6uXag" xsi:type="uml:EnumerationLiteral"/><publish:element name="FreedomLevel" publish:icon="_QESrQNysEdyY2qUBC6uXag_icon.jpeg" publish:qualifiedname="ResourceProvisioning::Type Definitions::FreedomLevel" xmi:id="_QESrQNysEdyY2qUBC6uXag" xsi:type="uml:Enumeration"/><publish:element name="CREATE_CONNECTION_AT_SNC_LAYER" publish:icon="_a2zyoNysEdyY2qUBC6uXag_icon.jpeg" publish:qualifiedname="ResourceProvisioning::Type Definitions::FreedomLevel::CREATE_CONNECTION_AT_SNC_LAYER" xmi:id="_a2zyoNysEdyY2qUBC6uXag" xsi:type="uml:EnumerationLiteral"/><publish:element name="HIGHER_ORDER_SNCS" publish:icon="_eQ9lUNysEdyY2qUBC6uXag_icon.jpeg" publish:qualifiedname="ResourceProvisioning::Type Definitions::FreedomLevel::HIGHER_ORDER_SNCS" xmi:id="_eQ9lUNysEdyY2qUBC6uXag" xsi:type="uml:EnumerationLiteral"/><publish:element name="RECONFIGURATION" publish:icon="_ga8woNysEdyY2qUBC6uXag_icon.jpeg" publish:qualifiedname="ResourceProvisioning::Type Definitions::FreedomLevel::RECONFIGURATION" xmi:id="_ga8woNysEdyY2qUBC6uXag" xsi:type="uml:EnumerationLiteral"/><publish:element name="TERMINATE_AND_MAP" publish:icon="_iE5J8NysEdyY2qUBC6uXag_icon.jpeg" publish:qualifiedname="ResourceProvisioning::Type Definitions::FreedomLevel::TERMINATE_AND_MAP" xmi:id="_iE5J8NysEdyY2qUBC6uXag" xsi:type="uml:EnumerationLiteral"/><publish:element name="RouteCreateData" publish:icon="_yc5TINysEdyY2qUBC6uXag_icon.jpeg" publish:qualifiedname="ResourceProvisioning::Type Definitions::RouteCreateData" xmi:id="_yc5TINysEdyY2qUBC6uXag" xsi:type="uml:DataType"/><publish:element name="ProtectionEffort" publish:icon="_S931kNyuEdyY2qUBC6uXag_icon.jpeg" publish:qualifiedname="ResourceProvisioning::Type Definitions::ProtectionEffort" xmi:id="_S931kNyuEdyY2qUBC6uXag" xsi:type="uml:Enumeration"/><publish:element name="SAME" publish:icon="_bqlHANyuEdyY2qUBC6uXag_icon.jpeg" publish:qualifiedname="ResourceProvisioning::Type Definitions::ProtectionEffort::SAME" xmi:id="_bqlHANyuEdyY2qUBC6uXag" xsi:type="uml:EnumerationLiteral"/><publish:element name="SAME_OR_BETTER" publish:icon="_ckP58NyuEdyY2qUBC6uXag_icon.jpeg" publish:qualifiedname="ResourceProvisioning::Type Definitions::ProtectionEffort::SAME_OR_BETTER" xmi:id="_ckP58NyuEdyY2qUBC6uXag" xsi:type="uml:EnumerationLiteral"/><publish:element name="SAME_OR_WORSE" publish:icon="_flzmcNyuEdyY2qUBC6uXag_icon.jpeg" publish:qualifiedname="ResourceProvisioning::Type Definitions::ProtectionEffort::SAME_OR_WORSE" xmi:id="_flzmcNyuEdyY2qUBC6uXag" xsi:type="uml:EnumerationLiteral"/><publish:element name="WHATEVER" publish:icon="_hoDLANyuEdyY2qUBC6uXag_icon.jpeg" publish:qualifiedname="ResourceProvisioning::Type Definitions::ProtectionEffort::WHATEVER" xmi:id="_hoDLANyuEdyY2qUBC6uXag" xsi:type="uml:EnumerationLiteral"/><publish:element name="EquipmentCreateData" publish:icon="_BU3soNywEdyY2qUBC6uXag_icon.jpeg" publish:qualifiedname="ResourceProvisioning::Type Definitions::EquipmentCreateData" xmi:id="_BU3soNywEdyY2qUBC6uXag" xsi:type="uml:DataType"/><publish:element name="ProtectionRole" publish:icon="_PF260NyxEdyY2qUBC6uXag_icon.jpeg" publish:qualifiedname="ResourceProvisioning::Type Definitions::ProtectionRole" xmi:id="_PF260NyxEdyY2qUBC6uXag" xsi:type="uml:Enumeration"/><publish:element name="BACKUP" publish:icon="_U74TANyxEdyY2qUBC6uXag_icon.jpeg" publish:qualifiedname="ResourceProvisioning::Type Definitions::ProtectionRole::BACKUP" xmi:id="_U74TANyxEdyY2qUBC6uXag" xsi:type="uml:EnumerationLiteral"/><publish:element name="NOT_APPLICABLE" publish:icon="_XPQD0NyxEdyY2qUBC6uXag_icon.jpeg" publish:qualifiedname="ResourceProvisioning::Type Definitions::ProtectionRole::NOT_APPLICABLE" xmi:id="_XPQD0NyxEdyY2qUBC6uXag" xsi:type="uml:EnumerationLiteral"/><publish:element name="PRIMARY" publish:icon="_YlFOUNyxEdyY2qUBC6uXag_icon.jpeg" publish:qualifiedname="ResourceProvisioning::Type Definitions::ProtectionRole::PRIMARY" xmi:id="_YlFOUNyxEdyY2qUBC6uXag" xsi:type="uml:EnumerationLiteral"/><publish:element name="FlowDomainFragmentCreateData" publish:icon="_ZNzMcNy3EdyY2qUBC6uXag_icon.jpeg" publish:qualifiedname="ResourceProvisioning::Type Definitions::FlowDomainFragmentCreateData" xmi:id="_ZNzMcNy3EdyY2qUBC6uXag" xsi:type="uml:DataType"/><publish:element name="MatrixFlowDomainCreateData" publish:icon="_14lV4Ny3EdyY2qUBC6uXag_icon.jpeg" publish:qualifiedname="ResourceProvisioning::Type Definitions::MatrixFlowDomainCreateData" xmi:id="_14lV4Ny3EdyY2qUBC6uXag" xsi:type="uml:DataType"/><publish:element name="FlowDomainModifyData" publish:icon="_DmZwwNy4EdyY2qUBC6uXag_icon.jpeg" publish:qualifiedname="ResourceProvisioning::Type Definitions::FlowDomainModifyData" xmi:id="_DmZwwNy4EdyY2qUBC6uXag" xsi:type="uml:DataType"/><publish:element name="FlowDomainFragmentModifyData" publish:icon="_KX4roNy4EdyY2qUBC6uXag_icon.jpeg" publish:qualifiedname="ResourceProvisioning::Type Definitions::FlowDomainFragmentModifyData" xmi:id="_KX4roNy4EdyY2qUBC6uXag" xsi:type="uml:DataType"/><publish:element name="MatrixFlowDomainModifydata" publish:icon="_SuiNgNy4EdyY2qUBC6uXag_icon.jpeg" publish:qualifiedname="ResourceProvisioning::Type Definitions::MatrixFlowDomainModifydata" xmi:id="_SuiNgNy4EdyY2qUBC6uXag" xsi:type="uml:DataType"/><publish:element name="GuiCutThroughProfileInfo" publish:icon="_8zn_8Ny4EdyY2qUBC6uXag_icon.jpeg" publish:qualifiedname="ResourceProvisioning::Type Definitions::GuiCutThroughProfileInfo" xmi:id="_8zn_8Ny4EdyY2qUBC6uXag" xsi:type="uml:DataType"/><publish:element name="FloatingTerminationPointCreateData" publish:icon="_j1bK0N1ZEdyrKNXnBMy96w_icon.jpeg" publish:qualifiedname="ResourceProvisioning::Type Definitions::FloatingTerminationPointCreateData" xmi:id="_j1bK0N1ZEdyrKNXnBMy96w" xsi:type="uml:DataType"/><publish:element name="GroupTerminationPointEffort" publish:icon="_wYAhoN1ZEdyrKNXnBMy96w_icon.jpeg" publish:qualifiedname="ResourceProvisioning::Type Definitions::GroupTerminationPointEffort" xmi:id="_wYAhoN1ZEdyrKNXnBMy96w" xsi:type="uml:Enumeration"/><publish:element name="SAME" publish:icon="_15dYAN1ZEdyrKNXnBMy96w_icon.jpeg" publish:qualifiedname="ResourceProvisioning::Type Definitions::GroupTerminationPointEffort::SAME" xmi:id="_15dYAN1ZEdyrKNXnBMy96w" xsi:type="uml:EnumerationLiteral"/><publish:element name="WHATEVER" publish:icon="_3tPp0N1ZEdyrKNXnBMy96w_icon.jpeg" publish:qualifiedname="ResourceProvisioning::Type Definitions::GroupTerminationPointEffort::WHATEVER" xmi:id="_3tPp0N1ZEdyrKNXnBMy96w" xsi:type="uml:EnumerationLiteral"/><publish:element name="TerminationPointPoolCreateData" publish:icon="__AZHUN1ZEdyrKNXnBMy96w_icon.jpeg" publish:qualifiedname="ResourceProvisioning::Type Definitions::TerminationPointPoolCreateData" xmi:id="__AZHUN1ZEdyrKNXnBMy96w" xsi:type="uml:DataType"/><publish:element name="TopologicalLinkCreateData" publish:icon="_lfaK8N1aEdyrKNXnBMy96w_icon.jpeg" publish:qualifiedname="ResourceProvisioning::Type Definitions::TopologicalLinkCreateData" xmi:id="_lfaK8N1aEdyrKNXnBMy96w" xsi:type="uml:DataType"/><publish:element name="TrafficConditioningProfileCreateData" publish:icon="_-cXXwN1aEdyrKNXnBMy96w_icon.jpeg" publish:qualifiedname="ResourceProvisioning::Type Definitions::TrafficConditioningProfileCreateData" xmi:id="_-cXXwN1aEdyrKNXnBMy96w" xsi:type="uml:DataType"/><publish:element name="TransmissionDescriptorCreateData" publish:icon="__Rxq4N1cEdyrKNXnBMy96w_icon.jpeg" publish:qualifiedname="ResourceProvisioning::Type Definitions::TransmissionDescriptorCreateData" xmi:id="__Rxq4N1cEdyrKNXnBMy96w" xsi:type="uml:DataType"/><publish:element name="ConnectivityRequirement" publish:icon="_Bk2M0N11EdySmP0Hxfsn0g_icon.jpeg" publish:qualifiedname="ResourceProvisioning::Type Definitions::ConnectivityRequirement" xmi:id="_Bk2M0N11EdySmP0Hxfsn0g" xsi:type="uml:Enumeration"/><publish:element name="ADD_ALL" publish:icon="_FBYlIN11EdySmP0Hxfsn0g_icon.jpeg" publish:qualifiedname="ResourceProvisioning::Type Definitions::ConnectivityRequirement::ADD_ALL" xmi:id="_FBYlIN11EdySmP0Hxfsn0g" xsi:type="uml:EnumerationLiteral"/><publish:element name="REJECT" publish:icon="_GARPQN11EdySmP0Hxfsn0g_icon.jpeg" publish:qualifiedname="ResourceProvisioning::Type Definitions::ConnectivityRequirement::REJECT" xmi:id="_GARPQN11EdySmP0Hxfsn0g" xsi:type="uml:EnumerationLiteral"/><publish:element name="FlowDomainFragmentSetData" publish:icon="_vtKrQN4REdyjuan7cJ_t3A_icon.jpeg" publish:qualifiedname="ResourceProvisioning::Type Definitions::FlowDomainFragmentSetData" xmi:id="_vtKrQN4REdyjuan7cJ_t3A" xsi:type="uml:DataType"/><publish:element name="FlowDomainCreateData" publish:icon="_IOnuYN4_EdySY5hKwKv9GA_icon.jpeg" publish:qualifiedname="ResourceProvisioning::Type Definitions::FlowDomainCreateData" xmi:id="_IOnuYN4_EdySY5hKwKv9GA" xsi:type="uml:DataType"/><publish:element name="ServerLaunchCapability" publish:icon="_ijWNIN5EEdySY5hKwKv9GA_icon.jpeg" publish:qualifiedname="ResourceProvisioning::Type Definitions::ServerLaunchCapability" xmi:id="_ijWNIN5EEdySY5hKwKv9GA" xsi:type="uml:Enumeration"/><publish:element name="CLIENT_LAUNCH_ONLY" publish:icon="_rjbtkN5EEdySY5hKwKv9GA_icon.jpeg" publish:qualifiedname="ResourceProvisioning::Type Definitions::ServerLaunchCapability::CLIENT_LAUNCH_ONLY" xmi:id="_rjbtkN5EEdySY5hKwKv9GA" xsi:type="uml:EnumerationLiteral"/><publish:element name="SERVER_LAUNCH_CAPABLE" publish:icon="_tlqrEN5EEdySY5hKwKv9GA_icon.jpeg" publish:qualifiedname="ResourceProvisioning::Type Definitions::ServerLaunchCapability::SERVER_LAUNCH_CAPABLE" xmi:id="_tlqrEN5EEdySY5hKwKv9GA" xsi:type="uml:EnumerationLiteral"/><publish:element name="GuiCutThroughData" publish:icon="_WutE8N5FEdySY5hKwKv9GA_icon.jpeg" publish:qualifiedname="ResourceProvisioning::Type Definitions::GuiCutThroughData" xmi:id="_WutE8N5FEdySY5hKwKv9GA" xsi:type="uml:DataType"/><publish:element name="ModifyType" publish:icon="_ARw2MN7nEdym2_8ToWs_iA_icon.jpeg" publish:qualifiedname="ResourceProvisioning::Type Definitions::ModifyType" xmi:id="_ARw2MN7nEdym2_8ToWs_iA" xsi:type="uml:Enumeration"/><publish:element name="ADD_REMOVE_PROTECTION" publish:icon="_zVXlUN7zEdym2_8ToWs_iA_icon.jpeg" publish:qualifiedname="ResourceProvisioning::Type Definitions::ModifyType::ADD_REMOVE_PROTECTION" xmi:id="_zVXlUN7zEdym2_8ToWs_iA" xsi:type="uml:EnumerationLiteral"/><publish:element name="REROUTING" publish:icon="_2BLrUN7zEdym2_8ToWs_iA_icon.jpeg" publish:qualifiedname="ResourceProvisioning::Type Definitions::ModifyType::REROUTING" xmi:id="_2BLrUN7zEdym2_8ToWs_iA" xsi:type="uml:EnumerationLiteral"/><publish:element publish:icon="_SBYKMN71Edym2_8ToWs_iA_icon.jpeg" publish:qualifiedname="ResourceProvisioning::Type Definitions::&lt;Dependency&gt;" xmi:id="_SBYKMN71Edym2_8ToWs_iA" xsi:type="uml:Dependency"/><publish:element publish:icon="_FHhmEN75Edym2_8ToWs_iA_icon.jpeg" publish:qualifiedname="ResourceProvisioning::Type Definitions::&lt;Dependency&gt;" xmi:id="_FHhmEN75Edym2_8ToWs_iA" xsi:type="uml:Dependency"/><publish:element name="RouteNameAndAdminState" publish:icon="_uAKmUPyvEdy9qu6lRYtp2g_icon.jpeg" publish:qualifiedname="ResourceProvisioning::Type Definitions::RouteNameAndAdminState" xmi:id="_uAKmUPyvEdy9qu6lRYtp2g" xsi:type="uml:DataType"/><publish:element name="BackupIdentifier" publish:icon="_9tvpYAY6Ed2HgpQ3_l2TFw_icon.jpeg" publish:qualifiedname="ResourceProvisioning::Type Definitions::BackupIdentifier" xmi:id="_9tvpYAY6Ed2HgpQ3_l2TFw" xsi:type="uml:DataType"/><publish:element name="GroupTerminationPointCreateData" publish:icon="_4a7xEAbsEd2_ftADVU4G6w_icon.jpeg" publish:qualifiedname="ResourceProvisioning::Type Definitions::GroupTerminationPointCreateData" xmi:id="_4a7xEAbsEd2_ftADVU4G6w" xsi:type="uml:DataType"/><publish:element name="TrafficConditioningProfileModifyData" publish:icon="__IJwYAn0Ed2zPMxbRUN0OA_icon.jpeg" publish:qualifiedname="ResourceProvisioning::Type Definitions::TrafficConditioningProfileModifyData" xmi:id="__IJwYAn0Ed2zPMxbRUN0OA" xsi:type="uml:DataType"/><publish:element publish:icon="__IJwaQn0Ed2zPMxbRUN0OA_icon.jpeg" publish:qualifiedname="ResourceProvisioning::Type Definitions::&lt;Dependency&gt;" xmi:id="__IJwaQn0Ed2zPMxbRUN0OA" xsi:type="uml:Dependency"/><publish:element name="TransmissionDescriptorSetData" publish:icon="_JpYr8AogEd2zPMxbRUN0OA_icon.jpeg" publish:qualifiedname="ResourceProvisioning::Type Definitions::TransmissionDescriptorSetData" xmi:id="_JpYr8AogEd2zPMxbRUN0OA" xsi:type="uml:DataType"/><publish:element publish:icon="_JpYsBAogEd2zPMxbRUN0OA_icon.jpeg" publish:qualifiedname="ResourceProvisioning::Type Definitions::&lt;Dependency&gt;" xmi:id="_JpYsBAogEd2zPMxbRUN0OA" xsi:type="uml:Dependency"/><publish:element name="TransmissionDescriptorModifyData" publish:icon="_N0mSsAohEd2zPMxbRUN0OA_icon.jpeg" publish:qualifiedname="ResourceProvisioning::Type Definitions::TransmissionDescriptorModifyData" xmi:id="_N0mSsAohEd2zPMxbRUN0OA" xsi:type="uml:DataType"/><publish:element publish:icon="_N0mStAohEd2zPMxbRUN0OA_icon.jpeg" publish:qualifiedname="ResourceProvisioning::Type Definitions::&lt;Dependency&gt;" xmi:id="_N0mStAohEd2zPMxbRUN0OA" xsi:type="uml:Dependency"/><publish:element name="TransmissionDescriptorAssociatedResource" publish:icon="_1Z73YArgEd2g7OahyJLk5A_icon.jpeg" publish:qualifiedname="ResourceProvisioning::Type Definitions::TransmissionDescriptorAssociatedResource" xmi:id="_1Z73YArgEd2g7OahyJLk5A" xsi:type="uml:DataType"/><publish:element name="BidirectionalLineSwitchedRingDirection" publish:icon="_c0Yl4BKfEd2EYoHhnnuyig_icon.jpeg" publish:qualifiedname="ResourceProvisioning::Type Definitions::BidirectionalLineSwitchedRingDirection" xmi:id="_c0Yl4BKfEd2EYoHhnnuyig" xsi:type="uml:Enumeration"/><publish:element name="EAST" publish:icon="_h5OYwBKfEd2EYoHhnnuyig_icon.jpeg" publish:qualifiedname="ResourceProvisioning::Type Definitions::BidirectionalLineSwitchedRingDirection::EAST" xmi:id="_h5OYwBKfEd2EYoHhnnuyig" xsi:type="uml:EnumerationLiteral"/><publish:element name="WEST" publish:icon="_jkN68BKfEd2EYoHhnnuyig_icon.jpeg" publish:qualifiedname="ResourceProvisioning::Type Definitions::BidirectionalLineSwitchedRingDirection::WEST" xmi:id="_jkN68BKfEd2EYoHhnnuyig" xsi:type="uml:EnumerationLiteral"/><publish:element name="NOT_APPLICABLE" publish:icon="_kxaG0BKfEd2EYoHhnnuyig_icon.jpeg" publish:qualifiedname="ResourceProvisioning::Type Definitions::BidirectionalLineSwitchedRingDirection::NOT_APPLICABLE" xmi:id="_kxaG0BKfEd2EYoHhnnuyig" xsi:type="uml:EnumerationLiteral"/><publish:element name="PotentialFutureSetupIndicator" publish:icon="_smOuABKfEd2EYoHhnnuyig_icon.jpeg" publish:qualifiedname="ResourceProvisioning::Type Definitions::PotentialFutureSetupIndicator" xmi:id="_smOuABKfEd2EYoHhnnuyig" xsi:type="uml:Enumeration"/><publish:element name="POINT_TO_POINT" publish:icon="_uPSWgBKfEd2EYoHhnnuyig_icon.jpeg" publish:qualifiedname="ResourceProvisioning::Type Definitions::PotentialFutureSetupIndicator::POINT_TO_POINT" xmi:id="_uPSWgBKfEd2EYoHhnnuyig" xsi:type="uml:EnumerationLiteral"/><publish:element name="BROADCAST" publish:icon="_K3FdYBKgEd2EYoHhnnuyig_icon.jpeg" publish:qualifiedname="ResourceProvisioning::Type Definitions::PotentialFutureSetupIndicator::BROADCAST" xmi:id="_K3FdYBKgEd2EYoHhnnuyig" xsi:type="uml:EnumerationLiteral"/><publish:element name="ANY_CONFIG" publish:icon="_L6vSwBKgEd2EYoHhnnuyig_icon.jpeg" publish:qualifiedname="ResourceProvisioning::Type Definitions::PotentialFutureSetupIndicator::ANY_CONFIG" xmi:id="_L6vSwBKgEd2EYoHhnnuyig" xsi:type="uml:EnumerationLiteral"/></publish:elements>