<?xml version="1.0" encoding="UTF-8"?>
<!--Sample XML file generated by XMLSpy v2006 rel. 3 sp1 (http://www.altova.com)-->
<tns:aservice_Design_OI xmlns:tns="http://www.tmforum.org/xml/tip/internal/SAIOrd" xmlns:avc="http://www.tmforum.org/mtop/fmw/xsd/avc/v1" xmlns:cei="http://www.tmforum.org/mtop/fmw/xsd/cei/v1" xmlns:coi="http://www.tmforum.org/mtop/fmw/xsd/coi/v1" xmlns:ei="http://www.tmforum.org/mtop/fmw/xsd/ei/v1" xmlns:gen="http://www.tmforum.org/mtop/fmw/xsd/gen/v1" xmlns:hdr="http://www.tmforum.org/mtop/fmw/xsd/hdr/v1" xmlns:msg="http://www.tmforum.org/mtop/fmw/xsd/msg/v1" xmlns:nam="http://www.tmforum.org/mtop/fmw/xsd/nam/v1" xmlns:oc="http://www.tmforum.org/mtop/fmw/xsd/oc/v1" xmlns:odel="http://www.tmforum.org/mtop/fmw/xsd/odel/v1" xmlns:sc="http://www.tmforum.org/mtop/fmw/xsd/sc/v1" xmlns:sai="http://www.tmforum.org/mtop/sa/xsd/sai/v1" xmlns:saiexcpt="http://www.tmforum.org/mtop/sa/xsd/saiexcpt/v1" xmlns:sairsp="http://www.tmforum.org/mtop/sa/xsd/sairsp/v1" xmlns:csi="http://www.tmforum.org/mtop/sb/xsd/csi/v1" xmlns:savc="http://www.tmforum.org/mtop/sb/xsd/savc/v1" xmlns:soc="http://www.tmforum.org/mtop/sb/xsd/soc/v1" xmlns:sodel="http://www.tmforum.org/mtop/sb/xsd/sodel/v1" xmlns:ssc="http://www.tmforum.org/mtop/sb/xsd/ssc/v1" xmlns:entity="http://www.tmforum.org/xml/tip/internal/entity" xmlns:extensibility="http://www.tmforum.org/xml/tip/internal/extensibility" xmlns:ord="http://www.tmforum.org/xml/tip/internal/ord" xmlns:res="http://www.tmforum.org/xml/tip/resource/res" xmlns:serv="http://www.tmforum.org/xml/tip/service/serv" xmlns:xsi="http://www.w3.org/2001/XMLSchema-instance" xsi:schemaLocation="http://www.tmforum.org/xml/tip/internal/SAIOrd
C:\Users\michelbe\Documents\BackupYes\TMF\A_CollabRepos\mtop\Product\trunk\DDPs\ResourceProvisioning\IIS\xsd\TestOrdering-7\MTOSI-SAI-order.xsd">
	<id>String</id>
	<notes>String</notes>
	<quantity>-0</quantity>
	<priority>String</priority>
	<ord:service>
		<identifier>
			<context>
				<valuePairs>
					<nameValuePairs>
						<item>
							<name>String</name>
							<value>String</value>
						</item>
						<item>
							<name>String</name>
							<value>String</value>
						</item>
					</nameValuePairs>
				</valuePairs>
				<scheme>String</scheme>
			</context>
			<dn>
				<valuePairs>
					<nameValuePairs>
						<item>
							<name>String</name>
							<value>String</value>
						</item>
						<item>
							<name>String</name>
							<value>String</value>
						</item>
					</nameValuePairs>
				</valuePairs>
				<scheme>String</scheme>
			</dn>
			<entityType>String</entityType>
		</identifier>
		<aliasNames>
			<valuePairs>
				<nameValuePairs>
					<item>
						<name>String</name>
						<value>String</value>
					</item>
					<item>
						<name>String</name>
						<value>String</value>
					</item>
				</nameValuePairs>
			</valuePairs>
			<scheme>String</scheme>
		</aliasNames>
	</ord:service>
	<ord:action>Service_Design</ord:action>
	<actionData>
		<sai:vendorExtensions/>
		<sai:productInfo>
			<sai:productName>
				<nam:rdn>
					<nam:type>String</nam:type>
					<nam:value>String</nam:value>
				</nam:rdn>
			</sai:productName>
			<sai:productSpecificationName>
				<nam:rdn>
					<nam:type>String</nam:type>
					<nam:value>String</nam:value>
				</nam:rdn>
			</sai:productSpecificationName>
			<sai:productBundleName>
				<nam:rdn>
					<nam:type>String</nam:type>
					<nam:value>String</nam:value>
				</nam:rdn>
			</sai:productBundleName>
			<sai:productSpecCharacteristicRef>
				<nam:rdn>
					<nam:type>String</nam:type>
					<nam:value>String</nam:value>
				</nam:rdn>
			</sai:productSpecCharacteristicRef>
			<sai:productCharacteristicValue>String</sai:productCharacteristicValue>
			<sai:productSpecCharacteristicRef>
				<nam:rdn>
					<nam:type>String</nam:type>
					<nam:value>String</nam:value>
				</nam:rdn>
			</sai:productSpecCharacteristicRef>
			<sai:productCharacteristicValue>String</sai:productCharacteristicValue>
		</sai:productInfo>
		<sai:subscriberRefList>
			<nam:rdn>
				<nam:type>String</nam:type>
				<nam:value>String</nam:value>
			</nam:rdn>
		</sai:subscriberRefList>
		<sai:userRefList>
			<nam:rdn>
				<nam:type>String</nam:type>
				<nam:value>String</nam:value>
			</nam:rdn>
		</sai:userRefList>
		<sai:sapRefList>
			<nam:rdn>
				<nam:type>String</nam:type>
				<nam:value>String</nam:value>
			</nam:rdn>
		</sai:sapRefList>
	</actionData>
</tns:aservice_Design_OI>
