<?xml version="1.0" encoding="UTF-8"?><packagedElement name="Class Diagrams" diagramFormat="GIF" xmlns:publish="http://www.ibm.com/Rational/XTools/Publish" publish:icon="319100858_icon.png" publish:modelname="ServiceActivation" publish:qualifiedname="ServiceActivation::Class Diagrams" publish:sortOrder="storage" publish:toplevelguid="_.wB.eOYAO3E.d.y.mH.a8.a.e.fUMFQ" xmlns:xmi="http://www.omg.org/XMI" xmi:id="_-5YGUB5.cE.d.y.jX65.v.z.eW.aBA" xmi:version="2.0" xmlns:com.ibm.xtools.notation="http:///com/ibm/xtools/notation.ecore" xmlns:uml="http://www.eclipse.org/uml2/1.0.0/UML" xmlns:xsi="http://www.w3.org/2001/XMLSchema-instance" xsi:type="uml:Package"><publish:properties><publish:property name="Alias" publish:category="UML" publish:description="Alias property of the UML element"/><publish:property name="Keywords" publish:category="UML" publish:description="Keywords property of the UML element"/><publish:property name="Name" publish:category="UML" publish:description="The Name of the Named Element" publish:value="Class Diagrams"/><publish:property name="Name Expression" publish:category="UML" publish:description="The Name Expression of the Named Element"/><publish:property name="Namespace" publish:category="UML" publish:description="The Namespace of the Named Element" publish:ismodellink="true" publish:value="&lt;Model&gt; ServiceActivation" xmi:id="_.wB.eOYAO3E.d.y.mH.a8.a.e.fUMFQ"/><publish:property name="Nesting Package" publish:category="UML" publish:description="The Nesting Package of the Package" publish:ismodellink="true" publish:value="&lt;Model&gt; ServiceActivation" xmi:id="_.wB.eOYAO3E.d.y.mH.a8.a.e.fUMFQ"/><publish:property name="Owned Template Signature" publish:category="UML" publish:description="The Owned Template Signature of the Templateable Element"/><publish:property name="Owner" publish:category="UML" publish:description="The Owner of the Element" publish:ismodellink="true" publish:value="&lt;Model&gt; ServiceActivation" xmi:id="_.wB.eOYAO3E.d.y.mH.a8.a.e.fUMFQ"/><publish:property name="Owning Template Parameter" publish:category="UML" publish:description="The Owning Template Parameter of the Parameterable Element"/><publish:property name="Qualified Name" publish:category="UML" publish:description="The Qualified Name of the Named Element" publish:value="ServiceActivation::Class Diagrams"/><publish:property name="Stereotype" publish:category="UML"/><publish:property name="Template Parameter" publish:category="UML" publish:description="The Template Parameter of the Parameterable Element"/><publish:property name="Visibility" publish:category="UML" publish:description="The Visibility of the Named Element" publish:value="Public"/></publish:properties><contents Type="Class" isDefault="false" name="SA Class Diagram" publish:icon="1208293359_icon.png" publish:imageType="GIF" publish:qualifiedname="ServiceActivation::Class Diagrams::SA Class Diagram" xmi:id="_.h.o.bP.wAO4E.d.y.mH.a8.a.e.fUMFQ" xsi:type="notation:Diagram"><publish:properties><publish:property name="Measurement Unit" publish:category="View" publish:description="The Measurement Unit of the Diagram" publish:value="Himetric"/><publish:property name="Name" publish:category="View" publish:description="The Name of the Diagram" publish:value="SA Class Diagram"/><publish:property name="Styles" publish:category="View" publish:description="The Styles of the View"/></publish:properties><publish:partInfo name="ServiceOrderManagement" publish:ismodellink="false" publish:partLowerX="485" publish:partLowerY="153" publish:partUpperX="291" publish:partUpperY="0" shape="rect" xmi:id="_7.bIOQAO3E.d.y.mH.a8.a.e.fUMFQ"/><publish:partInfo name="ServiceComponentActivation" publish:ismodellink="false" publish:partLowerX="745" publish:partLowerY="89" publish:partUpperX="537" publish:partUpperY="0" shape="rect" xmi:id="_9.xEK4AO3E.d.y.mH.a8.a.e.fUMFQ"/><publish:partInfo name="ServiceActivation" publish:ismodellink="false" publish:partLowerX="244" publish:partLowerY="425" publish:partUpperX="0" publish:partUpperY="0" shape="rect" xmi:id="_5M.u.dAAO3E.d.y.mH.a8.a.e.fUMFQ"/></contents></packagedElement>