<?xml version="1.0" encoding="UTF-8"?><uml:Model name="ServiceActivation" diagramFormat="GIF" xmlns:publish="http://www.ibm.com/Rational/XTools/Publish" publish:icon="520427053_icon.png" publish:modelname="ServiceActivation" publish:profiles="Standard, Default, Deployment" publish:qualifiedname="ServiceActivation" publish:sortOrder="storage" publish:toplevelguid="_.wB.eOYAO3E.d.y.mH.a8.a.e.fUMFQ" xmlns:xmi="http://www.omg.org/XMI" xmi:id="_.wB.eOYAO3E.d.y.mH.a8.a.e.fUMFQ" xmi:version="2.0" xmlns:com.ibm.xtools.notation="http:///com/ibm/xtools/notation.ecore" xmlns:uml="http://www.eclipse.org/uml2/1.0.0/UML" xmlns:xsi="http://www.w3.org/2001/XMLSchema-instance" xsi:type="uml:Model"><publish:properties><publish:property name="Alias" publish:category="UML" publish:description="Alias property of the UML element"/><publish:property name="Keywords" publish:category="UML" publish:description="Keywords property of the UML element"/><publish:property name="Name" publish:category="UML" publish:description="The Name of the Named Element" publish:value="ServiceActivation"/><publish:property name="Name Expression" publish:category="UML" publish:description="The Name Expression of the Named Element"/><publish:property name="Namespace" publish:category="UML" publish:description="The Namespace of the Named Element"/><publish:property name="Nesting Package" publish:category="UML" publish:description="The Nesting Package of the Package"/><publish:property name="Owned Template Signature" publish:category="UML" publish:description="The Owned Template Signature of the Templateable Element"/><publish:property name="Owner" publish:category="UML" publish:description="The Owner of the Element"/><publish:property name="Owning Template Parameter" publish:category="UML" publish:description="The Owning Template Parameter of the Parameterable Element"/><publish:property name="Qualified Name" publish:category="UML" publish:description="The Qualified Name of the Named Element" publish:value="ServiceActivation"/><publish:property name="Stereotype" publish:category="UML"/><publish:property name="Template Parameter" publish:category="UML" publish:description="The Template Parameter of the Parameterable Element"/><publish:property name="Viewpoint" publish:category="UML" publish:description="The Viewpoint of the Model"/><publish:property name="Visibility" publish:category="UML" publish:description="The Visibility of the Named Element" publish:value="Public"/></publish:properties><appliedProfiles><profile name="Standard" visibility="public"/><profile name="Default" visibility="public"/><profile name="Deployment" visibility="public"/></appliedProfiles><packageImport name="&lt;Unnamed PackageImport&gt;" publish:icon="671422399_icon.png" publish:qualifiedname="ServiceActivation::&lt;PackageImport&gt;" xmi:id="_.wB.eOZAO3E.d.y.mH.a8.a.e.fUMFQ" xsi:type="uml:PackageImport"><publish:properties><publish:property name="Imported Package" publish:category="UML" publish:description="The Imported Package of the Package Import" publish:value="&lt;&lt;modelLibrary&gt;&gt; &lt;Model&gt; UML Primitive Types"/><publish:property name="Importing Namespace" publish:category="UML" publish:description="The Importing Namespace of the Package Import" publish:ismodellink="true" publish:value="&lt;Model&gt; ServiceActivation" xmi:id="_.wB.eOYAO3E.d.y.mH.a8.a.e.fUMFQ"/><publish:property name="Keywords" publish:category="UML" publish:description="Keywords property of the UML element"/><publish:property name="Owner" publish:category="UML" publish:description="The Owner of the Element" publish:ismodellink="true" publish:value="&lt;Model&gt; ServiceActivation" xmi:id="_.wB.eOYAO3E.d.y.mH.a8.a.e.fUMFQ"/><publish:property name="Stereotype" publish:category="UML"/><publish:property name="Visibility" publish:category="UML" publish:description="The Visibility of the Package Import" publish:value="Public"/></publish:properties></packageImport></uml:Model>