<?xml version="1.0" encoding="UTF-8"?><packagedElement name="Class Diagrams" diagramFormat="GIF" xmlns:publish="http://www.ibm.com/Rational/XTools/Publish" publish:icon="319100858_icon.png" publish:modelname="ResourceTroubleManagement" publish:qualifiedname="ResourceTroubleManagement::Class Diagrams" publish:sortOrder="storage" publish:toplevelguid="_.nU.p.i8P-.rE.d.uKKL.vC_EB00A" xmlns:xmi="http://www.omg.org/XMI" xmi:id="__W04QB8VE.d.y.bT.c3B.lJ.s.a9Q" xmi:version="2.0" xmlns:com.ibm.xtools.notation="http:///com/ibm/xtools/notation.ecore" xmlns:uml="http://www.eclipse.org/uml2/1.0.0/UML" xmlns:xsi="http://www.w3.org/2001/XMLSchema-instance" xsi:type="uml:Package"><publish:properties><publish:property name="Alias" publish:category="UML" publish:description="Alias property of the UML element"/><publish:property name="Keywords" publish:category="UML" publish:description="Keywords property of the UML element"/><publish:property name="Name" publish:category="UML" publish:description="The Name of the Named Element" publish:value="Class Diagrams"/><publish:property name="Name Expression" publish:category="UML" publish:description="The Name Expression of the Named Element"/><publish:property name="Namespace" publish:category="UML" publish:description="The Namespace of the Named Element" publish:ismodellink="true" publish:value="&lt;Model&gt; ResourceTroubleManagement" xmi:id="_.nU.p.i8P-.rE.d.uKKL.vC_EB00A"/><publish:property name="Nesting Package" publish:category="UML" publish:description="The Nesting Package of the Package" publish:ismodellink="true" publish:value="&lt;Model&gt; ResourceTroubleManagement" xmi:id="_.nU.p.i8P-.rE.d.uKKL.vC_EB00A"/><publish:property name="Owned Template Signature" publish:category="UML" publish:description="The Owned Template Signature of the Templateable Element"/><publish:property name="Owner" publish:category="UML" publish:description="The Owner of the Element" publish:ismodellink="true" publish:value="&lt;Model&gt; ResourceTroubleManagement" xmi:id="_.nU.p.i8P-.rE.d.uKKL.vC_EB00A"/><publish:property name="Owning Template Parameter" publish:category="UML" publish:description="The Owning Template Parameter of the Parameterable Element"/><publish:property name="Qualified Name" publish:category="UML" publish:description="The Qualified Name of the Named Element" publish:value="ResourceTroubleManagement::Class Diagrams"/><publish:property name="Stereotype" publish:category="UML"/><publish:property name="Template Parameter" publish:category="UML" publish:description="The Template Parameter of the Parameterable Element"/><publish:property name="Visibility" publish:category="UML" publish:description="The Visibility of the Named Element" publish:value="Public"/></publish:properties><contents Type="Class" isDefault="false" name="RTM Interface Diagram" publish:icon="1208293359_icon.png" publish:imageType="GIF" publish:qualifiedname="ResourceTroubleManagement::Class Diagrams::RTM Interface Diagram" xmi:id="_.nU.p.i8.v-.rE.d.uKKL.vC_EB00A" xsi:type="notation:Diagram"><publish:properties><publish:property name="Measurement Unit" publish:category="View" publish:description="The Measurement Unit of the Diagram" publish:value="Himetric"/><publish:property name="Name" publish:category="View" publish:description="The Name of the Diagram" publish:value="RTM Interface Diagram"/><publish:property name="Styles" publish:category="View" publish:description="The Styles of the View"/></publish:properties><publish:partInfo coords="394,371,394,418,384,418,384,371,394,371" name="uses" publish:ismodellink="false" shape="poly" xmi:id="_.g.cQ.i.sDL.kE.d2PL.sM.cDETQ2.w"/><publish:partInfo coords="1661,93,1661,160,1651,160,1651,93,1661,93" name="Dependency" publish:ismodellink="false" shape="poly" xmi:id="_.p.uOS4O.qOE.d.y.uRY.e8T.zA8.u.g"/><publish:partInfo coords="1695,216,1800,301,1794,309,1689,223,1695,216" name="Association" publish:ismodellink="false" shape="poly" xmi:id="_W.rUC.oO.qOE.d.y.uRY.e8T.zA8.u.g"/><publish:partInfo coords="1620,231,1518,316,1511,309,1613,223,1620,231" name="Association" publish:ismodellink="false" shape="poly" xmi:id="_V.kFU0O.qOE.d.y.uRY.e8T.zA8.u.g"/><publish:partInfo coords="1077,1101,1077,1036,1087,1036,1087,1101,1077,1101" name="creates ASAP with" publish:ismodellink="false" shape="poly" xmi:id="_N.eWAMK.gIE.d.yB.v.u4Q.gH3.iC.w"/><publish:partInfo coords="1081,968,1081,928,1091,928,1091,968,1081,968" name="Generalization" publish:ismodellink="false" shape="poly" xmi:id="_.n.tYVY.q.gHE.d.yB.v.u4Q.gH3.iC.w"/><publish:partInfo coords="606,1101,606,1034,616,1034,616,1101,606,1101" name="modifies ASAP with" publish:ismodellink="false" shape="poly" xmi:id="_K.v.f3ACV0E.d.y.i.v86.a.e.j.kL.cA"/><publish:partInfo coords="609,966,609,927,619,927,619,966,609,966" name="Generalization" publish:ismodellink="false" shape="poly" xmi:id="_C.n.s.aYP_NE.d.uKKL.vC_EB00A"/><publish:partInfo name="ActiveAlarmFilter" publish:ismodellink="false" publish:partLowerX="640" publish:partLowerY="551" publish:partUpperX="131" publish:partUpperY="417" shape="rect" xmi:id="_.lI.f4EN1.gE.d.y.rKNX.nBM.y96.w"/><publish:partInfo name="TcaId" publish:ismodellink="false" publish:partLowerX="2080" publish:partLowerY="442" publish:partUpperX="1671" publish:partUpperY="308" shape="rect" xmi:id="_CNDO.sO.qOE.d.y.uRY.e8T.zA8.u.g"/><publish:partInfo name="AlarmId" publish:ismodellink="false" publish:partLowerX="1635" publish:partLowerY="426" publish:partUpperX="1251" publish:partUpperY="308" shape="rect" xmi:id="_8.zDEIO.qNE.d.y.uRY.e8T.zA8.u.g"/><publish:partInfo name="AlarmOrTcaId" publish:ismodellink="false" publish:partLowerX="1794" publish:partLowerY="224" publish:partUpperX="1509" publish:partUpperY="159" shape="rect" xmi:id="_.v_A.mYO.qME.d.y.uRY.e8T.zA8.u.g"/><publish:partInfo name="ProtectionRetrievalService" publish:ismodellink="false" publish:partLowerX="808" publish:partLowerY="1456" publish:partUpperX="20" publish:partUpperY="1258" shape="rect" xmi:id="_.oFPA4N1.eE.d.y.rKNX.nBM.y96.w"/><publish:partInfo name="ProtectionControlService" publish:ismodellink="false" publish:partLowerX="2095" publish:partLowerY="1459" publish:partUpperX="838" publish:partUpperY="1389" shape="rect" xmi:id="_.mC_.cUN1.eE.d.y.rKNX.nBM.y96.w"/><publish:partInfo name="MaintenanceControlService" publish:ismodellink="false" publish:partLowerX="2035" publish:partLowerY="1360" publish:partUpperX="846" publish:partUpperY="1274" shape="rect" xmi:id="_.j.vK_.kN1.eE.d.y.rKNX.nBM.y96.w"/><publish:partInfo name="AlarmRetrievalService" publish:ismodellink="false" publish:partLowerX="770" publish:partLowerY="372" publish:partUpperX="0" publish:partUpperY="286" shape="rect" xmi:id="_SE7LYN1.eE.d.y.rKNX.nBM.y96.w"/><publish:partInfo name="AlarmHandlingService" publish:ismodellink="false" publish:partLowerX="2168" publish:partLowerY="94" publish:partUpperX="1132" publish:partUpperY="8" shape="rect" xmi:id="_P.e.x.o.gN1.eE.d.y.rKNX.nBM.y96.w"/><publish:partInfo name="AlarmSeverityAssignmentProfileCreateData" publish:ismodellink="false" publish:partLowerX="1347" publish:partLowerY="1037" publish:partUpperX="828" publish:partUpperY="967" shape="rect" xmi:id="_.n.tYVYK.gHE.d.yB.v.u4Q.gH3.iC.w"/><publish:partInfo name="AlarmSeverityAssignmentProfileControlService" publish:ismodellink="false" publish:partLowerX="1440" publish:partLowerY="1234" publish:partUpperX="183" publish:partUpperY="1100" shape="rect" xmi:id="_.y.v.xH.cCV.zE.d.y.i.v86.a.e.j.kL.cA"/><publish:partInfo name="AlarmControlService" publish:ismodellink="false" publish:partLowerX="711" publish:partLowerY="269" publish:partUpperX="0" publish:partUpperY="135" shape="rect" xmi:id="_S0_M4CV.zE.d.y.i.v86.a.e.j.kL.cA"/><publish:partInfo name="AlarmSeverityAssignmentProfileRetrievalService" publish:ismodellink="false" publish:partLowerX="1114" publish:partLowerY="118" publish:partUpperX="1" publish:partUpperY="0" shape="rect" xmi:id="_0.pY.w8CV.yE.d.y.i.v86.a.e.j.kL.cA"/><publish:partInfo name="AlarmSeverityAssignmentProfileModifyData" publish:ismodellink="false" publish:partLowerX="802" publish:partLowerY="1035" publish:partUpperX="432" publish:partUpperY="965" shape="rect" xmi:id="_S.eNZYP_IE.d.uKKL.vC_EB00A"/></contents><contents Type="Class" isDefault="false" name="RTM DDP Relationship Diagram" publish:icon="1208293359_icon.png" publish:imageType="GIF" publish:qualifiedname="ResourceTroubleManagement::Class Diagrams::RTM DDP Relationship Diagram" xmi:id="_H.uWSAJETE.d.y.p.u.rM.a9DXJ.y.w" xsi:type="notation:Diagram"><publish:properties><publish:property name="Measurement Unit" publish:category="View" publish:description="The Measurement Unit of the Diagram" publish:value="Himetric"/><publish:property name="Name" publish:category="View" publish:description="The Name of the Diagram" publish:value="RTM DDP Relationship Diagram"/><publish:property name="Styles" publish:category="View" publish:description="The Styles of the View"/></publish:properties><publish:partInfo coords="100,338,100,268,109,268,109,338,100,338" name="PackageImport" publish:ismodellink="false" shape="poly" xmi:id="_.w.c.h.kQD.qBE.d.yN.g.bQAJB.aB.gA"/><publish:partInfo name="ResourceTroubleManagement" publish:ismodellink="true" publish:partLowerX="210" publish:partLowerY="374" publish:partUpperX="10" publish:partUpperY="363" shape="rect" xmi:id="_.nU.p.i8P-.rE.d.uKKL.vC_EB00A"/><publish:partInfo name="ResourceTroubleManagement" publish:ismodellink="true" publish:partLowerX="220" publish:partLowerY="376" publish:partUpperX="0" publish:partUpperY="326" shape="rect" xmi:id="_.nU.p.i8P-.rE.d.uKKL.vC_EB00A"/></contents></packagedElement>