<?xml version="1.0" encoding="UTF-8"?>
<!--Sample XML file generated by XMLSpy v2006 rel. 3 sp1 (http://www.altova.com)-->
<tns:theSimplest_OI>
	<ord:resource>
		<identifier>
			<context>
				<valuePairs>
					<nameValuePairs>
						<item>
							<name>String</name>
							<value>String</value>
						</item>
						<item>
							<name>String</name>
							<value>String</value>
						</item>
					</nameValuePairs>
				</valuePairs>
				<scheme>String</scheme>
			</context>
			<dn>
				<valuePairs>
					<nameValuePairs>
						<item>
							<name>String</name>
							<value>String</value>
						</item>
						<item>
							<name>String</name>
							<value>String</value>
						</item>
					</nameValuePairs>
				</valuePairs>
				<scheme>String</scheme>
			</dn>
			<entityType>String</entityType>
		</identifier>
		<aliasNames>
			<valuePairs>
				<nameValuePairs>
					<item>
						<name>String</name>
						<value>String</value>
					</item>
					<item>
						<name>String</name>
						<value>String</value>
					</item>
				</nameValuePairs>
			</valuePairs>
			<scheme>String</scheme>
		</aliasNames>
	</ord:resource>
	<tns:tPControl_Action>FTP_Create</tns:tPControl_Action>
	<actionData>
		<tpc:createData>
			<cosd:userLabel>String</cosd:userLabel>
			<cosd:isForceUniqueness>true</cosd:isForceUniqueness>
			<cosd:owner>String</cosd:owner>
			<cosd:aliasNameList>
				<gen:alias>
					<gen:aliasName>String</gen:aliasName>
					<gen:aliasValue>String</gen:aliasValue>
				</gen:alias>
				<gen:alias>
					<gen:aliasName>String</gen:aliasName>
					<gen:aliasValue>String</gen:aliasValue>
				</gen:alias>
			</cosd:aliasNameList>
			<cosd:vendorExtensions/>
			<cocd:name>
				<nam:rdn>
					<nam:type>String</nam:type>
					<nam:value>String</nam:value>
				</nam:rdn>
			</cocd:name>
			<crcd:networkAccessDomain>String</crcd:networkAccessDomain>
			<tpc:equipmentRef>
				<nam:rdn>
					<nam:type>String</nam:type>
					<nam:value>String</nam:value>
				</nam:rdn>
			</tpc:equipmentRef>
			<tpc:ingressTmdRef>
				<nam:rdn>
					<nam:type>String</nam:type>
					<nam:value>String</nam:value>
				</nam:rdn>
			</tpc:ingressTmdRef>
			<tpc:egressTmdRef>
				<nam:rdn>
					<nam:type>String</nam:type>
					<nam:value>String</nam:value>
				</nam:rdn>
			</tpc:egressTmdRef>
			<tpc:tpMappingMode>TM_NA</tpc:tpMappingMode>
			<tpc:direction>D_NA</tpc:direction>
			<lp:transmissionParametersList>
				<lp:transmissionParameters>
					<lp:layerRate extension="String">VENDOR_EXT</lp:layerRate>
					<lp:parameterList>
						<gen:nvs>
							<gen:name>String</gen:name>
							<gen:value>String</gen:value>
						</gen:nvs>
						<gen:nvs>
							<gen:name>String</gen:name>
							<gen:value>String</gen:value>
						</gen:nvs>
					</lp:parameterList>
					<lp:vendorExtensions/>
				</lp:transmissionParameters>
				<lp:transmissionParameters>
					<lp:layerRate extension="String">VENDOR_EXT</lp:layerRate>
					<lp:parameterList>
						<gen:nvs>
							<gen:name>String</gen:name>
							<gen:value>String</gen:value>
						</gen:nvs>
						<gen:nvs>
							<gen:name>String</gen:name>
							<gen:value>String</gen:value>
						</gen:nvs>
					</lp:parameterList>
					<lp:vendorExtensions/>
				</lp:transmissionParameters>
			</lp:transmissionParametersList>
		</tpc:createData>
		<tpc:tpDataListToModify>
			<tpdata:tpData>
				<tpdata:tpRef>
					<nam:rdn>
						<nam:type>String</nam:type>
						<nam:value>String</nam:value>
					</nam:rdn>
				</tpdata:tpRef>
				<tpdata:tpMappingMode>TM_NA</tpdata:tpMappingMode>
				<lp:transmissionParametersList>
					<lp:transmissionParameters>
						<lp:layerRate extension="String">VENDOR_EXT</lp:layerRate>
						<lp:parameterList>
							<gen:nvs>
								<gen:name>String</gen:name>
								<gen:value>String</gen:value>
							</gen:nvs>
							<gen:nvs>
								<gen:name>String</gen:name>
								<gen:value>String</gen:value>
							</gen:nvs>
						</lp:parameterList>
						<lp:vendorExtensions/>
					</lp:transmissionParameters>
					<lp:transmissionParameters>
						<lp:layerRate extension="String">VENDOR_EXT</lp:layerRate>
						<lp:parameterList>
							<gen:nvs>
								<gen:name>String</gen:name>
								<gen:value>String</gen:value>
							</gen:nvs>
							<gen:nvs>
								<gen:name>String</gen:name>
								<gen:value>String</gen:value>
							</gen:nvs>
						</lp:parameterList>
						<lp:vendorExtensions/>
					</lp:transmissionParameters>
				</lp:transmissionParametersList>
				<tpdata:ingressTmdRef>
					<nam:rdn>
						<nam:type>String</nam:type>
						<nam:value>String</nam:value>
					</nam:rdn>
				</tpdata:ingressTmdRef>
				<tpdata:egressTmdRef>
					<nam:rdn>
						<nam:type>String</nam:type>
						<nam:value>String</nam:value>
					</nam:rdn>
				</tpdata:egressTmdRef>
			</tpdata:tpData>
			<tpdata:tpData>
				<tpdata:tpRef>
					<nam:rdn>
						<nam:type>String</nam:type>
						<nam:value>String</nam:value>
					</nam:rdn>
				</tpdata:tpRef>
				<tpdata:tpMappingMode>TM_NA</tpdata:tpMappingMode>
				<lp:transmissionParametersList>
					<lp:transmissionParameters>
						<lp:layerRate extension="String">VENDOR_EXT</lp:layerRate>
						<lp:parameterList>
							<gen:nvs>
								<gen:name>String</gen:name>
								<gen:value>String</gen:value>
							</gen:nvs>
							<gen:nvs>
								<gen:name>String</gen:name>
								<gen:value>String</gen:value>
							</gen:nvs>
						</lp:parameterList>
						<lp:vendorExtensions/>
					</lp:transmissionParameters>
					<lp:transmissionParameters>
						<lp:layerRate extension="String">VENDOR_EXT</lp:layerRate>
						<lp:parameterList>
							<gen:nvs>
								<gen:name>String</gen:name>
								<gen:value>String</gen:value>
							</gen:nvs>
							<gen:nvs>
								<gen:name>String</gen:name>
								<gen:value>String</gen:value>
							</gen:nvs>
						</lp:parameterList>
						<lp:vendorExtensions/>
					</lp:transmissionParameters>
				</lp:transmissionParametersList>
				<tpdata:ingressTmdRef>
					<nam:rdn>
						<nam:type>String</nam:type>
						<nam:value>String</nam:value>
					</nam:rdn>
				</tpdata:ingressTmdRef>
				<tpdata:egressTmdRef>
					<nam:rdn>
						<nam:type>String</nam:type>
						<nam:value>String</nam:value>
					</nam:rdn>
				</tpdata:egressTmdRef>
			</tpdata:tpData>
		</tpc:tpDataListToModify>
	</actionData>
</tns:theSimplest_OI>
