<?xml version="1.0" encoding="UTF-8"?><uml:Model name="ResourcePerformanceManagement" diagramFormat="GIF" xmlns:publish="http://www.ibm.com/Rational/XTools/Publish" publish:icon="520427053_icon.png" publish:modelname="ResourcePerformanceManagement" publish:profiles="Standard, Default, Deployment, mTOP UML Profile" publish:qualifiedname="ResourcePerformanceManagement" publish:sortOrder="storage" publish:toplevelguid="_.e98ZQA6.qE.d.y.d7PUN.b-IYCQ" xmlns:xmi="http://www.omg.org/XMI" xmi:id="_.e98ZQA6.qE.d.y.d7PUN.b-IYCQ" xmi:version="2.0" xmlns:com.ibm.xtools.notation="http:///com/ibm/xtools/notation.ecore" xmlns:uml="http://www.eclipse.org/uml2/1.0.0/UML" xmlns:xsi="http://www.w3.org/2001/XMLSchema-instance" xsi:type="uml:Model"><appliedProfiles><profile name="Standard" visibility="public"/><profile name="Default" visibility="public"/><profile name="Deployment" visibility="public"/><profile name="mTOP UML Profile" visibility="public"/></appliedProfiles><packagedElement name="Class Diagrams" publish:diagramFormat="GIF" publish:icon="319100858_icon.png" publish:modelname="ResourcePerformanceManagement" publish:qualifiedname="ResourcePerformanceManagement::Class Diagrams" publish:sortOrder="storage" publish:toplevelguid="_.e98ZQA6.qE.d.y.d7PUN.b-IYCQ" xmi:id="_.pU.c.lQB5.cE.d.y.jX65.v.z.eW.aBA" xsi:type="uml:Package"/><packagedElement name="Interfaces" publish:diagramFormat="GIF" publish:icon="319100858_icon.png" publish:modelname="ResourcePerformanceManagement" publish:qualifiedname="ResourcePerformanceManagement::Interfaces" publish:sortOrder="storage" publish:toplevelguid="_.e98ZQA6.qE.d.y.d7PUN.b-IYCQ" xmi:id="_.s.v7N.oB5.cE.d.y.jX65.v.z.eW.aBA" xsi:type="uml:Package"><packagedElement name="PerformanceManagementControlService" publish:icon="-1912268891_icon.png" publish:qualifiedname="ResourcePerformanceManagement::Interfaces::PerformanceManagementControlService" xmi:id="_1H.rNYN1.nE.d.y.rKNX.nBM.y96.w" xsi:type="uml:Interface"><ownedOperation name="clearPerformanceMonitoringData" publish:icon="33888294_icon.png" publish:qualifiedname="ResourcePerformanceManagement::Interfaces::PerformanceManagementControlService::clearPerformanceMonitoringData" xmi:id="_GAKN.jN1.oE.d.y.rKNX.nBM.y96.w" xsi:type="uml:Operation"><specification publish:icon="-234547196_icon.png" publish:qualifiedname="ResourcePerformanceManagement::Interfaces::PerformanceManagementControlService::clearPerformanceMonitoringData::&lt;Constraint&gt;::&lt;OpaqueExpression&gt;" xmi:id="_GAKN.j91.oE.d.y.rKNX.nBM.y96.w" xsi:type="uml:OpaqueExpression"/><specification publish:icon="-234547196_icon.png" publish:qualifiedname="ResourcePerformanceManagement::Interfaces::PerformanceManagementControlService::clearPerformanceMonitoringData::&lt;Constraint&gt;::&lt;OpaqueExpression&gt;" xmi:id="_GAKN.k.d1.oE.d.y.rKNX.nBM.y96.w" xsi:type="uml:OpaqueExpression"/><ownedParameter direction="return" name="void" publish:icon="436541387_icon.png" publish:qualifiedname="ResourcePerformanceManagement::Interfaces::PerformanceManagementControlService::clearPerformanceMonitoringData::void" xmi:id="_GAKN.k.t1.oE.d.y.rKNX.nBM.y96.w" xsi:type="uml:Parameter"/><ownedParameter direction="in" name="pmObjectSelectList" publish:icon="-1761273889_icon.png" publish:qualifiedname="ResourcePerformanceManagement::Interfaces::PerformanceManagementControlService::clearPerformanceMonitoringData::pmObjectSelectList" xmi:id="_GAKN.lN1.oE.d.y.rKNX.nBM.y96.w" xsi:type="uml:Parameter"><upperValue publish:icon="1141184546_icon.png" publish:qualifiedname="ResourcePerformanceManagement::Interfaces::PerformanceManagementControlService::clearPerformanceMonitoringData::pmObjectSelectList::&lt;LiteralUnlimitedNatural&gt;" xmi:id="_.m6.hC.k.fDYE.d.y.d4.aLNEJLXR.g" xsi:type="uml:LiteralUnlimitedNatural"/><lowerValue publish:icon="168105990_icon.png" publish:qualifiedname="ResourcePerformanceManagement::Interfaces::PerformanceManagementControlService::clearPerformanceMonitoringData::pmObjectSelectList::&lt;LiteralInteger&gt;" xmi:id="_.m6.hC.kPDYE.d.y.d4.aLNEJLXR.g" xsi:type="uml:LiteralInteger"/><defaultValue publish:icon="-234547196_icon.png" publish:qualifiedname="ResourcePerformanceManagement::Interfaces::PerformanceManagementControlService::clearPerformanceMonitoringData::pmObjectSelectList::&lt;OpaqueExpression&gt;" xmi:id="_GAKN.l.t1.oE.d.y.rKNX.nBM.y96.w" xsi:type="uml:OpaqueExpression"/></ownedParameter><ownedParameter direction="out" name="failedObjectSelectList" publish:icon="386209653_icon.png" publish:qualifiedname="ResourcePerformanceManagement::Interfaces::PerformanceManagementControlService::clearPerformanceMonitoringData::failedObjectSelectList" xmi:id="_GAKN.l91.oE.d.y.rKNX.nBM.y96.w" xsi:type="uml:Parameter"><upperValue publish:icon="1141184546_icon.png" publish:qualifiedname="ResourcePerformanceManagement::Interfaces::PerformanceManagementControlService::clearPerformanceMonitoringData::failedObjectSelectList::&lt;LiteralUnlimitedNatural&gt;" xmi:id="_N775.k.fD.iE.d.y.d4.aLNEJLXR.g" xsi:type="uml:LiteralUnlimitedNatural"/><lowerValue publish:icon="168105990_icon.png" publish:qualifiedname="ResourcePerformanceManagement::Interfaces::PerformanceManagementControlService::clearPerformanceMonitoringData::failedObjectSelectList::&lt;LiteralInteger&gt;" xmi:id="_N775.kPD.iE.d.y.d4.aLNEJLXR.g" xsi:type="uml:LiteralInteger"/><defaultValue publish:icon="-234547196_icon.png" publish:qualifiedname="ResourcePerformanceManagement::Interfaces::PerformanceManagementControlService::clearPerformanceMonitoringData::failedObjectSelectList::&lt;OpaqueExpression&gt;" xmi:id="_GAKN.m.d1.oE.d.y.rKNX.nBM.y96.w" xsi:type="uml:OpaqueExpression"/></ownedParameter></ownedOperation><ownedOperation name="disablePerformanceMonitoringData" publish:icon="33888294_icon.png" publish:qualifiedname="ResourcePerformanceManagement::Interfaces::PerformanceManagementControlService::disablePerformanceMonitoringData" xmi:id="_GAKN.f.t1.oE.d.y.rKNX.nBM.y96.w" xsi:type="uml:Operation"><specification publish:icon="-234547196_icon.png" publish:qualifiedname="ResourcePerformanceManagement::Interfaces::PerformanceManagementControlService::disablePerformanceMonitoringData::&lt;Constraint&gt;::&lt;OpaqueExpression&gt;" xmi:id="_GAKN.g.d1.oE.d.y.rKNX.nBM.y96.w" xsi:type="uml:OpaqueExpression"/><specification publish:icon="-234547196_icon.png" publish:qualifiedname="ResourcePerformanceManagement::Interfaces::PerformanceManagementControlService::disablePerformanceMonitoringData::&lt;Constraint&gt;::&lt;OpaqueExpression&gt;" xmi:id="_GAKN.g91.oE.d.y.rKNX.nBM.y96.w" xsi:type="uml:OpaqueExpression"/><ownedParameter direction="return" name="void" publish:icon="436541387_icon.png" publish:qualifiedname="ResourcePerformanceManagement::Interfaces::PerformanceManagementControlService::disablePerformanceMonitoringData::void" xmi:id="_GAKN.hN1.oE.d.y.rKNX.nBM.y96.w" xsi:type="uml:Parameter"/><ownedParameter direction="in" name="pmObjectSelectList" publish:icon="-1761273889_icon.png" publish:qualifiedname="ResourcePerformanceManagement::Interfaces::PerformanceManagementControlService::disablePerformanceMonitoringData::pmObjectSelectList" xmi:id="_GAKN.h.t1.oE.d.y.rKNX.nBM.y96.w" xsi:type="uml:Parameter"><upperValue publish:icon="1141184546_icon.png" publish:qualifiedname="ResourcePerformanceManagement::Interfaces::PerformanceManagementControlService::disablePerformanceMonitoringData::pmObjectSelectList::&lt;LiteralUnlimitedNatural&gt;" xmi:id="_M.o.jUM.fD.kE.d.y.d4.aLNEJLXR.g" xsi:type="uml:LiteralUnlimitedNatural"/><lowerValue publish:icon="168105990_icon.png" publish:qualifiedname="ResourcePerformanceManagement::Interfaces::PerformanceManagementControlService::disablePerformanceMonitoringData::pmObjectSelectList::&lt;LiteralInteger&gt;" xmi:id="_M.o.jUMPD.kE.d.y.d4.aLNEJLXR.g" xsi:type="uml:LiteralInteger"/><defaultValue publish:icon="-234547196_icon.png" publish:qualifiedname="ResourcePerformanceManagement::Interfaces::PerformanceManagementControlService::disablePerformanceMonitoringData::pmObjectSelectList::&lt;OpaqueExpression&gt;" xmi:id="_GAKN.iN1.oE.d.y.rKNX.nBM.y96.w" xsi:type="uml:OpaqueExpression"/></ownedParameter><ownedParameter direction="out" name="failedObjectSelectList" publish:icon="386209653_icon.png" publish:qualifiedname="ResourcePerformanceManagement::Interfaces::PerformanceManagementControlService::disablePerformanceMonitoringData::failedObjectSelectList" xmi:id="_GAKN.i.d1.oE.d.y.rKNX.nBM.y96.w" xsi:type="uml:Parameter"><upperValue publish:icon="1141184546_icon.png" publish:qualifiedname="ResourcePerformanceManagement::Interfaces::PerformanceManagementControlService::disablePerformanceMonitoringData::failedObjectSelectList::&lt;LiteralUnlimitedNatural&gt;" xmi:id="_M7LVQ.fD.kE.d.y.d4.aLNEJLXR.g" xsi:type="uml:LiteralUnlimitedNatural"/><lowerValue publish:icon="168105990_icon.png" publish:qualifiedname="ResourcePerformanceManagement::Interfaces::PerformanceManagementControlService::disablePerformanceMonitoringData::failedObjectSelectList::&lt;LiteralInteger&gt;" xmi:id="_M7LVQPD.kE.d.y.d4.aLNEJLXR.g" xsi:type="uml:LiteralInteger"/><defaultValue publish:icon="-234547196_icon.png" publish:qualifiedname="ResourcePerformanceManagement::Interfaces::PerformanceManagementControlService::disablePerformanceMonitoringData::failedObjectSelectList::&lt;OpaqueExpression&gt;" xmi:id="_GAKN.i91.oE.d.y.rKNX.nBM.y96.w" xsi:type="uml:OpaqueExpression"/></ownedParameter></ownedOperation><ownedOperation name="enablePerformanceMonitoringData" publish:icon="33888294_icon.png" publish:qualifiedname="ResourcePerformanceManagement::Interfaces::PerformanceManagementControlService::enablePerformanceMonitoringData" xmi:id="_GAKN.cN1.oE.d.y.rKNX.nBM.y96.w" xsi:type="uml:Operation"><specification publish:icon="-234547196_icon.png" publish:qualifiedname="ResourcePerformanceManagement::Interfaces::PerformanceManagementControlService::enablePerformanceMonitoringData::&lt;Constraint&gt;::&lt;OpaqueExpression&gt;" xmi:id="_GAKN.c91.oE.d.y.rKNX.nBM.y96.w" xsi:type="uml:OpaqueExpression"/><specification publish:icon="-234547196_icon.png" publish:qualifiedname="ResourcePerformanceManagement::Interfaces::PerformanceManagementControlService::enablePerformanceMonitoringData::&lt;Constraint&gt;::&lt;OpaqueExpression&gt;" xmi:id="_GAKN.d.d1.oE.d.y.rKNX.nBM.y96.w" xsi:type="uml:OpaqueExpression"/><ownedParameter direction="return" name="void" publish:icon="436541387_icon.png" publish:qualifiedname="ResourcePerformanceManagement::Interfaces::PerformanceManagementControlService::enablePerformanceMonitoringData::void" xmi:id="_GAKN.d.t1.oE.d.y.rKNX.nBM.y96.w" xsi:type="uml:Parameter"/><ownedParameter direction="in" name="pmObjectSelectList" publish:icon="-1761273889_icon.png" publish:qualifiedname="ResourcePerformanceManagement::Interfaces::PerformanceManagementControlService::enablePerformanceMonitoringData::pmObjectSelectList" xmi:id="_GAKN.eN1.oE.d.y.rKNX.nBM.y96.w" xsi:type="uml:Parameter"><upperValue publish:icon="1141184546_icon.png" publish:qualifiedname="ResourcePerformanceManagement::Interfaces::PerformanceManagementControlService::enablePerformanceMonitoringData::pmObjectSelectList::&lt;LiteralUnlimitedNatural&gt;" xmi:id="_.kP.a.bU.fD.lE.d.y.d4.aLNEJLXR.g" xsi:type="uml:LiteralUnlimitedNatural"/><lowerValue publish:icon="168105990_icon.png" publish:qualifiedname="ResourcePerformanceManagement::Interfaces::PerformanceManagementControlService::enablePerformanceMonitoringData::pmObjectSelectList::&lt;LiteralInteger&gt;" xmi:id="_.kP.a.bUPD.lE.d.y.d4.aLNEJLXR.g" xsi:type="uml:LiteralInteger"/><defaultValue publish:icon="-234547196_icon.png" publish:qualifiedname="ResourcePerformanceManagement::Interfaces::PerformanceManagementControlService::enablePerformanceMonitoringData::pmObjectSelectList::&lt;OpaqueExpression&gt;" xmi:id="_GAKN.e.t1.oE.d.y.rKNX.nBM.y96.w" xsi:type="uml:OpaqueExpression"/></ownedParameter><ownedParameter direction="out" name="failedObjectSelectList" publish:icon="386209653_icon.png" publish:qualifiedname="ResourcePerformanceManagement::Interfaces::PerformanceManagementControlService::enablePerformanceMonitoringData::failedObjectSelectList" xmi:id="_GAKN.e91.oE.d.y.rKNX.nBM.y96.w" xsi:type="uml:Parameter"><upperValue publish:icon="1141184546_icon.png" publish:qualifiedname="ResourcePerformanceManagement::Interfaces::PerformanceManagementControlService::enablePerformanceMonitoringData::failedObjectSelectList::&lt;LiteralUnlimitedNatural&gt;" xmi:id="_.k.e.w.e4.fD.lE.d.y.d4.aLNEJLXR.g" xsi:type="uml:LiteralUnlimitedNatural"/><lowerValue publish:icon="168105990_icon.png" publish:qualifiedname="ResourcePerformanceManagement::Interfaces::PerformanceManagementControlService::enablePerformanceMonitoringData::failedObjectSelectList::&lt;LiteralInteger&gt;" xmi:id="_.k.e.w.e4PD.lE.d.y.d4.aLNEJLXR.g" xsi:type="uml:LiteralInteger"/><defaultValue publish:icon="-234547196_icon.png" publish:qualifiedname="ResourcePerformanceManagement::Interfaces::PerformanceManagementControlService::enablePerformanceMonitoringData::failedObjectSelectList::&lt;OpaqueExpression&gt;" xmi:id="_GAKN.f.d1.oE.d.y.rKNX.nBM.y96.w" xsi:type="uml:OpaqueExpression"/></ownedParameter></ownedOperation></packagedElement><packagedElement name="PerformanceManagementRetrievalService" publish:icon="-1912268891_icon.png" publish:qualifiedname="ResourcePerformanceManagement::Interfaces::PerformanceManagementRetrievalService" xmi:id="_4GHU.cN1.nE.d.y.rKNX.nBM.y96.w" xsi:type="uml:Interface"><ownedOperation name="getAllCurrentPerformanceMonitoringData" publish:icon="33888294_icon.png" publish:qualifiedname="ResourcePerformanceManagement::Interfaces::PerformanceManagementRetrievalService::getAllCurrentPerformanceMonitoringData" xmi:id="_.s.iA.i.oN1.oE.d.y.rKNX.nBM.y96.w" xsi:type="uml:Operation"><specification publish:icon="-234547196_icon.png" publish:qualifiedname="ResourcePerformanceManagement::Interfaces::PerformanceManagementRetrievalService::getAllCurrentPerformanceMonitoringData::&lt;Constraint&gt;::&lt;OpaqueExpression&gt;" xmi:id="_.s.iA.i.o91.oE.d.y.rKNX.nBM.y96.w" xsi:type="uml:OpaqueExpression"/><specification publish:icon="-234547196_icon.png" publish:qualifiedname="ResourcePerformanceManagement::Interfaces::PerformanceManagementRetrievalService::getAllCurrentPerformanceMonitoringData::&lt;Constraint&gt;::&lt;OpaqueExpression&gt;" xmi:id="_.s.iA.i.p.d1.oE.d.y.rKNX.nBM.y96.w" xsi:type="uml:OpaqueExpression"/><ownedParameter direction="return" name="void" publish:icon="436541387_icon.png" publish:qualifiedname="ResourcePerformanceManagement::Interfaces::PerformanceManagementRetrievalService::getAllCurrentPerformanceMonitoringData::void" xmi:id="_.s.iA.i.p.t1.oE.d.y.rKNX.nBM.y96.w" xsi:type="uml:Parameter"/><ownedParameter direction="in" name="pmObjectSelectList" publish:icon="-1761273889_icon.png" publish:qualifiedname="ResourcePerformanceManagement::Interfaces::PerformanceManagementRetrievalService::getAllCurrentPerformanceMonitoringData::pmObjectSelectList" xmi:id="_.s.iA.i.qN1.oE.d.y.rKNX.nBM.y96.w" xsi:type="uml:Parameter"><upperValue publish:icon="1141184546_icon.png" publish:qualifiedname="ResourcePerformanceManagement::Interfaces::PerformanceManagementRetrievalService::getAllCurrentPerformanceMonitoringData::pmObjectSelectList::&lt;LiteralUnlimitedNatural&gt;" xmi:id="_-.uU4M.fD.nE.d.y.d4.aLNEJLXR.g" xsi:type="uml:LiteralUnlimitedNatural"/><lowerValue publish:icon="168105990_icon.png" publish:qualifiedname="ResourcePerformanceManagement::Interfaces::PerformanceManagementRetrievalService::getAllCurrentPerformanceMonitoringData::pmObjectSelectList::&lt;LiteralInteger&gt;" xmi:id="_-.uU4MPD.nE.d.y.d4.aLNEJLXR.g" xsi:type="uml:LiteralInteger"/><defaultValue publish:icon="-234547196_icon.png" publish:qualifiedname="ResourcePerformanceManagement::Interfaces::PerformanceManagementRetrievalService::getAllCurrentPerformanceMonitoringData::pmObjectSelectList::&lt;OpaqueExpression&gt;" xmi:id="_.s.iA.i.q.t1.oE.d.y.rKNX.nBM.y96.w" xsi:type="uml:OpaqueExpression"/></ownedParameter><ownedParameter direction="in" name="pmParameterList" publish:icon="-1761273889_icon.png" publish:qualifiedname="ResourcePerformanceManagement::Interfaces::PerformanceManagementRetrievalService::getAllCurrentPerformanceMonitoringData::pmParameterList" xmi:id="_.s.iA.i.q91.oE.d.y.rKNX.nBM.y96.w" xsi:type="uml:Parameter"><upperValue publish:icon="1141184546_icon.png" publish:qualifiedname="ResourcePerformanceManagement::Interfaces::PerformanceManagementRetrievalService::getAllCurrentPerformanceMonitoringData::pmParameterList::&lt;LiteralUnlimitedNatural&gt;" xmi:id="_P.b.o.jA.fD.oE.d.y.d4.aLNEJLXR.g" xsi:type="uml:LiteralUnlimitedNatural"/><lowerValue publish:icon="168105990_icon.png" publish:qualifiedname="ResourcePerformanceManagement::Interfaces::PerformanceManagementRetrievalService::getAllCurrentPerformanceMonitoringData::pmParameterList::&lt;LiteralInteger&gt;" xmi:id="_P.b.o.jAPD.oE.d.y.d4.aLNEJLXR.g" xsi:type="uml:LiteralInteger"/><defaultValue publish:icon="-234547196_icon.png" publish:qualifiedname="ResourcePerformanceManagement::Interfaces::PerformanceManagementRetrievalService::getAllCurrentPerformanceMonitoringData::pmParameterList::&lt;OpaqueExpression&gt;" xmi:id="_.s.iA.i.r.d1.oE.d.y.rKNX.nBM.y96.w" xsi:type="uml:OpaqueExpression"/></ownedParameter><ownedParameter direction="out" name="pmDataList" publish:icon="386209653_icon.png" publish:qualifiedname="ResourcePerformanceManagement::Interfaces::PerformanceManagementRetrievalService::getAllCurrentPerformanceMonitoringData::pmDataList" xmi:id="_.s.iA.i.r.t1.oE.d.y.rKNX.nBM.y96.w" xsi:type="uml:Parameter"><upperValue publish:icon="1141184546_icon.png" publish:qualifiedname="ResourcePerformanceManagement::Interfaces::PerformanceManagementRetrievalService::getAllCurrentPerformanceMonitoringData::pmDataList::&lt;LiteralUnlimitedNatural&gt;" xmi:id="_VB.t.a.s.fD.oE.d.y.d4.aLNEJLXR.g" xsi:type="uml:LiteralUnlimitedNatural"/><lowerValue publish:icon="168105990_icon.png" publish:qualifiedname="ResourcePerformanceManagement::Interfaces::PerformanceManagementRetrievalService::getAllCurrentPerformanceMonitoringData::pmDataList::&lt;LiteralInteger&gt;" xmi:id="_VB.t.a.sPD.oE.d.y.d4.aLNEJLXR.g" xsi:type="uml:LiteralInteger"/><defaultValue publish:icon="-234547196_icon.png" publish:qualifiedname="ResourcePerformanceManagement::Interfaces::PerformanceManagementRetrievalService::getAllCurrentPerformanceMonitoringData::pmDataList::&lt;OpaqueExpression&gt;" xmi:id="_.s.iA.i.sN1.oE.d.y.rKNX.nBM.y96.w" xsi:type="uml:OpaqueExpression"/></ownedParameter></ownedOperation><ownedOperation name="getAllPerformanceMonitoringPoints" publish:icon="33888294_icon.png" publish:qualifiedname="ResourcePerformanceManagement::Interfaces::PerformanceManagementRetrievalService::getAllPerformanceMonitoringPoints" xmi:id="_.s.iA.i7.t1.oE.d.y.rKNX.nBM.y96.w" xsi:type="uml:Operation"><specification publish:icon="-234547196_icon.png" publish:qualifiedname="ResourcePerformanceManagement::Interfaces::PerformanceManagementRetrievalService::getAllPerformanceMonitoringPoints::&lt;Constraint&gt;::&lt;OpaqueExpression&gt;" xmi:id="_.s.iA.i8.d1.oE.d.y.rKNX.nBM.y96.w" xsi:type="uml:OpaqueExpression"/><specification publish:icon="-234547196_icon.png" publish:qualifiedname="ResourcePerformanceManagement::Interfaces::PerformanceManagementRetrievalService::getAllPerformanceMonitoringPoints::&lt;Constraint&gt;::&lt;OpaqueExpression&gt;" xmi:id="_.s.iA.i891.oE.d.y.rKNX.nBM.y96.w" xsi:type="uml:OpaqueExpression"/><ownedParameter direction="return" name="void" publish:icon="436541387_icon.png" publish:qualifiedname="ResourcePerformanceManagement::Interfaces::PerformanceManagementRetrievalService::getAllPerformanceMonitoringPoints::void" xmi:id="_.s.iA.i9N1.oE.d.y.rKNX.nBM.y96.w" xsi:type="uml:Parameter"/><ownedParameter direction="in" name="tpOrMeRef" publish:icon="-1761273889_icon.png" publish:qualifiedname="ResourcePerformanceManagement::Interfaces::PerformanceManagementRetrievalService::getAllPerformanceMonitoringPoints::tpOrMeRef" xmi:id="_.s.iA.i9.t1.oE.d.y.rKNX.nBM.y96.w" xsi:type="uml:Parameter"><defaultValue publish:icon="-234547196_icon.png" publish:qualifiedname="ResourcePerformanceManagement::Interfaces::PerformanceManagementRetrievalService::getAllPerformanceMonitoringPoints::tpOrMeRef::&lt;OpaqueExpression&gt;" xmi:id="_.s.iA.i-N1.oE.d.y.rKNX.nBM.y96.w" xsi:type="uml:OpaqueExpression"/></ownedParameter><ownedParameter direction="out" name="pmpList" publish:icon="386209653_icon.png" publish:qualifiedname="ResourcePerformanceManagement::Interfaces::PerformanceManagementRetrievalService::getAllPerformanceMonitoringPoints::pmpList" xmi:id="_.s.iA.i-.d1.oE.d.y.rKNX.nBM.y96.w" xsi:type="uml:Parameter"><upperValue publish:icon="1141184546_icon.png" publish:qualifiedname="ResourcePerformanceManagement::Interfaces::PerformanceManagementRetrievalService::getAllPerformanceMonitoringPoints::pmpList::&lt;LiteralUnlimitedNatural&gt;" xmi:id="_N.j8.xM.fD_E.d.y.d4.aLNEJLXR.g" xsi:type="uml:LiteralUnlimitedNatural"/><lowerValue publish:icon="168105990_icon.png" publish:qualifiedname="ResourcePerformanceManagement::Interfaces::PerformanceManagementRetrievalService::getAllPerformanceMonitoringPoints::pmpList::&lt;LiteralInteger&gt;" xmi:id="_N.j8.xMPD_E.d.y.d4.aLNEJLXR.g" xsi:type="uml:LiteralInteger"/><defaultValue publish:icon="-234547196_icon.png" publish:qualifiedname="ResourcePerformanceManagement::Interfaces::PerformanceManagementRetrievalService::getAllPerformanceMonitoringPoints::pmpList::&lt;OpaqueExpression&gt;" xmi:id="_.s.iA.i-91.oE.d.y.rKNX.nBM.y96.w" xsi:type="uml:OpaqueExpression"/></ownedParameter></ownedOperation><ownedOperation name="getHistoryPerformanceMonitoringData" publish:icon="33888294_icon.png" publish:qualifiedname="ResourcePerformanceManagement::Interfaces::PerformanceManagementRetrievalService::getHistoryPerformanceMonitoringData" xmi:id="_.s.iA.i.s.d1.oE.d.y.rKNX.nBM.y96.w" xsi:type="uml:Operation"><specification publish:icon="-234547196_icon.png" publish:qualifiedname="ResourcePerformanceManagement::Interfaces::PerformanceManagementRetrievalService::getHistoryPerformanceMonitoringData::&lt;Constraint&gt;::&lt;OpaqueExpression&gt;" xmi:id="_.s.iA.i.t.d1.oE.d.y.rKNX.nBM.y96.w" xsi:type="uml:OpaqueExpression"/><specification publish:icon="-234547196_icon.png" publish:qualifiedname="ResourcePerformanceManagement::Interfaces::PerformanceManagementRetrievalService::getHistoryPerformanceMonitoringData::&lt;Constraint&gt;::&lt;OpaqueExpression&gt;" xmi:id="_.s.iA.i.t91.oE.d.y.rKNX.nBM.y96.w" xsi:type="uml:OpaqueExpression"/><ownedParameter direction="return" name="void" publish:icon="436541387_icon.png" publish:qualifiedname="ResourcePerformanceManagement::Interfaces::PerformanceManagementRetrievalService::getHistoryPerformanceMonitoringData::void" xmi:id="_.s.iA.i.uN1.oE.d.y.rKNX.nBM.y96.w" xsi:type="uml:Parameter"/><ownedParameter direction="in" name="userName" publish:icon="-1761273889_icon.png" publish:qualifiedname="ResourcePerformanceManagement::Interfaces::PerformanceManagementRetrievalService::getHistoryPerformanceMonitoringData::userName" xmi:id="_.s.iA.i.u.t1.oE.d.y.rKNX.nBM.y96.w" xsi:type="uml:Parameter"><defaultValue publish:icon="-234547196_icon.png" publish:qualifiedname="ResourcePerformanceManagement::Interfaces::PerformanceManagementRetrievalService::getHistoryPerformanceMonitoringData::userName::&lt;OpaqueExpression&gt;" xmi:id="_.s.iA.i.vN1.oE.d.y.rKNX.nBM.y96.w" xsi:type="uml:OpaqueExpression"/></ownedParameter><ownedParameter direction="in" name="password" publish:icon="-1761273889_icon.png" publish:qualifiedname="ResourcePerformanceManagement::Interfaces::PerformanceManagementRetrievalService::getHistoryPerformanceMonitoringData::password" xmi:id="_.s.iA.i.v.d1.oE.d.y.rKNX.nBM.y96.w" xsi:type="uml:Parameter"><defaultValue publish:icon="-234547196_icon.png" publish:qualifiedname="ResourcePerformanceManagement::Interfaces::PerformanceManagementRetrievalService::getHistoryPerformanceMonitoringData::password::&lt;OpaqueExpression&gt;" xmi:id="_.s.iA.i.v91.oE.d.y.rKNX.nBM.y96.w" xsi:type="uml:OpaqueExpression"/></ownedParameter><ownedParameter direction="in" name="destination" publish:icon="-1761273889_icon.png" publish:qualifiedname="ResourcePerformanceManagement::Interfaces::PerformanceManagementRetrievalService::getHistoryPerformanceMonitoringData::destination" xmi:id="_.s.iA.i.wN1.oE.d.y.rKNX.nBM.y96.w" xsi:type="uml:Parameter"><defaultValue publish:icon="-234547196_icon.png" publish:qualifiedname="ResourcePerformanceManagement::Interfaces::PerformanceManagementRetrievalService::getHistoryPerformanceMonitoringData::destination::&lt;OpaqueExpression&gt;" xmi:id="_.s.iA.i.w.t1.oE.d.y.rKNX.nBM.y96.w" xsi:type="uml:OpaqueExpression"/></ownedParameter><ownedParameter direction="in" name="pmObjectSelectList" publish:icon="-1761273889_icon.png" publish:qualifiedname="ResourcePerformanceManagement::Interfaces::PerformanceManagementRetrievalService::getHistoryPerformanceMonitoringData::pmObjectSelectList" xmi:id="_.s.iA.i.w91.oE.d.y.rKNX.nBM.y96.w" xsi:type="uml:Parameter"><defaultValue publish:icon="-234547196_icon.png" publish:qualifiedname="ResourcePerformanceManagement::Interfaces::PerformanceManagementRetrievalService::getHistoryPerformanceMonitoringData::pmObjectSelectList::&lt;OpaqueExpression&gt;" xmi:id="_.s.iA.i.x.d1.oE.d.y.rKNX.nBM.y96.w" xsi:type="uml:OpaqueExpression"/></ownedParameter><ownedParameter direction="in" name="pmParameterList" publish:icon="-1761273889_icon.png" publish:qualifiedname="ResourcePerformanceManagement::Interfaces::PerformanceManagementRetrievalService::getHistoryPerformanceMonitoringData::pmParameterList" xmi:id="_.s.iA.i.x.t1.oE.d.y.rKNX.nBM.y96.w" xsi:type="uml:Parameter"><defaultValue publish:icon="-234547196_icon.png" publish:qualifiedname="ResourcePerformanceManagement::Interfaces::PerformanceManagementRetrievalService::getHistoryPerformanceMonitoringData::pmParameterList::&lt;OpaqueExpression&gt;" xmi:id="_.s.iA.i.yN1.oE.d.y.rKNX.nBM.y96.w" xsi:type="uml:OpaqueExpression"/></ownedParameter><ownedParameter direction="in" name="startTime" publish:icon="-1761273889_icon.png" publish:qualifiedname="ResourcePerformanceManagement::Interfaces::PerformanceManagementRetrievalService::getHistoryPerformanceMonitoringData::startTime" xmi:id="_.s.iA.i.y.d1.oE.d.y.rKNX.nBM.y96.w" xsi:type="uml:Parameter"><defaultValue publish:icon="-234547196_icon.png" publish:qualifiedname="ResourcePerformanceManagement::Interfaces::PerformanceManagementRetrievalService::getHistoryPerformanceMonitoringData::startTime::&lt;OpaqueExpression&gt;" xmi:id="_.s.iA.i.y91.oE.d.y.rKNX.nBM.y96.w" xsi:type="uml:OpaqueExpression"/></ownedParameter><ownedParameter direction="in" name="endTime" publish:icon="-1761273889_icon.png" publish:qualifiedname="ResourcePerformanceManagement::Interfaces::PerformanceManagementRetrievalService::getHistoryPerformanceMonitoringData::endTime" xmi:id="_.s.iA.i.zN1.oE.d.y.rKNX.nBM.y96.w" xsi:type="uml:Parameter"><defaultValue publish:icon="-234547196_icon.png" publish:qualifiedname="ResourcePerformanceManagement::Interfaces::PerformanceManagementRetrievalService::getHistoryPerformanceMonitoringData::endTime::&lt;OpaqueExpression&gt;" xmi:id="_.s.iA.i.z.t1.oE.d.y.rKNX.nBM.y96.w" xsi:type="uml:OpaqueExpression"/></ownedParameter><ownedParameter direction="in" name="mustForceUpload" publish:icon="-1761273889_icon.png" publish:qualifiedname="ResourcePerformanceManagement::Interfaces::PerformanceManagementRetrievalService::getHistoryPerformanceMonitoringData::mustForceUpload" xmi:id="_.s.iA.i.z91.oE.d.y.rKNX.nBM.y96.w" xsi:type="uml:Parameter"><defaultValue publish:icon="-234547196_icon.png" publish:qualifiedname="ResourcePerformanceManagement::Interfaces::PerformanceManagementRetrievalService::getHistoryPerformanceMonitoringData::mustForceUpload::&lt;OpaqueExpression&gt;" xmi:id="_.s.iA.i0.d1.oE.d.y.rKNX.nBM.y96.w" xsi:type="uml:OpaqueExpression"/></ownedParameter></ownedOperation><ownedOperation name="getHoldingTime" publish:icon="33888294_icon.png" publish:qualifiedname="ResourcePerformanceManagement::Interfaces::PerformanceManagementRetrievalService::getHoldingTime" xmi:id="_.s.iA.i0.t1.oE.d.y.rKNX.nBM.y96.w" xsi:type="uml:Operation"><specification publish:icon="-234547196_icon.png" publish:qualifiedname="ResourcePerformanceManagement::Interfaces::PerformanceManagementRetrievalService::getHoldingTime::&lt;Constraint&gt;::&lt;OpaqueExpression&gt;" xmi:id="_.s.iA.i1.d1.oE.d.y.rKNX.nBM.y96.w" xsi:type="uml:OpaqueExpression"/><specification publish:icon="-234547196_icon.png" publish:qualifiedname="ResourcePerformanceManagement::Interfaces::PerformanceManagementRetrievalService::getHoldingTime::&lt;Constraint&gt;::&lt;OpaqueExpression&gt;" xmi:id="_.s.iA.i191.oE.d.y.rKNX.nBM.y96.w" xsi:type="uml:OpaqueExpression"/><ownedParameter direction="return" name="void" publish:icon="436541387_icon.png" publish:qualifiedname="ResourcePerformanceManagement::Interfaces::PerformanceManagementRetrievalService::getHoldingTime::void" xmi:id="_.s.iA.i2N1.oE.d.y.rKNX.nBM.y96.w" xsi:type="uml:Parameter"/><ownedParameter direction="out" name="holdingTime" publish:icon="386209653_icon.png" publish:qualifiedname="ResourcePerformanceManagement::Interfaces::PerformanceManagementRetrievalService::getHoldingTime::holdingTime" xmi:id="_.s.iA.i2.t1.oE.d.y.rKNX.nBM.y96.w" xsi:type="uml:Parameter"><defaultValue publish:icon="-234547196_icon.png" publish:qualifiedname="ResourcePerformanceManagement::Interfaces::PerformanceManagementRetrievalService::getHoldingTime::holdingTime::&lt;OpaqueExpression&gt;" xmi:id="_.s.iA.i3N1.oE.d.y.rKNX.nBM.y96.w" xsi:type="uml:OpaqueExpression"/></ownedParameter></ownedOperation><ownedOperation name="getMePerformanceMonitoringCapabilities" publish:icon="33888294_icon.png" publish:qualifiedname="ResourcePerformanceManagement::Interfaces::PerformanceManagementRetrievalService::getMePerformanceMonitoringCapabilities" xmi:id="_.s.iA.i3.d1.oE.d.y.rKNX.nBM.y96.w" xsi:type="uml:Operation"><specification publish:icon="-234547196_icon.png" publish:qualifiedname="ResourcePerformanceManagement::Interfaces::PerformanceManagementRetrievalService::getMePerformanceMonitoringCapabilities::&lt;Constraint&gt;::&lt;OpaqueExpression&gt;" xmi:id="_.s.iA.i4N1.oE.d.y.rKNX.nBM.y96.w" xsi:type="uml:OpaqueExpression"/><specification publish:icon="-234547196_icon.png" publish:qualifiedname="ResourcePerformanceManagement::Interfaces::PerformanceManagementRetrievalService::getMePerformanceMonitoringCapabilities::&lt;Constraint&gt;::&lt;OpaqueExpression&gt;" xmi:id="_.s.iA.i4.t1.oE.d.y.rKNX.nBM.y96.w" xsi:type="uml:OpaqueExpression"/><ownedParameter direction="return" name="void" publish:icon="436541387_icon.png" publish:qualifiedname="ResourcePerformanceManagement::Interfaces::PerformanceManagementRetrievalService::getMePerformanceMonitoringCapabilities::void" xmi:id="_.s.iA.i491.oE.d.y.rKNX.nBM.y96.w" xsi:type="uml:Parameter"/><ownedParameter direction="in" name="meRef" publish:icon="-1761273889_icon.png" publish:qualifiedname="ResourcePerformanceManagement::Interfaces::PerformanceManagementRetrievalService::getMePerformanceMonitoringCapabilities::meRef" xmi:id="_.s.iA.i5.d1.oE.d.y.rKNX.nBM.y96.w" xsi:type="uml:Parameter"><defaultValue publish:icon="-234547196_icon.png" publish:qualifiedname="ResourcePerformanceManagement::Interfaces::PerformanceManagementRetrievalService::getMePerformanceMonitoringCapabilities::meRef::&lt;OpaqueExpression&gt;" xmi:id="_.s.iA.i591.oE.d.y.rKNX.nBM.y96.w" xsi:type="uml:OpaqueExpression"/></ownedParameter><ownedParameter direction="in" name="layerRate" publish:icon="-1761273889_icon.png" publish:qualifiedname="ResourcePerformanceManagement::Interfaces::PerformanceManagementRetrievalService::getMePerformanceMonitoringCapabilities::layerRate" xmi:id="_.s.iA.i6N1.oE.d.y.rKNX.nBM.y96.w" xsi:type="uml:Parameter"><defaultValue publish:icon="-234547196_icon.png" publish:qualifiedname="ResourcePerformanceManagement::Interfaces::PerformanceManagementRetrievalService::getMePerformanceMonitoringCapabilities::layerRate::&lt;OpaqueExpression&gt;" xmi:id="_.s.iA.i6.t1.oE.d.y.rKNX.nBM.y96.w" xsi:type="uml:OpaqueExpression"/></ownedParameter><ownedParameter direction="out" name="pmParameterList" publish:icon="386209653_icon.png" publish:qualifiedname="ResourcePerformanceManagement::Interfaces::PerformanceManagementRetrievalService::getMePerformanceMonitoringCapabilities::pmParameterList" xmi:id="_.s.iA.i691.oE.d.y.rKNX.nBM.y96.w" xsi:type="uml:Parameter"><upperValue publish:icon="1141184546_icon.png" publish:qualifiedname="ResourcePerformanceManagement::Interfaces::PerformanceManagementRetrievalService::getMePerformanceMonitoringCapabilities::pmParameterList::&lt;LiteralUnlimitedNatural&gt;" xmi:id="_Y.kKQ4.fQ.hE.d.y.r.k.o3.rRK.o.w.k.g" xsi:type="uml:LiteralUnlimitedNatural"/><lowerValue publish:icon="168105990_icon.png" publish:qualifiedname="ResourcePerformanceManagement::Interfaces::PerformanceManagementRetrievalService::getMePerformanceMonitoringCapabilities::pmParameterList::&lt;LiteralInteger&gt;" xmi:id="_Y.kKQ4PQ.hE.d.y.r.k.o3.rRK.o.w.k.g" xsi:type="uml:LiteralInteger"/><defaultValue publish:icon="-234547196_icon.png" publish:qualifiedname="ResourcePerformanceManagement::Interfaces::PerformanceManagementRetrievalService::getMePerformanceMonitoringCapabilities::pmParameterList::&lt;OpaqueExpression&gt;" xmi:id="_.s.iA.i7.d1.oE.d.y.rKNX.nBM.y96.w" xsi:type="uml:OpaqueExpression"/></ownedParameter></ownedOperation><ownedOperation name="getProfileAssociatedTerminationPoints" publish:icon="33888294_icon.png" publish:qualifiedname="ResourcePerformanceManagement::Interfaces::PerformanceManagementRetrievalService::getProfileAssociatedTerminationPoints" xmi:id="_.s.iA.jC.t1.oE.d.y.rKNX.nBM.y96.w" xsi:type="uml:Operation"><specification publish:icon="-234547196_icon.png" publish:qualifiedname="ResourcePerformanceManagement::Interfaces::PerformanceManagementRetrievalService::getProfileAssociatedTerminationPoints::&lt;Constraint&gt;::&lt;OpaqueExpression&gt;" xmi:id="_.s.iA.jD.d1.oE.d.y.rKNX.nBM.y96.w" xsi:type="uml:OpaqueExpression"/><specification publish:icon="-234547196_icon.png" publish:qualifiedname="ResourcePerformanceManagement::Interfaces::PerformanceManagementRetrievalService::getProfileAssociatedTerminationPoints::&lt;Constraint&gt;::&lt;OpaqueExpression&gt;" xmi:id="_.s.iA.jD91.oE.d.y.rKNX.nBM.y96.w" xsi:type="uml:OpaqueExpression"/><ownedParameter direction="return" name="void" publish:icon="436541387_icon.png" publish:qualifiedname="ResourcePerformanceManagement::Interfaces::PerformanceManagementRetrievalService::getProfileAssociatedTerminationPoints::void" xmi:id="_.s.iA.jEN1.oE.d.y.rKNX.nBM.y96.w" xsi:type="uml:Parameter"/><ownedParameter direction="in" name="tcaProfileRef" publish:icon="-1761273889_icon.png" publish:qualifiedname="ResourcePerformanceManagement::Interfaces::PerformanceManagementRetrievalService::getProfileAssociatedTerminationPoints::tcaProfileRef" xmi:id="_-B.iNIPQ.oE.d.y.r.k.o3.rRK.o.w.k.g" xsi:type="uml:Parameter"><defaultValue publish:icon="-234547196_icon.png" publish:qualifiedname="ResourcePerformanceManagement::Interfaces::PerformanceManagementRetrievalService::getProfileAssociatedTerminationPoints::tcaProfileRef::&lt;OpaqueExpression&gt;" xmi:id="_-B.iNI.vQ.oE.d.y.r.k.o3.rRK.o.w.k.g" xsi:type="uml:OpaqueExpression"/></ownedParameter><ownedParameter direction="out" name="tpRefList" publish:icon="386209653_icon.png" publish:qualifiedname="ResourcePerformanceManagement::Interfaces::PerformanceManagementRetrievalService::getProfileAssociatedTerminationPoints::tpRefList" xmi:id="_.s.iA.jE.t1.oE.d.y.rKNX.nBM.y96.w" xsi:type="uml:Parameter"><upperValue publish:icon="1141184546_icon.png" publish:qualifiedname="ResourcePerformanceManagement::Interfaces::PerformanceManagementRetrievalService::getProfileAssociatedTerminationPoints::tpRefList::&lt;LiteralUnlimitedNatural&gt;" xmi:id="_WK.fKI.fQ.pE.d.y.r.k.o3.rRK.o.w.k.g" xsi:type="uml:LiteralUnlimitedNatural"/><lowerValue publish:icon="168105990_icon.png" publish:qualifiedname="ResourcePerformanceManagement::Interfaces::PerformanceManagementRetrievalService::getProfileAssociatedTerminationPoints::tpRefList::&lt;LiteralInteger&gt;" xmi:id="_WK.fKIPQ.pE.d.y.r.k.o3.rRK.o.w.k.g" xsi:type="uml:LiteralInteger"/><defaultValue publish:icon="-234547196_icon.png" publish:qualifiedname="ResourcePerformanceManagement::Interfaces::PerformanceManagementRetrievalService::getProfileAssociatedTerminationPoints::tpRefList::&lt;OpaqueExpression&gt;" xmi:id="_.s.iA.jFN1.oE.d.y.rKNX.nBM.y96.w" xsi:type="uml:OpaqueExpression"/></ownedParameter></ownedOperation></packagedElement><packagedElement name="ThresholdCrossingAlertControlService" publish:icon="-1912268891_icon.png" publish:qualifiedname="ResourcePerformanceManagement::Interfaces::ThresholdCrossingAlertControlService" xmi:id="_6.n.p.dEN1.nE.d.y.rKNX.nBM.y96.w" xsi:type="uml:Interface"><ownedOperation name="createTcaParameterProfile" publish:icon="33888294_icon.png" publish:qualifiedname="ResourcePerformanceManagement::Interfaces::ThresholdCrossingAlertControlService::createTcaParameterProfile" xmi:id="_.w.eFPXN1.rE.d.y.rKNX.nBM.y96.w" xsi:type="uml:Operation"><specification publish:icon="-234547196_icon.png" publish:qualifiedname="ResourcePerformanceManagement::Interfaces::ThresholdCrossingAlertControlService::createTcaParameterProfile::&lt;Constraint&gt;::&lt;OpaqueExpression&gt;" xmi:id="_.w.eFPX91.rE.d.y.rKNX.nBM.y96.w" xsi:type="uml:OpaqueExpression"/><specification publish:icon="-234547196_icon.png" publish:qualifiedname="ResourcePerformanceManagement::Interfaces::ThresholdCrossingAlertControlService::createTcaParameterProfile::&lt;Constraint&gt;::&lt;OpaqueExpression&gt;" xmi:id="_.w.eFPY.d1.rE.d.y.rKNX.nBM.y96.w" xsi:type="uml:OpaqueExpression"/><ownedParameter direction="return" name="void" publish:icon="436541387_icon.png" publish:qualifiedname="ResourcePerformanceManagement::Interfaces::ThresholdCrossingAlertControlService::createTcaParameterProfile::void" xmi:id="_.w.eFPY.t1.rE.d.y.rKNX.nBM.y96.w" xsi:type="uml:Parameter"/><ownedParameter direction="in" name="tcaParameterProfileCreateData" publish:icon="-1761273889_icon.png" publish:qualifiedname="ResourcePerformanceManagement::Interfaces::ThresholdCrossingAlertControlService::createTcaParameterProfile::tcaParameterProfileCreateData" xmi:id="_.w.eFPZN1.rE.d.y.rKNX.nBM.y96.w" xsi:type="uml:Parameter"><defaultValue publish:icon="-234547196_icon.png" publish:qualifiedname="ResourcePerformanceManagement::Interfaces::ThresholdCrossingAlertControlService::createTcaParameterProfile::tcaParameterProfileCreateData::&lt;OpaqueExpression&gt;" xmi:id="_.w.eFPZ.t1.rE.d.y.rKNX.nBM.y96.w" xsi:type="uml:OpaqueExpression"/></ownedParameter><ownedParameter direction="out" name="createdTcaParameterProfile" publish:icon="386209653_icon.png" publish:qualifiedname="ResourcePerformanceManagement::Interfaces::ThresholdCrossingAlertControlService::createTcaParameterProfile::createdTcaParameterProfile" xmi:id="_.w.eFP.e.d1.rE.d.y.rKNX.nBM.y96.w" xsi:type="uml:Parameter"><defaultValue publish:icon="-234547196_icon.png" publish:qualifiedname="ResourcePerformanceManagement::Interfaces::ThresholdCrossingAlertControlService::createTcaParameterProfile::createdTcaParameterProfile::&lt;OpaqueExpression&gt;" xmi:id="_.w.eFP.e91.rE.d.y.rKNX.nBM.y96.w" xsi:type="uml:OpaqueExpression"/></ownedParameter></ownedOperation><ownedOperation name="deleteTcaParameterProfile" publish:icon="33888294_icon.png" publish:qualifiedname="ResourcePerformanceManagement::Interfaces::ThresholdCrossingAlertControlService::deleteTcaParameterProfile" xmi:id="_.w.eOZMN1.rE.d.y.rKNX.nBM.y96.w" xsi:type="uml:Operation"><specification publish:icon="-234547196_icon.png" publish:qualifiedname="ResourcePerformanceManagement::Interfaces::ThresholdCrossingAlertControlService::deleteTcaParameterProfile::&lt;Constraint&gt;::&lt;OpaqueExpression&gt;" xmi:id="_.w.eOZM91.rE.d.y.rKNX.nBM.y96.w" xsi:type="uml:OpaqueExpression"/><specification publish:icon="-234547196_icon.png" publish:qualifiedname="ResourcePerformanceManagement::Interfaces::ThresholdCrossingAlertControlService::deleteTcaParameterProfile::&lt;Constraint&gt;::&lt;OpaqueExpression&gt;" xmi:id="_.w.eOZN.d1.rE.d.y.rKNX.nBM.y96.w" xsi:type="uml:OpaqueExpression"/><ownedParameter direction="return" name="void" publish:icon="436541387_icon.png" publish:qualifiedname="ResourcePerformanceManagement::Interfaces::ThresholdCrossingAlertControlService::deleteTcaParameterProfile::void" xmi:id="_.w.eOZN.t1.rE.d.y.rKNX.nBM.y96.w" xsi:type="uml:Parameter"/><ownedParameter direction="in" name="tcaParameterProfileRef" publish:icon="-1761273889_icon.png" publish:qualifiedname="ResourcePerformanceManagement::Interfaces::ThresholdCrossingAlertControlService::deleteTcaParameterProfile::tcaParameterProfileRef" xmi:id="_.w.eOZON1.rE.d.y.rKNX.nBM.y96.w" xsi:type="uml:Parameter"><defaultValue publish:icon="-234547196_icon.png" publish:qualifiedname="ResourcePerformanceManagement::Interfaces::ThresholdCrossingAlertControlService::deleteTcaParameterProfile::tcaParameterProfileRef::&lt;OpaqueExpression&gt;" xmi:id="_.w.eOZO.t1.rE.d.y.rKNX.nBM.y96.w" xsi:type="uml:OpaqueExpression"/></ownedParameter></ownedOperation><ownedOperation name="disableThresholdCrossingAlert" publish:icon="33888294_icon.png" publish:qualifiedname="ResourcePerformanceManagement::Interfaces::ThresholdCrossingAlertControlService::disableThresholdCrossingAlert" xmi:id="_.w.eFPT.t1.rE.d.y.rKNX.nBM.y96.w" xsi:type="uml:Operation"><specification publish:icon="-234547196_icon.png" publish:qualifiedname="ResourcePerformanceManagement::Interfaces::ThresholdCrossingAlertControlService::disableThresholdCrossingAlert::&lt;Constraint&gt;::&lt;OpaqueExpression&gt;" xmi:id="_.w.eFPU.d1.rE.d.y.rKNX.nBM.y96.w" xsi:type="uml:OpaqueExpression"/><specification publish:icon="-234547196_icon.png" publish:qualifiedname="ResourcePerformanceManagement::Interfaces::ThresholdCrossingAlertControlService::disableThresholdCrossingAlert::&lt;Constraint&gt;::&lt;OpaqueExpression&gt;" xmi:id="_.w.eFPU91.rE.d.y.rKNX.nBM.y96.w" xsi:type="uml:OpaqueExpression"/><ownedParameter direction="return" name="void" publish:icon="436541387_icon.png" publish:qualifiedname="ResourcePerformanceManagement::Interfaces::ThresholdCrossingAlertControlService::disableThresholdCrossingAlert::void" xmi:id="_.w.eFPVN1.rE.d.y.rKNX.nBM.y96.w" xsi:type="uml:Parameter"/><ownedParameter direction="in" name="pmObjectSelectList" publish:icon="-1761273889_icon.png" publish:qualifiedname="ResourcePerformanceManagement::Interfaces::ThresholdCrossingAlertControlService::disableThresholdCrossingAlert::pmObjectSelectList" xmi:id="_.w.eFPV.t1.rE.d.y.rKNX.nBM.y96.w" xsi:type="uml:Parameter"><upperValue publish:icon="1141184546_icon.png" publish:qualifiedname="ResourcePerformanceManagement::Interfaces::ThresholdCrossingAlertControlService::disableThresholdCrossingAlert::pmObjectSelectList::&lt;LiteralUnlimitedNatural&gt;" xmi:id="_.jEXV.c.fS_E.d.yOTYW_XGOO.o.w" xsi:type="uml:LiteralUnlimitedNatural"/><lowerValue publish:icon="168105990_icon.png" publish:qualifiedname="ResourcePerformanceManagement::Interfaces::ThresholdCrossingAlertControlService::disableThresholdCrossingAlert::pmObjectSelectList::&lt;LiteralInteger&gt;" xmi:id="_.jEXV.cPS_E.d.yOTYW_XGOO.o.w" xsi:type="uml:LiteralInteger"/><defaultValue publish:icon="-234547196_icon.png" publish:qualifiedname="ResourcePerformanceManagement::Interfaces::ThresholdCrossingAlertControlService::disableThresholdCrossingAlert::pmObjectSelectList::&lt;OpaqueExpression&gt;" xmi:id="_.w.eFPWN1.rE.d.y.rKNX.nBM.y96.w" xsi:type="uml:OpaqueExpression"/></ownedParameter><ownedParameter direction="out" name="failedObjectSelectList" publish:icon="386209653_icon.png" publish:qualifiedname="ResourcePerformanceManagement::Interfaces::ThresholdCrossingAlertControlService::disableThresholdCrossingAlert::failedObjectSelectList" xmi:id="_.w.eFPW.d1.rE.d.y.rKNX.nBM.y96.w" xsi:type="uml:Parameter"><upperValue publish:icon="1141184546_icon.png" publish:qualifiedname="ResourcePerformanceManagement::Interfaces::ThresholdCrossingAlertControlService::disableThresholdCrossingAlert::failedObjectSelectList::&lt;LiteralUnlimitedNatural&gt;" xmi:id="_.jZFBM.fS_E.d.yOTYW_XGOO.o.w" xsi:type="uml:LiteralUnlimitedNatural"/><lowerValue publish:icon="168105990_icon.png" publish:qualifiedname="ResourcePerformanceManagement::Interfaces::ThresholdCrossingAlertControlService::disableThresholdCrossingAlert::failedObjectSelectList::&lt;LiteralInteger&gt;" xmi:id="_.jZFBMPS_E.d.yOTYW_XGOO.o.w" xsi:type="uml:LiteralInteger"/><defaultValue publish:icon="-234547196_icon.png" publish:qualifiedname="ResourcePerformanceManagement::Interfaces::ThresholdCrossingAlertControlService::disableThresholdCrossingAlert::failedObjectSelectList::&lt;OpaqueExpression&gt;" xmi:id="_.w.eFPW91.rE.d.y.rKNX.nBM.y96.w" xsi:type="uml:OpaqueExpression"/></ownedParameter></ownedOperation><ownedOperation name="getAllTcaParameterProfiles" publish:icon="33888294_icon.png" publish:qualifiedname="ResourcePerformanceManagement::Interfaces::ThresholdCrossingAlertControlService::getAllTcaParameterProfiles" xmi:id="_.w.eOZX.d1.rE.d.y.rKNX.nBM.y96.w" xsi:type="uml:Operation"><specification publish:icon="-234547196_icon.png" publish:qualifiedname="ResourcePerformanceManagement::Interfaces::ThresholdCrossingAlertControlService::getAllTcaParameterProfiles::&lt;Constraint&gt;::&lt;OpaqueExpression&gt;" xmi:id="_.w.eOZYN1.rE.d.y.rKNX.nBM.y96.w" xsi:type="uml:OpaqueExpression"/><specification publish:icon="-234547196_icon.png" publish:qualifiedname="ResourcePerformanceManagement::Interfaces::ThresholdCrossingAlertControlService::getAllTcaParameterProfiles::&lt;Constraint&gt;::&lt;OpaqueExpression&gt;" xmi:id="_.w.eOZY.t1.rE.d.y.rKNX.nBM.y96.w" xsi:type="uml:OpaqueExpression"/><ownedParameter direction="return" name="void" publish:icon="436541387_icon.png" publish:qualifiedname="ResourcePerformanceManagement::Interfaces::ThresholdCrossingAlertControlService::getAllTcaParameterProfiles::void" xmi:id="_.w.eOZY91.rE.d.y.rKNX.nBM.y96.w" xsi:type="uml:Parameter"/><ownedParameter direction="in" name="meRef" publish:icon="-1761273889_icon.png" publish:qualifiedname="ResourcePerformanceManagement::Interfaces::ThresholdCrossingAlertControlService::getAllTcaParameterProfiles::meRef" xmi:id="_.w.eOZZ.d1.rE.d.y.rKNX.nBM.y96.w" xsi:type="uml:Parameter"><defaultValue publish:icon="-234547196_icon.png" publish:qualifiedname="ResourcePerformanceManagement::Interfaces::ThresholdCrossingAlertControlService::getAllTcaParameterProfiles::meRef::&lt;OpaqueExpression&gt;" xmi:id="_.w.eOZZ91.rE.d.y.rKNX.nBM.y96.w" xsi:type="uml:OpaqueExpression"/></ownedParameter><ownedParameter direction="out" name="tcaParameterProfileList" publish:icon="386209653_icon.png" publish:qualifiedname="ResourcePerformanceManagement::Interfaces::ThresholdCrossingAlertControlService::getAllTcaParameterProfiles::tcaParameterProfileList" xmi:id="_.w.eOZ.aN1.rE.d.y.rKNX.nBM.y96.w" xsi:type="uml:Parameter"><upperValue publish:icon="1141184546_icon.png" publish:qualifiedname="ResourcePerformanceManagement::Interfaces::ThresholdCrossingAlertControlService::getAllTcaParameterProfiles::tcaParameterProfileList::&lt;LiteralUnlimitedNatural&gt;" xmi:id="_.w.u4.n4.fTDE.d.yOTYW_XGOO.o.w" xsi:type="uml:LiteralUnlimitedNatural"/><lowerValue publish:icon="168105990_icon.png" publish:qualifiedname="ResourcePerformanceManagement::Interfaces::ThresholdCrossingAlertControlService::getAllTcaParameterProfiles::tcaParameterProfileList::&lt;LiteralInteger&gt;" xmi:id="_.w.u4.n4PTDE.d.yOTYW_XGOO.o.w" xsi:type="uml:LiteralInteger"/><defaultValue publish:icon="-234547196_icon.png" publish:qualifiedname="ResourcePerformanceManagement::Interfaces::ThresholdCrossingAlertControlService::getAllTcaParameterProfiles::tcaParameterProfileList::&lt;OpaqueExpression&gt;" xmi:id="_.w.eOZ.a.t1.rE.d.y.rKNX.nBM.y96.w" xsi:type="uml:OpaqueExpression"/></ownedParameter></ownedOperation><ownedOperation name="getTcaTpParameter" publish:icon="33888294_icon.png" publish:qualifiedname="ResourcePerformanceManagement::Interfaces::ThresholdCrossingAlertControlService::getTcaTpParameter" xmi:id="_V.i.y4EN1.sE.d.y.rKNX.nBM.y96.w" xsi:type="uml:Operation"><specification publish:icon="-234547196_icon.png" publish:qualifiedname="ResourcePerformanceManagement::Interfaces::ThresholdCrossingAlertControlService::getTcaTpParameter::&lt;Constraint&gt;::&lt;OpaqueExpression&gt;" xmi:id="_V.i.y4E91.sE.d.y.rKNX.nBM.y96.w" xsi:type="uml:OpaqueExpression"/><specification publish:icon="-234547196_icon.png" publish:qualifiedname="ResourcePerformanceManagement::Interfaces::ThresholdCrossingAlertControlService::getTcaTpParameter::&lt;Constraint&gt;::&lt;OpaqueExpression&gt;" xmi:id="_V.i.y4F.d1.sE.d.y.rKNX.nBM.y96.w" xsi:type="uml:OpaqueExpression"/><ownedParameter direction="return" name="void" publish:icon="436541387_icon.png" publish:qualifiedname="ResourcePerformanceManagement::Interfaces::ThresholdCrossingAlertControlService::getTcaTpParameter::void" xmi:id="_V.i.y4F.t1.sE.d.y.rKNX.nBM.y96.w" xsi:type="uml:Parameter"/><ownedParameter direction="in" name="tpRef" publish:icon="-1761273889_icon.png" publish:qualifiedname="ResourcePerformanceManagement::Interfaces::ThresholdCrossingAlertControlService::getTcaTpParameter::tpRef" xmi:id="_0.i.vP0PTKE.d.yOTYW_XGOO.o.w" xsi:type="uml:Parameter"><defaultValue publish:icon="-234547196_icon.png" publish:qualifiedname="ResourcePerformanceManagement::Interfaces::ThresholdCrossingAlertControlService::getTcaTpParameter::tpRef::&lt;OpaqueExpression&gt;" xmi:id="_0.i.vP0.vTKE.d.yOTYW_XGOO.o.w" xsi:type="uml:OpaqueExpression"/></ownedParameter><ownedParameter direction="in" name="layerRate" publish:icon="-1761273889_icon.png" publish:qualifiedname="ResourcePerformanceManagement::Interfaces::ThresholdCrossingAlertControlService::getTcaTpParameter::layerRate" xmi:id="_B0I_APTME.d.yOTYW_XGOO.o.w" xsi:type="uml:Parameter"><defaultValue publish:icon="-234547196_icon.png" publish:qualifiedname="ResourcePerformanceManagement::Interfaces::ThresholdCrossingAlertControlService::getTcaTpParameter::layerRate::&lt;OpaqueExpression&gt;" xmi:id="_B0I_A.vTME.d.yOTYW_XGOO.o.w" xsi:type="uml:OpaqueExpression"/></ownedParameter><ownedParameter direction="in" name="granularity" publish:icon="-1761273889_icon.png" publish:qualifiedname="ResourcePerformanceManagement::Interfaces::ThresholdCrossingAlertControlService::getTcaTpParameter::granularity" xmi:id="_P.p.a.s.wPTME.d.yOTYW_XGOO.o.w" xsi:type="uml:Parameter"><defaultValue publish:icon="-234547196_icon.png" publish:qualifiedname="ResourcePerformanceManagement::Interfaces::ThresholdCrossingAlertControlService::getTcaTpParameter::granularity::&lt;OpaqueExpression&gt;" xmi:id="_P.p.a.s.w.vTME.d.yOTYW_XGOO.o.w" xsi:type="uml:OpaqueExpression"/></ownedParameter><ownedParameter direction="in" name="pmpRef" publish:icon="-1761273889_icon.png" publish:qualifiedname="ResourcePerformanceManagement::Interfaces::ThresholdCrossingAlertControlService::getTcaTpParameter::pmpRef" xmi:id="_V.i.y4GN1.sE.d.y.rKNX.nBM.y96.w" xsi:type="uml:Parameter"><defaultValue publish:icon="-234547196_icon.png" publish:qualifiedname="ResourcePerformanceManagement::Interfaces::ThresholdCrossingAlertControlService::getTcaTpParameter::pmpRef::&lt;OpaqueExpression&gt;" xmi:id="_V.i.y4G.t1.sE.d.y.rKNX.nBM.y96.w" xsi:type="uml:OpaqueExpression"/></ownedParameter><ownedParameter direction="out" name="pmThresholdList" publish:icon="386209653_icon.png" publish:qualifiedname="ResourcePerformanceManagement::Interfaces::ThresholdCrossingAlertControlService::getTcaTpParameter::pmThresholdList" xmi:id="_V.i.y4H.t1.sE.d.y.rKNX.nBM.y96.w" xsi:type="uml:Parameter"><upperValue publish:icon="1141184546_icon.png" publish:qualifiedname="ResourcePerformanceManagement::Interfaces::ThresholdCrossingAlertControlService::getTcaTpParameter::pmThresholdList::&lt;LiteralUnlimitedNatural&gt;" xmi:id="_.dY_.bU.fT.xE.d.yOTYW_XGOO.o.w" xsi:type="uml:LiteralUnlimitedNatural"/><lowerValue publish:icon="168105990_icon.png" publish:qualifiedname="ResourcePerformanceManagement::Interfaces::ThresholdCrossingAlertControlService::getTcaTpParameter::pmThresholdList::&lt;LiteralInteger&gt;" xmi:id="_.dY_.bUPT.xE.d.yOTYW_XGOO.o.w" xsi:type="uml:LiteralInteger"/><defaultValue publish:icon="-234547196_icon.png" publish:qualifiedname="ResourcePerformanceManagement::Interfaces::ThresholdCrossingAlertControlService::getTcaTpParameter::pmThresholdList::&lt;OpaqueExpression&gt;" xmi:id="_V.i.y4IN1.sE.d.y.rKNX.nBM.y96.w" xsi:type="uml:OpaqueExpression"/></ownedParameter><ownedParameter direction="in" name="pmParameter" publish:icon="-1761273889_icon.png" publish:qualifiedname="ResourcePerformanceManagement::Interfaces::ThresholdCrossingAlertControlService::getTcaTpParameter::pmParameter" xmi:id="_8LO1.wPTLE.d.yOTYW_XGOO.o.w" xsi:type="uml:Parameter"><upperValue publish:icon="1141184546_icon.png" publish:qualifiedname="ResourcePerformanceManagement::Interfaces::ThresholdCrossingAlertControlService::getTcaTpParameter::pmParameter::&lt;LiteralUnlimitedNatural&gt;" xmi:id="_8LO1.w.vTLE.d.yOTYW_XGOO.o.w" xsi:type="uml:LiteralUnlimitedNatural"/><lowerValue publish:icon="168105990_icon.png" publish:qualifiedname="ResourcePerformanceManagement::Interfaces::ThresholdCrossingAlertControlService::getTcaTpParameter::pmParameter::&lt;LiteralInteger&gt;" xmi:id="_8LO1.w_TLE.d.yOTYW_XGOO.o.w" xsi:type="uml:LiteralInteger"/><defaultValue publish:icon="-234547196_icon.png" publish:qualifiedname="ResourcePerformanceManagement::Interfaces::ThresholdCrossingAlertControlService::getTcaTpParameter::pmParameter::&lt;OpaqueExpression&gt;" xmi:id="_8LO1.xPTLE.d.yOTYW_XGOO.o.w" xsi:type="uml:OpaqueExpression"/></ownedParameter></ownedOperation><ownedOperation name="getTcaParameterProfile" publish:icon="33888294_icon.png" publish:qualifiedname="ResourcePerformanceManagement::Interfaces::ThresholdCrossingAlertControlService::getTcaParameterProfile" xmi:id="_.w.eOZO91.rE.d.y.rKNX.nBM.y96.w" xsi:type="uml:Operation"><specification publish:icon="-234547196_icon.png" publish:qualifiedname="ResourcePerformanceManagement::Interfaces::ThresholdCrossingAlertControlService::getTcaParameterProfile::&lt;Constraint&gt;::&lt;OpaqueExpression&gt;" xmi:id="_.w.eOZP.t1.rE.d.y.rKNX.nBM.y96.w" xsi:type="uml:OpaqueExpression"/><specification publish:icon="-234547196_icon.png" publish:qualifiedname="ResourcePerformanceManagement::Interfaces::ThresholdCrossingAlertControlService::getTcaParameterProfile::&lt;Constraint&gt;::&lt;OpaqueExpression&gt;" xmi:id="_.w.eOZQN1.rE.d.y.rKNX.nBM.y96.w" xsi:type="uml:OpaqueExpression"/><ownedParameter direction="return" name="void" publish:icon="436541387_icon.png" publish:qualifiedname="ResourcePerformanceManagement::Interfaces::ThresholdCrossingAlertControlService::getTcaParameterProfile::void" xmi:id="_.w.eOZQ.d1.rE.d.y.rKNX.nBM.y96.w" xsi:type="uml:Parameter"/><ownedParameter direction="in" name="tcaParameterProfileRef" publish:icon="-1761273889_icon.png" publish:qualifiedname="ResourcePerformanceManagement::Interfaces::ThresholdCrossingAlertControlService::getTcaParameterProfile::tcaParameterProfileRef" xmi:id="_.w.eOZQ91.rE.d.y.rKNX.nBM.y96.w" xsi:type="uml:Parameter"><defaultValue publish:icon="-234547196_icon.png" publish:qualifiedname="ResourcePerformanceManagement::Interfaces::ThresholdCrossingAlertControlService::getTcaParameterProfile::tcaParameterProfileRef::&lt;OpaqueExpression&gt;" xmi:id="_.w.eOZR.d1.rE.d.y.rKNX.nBM.y96.w" xsi:type="uml:OpaqueExpression"/></ownedParameter><ownedParameter direction="out" name="tcaParameterProfile" publish:icon="386209653_icon.png" publish:qualifiedname="ResourcePerformanceManagement::Interfaces::ThresholdCrossingAlertControlService::getTcaParameterProfile::tcaParameterProfile" xmi:id="_.w.eOZR.t1.rE.d.y.rKNX.nBM.y96.w" xsi:type="uml:Parameter"><defaultValue publish:icon="-234547196_icon.png" publish:qualifiedname="ResourcePerformanceManagement::Interfaces::ThresholdCrossingAlertControlService::getTcaParameterProfile::tcaParameterProfile::&lt;OpaqueExpression&gt;" xmi:id="_.w.eOZSN1.rE.d.y.rKNX.nBM.y96.w" xsi:type="uml:OpaqueExpression"/></ownedParameter></ownedOperation><ownedOperation name="enableThresholdCrossingAlert" publish:icon="33888294_icon.png" publish:qualifiedname="ResourcePerformanceManagement::Interfaces::ThresholdCrossingAlertControlService::enableThresholdCrossingAlert" xmi:id="_.w.eFPQN1.rE.d.y.rKNX.nBM.y96.w" xsi:type="uml:Operation"><specification publish:icon="-234547196_icon.png" publish:qualifiedname="ResourcePerformanceManagement::Interfaces::ThresholdCrossingAlertControlService::enableThresholdCrossingAlert::&lt;Constraint&gt;::&lt;OpaqueExpression&gt;" xmi:id="_.w.eFPQ91.rE.d.y.rKNX.nBM.y96.w" xsi:type="uml:OpaqueExpression"/><specification publish:icon="-234547196_icon.png" publish:qualifiedname="ResourcePerformanceManagement::Interfaces::ThresholdCrossingAlertControlService::enableThresholdCrossingAlert::&lt;Constraint&gt;::&lt;OpaqueExpression&gt;" xmi:id="_.w.eFPR.d1.rE.d.y.rKNX.nBM.y96.w" xsi:type="uml:OpaqueExpression"/><ownedParameter direction="return" name="void" publish:icon="436541387_icon.png" publish:qualifiedname="ResourcePerformanceManagement::Interfaces::ThresholdCrossingAlertControlService::enableThresholdCrossingAlert::void" xmi:id="_.w.eFPR.t1.rE.d.y.rKNX.nBM.y96.w" xsi:type="uml:Parameter"/><ownedParameter direction="in" name="pmObjectSelectList" publish:icon="-1761273889_icon.png" publish:qualifiedname="ResourcePerformanceManagement::Interfaces::ThresholdCrossingAlertControlService::enableThresholdCrossingAlert::pmObjectSelectList" xmi:id="_.w.eFPSN1.rE.d.y.rKNX.nBM.y96.w" xsi:type="uml:Parameter"><upperValue publish:icon="1141184546_icon.png" publish:qualifiedname="ResourcePerformanceManagement::Interfaces::ThresholdCrossingAlertControlService::enableThresholdCrossingAlert::pmObjectSelectList::&lt;LiteralUnlimitedNatural&gt;" xmi:id="_PSKO4.fTCE.d.yOTYW_XGOO.o.w" xsi:type="uml:LiteralUnlimitedNatural"/><lowerValue publish:icon="168105990_icon.png" publish:qualifiedname="ResourcePerformanceManagement::Interfaces::ThresholdCrossingAlertControlService::enableThresholdCrossingAlert::pmObjectSelectList::&lt;LiteralInteger&gt;" xmi:id="_PSKO4PTCE.d.yOTYW_XGOO.o.w" xsi:type="uml:LiteralInteger"/><defaultValue publish:icon="-234547196_icon.png" publish:qualifiedname="ResourcePerformanceManagement::Interfaces::ThresholdCrossingAlertControlService::enableThresholdCrossingAlert::pmObjectSelectList::&lt;OpaqueExpression&gt;" xmi:id="_.w.eFPS.t1.rE.d.y.rKNX.nBM.y96.w" xsi:type="uml:OpaqueExpression"/></ownedParameter><ownedParameter direction="out" name="failedObjectSelectList" publish:icon="386209653_icon.png" publish:qualifiedname="ResourcePerformanceManagement::Interfaces::ThresholdCrossingAlertControlService::enableThresholdCrossingAlert::failedObjectSelectList" xmi:id="_.w.eFPS91.rE.d.y.rKNX.nBM.y96.w" xsi:type="uml:Parameter"><upperValue publish:icon="1141184546_icon.png" publish:qualifiedname="ResourcePerformanceManagement::Interfaces::ThresholdCrossingAlertControlService::enableThresholdCrossingAlert::failedObjectSelectList::&lt;LiteralUnlimitedNatural&gt;" xmi:id="_P.lFK4.fTCE.d.yOTYW_XGOO.o.w" xsi:type="uml:LiteralUnlimitedNatural"/><lowerValue publish:icon="168105990_icon.png" publish:qualifiedname="ResourcePerformanceManagement::Interfaces::ThresholdCrossingAlertControlService::enableThresholdCrossingAlert::failedObjectSelectList::&lt;LiteralInteger&gt;" xmi:id="_P.lFK4PTCE.d.yOTYW_XGOO.o.w" xsi:type="uml:LiteralInteger"/><defaultValue publish:icon="-234547196_icon.png" publish:qualifiedname="ResourcePerformanceManagement::Interfaces::ThresholdCrossingAlertControlService::enableThresholdCrossingAlert::failedObjectSelectList::&lt;OpaqueExpression&gt;" xmi:id="_.w.eFPT.d1.rE.d.y.rKNX.nBM.y96.w" xsi:type="uml:OpaqueExpression"/></ownedParameter></ownedOperation><ownedOperation name="setTcaParameterProfile" publish:icon="33888294_icon.png" publish:qualifiedname="ResourcePerformanceManagement::Interfaces::ThresholdCrossingAlertControlService::setTcaParameterProfile" xmi:id="_.w.eOZS.d1.rE.d.y.rKNX.nBM.y96.w" xsi:type="uml:Operation"><specification publish:icon="-234547196_icon.png" publish:qualifiedname="ResourcePerformanceManagement::Interfaces::ThresholdCrossingAlertControlService::setTcaParameterProfile::&lt;Constraint&gt;::&lt;OpaqueExpression&gt;" xmi:id="_.w.eOZTN1.rE.d.y.rKNX.nBM.y96.w" xsi:type="uml:OpaqueExpression"/><specification publish:icon="-234547196_icon.png" publish:qualifiedname="ResourcePerformanceManagement::Interfaces::ThresholdCrossingAlertControlService::setTcaParameterProfile::&lt;Constraint&gt;::&lt;OpaqueExpression&gt;" xmi:id="_.w.eOZT.t1.rE.d.y.rKNX.nBM.y96.w" xsi:type="uml:OpaqueExpression"/><ownedParameter direction="return" name="void" publish:icon="436541387_icon.png" publish:qualifiedname="ResourcePerformanceManagement::Interfaces::ThresholdCrossingAlertControlService::setTcaParameterProfile::void" xmi:id="_.w.eOZT91.rE.d.y.rKNX.nBM.y96.w" xsi:type="uml:Parameter"/><ownedParameter direction="in" name="tcaParameterProfileRef" publish:icon="-1761273889_icon.png" publish:qualifiedname="ResourcePerformanceManagement::Interfaces::ThresholdCrossingAlertControlService::setTcaParameterProfile::tcaParameterProfileRef" xmi:id="_.w.eOZU.d1.rE.d.y.rKNX.nBM.y96.w" xsi:type="uml:Parameter"><defaultValue publish:icon="-234547196_icon.png" publish:qualifiedname="ResourcePerformanceManagement::Interfaces::ThresholdCrossingAlertControlService::setTcaParameterProfile::tcaParameterProfileRef::&lt;OpaqueExpression&gt;" xmi:id="_.w.eOZU91.rE.d.y.rKNX.nBM.y96.w" xsi:type="uml:OpaqueExpression"/></ownedParameter><ownedParameter direction="in" name="tcaParameterList" publish:icon="-1761273889_icon.png" publish:qualifiedname="ResourcePerformanceManagement::Interfaces::ThresholdCrossingAlertControlService::setTcaParameterProfile::tcaParameterList" xmi:id="_.w.eOZVN1.rE.d.y.rKNX.nBM.y96.w" xsi:type="uml:Parameter"><upperValue publish:icon="1141184546_icon.png" publish:qualifiedname="ResourcePerformanceManagement::Interfaces::ThresholdCrossingAlertControlService::setTcaParameterProfile::tcaParameterList::&lt;LiteralUnlimitedNatural&gt;" xmi:id="_MU.gU.s.fT.zE.d.yOTYW_XGOO.o.w" xsi:type="uml:LiteralUnlimitedNatural"/><lowerValue publish:icon="168105990_icon.png" publish:qualifiedname="ResourcePerformanceManagement::Interfaces::ThresholdCrossingAlertControlService::setTcaParameterProfile::tcaParameterList::&lt;LiteralInteger&gt;" xmi:id="_MU.gU.sPT.zE.d.yOTYW_XGOO.o.w" xsi:type="uml:LiteralInteger"/><defaultValue publish:icon="-234547196_icon.png" publish:qualifiedname="ResourcePerformanceManagement::Interfaces::ThresholdCrossingAlertControlService::setTcaParameterProfile::tcaParameterList::&lt;OpaqueExpression&gt;" xmi:id="_.w.eOZV.t1.rE.d.y.rKNX.nBM.y96.w" xsi:type="uml:OpaqueExpression"/></ownedParameter><ownedParameter direction="out" name="failedTpRefList" publish:icon="386209653_icon.png" publish:qualifiedname="ResourcePerformanceManagement::Interfaces::ThresholdCrossingAlertControlService::setTcaParameterProfile::failedTpRefList" xmi:id="_.w.eOZW.t1.rE.d.y.rKNX.nBM.y96.w" xsi:type="uml:Parameter"><upperValue publish:icon="1141184546_icon.png" publish:qualifiedname="ResourcePerformanceManagement::Interfaces::ThresholdCrossingAlertControlService::setTcaParameterProfile::failedTpRefList::&lt;LiteralUnlimitedNatural&gt;" xmi:id="_W3.h.n.gPT.zE.d.yOTYW_XGOO.o.w" xsi:type="uml:LiteralUnlimitedNatural"/><lowerValue publish:icon="168105990_icon.png" publish:qualifiedname="ResourcePerformanceManagement::Interfaces::ThresholdCrossingAlertControlService::setTcaParameterProfile::failedTpRefList::&lt;LiteralInteger&gt;" xmi:id="_W3X2.gPT.zE.d.yOTYW_XGOO.o.w" xsi:type="uml:LiteralInteger"/><defaultValue publish:icon="-234547196_icon.png" publish:qualifiedname="ResourcePerformanceManagement::Interfaces::ThresholdCrossingAlertControlService::setTcaParameterProfile::failedTpRefList::&lt;OpaqueExpression&gt;" xmi:id="_.w.eOZXN1.rE.d.y.rKNX.nBM.y96.w" xsi:type="uml:OpaqueExpression"/></ownedParameter><ownedParameter direction="out" name="tcaParameterProfile" publish:icon="386209653_icon.png" publish:qualifiedname="ResourcePerformanceManagement::Interfaces::ThresholdCrossingAlertControlService::setTcaParameterProfile::tcaParameterProfile" xmi:id="_.w.eOZV91.rE.d.y.rKNX.nBM.y96.w" xsi:type="uml:Parameter"><defaultValue publish:icon="-234547196_icon.png" publish:qualifiedname="ResourcePerformanceManagement::Interfaces::ThresholdCrossingAlertControlService::setTcaParameterProfile::tcaParameterProfile::&lt;OpaqueExpression&gt;" xmi:id="_.w.eOZW.d1.rE.d.y.rKNX.nBM.y96.w" xsi:type="uml:OpaqueExpression"/></ownedParameter></ownedOperation><ownedOperation name="setTcaParameterProfilePointer" publish:icon="33888294_icon.png" publish:qualifiedname="ResourcePerformanceManagement::Interfaces::ThresholdCrossingAlertControlService::setTcaParameterProfilePointer" xmi:id="_.w.eYKMN1.rE.d.y.rKNX.nBM.y96.w" xsi:type="uml:Operation"><specification publish:icon="-234547196_icon.png" publish:qualifiedname="ResourcePerformanceManagement::Interfaces::ThresholdCrossingAlertControlService::setTcaParameterProfilePointer::&lt;Constraint&gt;::&lt;OpaqueExpression&gt;" xmi:id="_.w.eYKM91.rE.d.y.rKNX.nBM.y96.w" xsi:type="uml:OpaqueExpression"/><specification publish:icon="-234547196_icon.png" publish:qualifiedname="ResourcePerformanceManagement::Interfaces::ThresholdCrossingAlertControlService::setTcaParameterProfilePointer::&lt;Constraint&gt;::&lt;OpaqueExpression&gt;" xmi:id="_.w.eYKN.d1.rE.d.y.rKNX.nBM.y96.w" xsi:type="uml:OpaqueExpression"/><ownedParameter direction="return" name="void" publish:icon="436541387_icon.png" publish:qualifiedname="ResourcePerformanceManagement::Interfaces::ThresholdCrossingAlertControlService::setTcaParameterProfilePointer::void" xmi:id="_.w.eYKN.t1.rE.d.y.rKNX.nBM.y96.w" xsi:type="uml:Parameter"/><ownedParameter direction="in" name="tpRef" publish:icon="-1761273889_icon.png" publish:qualifiedname="ResourcePerformanceManagement::Interfaces::ThresholdCrossingAlertControlService::setTcaParameterProfilePointer::tpRef" xmi:id="_.i-.o.b4PT2E.d.yOTYW_XGOO.o.w" xsi:type="uml:Parameter"><defaultValue publish:icon="-234547196_icon.png" publish:qualifiedname="ResourcePerformanceManagement::Interfaces::ThresholdCrossingAlertControlService::setTcaParameterProfilePointer::tpRef::&lt;OpaqueExpression&gt;" xmi:id="_.i-.o.b4.vT2E.d.yOTYW_XGOO.o.w" xsi:type="uml:OpaqueExpression"/></ownedParameter><ownedParameter direction="in" name="addTcaParameterProfileRef" publish:icon="-1761273889_icon.png" publish:qualifiedname="ResourcePerformanceManagement::Interfaces::ThresholdCrossingAlertControlService::setTcaParameterProfilePointer::addTcaParameterProfileRef" xmi:id="_.w.eYKON1.rE.d.y.rKNX.nBM.y96.w" xsi:type="uml:Parameter"><defaultValue publish:icon="-234547196_icon.png" publish:qualifiedname="ResourcePerformanceManagement::Interfaces::ThresholdCrossingAlertControlService::setTcaParameterProfilePointer::addTcaParameterProfileRef::&lt;OpaqueExpression&gt;" xmi:id="_.w.eYKO.t1.rE.d.y.rKNX.nBM.y96.w" xsi:type="uml:OpaqueExpression"/></ownedParameter><ownedParameter direction="in" name="removeTcaParameterProfileRef" publish:icon="-1761273889_icon.png" publish:qualifiedname="ResourcePerformanceManagement::Interfaces::ThresholdCrossingAlertControlService::setTcaParameterProfilePointer::removeTcaParameterProfileRef" xmi:id="_.w.eYKO91.rE.d.y.rKNX.nBM.y96.w" xsi:type="uml:Parameter"><defaultValue publish:icon="-234547196_icon.png" publish:qualifiedname="ResourcePerformanceManagement::Interfaces::ThresholdCrossingAlertControlService::setTcaParameterProfilePointer::removeTcaParameterProfileRef::&lt;OpaqueExpression&gt;" xmi:id="_.w.eYKP.d1.rE.d.y.rKNX.nBM.y96.w" xsi:type="uml:OpaqueExpression"/></ownedParameter></ownedOperation><ownedOperation name="setTcaTpParameter" publish:icon="33888294_icon.png" publish:qualifiedname="ResourcePerformanceManagement::Interfaces::ThresholdCrossingAlertControlService::setTcaTpParameter" xmi:id="_.w.eOZ.e.d1.rE.d.y.rKNX.nBM.y96.w" xsi:type="uml:Operation"><specification publish:icon="-234547196_icon.png" publish:qualifiedname="ResourcePerformanceManagement::Interfaces::ThresholdCrossingAlertControlService::setTcaTpParameter::&lt;Constraint&gt;::&lt;OpaqueExpression&gt;" xmi:id="_.w.eOZ.fN1.rE.d.y.rKNX.nBM.y96.w" xsi:type="uml:OpaqueExpression"/><specification publish:icon="-234547196_icon.png" publish:qualifiedname="ResourcePerformanceManagement::Interfaces::ThresholdCrossingAlertControlService::setTcaTpParameter::&lt;Constraint&gt;::&lt;OpaqueExpression&gt;" xmi:id="_.w.eOZ.f.t1.rE.d.y.rKNX.nBM.y96.w" xsi:type="uml:OpaqueExpression"/><ownedParameter direction="return" name="void" publish:icon="436541387_icon.png" publish:qualifiedname="ResourcePerformanceManagement::Interfaces::ThresholdCrossingAlertControlService::setTcaTpParameter::void" xmi:id="_.w.eOZ.f91.rE.d.y.rKNX.nBM.y96.w" xsi:type="uml:Parameter"/><ownedParameter direction="in" name="pmpRef" publish:icon="-1761273889_icon.png" publish:qualifiedname="ResourcePerformanceManagement::Interfaces::ThresholdCrossingAlertControlService::setTcaTpParameter::pmpRef" xmi:id="_.bYQ74PUAE.d.y4.a9M0.e0.mDMQ" xsi:type="uml:Parameter"><defaultValue publish:icon="-234547196_icon.png" publish:qualifiedname="ResourcePerformanceManagement::Interfaces::ThresholdCrossingAlertControlService::setTcaTpParameter::pmpRef::&lt;OpaqueExpression&gt;" xmi:id="_.bYQ74.vUAE.d.y4.a9M0.e0.mDMQ" xsi:type="uml:OpaqueExpression"/></ownedParameter><ownedParameter direction="inout" name="pmParameterList" publish:icon="-2046486556_icon.png" publish:qualifiedname="ResourcePerformanceManagement::Interfaces::ThresholdCrossingAlertControlService::setTcaTpParameter::pmParameterList" xmi:id="_.w.eOZ.g.d1.rE.d.y.rKNX.nBM.y96.w" xsi:type="uml:Parameter"><upperValue publish:icon="1141184546_icon.png" publish:qualifiedname="ResourcePerformanceManagement::Interfaces::ThresholdCrossingAlertControlService::setTcaTpParameter::pmParameterList::&lt;LiteralUnlimitedNatural&gt;" xmi:id="_.f3.a.n.wPUAE.d.y4.a9M0.e0.mDMQ" xsi:type="uml:LiteralUnlimitedNatural"/><lowerValue publish:icon="168105990_icon.png" publish:qualifiedname="ResourcePerformanceManagement::Interfaces::ThresholdCrossingAlertControlService::setTcaTpParameter::pmParameterList::&lt;LiteralInteger&gt;" xmi:id="_.f3Q2.wPUAE.d.y4.a9M0.e0.mDMQ" xsi:type="uml:LiteralInteger"/><defaultValue publish:icon="-234547196_icon.png" publish:qualifiedname="ResourcePerformanceManagement::Interfaces::ThresholdCrossingAlertControlService::setTcaTpParameter::pmParameterList::&lt;OpaqueExpression&gt;" xmi:id="_.w.eOZ.g91.rE.d.y.rKNX.nBM.y96.w" xsi:type="uml:OpaqueExpression"/></ownedParameter></ownedOperation></packagedElement><packagedElement name="creates TCA Parameter Profile using" publish:icon="889525961_icon.png" publish:qualifiedname="ResourcePerformanceManagement::Interfaces::creates TCA Parameter Profile using" xmi:id="_.q7H.f.cPQ0E.d.y.r.k.o3.rRK.o.w.k.g" xsi:type="uml:Dependency"/><packagedElement name="modifies TCA Parameter Profile using" publish:icon="889525961_icon.png" publish:qualifiedname="ResourcePerformanceManagement::Interfaces::modifies TCA Parameter Profile using" xmi:id="_.y.e9EUPQ0E.d.y.r.k.o3.rRK.o.w.k.g" xsi:type="uml:Dependency"/><packagedElement name="uses" publish:icon="889525961_icon.png" publish:qualifiedname="ResourcePerformanceManagement::Interfaces::uses" xmi:id="_9_MHIP.v9E.d2J.r.fL2N.b.m6.mA" xsi:type="uml:Dependency"/><packagedElement name="uses" publish:icon="889525961_icon.png" publish:qualifiedname="ResourcePerformanceManagement::Interfaces::uses" xmi:id="_O78.jMP.v-E.d2J.r.fL2N.b.m6.mA" xsi:type="uml:Dependency"/><packagedElement name="uses" publish:icon="889525961_icon.png" publish:qualifiedname="ResourcePerformanceManagement::Interfaces::uses" xmi:id="_.aZ.rK.wP.v-E.d2J.r.fL2N.b.m6.mA" xsi:type="uml:Dependency"/><packagedElement name="uses" publish:icon="889525961_icon.png" publish:qualifiedname="ResourcePerformanceManagement::Interfaces::uses" xmi:id="_.h-.bV.oP.v-E.d2J.r.fL2N.b.m6.mA" xsi:type="uml:Dependency"/></packagedElement><packagedElement name="Type Definitions" publish:diagramFormat="GIF" publish:icon="319100858_icon.png" publish:modelname="ResourcePerformanceManagement" publish:qualifiedname="ResourcePerformanceManagement::Type Definitions" publish:sortOrder="storage" publish:toplevelguid="_.e98ZQA6.qE.d.y.d7PUN.b-IYCQ" xmi:id="_.uH.s0QPDTE.d.y.d4.aLNEJLXR.g" xsi:type="uml:Package"><packagedElement name="PerformanceMonitoringObjectSelect" publish:icon="-419096599_icon.png" publish:qualifiedname="ResourcePerformanceManagement::Type Definitions::PerformanceMonitoringObjectSelect" xmi:id="_.zT2JAPDTE.d.y.d4.aLNEJLXR.g" xsi:type="uml:DataType"><ownedAttribute name="name" publish:icon="-1526392831_icon.png" publish:qualifiedname="ResourcePerformanceManagement::Type Definitions::PerformanceMonitoringObjectSelect::name" publish:type="ObjectName" xmi:id="_.f0.p.v8PDUE.d.y.d4.aLNEJLXR.g" xsi:type="uml:Property"><defaultValue publish:icon="-234547196_icon.png" publish:qualifiedname="ResourcePerformanceManagement::Type Definitions::PerformanceMonitoringObjectSelect::name::&lt;OpaqueExpression&gt;" xmi:id="_.f0.p.v9.fDUE.d.y.d4.aLNEJLXR.g" xsi:type="uml:OpaqueExpression"/></ownedAttribute><ownedAttribute name="layerRateList" publish:icon="-1526392831_icon.png" publish:qualifiedname="ResourcePerformanceManagement::Type Definitions::PerformanceMonitoringObjectSelect::layerRateList" publish:type="LayerRate" xmi:id="_.bC4DAPDUE.d.y.d4.aLNEJLXR.g" xsi:type="uml:Property"><upperValue publish:icon="1141184546_icon.png" publish:qualifiedname="ResourcePerformanceManagement::Type Definitions::PerformanceMonitoringObjectSelect::layerRateList::&lt;LiteralUnlimitedNatural&gt;" xmi:id="_.u.a.p.wA.fDUE.d.y.d4.aLNEJLXR.g" xsi:type="uml:LiteralUnlimitedNatural"/><lowerValue publish:icon="168105990_icon.png" publish:qualifiedname="ResourcePerformanceManagement::Type Definitions::PerformanceMonitoringObjectSelect::layerRateList::&lt;LiteralInteger&gt;" xmi:id="_.u.a.p.wAPDUE.d.y.d4.aLNEJLXR.g" xsi:type="uml:LiteralInteger"/><defaultValue publish:icon="-234547196_icon.png" publish:qualifiedname="ResourcePerformanceManagement::Type Definitions::PerformanceMonitoringObjectSelect::layerRateList::&lt;OpaqueExpression&gt;" xmi:id="_.bC4DA.vDUE.d.y.d4.aLNEJLXR.g" xsi:type="uml:OpaqueExpression"/></ownedAttribute><ownedAttribute name="pmLocationList" publish:icon="-1526392831_icon.png" publish:qualifiedname="ResourcePerformanceManagement::Type Definitions::PerformanceMonitoringObjectSelect::pmLocationList" publish:type="PerformanceMonitoringLocation" xmi:id="_.bC4DA_DUE.d.y.d4.aLNEJLXR.g" xsi:type="uml:Property"><upperValue publish:icon="1141184546_icon.png" publish:qualifiedname="ResourcePerformanceManagement::Type Definitions::PerformanceMonitoringObjectSelect::pmLocationList::&lt;LiteralUnlimitedNatural&gt;" xmi:id="_.x.rRMM.fDUE.d.y.d4.aLNEJLXR.g" xsi:type="uml:LiteralUnlimitedNatural"/><lowerValue publish:icon="168105990_icon.png" publish:qualifiedname="ResourcePerformanceManagement::Type Definitions::PerformanceMonitoringObjectSelect::pmLocationList::&lt;LiteralInteger&gt;" xmi:id="_.x.rRMMPDUE.d.y.d4.aLNEJLXR.g" xsi:type="uml:LiteralInteger"/><defaultValue publish:icon="-234547196_icon.png" publish:qualifiedname="ResourcePerformanceManagement::Type Definitions::PerformanceMonitoringObjectSelect::pmLocationList::&lt;OpaqueExpression&gt;" xmi:id="_.bC4DB.vDUE.d.y.d4.aLNEJLXR.g" xsi:type="uml:OpaqueExpression"/></ownedAttribute><ownedAttribute name="granularityList" publish:icon="-1526392831_icon.png" publish:qualifiedname="ResourcePerformanceManagement::Type Definitions::PerformanceMonitoringObjectSelect::granularityList" publish:type="Granularity" xmi:id="_.bC4DB_DUE.d.y.d4.aLNEJLXR.g" xsi:type="uml:Property"><upperValue publish:icon="1141184546_icon.png" publish:qualifiedname="ResourcePerformanceManagement::Type Definitions::PerformanceMonitoringObjectSelect::granularityList::&lt;LiteralUnlimitedNatural&gt;" xmi:id="_.y4.wTA.fDUE.d.y.d4.aLNEJLXR.g" xsi:type="uml:LiteralUnlimitedNatural"/><lowerValue publish:icon="168105990_icon.png" publish:qualifiedname="ResourcePerformanceManagement::Type Definitions::PerformanceMonitoringObjectSelect::granularityList::&lt;LiteralInteger&gt;" xmi:id="_.y4.wTAPDUE.d.y.d4.aLNEJLXR.g" xsi:type="uml:LiteralInteger"/><defaultValue publish:icon="-234547196_icon.png" publish:qualifiedname="ResourcePerformanceManagement::Type Definitions::PerformanceMonitoringObjectSelect::granularityList::&lt;OpaqueExpression&gt;" xmi:id="_6.v.rL8PDUE.d.y.d4.aLNEJLXR.g" xsi:type="uml:OpaqueExpression"/></ownedAttribute></packagedElement><packagedElement name="PerformanceMonitoringData" publish:icon="-419096599_icon.png" publish:qualifiedname="ResourcePerformanceManagement::Type Definitions::PerformanceMonitoringData" xmi:id="_Z.lD0.oPD.pE.d.y.d4.aLNEJLXR.g" xsi:type="uml:DataType"><ownedAttribute name="name" publish:icon="-1526392831_icon.png" publish:qualifiedname="ResourcePerformanceManagement::Type Definitions::PerformanceMonitoringData::name" publish:type="ObjectName" xmi:id="_HYH.t.oPD.qE.d.y.d4.aLNEJLXR.g" xsi:type="uml:Property"><defaultValue publish:icon="-234547196_icon.png" publish:qualifiedname="ResourcePerformanceManagement::Type Definitions::PerformanceMonitoringData::name::&lt;OpaqueExpression&gt;" xmi:id="_HYH.t.pPD.qE.d.y.d4.aLNEJLXR.g" xsi:type="uml:OpaqueExpression"/></ownedAttribute><ownedAttribute name="layerRate" publish:icon="-1526392831_icon.png" publish:qualifiedname="ResourcePerformanceManagement::Type Definitions::PerformanceMonitoringData::layerRate" publish:type="LayerRate" xmi:id="_HYH.t.p.fD.qE.d.y.d4.aLNEJLXR.g" xsi:type="uml:Property"><upperValue publish:icon="1141184546_icon.png" publish:qualifiedname="ResourcePerformanceManagement::Type Definitions::PerformanceMonitoringData::layerRate::&lt;LiteralUnlimitedNatural&gt;" xmi:id="_HYH.t.p_D.qE.d.y.d4.aLNEJLXR.g" xsi:type="uml:LiteralUnlimitedNatural"/><lowerValue publish:icon="168105990_icon.png" publish:qualifiedname="ResourcePerformanceManagement::Type Definitions::PerformanceMonitoringData::layerRate::&lt;LiteralInteger&gt;" xmi:id="_HYH.t.qPD.qE.d.y.d4.aLNEJLXR.g" xsi:type="uml:LiteralInteger"/><defaultValue publish:icon="-234547196_icon.png" publish:qualifiedname="ResourcePerformanceManagement::Type Definitions::PerformanceMonitoringData::layerRate::&lt;OpaqueExpression&gt;" xmi:id="_HYH.t.q.fD.qE.d.y.d4.aLNEJLXR.g" xsi:type="uml:OpaqueExpression"/></ownedAttribute><ownedAttribute name="pmMeasurementList" publish:icon="-1526392831_icon.png" publish:is_association="false" publish:qualifiedname="ResourcePerformanceManagement::Type Definitions::PerformanceMonitoringData::pmMeasurementList" publish:type="PerformanceMonitoringMeasurement" publish:typeid="_.yI.oJ.sPD.sE.d.y.d4.aLNEJLXR.g" xmi:id="_HYH.t.q.vD.qE.d.y.d4.aLNEJLXR.g" xsi:type="uml:Property"><upperValue publish:icon="1141184546_icon.png" publish:qualifiedname="ResourcePerformanceManagement::Type Definitions::PerformanceMonitoringData::pmMeasurementList::&lt;LiteralUnlimitedNatural&gt;" xmi:id="_HYH.t.r.fD.qE.d.y.d4.aLNEJLXR.g" xsi:type="uml:LiteralUnlimitedNatural"/><lowerValue publish:icon="168105990_icon.png" publish:qualifiedname="ResourcePerformanceManagement::Type Definitions::PerformanceMonitoringData::pmMeasurementList::&lt;LiteralInteger&gt;" xmi:id="_HYH.t.r.vD.qE.d.y.d4.aLNEJLXR.g" xsi:type="uml:LiteralInteger"/><defaultValue publish:icon="-234547196_icon.png" publish:qualifiedname="ResourcePerformanceManagement::Type Definitions::PerformanceMonitoringData::pmMeasurementList::&lt;OpaqueExpression&gt;" xmi:id="_HYH.t.r_D.qE.d.y.d4.aLNEJLXR.g" xsi:type="uml:OpaqueExpression"/></ownedAttribute><ownedAttribute name="granularity" publish:icon="-1526392831_icon.png" publish:qualifiedname="ResourcePerformanceManagement::Type Definitions::PerformanceMonitoringData::granularity" publish:type="Granularity" xmi:id="_HYH.t.sPD.qE.d.y.d4.aLNEJLXR.g" xsi:type="uml:Property"><upperValue publish:icon="1141184546_icon.png" publish:qualifiedname="ResourcePerformanceManagement::Type Definitions::PerformanceMonitoringData::granularity::&lt;LiteralUnlimitedNatural&gt;" xmi:id="_HYH.t.s.vD.qE.d.y.d4.aLNEJLXR.g" xsi:type="uml:LiteralUnlimitedNatural"/><lowerValue publish:icon="168105990_icon.png" publish:qualifiedname="ResourcePerformanceManagement::Type Definitions::PerformanceMonitoringData::granularity::&lt;LiteralInteger&gt;" xmi:id="_HYH.t.s_D.qE.d.y.d4.aLNEJLXR.g" xsi:type="uml:LiteralInteger"/><defaultValue publish:icon="-234547196_icon.png" publish:qualifiedname="ResourcePerformanceManagement::Type Definitions::PerformanceMonitoringData::granularity::&lt;OpaqueExpression&gt;" xmi:id="_HYH.t.tPD.qE.d.y.d4.aLNEJLXR.g" xsi:type="uml:OpaqueExpression"/></ownedAttribute><ownedAttribute name="retrievalTime" publish:icon="-1526392831_icon.png" publish:qualifiedname="ResourcePerformanceManagement::Type Definitions::PerformanceMonitoringData::retrievalTime" publish:type="ItuTTime" xmi:id="_H.m.wKEPD.rE.d.y.d4.aLNEJLXR.g" xsi:type="uml:Property"><defaultValue publish:icon="1057297976_icon.png" publish:qualifiedname="ResourcePerformanceManagement::Type Definitions::PerformanceMonitoringData::retrievalTime::&lt;LiteralNull&gt;" xmi:id="_7PO-UPD.rE.d.y.d4.aLNEJLXR.g" xsi:type="uml:LiteralNull"/></ownedAttribute></packagedElement><packagedElement name="PerformanceMonitoringMeasurement" publish:icon="-419096599_icon.png" publish:qualifiedname="ResourcePerformanceManagement::Type Definitions::PerformanceMonitoringMeasurement" xmi:id="_.yI.oJ.sPD.sE.d.y.d4.aLNEJLXR.g" xsi:type="uml:DataType"><ownedAttribute name="pmParameterName" publish:icon="-1526392831_icon.png" publish:qualifiedname="ResourcePerformanceManagement::Type Definitions::PerformanceMonitoringMeasurement::pmParameterName" publish:type="PerformanceMonitoringParameter" xmi:id="_.x8.mDYPD.tE.d.y.d4.aLNEJLXR.g" xsi:type="uml:Property"><defaultValue publish:icon="-234547196_icon.png" publish:qualifiedname="ResourcePerformanceManagement::Type Definitions::PerformanceMonitoringMeasurement::pmParameterName::&lt;OpaqueExpression&gt;" xmi:id="_.x8.vNU.fD.tE.d.y.d4.aLNEJLXR.g" xsi:type="uml:OpaqueExpression"/></ownedAttribute><ownedAttribute name="pmLocation" publish:icon="-1526392831_icon.png" publish:qualifiedname="ResourcePerformanceManagement::Type Definitions::PerformanceMonitoringMeasurement::pmLocation" publish:type="PerformanceMonitoringLocation" xmi:id="_7BSXAPD.tE.d.y.d4.aLNEJLXR.g" xsi:type="uml:Property"><defaultValue publish:icon="-234547196_icon.png" publish:qualifiedname="ResourcePerformanceManagement::Type Definitions::PerformanceMonitoringMeasurement::pmLocation::&lt;OpaqueExpression&gt;" xmi:id="_7BSXA_D.tE.d.y.d4.aLNEJLXR.g" xsi:type="uml:OpaqueExpression"/></ownedAttribute><ownedAttribute name="pmMeasurementValue" publish:icon="-1526392831_icon.png" publish:qualifiedname="ResourcePerformanceManagement::Type Definitions::PerformanceMonitoringMeasurement::pmMeasurementValue" publish:type="Real" xmi:id="_.rQ.o.h.s_D.tE.d.y.d4.aLNEJLXR.g" xsi:type="uml:Property"><defaultValue publish:icon="-234547196_icon.png" publish:qualifiedname="ResourcePerformanceManagement::Type Definitions::PerformanceMonitoringMeasurement::pmMeasurementValue::&lt;OpaqueExpression&gt;" xmi:id="_.rQ.o.h.t.fD.tE.d.y.d4.aLNEJLXR.g" xsi:type="uml:OpaqueExpression"/></ownedAttribute><ownedAttribute name="pmMeasurementUnit" publish:icon="-1526392831_icon.png" publish:qualifiedname="ResourcePerformanceManagement::Type Definitions::PerformanceMonitoringMeasurement::pmMeasurementUnit" publish:type="String" xmi:id="_.rQ.o.h.t.vD.tE.d.y.d4.aLNEJLXR.g" xsi:type="uml:Property"><defaultValue publish:icon="-234547196_icon.png" publish:qualifiedname="ResourcePerformanceManagement::Type Definitions::PerformanceMonitoringMeasurement::pmMeasurementUnit::&lt;OpaqueExpression&gt;" xmi:id="_.rQ.o.h.uPD.tE.d.y.d4.aLNEJLXR.g" xsi:type="uml:OpaqueExpression"/></ownedAttribute><ownedAttribute name="pmIntervalStatus" publish:icon="-1526392831_icon.png" publish:is_association="false" publish:qualifiedname="ResourcePerformanceManagement::Type Definitions::PerformanceMonitoringMeasurement::pmIntervalStatus" publish:type="PerformanceMonitoringIntervalStatus" publish:typeid="_PC.p.aQPD.zE.d.y.d4.aLNEJLXR.g" xmi:id="_.rQ.o.h.sPD.tE.d.y.d4.aLNEJLXR.g" xsi:type="uml:Property"><defaultValue publish:icon="-234547196_icon.png" publish:qualifiedname="ResourcePerformanceManagement::Type Definitions::PerformanceMonitoringMeasurement::pmIntervalStatus::&lt;OpaqueExpression&gt;" xmi:id="_.rQ.o.h.s.vD.tE.d.y.d4.aLNEJLXR.g" xsi:type="uml:OpaqueExpression"/></ownedAttribute></packagedElement><packagedElement name="PerformanceMonitoringIntervalStatus" publish:icon="1862604822_icon.png" publish:qualifiedname="ResourcePerformanceManagement::Type Definitions::PerformanceMonitoringIntervalStatus" xmi:id="_PC.p.aQPD.zE.d.y.d4.aLNEJLXR.g" xsi:type="uml:Enumeration"><ownedLiteral name="VALID" publish:icon="33888248_icon.png" publish:qualifiedname="ResourcePerformanceManagement::Type Definitions::PerformanceMonitoringIntervalStatus::VALID" xmi:id="_T.w.i.s.wPD.zE.d.y.d4.aLNEJLXR.g" xsi:type="uml:EnumerationLiteral"/><ownedLiteral name="INCOMPLETE" publish:icon="33888248_icon.png" publish:qualifiedname="ResourcePerformanceManagement::Type Definitions::PerformanceMonitoringIntervalStatus::INCOMPLETE" xmi:id="_U.oR.mAPD.zE.d.y.d4.aLNEJLXR.g" xsi:type="uml:EnumerationLiteral"/><ownedLiteral name="INVALID" publish:icon="33888248_icon.png" publish:qualifiedname="ResourcePerformanceManagement::Type Definitions::PerformanceMonitoringIntervalStatus::INVALID" xmi:id="_V.sOWUPD.zE.d.y.d4.aLNEJLXR.g" xsi:type="uml:EnumerationLiteral"/><ownedLiteral name="UNAVAILABLE" publish:icon="33888248_icon.png" publish:qualifiedname="ResourcePerformanceManagement::Type Definitions::PerformanceMonitoringIntervalStatus::UNAVAILABLE" xmi:id="_XWU.g.oPD.zE.d.y.d4.aLNEJLXR.g" xsi:type="uml:EnumerationLiteral"/><ownedLiteral name="ZERO_SUPPRESSED" publish:icon="33888248_icon.png" publish:qualifiedname="ResourcePerformanceManagement::Type Definitions::PerformanceMonitoringIntervalStatus::ZERO_SUPPRESSED" xmi:id="_Z8US.gPD.zE.d.y.d4.aLNEJLXR.g" xsi:type="uml:EnumerationLiteral"/></packagedElement><packagedElement name="HoldingTime" publish:icon="-419096599_icon.png" publish:qualifiedname="ResourcePerformanceManagement::Type Definitions::HoldingTime" xmi:id="_2G.u.eQPQ.eE.d.y.r.k.o3.rRK.o.w.k.g" xsi:type="uml:DataType"><ownedAttribute name="storeTime24hr" publish:icon="-1526392831_icon.png" publish:qualifiedname="ResourcePerformanceManagement::Type Definitions::HoldingTime::storeTime24hr" publish:type="String" xmi:id="_A.dFOEPQ.fE.d.y.r.k.o3.rRK.o.w.k.g" xsi:type="uml:Property"><defaultValue publish:icon="-234547196_icon.png" publish:qualifiedname="ResourcePerformanceManagement::Type Definitions::HoldingTime::storeTime24hr::&lt;OpaqueExpression&gt;" xmi:id="_A.dFOE.vQ.fE.d.y.r.k.o3.rRK.o.w.k.g" xsi:type="uml:OpaqueExpression"/></ownedAttribute><ownedAttribute name="storeTime15min" publish:icon="-1526392831_icon.png" publish:qualifiedname="ResourcePerformanceManagement::Type Definitions::HoldingTime::storeTime15min" publish:type="String" xmi:id="_.z2EN.wPQ.fE.d.y.r.k.o3.rRK.o.w.k.g" xsi:type="uml:Property"><defaultValue publish:icon="-234547196_icon.png" publish:qualifiedname="ResourcePerformanceManagement::Type Definitions::HoldingTime::storeTime15min::&lt;OpaqueExpression&gt;" xmi:id="_.z2EN.w.vQ.fE.d.y.r.k.o3.rRK.o.w.k.g" xsi:type="uml:OpaqueExpression"/></ownedAttribute></packagedElement><packagedElement name="TcaParameterProfileCreateData" publish:icon="-419096599_icon.png" publish:qualifiedname="ResourcePerformanceManagement::Type Definitions::TcaParameterProfileCreateData" xmi:id="_E1K.m.oPQ1E.d.y.r.k.o3.rRK.o.w.k.g" xsi:type="uml:DataType"><ancestor name="CommonResourceCreateData" publish:icon="-419096599_icon.png" publish:qualifiedname="NetworkResourceBasic::Type Definitions::CommonResourceCreateData" xmi:id="_Z.sO24K.l.cE.d.y39Z05.qV.q.f.pQ" xsi:type="uml:DataType"><inheritedAttribute anchor="#_M2Y-UL.q.eE.d.yA7.v53C.jA.z.n.g" name="networkAccessDomain" publish:icon="-1526392831_icon.png" publish:qualifiedname="NetworkResourceBasic::Type Definitions::CommonResourceCreateData::networkAccessDomain" xmi:id="_Z.sO24K.l.cE.d.y39Z05.qV.q.f.pQ" xsi:type="uml:Property"/></ancestor><ancestor name="CommonObjectCreateData" publish:icon="-419096599_icon.png" publish:qualifiedname="Framework::Type Definitions::CommonObjectCreateData" xmi:id="_.fJJBQK.f4E.d.yB.v.u4Q.gH3.iC.w" xsi:type="uml:DataType"><inheritedAttribute anchor="#_.fJJBQ.q.f4E.d.yB.v.u4Q.gH3.iC.w" name="name" publish:icon="-1526392831_icon.png" publish:qualifiedname="Framework::Type Definitions::CommonObjectCreateData::name" xmi:id="_.fJJBQK.f4E.d.yB.v.u4Q.gH3.iC.w" xsi:type="uml:Property"/></ancestor><ancestor name="CommonObjectSetData" publish:icon="-419096599_icon.png" publish:qualifiedname="Framework::Type Definitions::CommonObjectSetData" xmi:id="_MP.s.wEP_FE.d.uKKL.vC_EB00A" xsi:type="uml:DataType"><inheritedAttribute anchor="#__DK.n4P_FE.d.uKKL.vC_EB00A" name="userLabel" publish:icon="-1526392831_icon.png" publish:qualifiedname="Framework::Type Definitions::CommonObjectSetData::userLabel" xmi:id="_MP.s.wEP_FE.d.uKKL.vC_EB00A" xsi:type="uml:Property"/><inheritedAttribute anchor="#__DK.n4__FE.d.uKKL.vC_EB00A" name="forceUniqueness" publish:icon="-1526392831_icon.png" publish:qualifiedname="Framework::Type Definitions::CommonObjectSetData::forceUniqueness" xmi:id="_MP.s.wEP_FE.d.uKKL.vC_EB00A" xsi:type="uml:Property"/><inheritedAttribute anchor="#__DK.n5.v_FE.d.uKKL.vC_EB00A" name="owner" publish:icon="-1526392831_icon.png" publish:qualifiedname="Framework::Type Definitions::CommonObjectSetData::owner" xmi:id="_MP.s.wEP_FE.d.uKKL.vC_EB00A" xsi:type="uml:Property"/><inheritedAttribute anchor="#_.u.gC.h.cB.t1E.d29JJ.r_.hKM.p.fA" name="nativeEmsName" publish:icon="-1526392831_icon.png" publish:qualifiedname="Framework::Type Definitions::CommonObjectSetData::nativeEmsName" xmi:id="_MP.s.wEP_FE.d.uKKL.vC_EB00A" xsi:type="uml:Property"/><inheritedAttribute anchor="#_.mJC.tUK.mSE.d.y39Z05.qV.q.f.pQ" name="aliasNameList" publish:icon="-1526392831_icon.png" publish:qualifiedname="Framework::Type Definitions::CommonObjectSetData::aliasNameList" xmi:id="_MP.s.wEP_FE.d.uKKL.vC_EB00A" xsi:type="uml:Property"/><inheritedAttribute anchor="#__DK.n6.f_FE.d.uKKL.vC_EB00A" name="additionalInfo" publish:icon="-1526392831_icon.png" publish:qualifiedname="Framework::Type Definitions::CommonObjectSetData::additionalInfo" xmi:id="_MP.s.wEP_FE.d.uKKL.vC_EB00A" xsi:type="uml:Property"/></ancestor><ownedAttribute name="meRef" publish:icon="-1526392831_icon.png" publish:qualifiedname="ResourcePerformanceManagement::Type Definitions::TcaParameterProfileCreateData::meRef" publish:type="ObjectName" xmi:id="_.gTF.e4PQ2E.d.y.r.k.o3.rRK.o.w.k.g" xsi:type="uml:Property"><defaultValue publish:icon="-234547196_icon.png" publish:qualifiedname="ResourcePerformanceManagement::Type Definitions::TcaParameterProfileCreateData::meRef::&lt;OpaqueExpression&gt;" xmi:id="_.gTF.e4.vQ2E.d.y.r.k.o3.rRK.o.w.k.g" xsi:type="uml:OpaqueExpression"/></ownedAttribute><ownedAttribute name="layerRate" publish:icon="-1526392831_icon.png" publish:qualifiedname="ResourcePerformanceManagement::Type Definitions::TcaParameterProfileCreateData::layerRate" publish:type="LayerRate" xmi:id="_4.g.x.nYPQ1E.d.y.r.k.o3.rRK.o.w.k.g" xsi:type="uml:Property"><defaultValue publish:icon="-234547196_icon.png" publish:qualifiedname="ResourcePerformanceManagement::Type Definitions::TcaParameterProfileCreateData::layerRate::&lt;OpaqueExpression&gt;" xmi:id="_4.g.x.nY.vQ1E.d.y.r.k.o3.rRK.o.w.k.g" xsi:type="uml:OpaqueExpression"/></ownedAttribute><ownedAttribute name="tcaParameterList" publish:icon="-1526392831_icon.png" publish:qualifiedname="ResourcePerformanceManagement::Type Definitions::TcaParameterProfileCreateData::tcaParameterList" publish:type="ThresholdCrossingAlertParameter" xmi:id="_4.g.x.nY_Q1E.d.y.r.k.o3.rRK.o.w.k.g" xsi:type="uml:Property"><upperValue publish:icon="1141184546_icon.png" publish:qualifiedname="ResourcePerformanceManagement::Type Definitions::TcaParameterProfileCreateData::tcaParameterList::&lt;LiteralUnlimitedNatural&gt;" xmi:id="_4.g.x.nZ.fQ1E.d.y.r.k.o3.rRK.o.w.k.g" xsi:type="uml:LiteralUnlimitedNatural"/><lowerValue publish:icon="168105990_icon.png" publish:qualifiedname="ResourcePerformanceManagement::Type Definitions::TcaParameterProfileCreateData::tcaParameterList::&lt;LiteralInteger&gt;" xmi:id="_4.g.x.nZ.vQ1E.d.y.r.k.o3.rRK.o.w.k.g" xsi:type="uml:LiteralInteger"/><defaultValue publish:icon="-234547196_icon.png" publish:qualifiedname="ResourcePerformanceManagement::Type Definitions::TcaParameterProfileCreateData::tcaParameterList::&lt;OpaqueExpression&gt;" xmi:id="_4.g.x.nZ_Q1E.d.y.r.k.o3.rRK.o.w.k.g" xsi:type="uml:OpaqueExpression"/></ownedAttribute></packagedElement><packagedElement name="TcaParameterProfileModifyData" publish:icon="-419096599_icon.png" publish:qualifiedname="ResourcePerformanceManagement::Type Definitions::TcaParameterProfileModifyData" xmi:id="_KC.z.wMPQ1E.d.y.r.k.o3.rRK.o.w.k.g" xsi:type="uml:DataType"><ancestor name="CommonResourceModifyData" publish:icon="-419096599_icon.png" publish:qualifiedname="NetworkResourceBasic::Type Definitions::CommonResourceModifyData" xmi:id="_Z.bG.q.oK.l.cE.d.y39Z05.qV.q.f.pQ" xsi:type="uml:DataType"><inheritedAttribute anchor="#_Z.bG.q.q6.l.cE.d.y39Z05.qV.q.f.pQ" name="networkAccessDomain" publish:icon="-1526392831_icon.png" publish:qualifiedname="NetworkResourceBasic::Type Definitions::CommonResourceModifyData::networkAccessDomain" xmi:id="_Z.bG.q.oK.l.cE.d.y39Z05.qV.q.f.pQ" xsi:type="uml:Property"/></ancestor><ancestor name="CommonObjectModifyData" publish:icon="-419096599_icon.png" publish:qualifiedname="Framework::Type Definitions::CommonObjectModifyData" xmi:id="_QXA.s.w.b.q.bE.d.yA7.v53C.jA.z.n.g" xsi:type="uml:DataType"/><ancestor name="CommonObjectSetData" publish:icon="-419096599_icon.png" publish:qualifiedname="Framework::Type Definitions::CommonObjectSetData" xmi:id="_MP.s.wEP_FE.d.uKKL.vC_EB00A" xsi:type="uml:DataType"><inheritedAttribute anchor="#__DK.n4P_FE.d.uKKL.vC_EB00A" name="userLabel" publish:icon="-1526392831_icon.png" publish:qualifiedname="Framework::Type Definitions::CommonObjectSetData::userLabel" xmi:id="_MP.s.wEP_FE.d.uKKL.vC_EB00A" xsi:type="uml:Property"/><inheritedAttribute anchor="#__DK.n4__FE.d.uKKL.vC_EB00A" name="forceUniqueness" publish:icon="-1526392831_icon.png" publish:qualifiedname="Framework::Type Definitions::CommonObjectSetData::forceUniqueness" xmi:id="_MP.s.wEP_FE.d.uKKL.vC_EB00A" xsi:type="uml:Property"/><inheritedAttribute anchor="#__DK.n5.v_FE.d.uKKL.vC_EB00A" name="owner" publish:icon="-1526392831_icon.png" publish:qualifiedname="Framework::Type Definitions::CommonObjectSetData::owner" xmi:id="_MP.s.wEP_FE.d.uKKL.vC_EB00A" xsi:type="uml:Property"/><inheritedAttribute anchor="#_.u.gC.h.cB.t1E.d29JJ.r_.hKM.p.fA" name="nativeEmsName" publish:icon="-1526392831_icon.png" publish:qualifiedname="Framework::Type Definitions::CommonObjectSetData::nativeEmsName" xmi:id="_MP.s.wEP_FE.d.uKKL.vC_EB00A" xsi:type="uml:Property"/><inheritedAttribute anchor="#_.mJC.tUK.mSE.d.y39Z05.qV.q.f.pQ" name="aliasNameList" publish:icon="-1526392831_icon.png" publish:qualifiedname="Framework::Type Definitions::CommonObjectSetData::aliasNameList" xmi:id="_MP.s.wEP_FE.d.uKKL.vC_EB00A" xsi:type="uml:Property"/><inheritedAttribute anchor="#__DK.n6.f_FE.d.uKKL.vC_EB00A" name="additionalInfo" publish:icon="-1526392831_icon.png" publish:qualifiedname="Framework::Type Definitions::CommonObjectSetData::additionalInfo" xmi:id="_MP.s.wEP_FE.d.uKKL.vC_EB00A" xsi:type="uml:Property"/></ancestor></packagedElement><packagedElement name="uses" publish:icon="889525961_icon.png" publish:qualifiedname="ResourcePerformanceManagement::Type Definitions::uses" xmi:id="_6SNE8P.w.yE.d2J.r.fL2N.b.m6.mA" xsi:type="uml:Dependency"/><packagedElement name="uses" publish:icon="889525961_icon.png" publish:qualifiedname="ResourcePerformanceManagement::Type Definitions::uses" xmi:id="_0LK-.wP0CE.d26.e_NAEP.x.e.tA" xsi:type="uml:Dependency"/><packagedElement name="uses" publish:icon="889525961_icon.png" publish:qualifiedname="ResourcePerformanceManagement::Type Definitions::uses" xmi:id="_2D.kD.wP0CE.d26.e_NAEP.x.e.tA" xsi:type="uml:Dependency"/></packagedElement></uml:Model>