<?xml version="1.0" encoding="UTF-8"?><uml:Model name="ResourcePerformanceManagement" diagramFormat="GIF" xmlns:publish="http://www.ibm.com/Rational/XTools/Publish" publish:icon="520427053_icon.png" publish:modelname="ResourcePerformanceManagement" publish:profiles="Standard, Default, Deployment, mTOP UML Profile" publish:qualifiedname="ResourcePerformanceManagement" publish:sortOrder="storage" publish:toplevelguid="_.e98ZQA6.qE.d.y.d7PUN.b-IYCQ" xmlns:xmi="http://www.omg.org/XMI" xmi:id="_.e98ZQA6.qE.d.y.d7PUN.b-IYCQ" xmi:version="2.0" xmlns:com.ibm.xtools.notation="http:///com/ibm/xtools/notation.ecore" xmlns:uml="http://www.eclipse.org/uml2/1.0.0/UML" xmlns:xsi="http://www.w3.org/2001/XMLSchema-instance" xsi:type="uml:Model"><publish:properties><publish:property name="Alias" publish:category="UML" publish:description="Alias property of the UML element"/><publish:property name="Keywords" publish:category="UML" publish:description="Keywords property of the UML element"/><publish:property name="Name" publish:category="UML" publish:description="The Name of the Named Element" publish:value="ResourcePerformanceManagement"/><publish:property name="Name Expression" publish:category="UML" publish:description="The Name Expression of the Named Element"/><publish:property name="Namespace" publish:category="UML" publish:description="The Namespace of the Named Element"/><publish:property name="Nesting Package" publish:category="UML" publish:description="The Nesting Package of the Package"/><publish:property name="Owned Template Signature" publish:category="UML" publish:description="The Owned Template Signature of the Templateable Element"/><publish:property name="Owner" publish:category="UML" publish:description="The Owner of the Element"/><publish:property name="Owning Template Parameter" publish:category="UML" publish:description="The Owning Template Parameter of the Parameterable Element"/><publish:property name="Qualified Name" publish:category="UML" publish:description="The Qualified Name of the Named Element" publish:value="ResourcePerformanceManagement"/><publish:property name="Stereotype" publish:category="UML"/><publish:property name="Template Parameter" publish:category="UML" publish:description="The Template Parameter of the Parameterable Element"/><publish:property name="Viewpoint" publish:category="UML" publish:description="The Viewpoint of the Model"/><publish:property name="Visibility" publish:category="UML" publish:description="The Visibility of the Named Element" publish:value="Public"/></publish:properties><appliedProfiles><profile name="Standard" visibility="public"/><profile name="Default" visibility="public"/><profile name="Deployment" visibility="public"/><profile name="mTOP UML Profile" visibility="public"/></appliedProfiles><ownedComment annotatedElement="_.e98ZQA6.qE.d.y.d7PUN.b-IYCQ" body="notImplemented, internalError, unableToComply and commLoss exceptions added to all operations.&#13;&#10;Used data types added to the RPM Interface Diagram.&#13;&#10;Data type of pmMeasurementList attribute in PerformanceMonitoringData corrected.&#13;&#10;Data type of pmIntervalStatus attribute in PerformanceMonitoringMeasurement corrected.&#13;&#10;MEPs SFB and AFB added to getAllPerformanceMonitoringData operation." isDocumentation="true" isURL="false" name="&lt;Unnamed Comment&gt;" publish:icon="-1710942275_icon.png" publish:qualifiedname="ResourcePerformanceManagement::&lt;Comment&gt;" xmi:id="_H.eO.tIL.vDE.d2G77.iQ9.e5Q.j.g" xsi:type="uml:Comment"><publish:properties><publish:property name="Body" publish:category="UML" publish:description="The Body of the Comment" publish:value="notImplemented, internalError, unableToComply and commLoss exceptions added to all operations...."/><publish:property name="Keywords" publish:category="UML" publish:description="Keywords property of the UML element"/><publish:property name="Owner" publish:category="UML" publish:description="The Owner of the Element" publish:ismodellink="true" publish:value="&lt;Model&gt; ResourcePerformanceManagement" xmi:id="_.e98ZQA6.qE.d.y.d7PUN.b-IYCQ"/><publish:property name="Stereotype" publish:category="UML" publish:value="documentation"/></publish:properties></ownedComment><packageImport name="&lt;Unnamed PackageImport&gt;" publish:icon="671422399_icon.png" publish:qualifiedname="ResourcePerformanceManagement::&lt;PackageImport&gt;" xmi:id="_.e98ZRA6.qE.d.y.d7PUN.b-IYCQ" xsi:type="uml:PackageImport"><publish:properties><publish:property name="Imported Package" publish:category="UML" publish:description="The Imported Package of the Package Import" publish:value="&lt;&lt;modelLibrary&gt;&gt; &lt;Model&gt; UML Primitive Types"/><publish:property name="Importing Namespace" publish:category="UML" publish:description="The Importing Namespace of the Package Import" publish:ismodellink="true" publish:value="&lt;Model&gt; ResourcePerformanceManagement" xmi:id="_.e98ZQA6.qE.d.y.d7PUN.b-IYCQ"/><publish:property name="Keywords" publish:category="UML" publish:description="Keywords property of the UML element"/><publish:property name="Owner" publish:category="UML" publish:description="The Owner of the Element" publish:ismodellink="true" publish:value="&lt;Model&gt; ResourcePerformanceManagement" xmi:id="_.e98ZQA6.qE.d.y.d7PUN.b-IYCQ"/><publish:property name="Stereotype" publish:category="UML"/><publish:property name="Visibility" publish:category="UML" publish:description="The Visibility of the Package Import" publish:value="Public"/></publish:properties></packageImport><packageImport name="&lt;Unnamed PackageImport&gt;" publish:icon="671422399_icon.png" publish:qualifiedname="ResourcePerformanceManagement::&lt;PackageImport&gt;" xmi:id="_EB.v4.oN1.rE.d.y.rKNX.nBM.y96.w" xsi:type="uml:PackageImport"><publish:properties><publish:property name="Imported Package" publish:category="UML" publish:description="The Imported Package of the Package Import" publish:value="&lt;Model&gt; NetworkResourceAssurance"/><publish:property name="Importing Namespace" publish:category="UML" publish:description="The Importing Namespace of the Package Import" publish:ismodellink="true" publish:value="&lt;Model&gt; ResourcePerformanceManagement" xmi:id="_.e98ZQA6.qE.d.y.d7PUN.b-IYCQ"/><publish:property name="Keywords" publish:category="UML" publish:description="Keywords property of the UML element"/><publish:property name="Owner" publish:category="UML" publish:description="The Owner of the Element" publish:ismodellink="true" publish:value="&lt;Model&gt; ResourcePerformanceManagement" xmi:id="_.e98ZQA6.qE.d.y.d7PUN.b-IYCQ"/><publish:property name="Stereotype" publish:category="UML"/><publish:property name="Visibility" publish:category="UML" publish:description="The Visibility of the Package Import" publish:value="Public"/></publish:properties></packageImport></uml:Model>