<?xml version="1.0" encoding="UTF-8"?><packagedElement name="Class Diagrams" diagramFormat="GIF" xmlns:publish="http://www.ibm.com/Rational/XTools/Publish" publish:icon="319100858_icon.png" publish:modelname="ResourcePerformanceManagement" publish:qualifiedname="ResourcePerformanceManagement::Class Diagrams" publish:sortOrder="storage" publish:toplevelguid="_.e98ZQA6.qE.d.y.d7PUN.b-IYCQ" xmlns:xmi="http://www.omg.org/XMI" xmi:id="_.pU.c.lQB5.cE.d.y.jX65.v.z.eW.aBA" xmi:version="2.0" xmlns:com.ibm.xtools.notation="http:///com/ibm/xtools/notation.ecore" xmlns:uml="http://www.eclipse.org/uml2/1.0.0/UML" xmlns:xsi="http://www.w3.org/2001/XMLSchema-instance" xsi:type="uml:Package"><publish:properties><publish:property name="Alias" publish:category="UML" publish:description="Alias property of the UML element"/><publish:property name="Keywords" publish:category="UML" publish:description="Keywords property of the UML element"/><publish:property name="Name" publish:category="UML" publish:description="The Name of the Named Element" publish:value="Class Diagrams"/><publish:property name="Name Expression" publish:category="UML" publish:description="The Name Expression of the Named Element"/><publish:property name="Namespace" publish:category="UML" publish:description="The Namespace of the Named Element" publish:ismodellink="true" publish:value="&lt;Model&gt; ResourcePerformanceManagement" xmi:id="_.e98ZQA6.qE.d.y.d7PUN.b-IYCQ"/><publish:property name="Nesting Package" publish:category="UML" publish:description="The Nesting Package of the Package" publish:ismodellink="true" publish:value="&lt;Model&gt; ResourcePerformanceManagement" xmi:id="_.e98ZQA6.qE.d.y.d7PUN.b-IYCQ"/><publish:property name="Owned Template Signature" publish:category="UML" publish:description="The Owned Template Signature of the Templateable Element"/><publish:property name="Owner" publish:category="UML" publish:description="The Owner of the Element" publish:ismodellink="true" publish:value="&lt;Model&gt; ResourcePerformanceManagement" xmi:id="_.e98ZQA6.qE.d.y.d7PUN.b-IYCQ"/><publish:property name="Owning Template Parameter" publish:category="UML" publish:description="The Owning Template Parameter of the Parameterable Element"/><publish:property name="Qualified Name" publish:category="UML" publish:description="The Qualified Name of the Named Element" publish:value="ResourcePerformanceManagement::Class Diagrams"/><publish:property name="Stereotype" publish:category="UML"/><publish:property name="Template Parameter" publish:category="UML" publish:description="The Template Parameter of the Parameterable Element"/><publish:property name="Visibility" publish:category="UML" publish:description="The Visibility of the Named Element" publish:value="Public"/></publish:properties><contents Type="Class" isDefault="false" name="RPM DDP Relationship Diagram" publish:icon="1208293359_icon.png" publish:imageType="GIF" publish:qualifiedname="ResourcePerformanceManagement::Class Diagrams::RPM DDP Relationship Diagram" xmi:id="_.qM.nG.oN1.qE.d.y.rKNX.nBM.y96.w" xsi:type="notation:Diagram"><publish:properties><publish:property name="Measurement Unit" publish:category="View" publish:description="The Measurement Unit of the Diagram" publish:value="Himetric"/><publish:property name="Name" publish:category="View" publish:description="The Name of the Diagram" publish:value="RPM DDP Relationship Diagram"/><publish:property name="Styles" publish:category="View" publish:description="The Styles of the View"/></publish:properties><publish:partInfo coords="111,318,111,244,121,244,121,318,111,318" name="PackageImport" publish:ismodellink="false" shape="poly" xmi:id="_EB.v4.oN1.rE.d.y.rKNX.nBM.y96.w"/><publish:partInfo name="ResourcePerformanceManagement" publish:ismodellink="true" publish:partLowerX="232" publish:partLowerY="354" publish:partUpperX="10" publish:partUpperY="343" shape="rect" xmi:id="_.e98ZQA6.qE.d.y.d7PUN.b-IYCQ"/><publish:partInfo name="ResourcePerformanceManagement" publish:ismodellink="true" publish:partLowerX="242" publish:partLowerY="356" publish:partUpperX="0" publish:partUpperY="306" shape="rect" xmi:id="_.e98ZQA6.qE.d.y.d7PUN.b-IYCQ"/></contents><contents Type="Class" isDefault="false" name="RPM Interface Diagram" publish:icon="1208293359_icon.png" publish:imageType="GIF" publish:qualifiedname="ResourcePerformanceManagement::Class Diagrams::RPM Interface Diagram" xmi:id="_.x.q.fN.cN1.qE.d.y.rKNX.nBM.y96.w" xsi:type="notation:Diagram"><publish:properties><publish:property name="Measurement Unit" publish:category="View" publish:description="The Measurement Unit of the Diagram" publish:value="Himetric"/><publish:property name="Name" publish:category="View" publish:description="The Name of the Diagram" publish:value="RPM Interface Diagram"/><publish:property name="Styles" publish:category="View" publish:description="The Styles of the View"/></publish:properties><publish:partInfo coords="1812,828,1812,879,1802,879,1802,828,1812,828" name="uses" publish:ismodellink="false" shape="poly" xmi:id="_2D.kD.wP0CE.d26.e_NAEP.x.e.tA"/><publish:partInfo coords="1573,828,1573,879,1563,879,1563,828,1573,828" name="uses" publish:ismodellink="false" shape="poly" xmi:id="_0LK-.wP0CE.d26.e_NAEP.x.e.tA"/><publish:partInfo coords="1677,645,1677,696,1667,696,1667,645,1677,645" name="uses" publish:ismodellink="false" shape="poly" xmi:id="_6SNE8P.w.yE.d2J.r.fL2N.b.m6.mA"/><publish:partInfo coords="1827,312,1827,513,1817,513,1817,312,1827,312" name="uses" publish:ismodellink="false" shape="poly" xmi:id="_.h-.bV.oP.v-E.d2J.r.fL2N.b.m6.mA"/><publish:partInfo coords="1529,312,1529,351,1519,351,1519,312,1529,312" name="uses" publish:ismodellink="false" shape="poly" xmi:id="_.aZ.rK.wP.v-E.d2J.r.fL2N.b.m6.mA"/><publish:partInfo coords="355,312,355,351,345,351,345,312,355,312" name="uses" publish:ismodellink="false" shape="poly" xmi:id="_O78.jMP.v-E.d2J.r.fL2N.b.m6.mA"/><publish:partInfo coords="88,312,88,541,78,541,78,312,88,312" name="uses" publish:ismodellink="false" shape="poly" xmi:id="_9_MHIP.v9E.d2J.r.fL2N.b.m6.mA"/><publish:partInfo coords="695,882,695,827,705,827,705,882,695,882" name="Generalization" publish:ismodellink="false" shape="poly" xmi:id="_.b3.fS.wPQ1E.d.y.r.k.o3.rRK.o.w.k.g"/><publish:partInfo coords="1141,867,1141,827,1151,827,1151,867,1141,867" name="Generalization" publish:ismodellink="false" shape="poly" xmi:id="_.bYV4.oPQ1E.d.y.r.k.o3.rRK.o.w.k.g"/><publish:partInfo coords="695,1033,695,945,705,945,705,1033,695,1033" name="modifies TCA Parameter Profile using" publish:ismodellink="false" shape="poly" xmi:id="_.y.e9EUPQ0E.d.y.r.k.o3.rRK.o.w.k.g"/><publish:partInfo coords="1141,1033,1141,967,1151,967,1151,1033,1141,1033" name="creates TCA Parameter Profile using" publish:ismodellink="false" shape="poly" xmi:id="_.q7H.f.cPQ0E.d.y.r.k.o3.rRK.o.w.k.g"/><publish:partInfo name="PerformanceMonitoringIntervalStatus" publish:ismodellink="false" publish:partLowerX="1693" publish:partLowerY="998" publish:partUpperX="1435" publish:partUpperY="878" shape="rect" xmi:id="_PC.p.aQPD.zE.d.y.d4.aLNEJLXR.g"/><publish:partInfo name="PerformanceMonitoringMeasurement" publish:ismodellink="false" publish:partLowerX="1900" publish:partLowerY="829" publish:partUpperX="1435" publish:partUpperY="695" shape="rect" xmi:id="_.yI.oJ.sPD.sE.d.y.d4.aLNEJLXR.g"/><publish:partInfo name="PerformanceMonitoringData" publish:ismodellink="false" publish:partLowerX="1909" publish:partLowerY="646" publish:partUpperX="1372" publish:partUpperY="512" shape="rect" xmi:id="_Z.lD0.oPD.pE.d.y.d4.aLNEJLXR.g"/><publish:partInfo name="PerformanceMonitoringObjectSelect" publish:ismodellink="false" publish:partLowerX="1760" publish:partLowerY="468" publish:partUpperX="1281" publish:partUpperY="350" shape="rect" xmi:id="_.zT2JAPDTE.d.y.d4.aLNEJLXR.g"/><publish:partInfo name="TcaParameterProfileModifyData" publish:ismodellink="false" publish:partLowerX="861" publish:partLowerY="946" publish:partUpperX="550" publish:partUpperY="881" shape="rect" xmi:id="_KC.z.wMPQ1E.d.y.r.k.o3.rRK.o.w.k.g"/><publish:partInfo name="TcaParameterProfileCreateData" publish:ismodellink="false" publish:partLowerX="1385" publish:partLowerY="968" publish:partUpperX="919" publish:partUpperY="866" shape="rect" xmi:id="_E1K.m.oPQ1E.d.y.r.k.o3.rRK.o.w.k.g"/><publish:partInfo name="ThresholdCrossingAlertControlService" publish:ismodellink="false" publish:partLowerX="1680" publish:partLowerY="1246" publish:partUpperX="130" publish:partUpperY="1032" shape="rect" xmi:id="_6.n.p.dEN1.nE.d.y.rKNX.nBM.y96.w"/><publish:partInfo name="PerformanceManagementRetrievalService" publish:ismodellink="false" publish:partLowerX="1872" publish:partLowerY="313" publish:partUpperX="0" publish:partUpperY="163" shape="rect" xmi:id="_4GHU.cN1.nE.d.y.rKNX.nBM.y96.w"/><publish:partInfo name="PerformanceManagementControlService" publish:ismodellink="false" publish:partLowerX="1496" publish:partLowerY="102" publish:partUpperX="377" publish:partUpperY="0" shape="rect" xmi:id="_1H.rNYN1.nE.d.y.rKNX.nBM.y96.w"/></contents></packagedElement>